link,anger,disgust,fear,joy,sadness
https://twitter.com/mumbaimatterz/status/1273287168379588608,0.073625,0.036269,0.277498,0.078709,0.673792
https://twitter.com/yogeshsakh/status/1273255966142795777,0.061298,0.093881,0.127759,0.289874,0.247836
https://twitter.com/Maha_MEDD/status/1273206174373089283,0.028663,0.072313,0.084191,0.099946,0.224858
https://twitter.com/theprasannata/status/1273196311173427201,0.121082,0.112676,0.234891,0.139355,0.567514
https://twitter.com/d_tejal/status/1273162197963886594,0.049405,0.038421,0.235149,0.334971,0.456907
https://twitter.com/vinitkumar_p/status/1273150061275426817,0.046069,0.045439,0.051791,0.102473,0.374229
https://twitter.com/14_aditi/status/1273003725758447616,0.04923,0.047827,0.028722,0.301101,0.07742
https://twitter.com/14_aditi/status/1273002520906887168,0.084285,0.029279,0.194293,0.086895,0.2237
https://twitter.com/mumbaimatterz/status/1272928997932797953,0.074982,0.033199,0.281905,0.047363,0.642231
https://twitter.com/SocialCentralMS/status/1272887023746064393,0.066214,0.01508,0.014395,0.273984,0.664165
https://twitter.com/jakejoss/status/1272885289393020930,0.140249,0.079838,0.114432,0.238627,0.218086
https://twitter.com/Maha_MEDD/status/1272796975788785665,0.027942,0.066991,0.082719,0.098108,0.223127
https://twitter.com/Maha_MEDD/status/1272780567184945153,0.028663,0.072313,0.084191,0.099946,0.224858
https://twitter.com/Sunshiinegal/status/1272774541060653056,0.039624,0.0491,0.02273,0.311003,0.401125
https://twitter.com/susanmuchhala/status/1272756157174571008,0.245574,0.184555,0.052248,0.490072,0.174527
https://twitter.com/ChaitanyaThor8/status/1272723524445036544,0.332394,0.17553,0.164377,0.104576,0.450167
https://twitter.com/BulletinHours/status/1272602618854903808,0.187861,0.344039,0.114547,0.219433,0.301447
https://twitter.com/NewsParho/status/1272600252651057153,0.090169,0.050718,0.167692,0.069646,0.090876
https://twitter.com/IBS_MediaNews/status/1272580126203473921,0.152117,0.182348,0.140402,0.052234,0.216584
https://twitter.com/mumbaimatterz/status/1272566418467246086,0.073625,0.036269,0.277498,0.078709,0.673792
https://twitter.com/payaltalk/status/1272541440321568768,0.129748,0.058585,0.06535,0.149145,0.134679
https://twitter.com/JayKhuthia/status/1272531230513262592,0.44932,0.046864,0.304135,0.048427,0.240763
https://twitter.com/anandaditya/status/1272507950741905408,0.037223,0.192289,0.052556,0.056545,0.064214
https://twitter.com/anandaditya/status/1272507720122249217,0.036147,0.168824,0.056373,0.055831,0.055576
https://twitter.com/akshaysatardek3/status/1272502830763515904,0.333456,0.049266,0.092252,0.029774,0.432756
https://twitter.com/phimanshi45/status/1272477080161157121,0.032067,0.139789,0.070279,0.039578,0.29612
https://twitter.com/ParbhaniInfo/status/1272475509377531904,0.01903,0.036367,0.036719,0.377804,0.096522
https://twitter.com/Maha_MEDD/status/1272465150755266560,0.027942,0.066991,0.082719,0.098108,0.223127
https://twitter.com/NewsMobileIndia/status/1272455935152156673,0.101822,0.069061,0.067434,0.091186,0.335853
https://twitter.com/ivyasaa/status/1272445454861479937,0.051976,0.035041,0.088416,0.540965,0.203536
https://twitter.com/newsexpresslive/status/1272436779530874881,0.118194,0.143965,0.048219,0.295883,0.391786
https://twitter.com/Maha_MEDD/status/1272435857589297152,0.028663,0.072313,0.084191,0.099946,0.224858
https://twitter.com/NEWSinfer/status/1272431069439000579,0.128358,0.13384,0.129586,0.331332,0.298934
https://twitter.com/Ei_Samay/status/1272427604310515713,0.129748,0.058585,0.06535,0.149145,0.134679
https://twitter.com/dhake_narendra/status/1272422267964751872,0.06468,0.071116,0.161291,0.071943,0.765076
https://twitter.com/SawantSanjyot/status/1272397786877693952,0.047488,0.080096,0.034628,0.067228,0.100426
https://twitter.com/addymitra/status/1272391819435757568,0.005922,0.003579,0.002991,0.898621,0.007993
https://twitter.com/21Kaustubh/status/1272389154135932930,0.02082,0.020164,0.013711,0.222738,0.033575
https://twitter.com/21Kaustubh/status/1272388673380610048,0.11159,0.130659,0.051655,0.052803,0.03675
https://twitter.com/ndtv/status/1272378372920799232,0.106666,0.124562,0.162268,0.511263,0.079005
https://twitter.com/ItvBharat/status/1272210579277484032,0.022377,0.059812,0.108595,0.091198,0.166377
https://twitter.com/mumbaimatterz/status/1272198184844976129,0.058877,0.037606,0.200514,0.072383,0.730975
https://twitter.com/Maha_MEDD/status/1272073035617415169,0.027942,0.066991,0.082719,0.098108,0.223127
https://twitter.com/Maha_MEDD/status/1272072259100749824,0.028663,0.072313,0.084191,0.099946,0.224858
https://twitter.com/bluetreelakes/status/1272068335048351744,0.071475,0.140855,0.052201,0.043033,0.35487
https://twitter.com/blood_punjabi/status/1272066388731949056,0.332518,0.12125,0.019497,0.035532,0.366608
https://twitter.com/TOIMumbai/status/1272053820374183937,0.064881,0.06011,0.077552,0.192978,0.164321
https://twitter.com/Thetrueshittys1/status/1272037662589947904,0.038424,0.019347,0.088755,0.254995,0.533217
https://twitter.com/rjanardhan/status/1272020337824108545,0.037417,0.060097,0.03563,0.579594,0.080791
https://twitter.com/RohitMehtaActor/status/1271862517397102593,0.168855,0.030666,0.136452,0.157044,0.530489
https://twitter.com/vinit9489/status/1271844515855261703,0.198007,0.085939,0.155715,0.050505,0.649404
https://twitter.com/mumbaimatterz/status/1271823714254897152,0.186699,0.044646,0.162284,0.091785,0.69201
https://twitter.com/Arundhativeera/status/1271769176907100160,0.129748,0.058585,0.06535,0.149145,0.134679
https://twitter.com/dhirendrasgala/status/1271765923670528001,0.017018,0.004381,0.021011,0.336403,0.01487
https://twitter.com/IBS_MediaNews/status/1271751105442017283,0.040804,0.130795,0.039282,0.486705,0.12982
https://twitter.com/IBS_MediaNews/status/1271750269097766912,0.105711,0.492156,0.029762,0.352178,0.129217
https://twitter.com/Maha_MEDD/status/1271739527405568000,0.027942,0.066991,0.082719,0.098108,0.223127
https://twitter.com/veena_developer/status/1271725580510040064,0.060287,0.081979,0.042893,0.093382,0.371635
https://twitter.com/Maha_MEDD/status/1271701436120936448,0.028663,0.072313,0.084191,0.099946,0.224858
https://twitter.com/amarbutala/status/1271667565807276033,0.043398,0.024543,0.021281,0.245275,0.470312
https://twitter.com/LoksattaLive/status/1271660206733185025,0.129748,0.058585,0.06535,0.149145,0.134679
https://twitter.com/mataonline/status/1271628720722161665,0.129748,0.058585,0.06535,0.149145,0.134679
https://twitter.com/gogesh/status/1271490138695176193,0.013477,0.041853,0.010689,0.808231,0.098767
https://twitter.com/mumbaimatterz/status/1271478611980070914,0.186699,0.044646,0.162284,0.091785,0.69201
https://twitter.com/narvekar_raj/status/1271467887715405825,0.017164,0.005154,0.027165,0.769067,0.125469
https://twitter.com/bhumika_t/status/1271458023941320704,0.280456,0.053724,0.250259,0.16419,0.218028
https://twitter.com/Facto_news/status/1271448283882254336,0.189113,0.17478,0.04921,0.064203,0.268655
https://twitter.com/Maha_MEDD/status/1271438418631786496,0.027942,0.066991,0.082719,0.098108,0.223127
https://twitter.com/GautamGada1/status/1271435604794896386,0.121462,0.311539,0.365519,0.074224,0.425143
https://twitter.com/Maha_MEDD/status/1271434799433936896,0.028663,0.072313,0.084191,0.099946,0.224858
https://twitter.com/jyotirai29/status/1271410458784706566,0.31251,0.097391,0.352453,0.042325,0.147742
https://twitter.com/AsianNewsMakers/status/1271391385719984128,0.051368,0.015331,0.090954,0.050349,0.26048
https://twitter.com/ndtv/status/1271388977266745345,0.280438,0.193397,0.03574,0.111153,0.115459
https://twitter.com/AdriftRider/status/1271383225227755520,0.309245,0.156827,0.249935,0.192503,0.275508
https://twitter.com/anahita_kapoor/status/1271381936783720450,0.007097,0.002447,0.008424,0.930985,0.047038
https://twitter.com/larryhert_10/status/1271381490870386688,0.17515,0.018314,0.045716,0.682674,0.067875
https://twitter.com/patidarsom/status/1271372077723983874,0.023531,0.091741,0.07025,0.381063,0.196304
https://twitter.com/ZEE5News/status/1271361859002626048,0.169616,0.079705,0.306817,0.390089,0.172105
https://twitter.com/gujarati_mulgi/status/1271333083317284864,0.06404,0.139189,0.412956,0.015436,0.627015
https://twitter.com/bluetreelakes/status/1271314519533342720,0.057819,0.074584,0.017658,0.053853,0.55405
https://twitter.com/SumanSaurabh007/status/1271250935465930752,0.203304,0.235303,0.113405,0.026857,0.673559
https://twitter.com/RaoMandar/status/1271175167415332865,0.135683,0.099824,0.272356,0.239291,0.124736
https://twitter.com/BalBolkhare/status/1271155589888897024,0.391052,0.222943,0.157706,0.028877,0.322653
https://twitter.com/mumbaimatterz/status/1271107832792793088,0.163122,0.053978,0.165727,0.036198,0.75932
https://twitter.com/sajeshsudhanshu/status/1271091398142377984,0.01697,0.062072,0.109817,0.676978,0.153197
https://twitter.com/R_P_Khare/status/1271059394134831104,0.167255,0.143474,0.264651,0.427129,0.017798
https://twitter.com/Samruddhak107/status/1271058118814777344,0.066136,0.054865,0.426128,0.402054,0.162756
https://twitter.com/TheMahaMTB/status/1271048583479873536,0.249512,0.099425,0.049525,0.249451,0.242864
https://twitter.com/Odisha_Tweets/status/1271044024036519936,0.297984,0.136717,0.035638,0.201581,0.301834
https://twitter.com/MovieTalkies/status/1271039054683836416,0.126493,0.02108,0.115377,0.248842,0.21605
https://twitter.com/krunaljoshii/status/1271036483227377664,0.096937,0.103768,0.050269,0.04386,0.344427
https://twitter.com/AnkitMadX/status/1271034504992272384,0.346788,0.041788,0.255274,0.017112,0.431609
https://twitter.com/latestly/status/1271027081271369728,0.090482,0.175638,0.050016,0.157248,0.516737
https://twitter.com/Maha_MEDD/status/1270994291154997252,0.151631,0.086156,0.085709,0.085339,0.222351
https://twitter.com/Maha_MEDD/status/1270988353542840321,0.028663,0.072313,0.084191,0.099946,0.224858
https://twitter.com/TheDraftWorld/status/1270986581294215168,0.204597,0.102101,0.147769,0.13391,0.530457
https://twitter.com/AlokShukla1929/status/1270979217614729216,0.105807,0.148921,0.098013,0.158976,0.254026
https://twitter.com/HydTimes/status/1270977818592194560,0.035443,0.086276,0.006986,0.82254,0.042838
https://twitter.com/GautamGada1/status/1270934682943647744,0.05607,0.064769,0.015847,0.762781,0.061975
https://twitter.com/rotalks/status/1270928794916798464,0.146914,0.05544,0.636523,0.212541,0.048564
https://twitter.com/FoxBat_IND/status/1270789251345584128,0.059946,0.113185,0.059591,0.098425,0.736554
https://twitter.com/AnkitSh39191021/status/1270777212174647297,0.037405,0.055949,0.158242,0.190902,0.652032
https://twitter.com/ItvBharat/status/1270766884003045376,0.022377,0.059812,0.108595,0.091198,0.166377
https://twitter.com/chheda_pravin/status/1270764742286512128,0.129743,0.058791,0.04208,0.211996,0.223073
https://twitter.com/mumbaimatterz/status/1270753624998776833,0.163122,0.053978,0.165727,0.036198,0.75932
https://twitter.com/PriyaDalal_/status/1270752900927684616,0.499184,0.385263,0.104634,0.020406,0.314712
https://twitter.com/TopGearMagIndia/status/1270746373508366336,0.044098,0.070669,0.022369,0.059689,0.27141
https://twitter.com/farzi_gyaan/status/1270745276752334856,0.352664,0.098817,0.150122,0.319042,0.235858
https://twitter.com/BT_India/status/1270744938800541696,0.124691,0.015474,0.193187,0.08518,0.552457
https://twitter.com/postistan/status/1270738467316568064,0.136438,0.101282,0.10569,0.323082,0.160873
https://twitter.com/prasadk2k/status/1270728677161132034,0.089559,0.115617,0.288461,0.021142,0.725106
https://twitter.com/jatraacomm/status/1270724975868051457,0.088058,0.087462,0.093992,0.146533,0.167184
https://twitter.com/BKandhari_Prop/status/1270710238216220676,0.05698,0.027943,0.006354,0.689899,0.076535
https://twitter.com/shucoyan/status/1270709772900130822,0.19416,0.035776,0.179405,0.076913,0.712583
https://twitter.com/harjotmankoo/status/1270706091601489920,0.157234,0.133613,0.174739,0.051771,0.222789
https://twitter.com/republic_glitz/status/1270686901633253376,0.135341,0.206423,0.134333,0.207726,0.18288
https://twitter.com/Olagarage/status/1270679745848651778,0.08535,0.049546,0.051652,0.011479,0.300971
https://twitter.com/AnkitMadX/status/1270675065697337344,0.018242,0.010844,0.07849,0.770483,0.127118
https://twitter.com/ClubTinted/status/1270655851401867265,0.073442,0.013169,0.055486,0.063214,0.385862
https://twitter.com/anujgcasting/status/1270654990198030336,0.054707,0.079747,0.00984,0.230587,0.05219
https://twitter.com/Priyanka_208/status/1270644614740021250,0.09816,0.084509,0.04114,0.172329,0.285806
https://twitter.com/SilpyGupta/status/1270642267712356353,0.109491,0.098684,0.152251,0.195529,0.279138
https://twitter.com/Maha_MEDD/status/1270633928131395585,0.027942,0.066991,0.082719,0.098108,0.223127
https://twitter.com/Maha_MEDD/status/1270633602905108491,0.028663,0.072313,0.084191,0.099946,0.224858
https://twitter.com/SpinCommunique/status/1270628682269253632,0.14763,0.231381,0.092775,0.111291,0.231935
https://twitter.com/manasii_d/status/1270628669543682049,0.191282,0.040464,0.116238,0.148843,0.162436
https://twitter.com/aishwar2414/status/1270617203847487488,0.040986,0.071447,0.364245,0.082968,0.340258
https://twitter.com/SMWPramesh/status/1270616195977424897,0.065436,0.017303,0.032007,0.78708,0.031718
https://twitter.com/MandloiRashmi/status/1270600752025788417,0.17998,0.053843,0.29862,0.098294,0.594152
https://twitter.com/ketanbhalala/status/1270599989463519232,0.083165,0.090233,0.058675,0.712734,0.051352
https://twitter.com/THMumbai/status/1270598943613890560,0.193265,0.04075,0.030617,0.072699,0.282668
https://twitter.com/loniless_18/status/1270598001870831622,0.122647,0.058433,0.052109,0.215373,0.137551
https://twitter.com/mid_day/status/1270596731307282433,0.267371,0.15668,0.060351,0.215283,0.165754
https://twitter.com/DelhiTimesTweet/status/1270585942399647746,0.045326,0.055322,0.03885,0.364224,0.359583
https://twitter.com/sandesh_samant/status/1270585074602344448,0.10609,0.08624,0.197366,0.157696,0.243591
https://twitter.com/ComradeAbhi/status/1270583823550615552,0.040991,0.046908,0.033066,0.084031,0.664987
https://twitter.com/boxofficeindia/status/1270581991352623109,0.160495,0.071351,0.187049,0.264855,0.131471
https://twitter.com/AProudIndian8/status/1270574658698522624,0.140132,0.209263,0.309119,0.016382,0.335524
https://twitter.com/sachinmedhekar/status/1270573219804786688,0.484091,0.033893,0.127729,0.044914,0.195193
https://twitter.com/sachinmedhekar/status/1270571990534012931,0.380087,0.040739,0.123609,0.070492,0.200674
https://twitter.com/kunnal/status/1270559917192044545,0.031941,0.033088,0.032801,0.17864,0.282643
https://twitter.com/idemitc/status/1270547794869313536,0.188417,0.155608,0.085035,0.084093,0.655493
https://twitter.com/gyan_duu/status/1270547675172048897,0.020117,0.010431,0.020525,0.19439,0.126655
https://twitter.com/rupadhikari/status/1270541655829917697,0.260149,0.061566,0.071674,0.142502,0.16336
https://twitter.com/99Moonmen/status/1270476702167293956,0.263806,0.085289,0.193613,0.340486,0.275487
https://twitter.com/PeepingMoon/status/1270471343645941760,0.135108,0.13658,0.177677,0.037703,0.216811
https://twitter.com/varunnorway/status/1270448291810021380,0.019604,0.021326,0.068874,0.102307,0.843438
https://twitter.com/varunnorway/status/1270446767360876545,0.202186,0.070023,0.097897,0.054015,0.739899
https://twitter.com/steffyshappypa1/status/1270434383778856962,0.069419,0.206505,0.048469,0.381634,0.205289
https://twitter.com/ShanawazChinoy/status/1270409798094331907,0.14603,0.036076,0.027927,0.486471,0.148893
https://twitter.com/DinooMarino/status/1270408400497762307,0.038081,0.205538,0.204865,0.452161,0.222687
https://twitter.com/RizwanSoorya1/status/1270407046517657609,0.133634,0.060585,0.090017,0.11943,0.137626
https://twitter.com/DramaFlick/status/1270406051565916160,0.083913,0.164884,0.023291,0.048599,0.13523
https://twitter.com/Yash_Railfan/status/1270405916152614917,0.033756,0.050693,0.016526,0.055191,0.054131
https://twitter.com/ItvBharat/status/1270404955451645952,0.022377,0.059812,0.108595,0.091198,0.166377
https://twitter.com/Nimitiwari/status/1270401575299641344,0.215001,0.063561,0.200288,0.193993,0.525045
https://twitter.com/mumbairailusers/status/1270394222873464832,0.06608,0.035414,0.051291,0.524733,0.191912
https://twitter.com/Facto_news/status/1270385848790298624,0.20038,0.172331,0.030092,0.498736,0.172001
https://twitter.com/mumbaimatterz/status/1270378274347266049,0.186699,0.044646,0.162284,0.091785,0.69201
https://twitter.com/AProudIndian8/status/1270366872253239296,0.140132,0.209263,0.309119,0.016382,0.335524
https://twitter.com/AProudIndian8/status/1270365743058571265,0.140132,0.209263,0.309119,0.016382,0.335524
https://twitter.com/AProudIndian8/status/1270365665682046978,0.140132,0.209263,0.309119,0.016382,0.335524
https://twitter.com/BeardWalaChokra/status/1270364863211220992,0.037572,0.009837,0.00589,0.09925,0.029061
https://twitter.com/Indradev_007/status/1270346349008097282,0.283265,0.053684,0.181276,0.103822,0.369782
https://twitter.com/CNBCTV18News/status/1270332331799097344,0.079651,0.060441,0.003865,0.649874,0.015608
https://twitter.com/VeeraJain/status/1270330211809112065,0.175954,0.050378,0.079405,0.40671,0.16944
https://twitter.com/LoksattaLive/status/1270325482609729536,0.057381,0.128859,0.167726,0.222999,0.194699
https://twitter.com/TheSarlashkar/status/1270325130841993216,0.118968,0.022173,0.054986,0.616802,0.044997
https://twitter.com/AvezFaiz/status/1270324451545137153,0.050817,0.077432,0.040191,0.494615,0.067015
https://twitter.com/MovieTalkies/status/1270323563635990529,0.028285,0.007884,0.029356,0.899425,0.011964
https://twitter.com/livemint/status/1270322022069854209,0.254468,0.153239,0.027906,0.075784,0.498248
https://twitter.com/TheMahaMTB/status/1270321848325111809,0.157596,0.089746,0.037655,0.461338,0.132692
https://twitter.com/munshi1857/status/1270315817834434566,0.037846,0.272083,0.129338,0.106024,0.190128
https://twitter.com/saurabhs0607/status/1270315330829762561,0.056843,0.056769,0.159594,0.057783,0.289284
https://twitter.com/ABPNews/status/1270310811953586178,0.211944,0.061271,0.027778,0.071217,0.063285
https://twitter.com/withSNirupam/status/1270307491633643524,0.017418,0.032784,0.26579,0.47537,0.279817
https://twitter.com/hitesh_thakkar3/status/1270306911980859393,0.310888,0.117244,0.095246,0.025476,0.466935
https://twitter.com/sarang160499/status/1270303079867600896,0.12971,0.027757,0.155845,0.291028,0.250627
https://twitter.com/ankita_bhattar/status/1270298490158153733,0.240524,0.118331,0.158285,0.107793,0.145657
https://twitter.com/Maha_MEDD/status/1270296225078808579,0.027942,0.066991,0.082719,0.098108,0.223127
https://twitter.com/firstpost/status/1270292250220802051,0.177605,0.020206,0.054284,0.514772,0.146717
https://twitter.com/sajeshsudhanshu/status/1270289551072718848,0.020739,0.107331,0.077629,0.43243,0.139763
https://twitter.com/indiatvnews/status/1270286642733961216,0.25654,0.157366,0.061276,0.171793,0.135104
https://twitter.com/LeoThomasekar/status/1270283575972122624,0.290327,0.193343,0.112037,0.133768,0.465364
https://twitter.com/he21im32/status/1270281410004176897,0.066278,0.018964,0.104325,0.793366,0.03857
https://twitter.com/smitadeshmukh/status/1270281005652496384,0.228324,0.018673,0.135537,0.289788,0.371931
https://twitter.com/PriyaDalal_/status/1270274417935945730,0.09535,0.021444,0.047008,0.205991,0.099943
https://twitter.com/Yogeshsagar09/status/1270272778776842240,0.185968,0.224309,0.443461,0.121447,0.191535
https://twitter.com/badal_taneja/status/1270271200212783104,0.058116,0.084185,0.224058,0.395809,0.27869
https://twitter.com/PriyaDalal_/status/1270264458758090753,0.101914,0.087536,0.055323,0.116779,0.229446
https://twitter.com/Akhil_C/status/1270263537294868481,0.170711,0.024108,0.033502,0.224544,0.187726
https://twitter.com/smitadeshmukh/status/1270261297255297024,0.166624,0.029445,0.186066,0.134302,0.631865
https://twitter.com/TheFearlessInd1/status/1270260266496901131,0.361756,0.086276,0.085545,0.028607,0.642174
https://twitter.com/DelhiTimesTweet/status/1270259960396431363,0.042485,0.123565,0.046323,0.449506,0.17109
https://twitter.com/Maha_MEDD/status/1270257073851437056,0.028663,0.072313,0.084191,0.099946,0.224858
https://twitter.com/notnewnaveen/status/1270253969281933313,0.085309,0.076903,0.117415,0.232838,0.152708
https://twitter.com/hemant_parida/status/1270245155690307584,0.118972,0.065948,0.090098,0.143379,0.167264
https://twitter.com/LoksattaLive/status/1270242305782321152,0.129748,0.058585,0.06535,0.149145,0.134679
https://twitter.com/Gershwynp/status/1270240835867721728,0.294443,0.147331,0.229544,0.025241,0.574842
https://twitter.com/DeewanaShetty/status/1270240045925109761,0.075004,0.100941,0.089986,0.146972,0.160153
https://twitter.com/kunnal/status/1270239937892216833,0.165283,0.026085,0.779885,0.074408,0.063048
https://twitter.com/VineetaDwivedi/status/1270236110090887172,0.023438,0.021706,0.132656,0.427363,0.26616
https://twitter.com/lvmillenium/status/1270231294912237570,0.080305,0.015133,0.024807,0.502739,0.086399
https://twitter.com/hemant_parida/status/1270231202922782720,0.157755,0.13461,0.130384,0.184309,0.281824
https://twitter.com/RiaRevealed/status/1270225918015926272,0.036096,0.109385,0.042977,0.370026,0.308243
https://twitter.com/prathod2008/status/1270225761048248320,0.13647,0.1573,0.149284,0.080861,0.342002
https://twitter.com/SakalMediaNews/status/1270225460790624256,0.238807,0.082721,0.217233,0.023451,0.595851
https://twitter.com/BKandhari_Prop/status/1270221132948365320,0.036383,0.026221,0.030022,0.119323,0.138353
https://twitter.com/CNBCTV18News/status/1270217045372628992,0.096303,0.038037,0.069737,0.031957,0.662701
https://twitter.com/CNBCTV18Live/status/1270215740407209984,0.13647,0.1573,0.149284,0.080861,0.342002
https://twitter.com/hemant_parida/status/1270209625644838913,0.129748,0.058585,0.06535,0.149145,0.134679
https://twitter.com/Chatraraj_S/status/1270202687867551744,0.106902,0.055746,0.034,0.341462,0.071184
https://twitter.com/kunnal/status/1270197003826237441,0.100425,0.067149,0.076814,0.102676,0.133798
https://twitter.com/aartiinaagpal/status/1270195800186839040,0.080013,0.015031,0.012458,0.612886,0.238392
https://twitter.com/urvashikhona/status/1270195399723061251,0.069574,0.028217,0.071798,0.339608,0.122237
https://twitter.com/LoksattaLive/status/1270194494500040705,0.129748,0.058585,0.06535,0.149145,0.134679
https://twitter.com/BigTownPost/status/1270192457423024129,0.149856,0.150308,0.190172,0.13548,0.411838
https://twitter.com/ProCloud_/status/1270189224701067264,0.110842,0.060688,0.07174,0.159031,0.145077
https://twitter.com/echoman911/status/1270176396325687296,0.031833,0.005937,0.018955,0.823399,0.014008
https://twitter.com/Arvindr66397850/status/1270158818127876096,0.076158,0.02125,0.066651,0.207671,0.047203
https://twitter.com/magic_eye/status/1270147958818947077,0.059729,0.018825,0.108119,0.430513,0.220383
https://twitter.com/kokilaben2019/status/1270114079806545921,0.110965,0.094548,0.077134,0.103034,0.230926
https://twitter.com/LeoThomasekar/status/1270065089492574211,0.084842,0.27702,0.124922,0.136729,0.17496
https://twitter.com/dna/status/1270063283437854720,0.180477,0.060102,0.099962,0.019498,0.553223
https://twitter.com/dna/status/1270062950758268928,0.174534,0.214751,0.126426,0.023937,0.345598
https://twitter.com/jatinjkothari/status/1270058838322851840,0.05872,0.040578,0.176907,0.229917,0.291057
https://twitter.com/CutyWithBrains/status/1270055652602175493,0.113,0.054752,0.067908,0.157729,0.128352
https://twitter.com/MumbaiExpress11/status/1270044702289604614,0.331743,0.187077,0.072938,0.184092,0.266843
https://twitter.com/PRERAKOGALA/status/1270042563106439168,0.098016,0.051036,0.22912,0.189931,0.205596
https://twitter.com/ketan25shah/status/1270032256611082256,0.157571,0.038973,0.376428,0.066327,0.273737
https://twitter.com/zzzubair/status/1270029927690035202,0.160955,0.07102,0.063142,0.108084,0.190086
https://twitter.com/kapoordipanshu1/status/1270029800330190848,0.040634,0.137594,0.052999,0.259209,0.375836
https://twitter.com/rama2091/status/1270027629861597184,0.252705,0.028516,0.06116,0.059579,0.445593
https://twitter.com/mumbaimatterz/status/1270026502931804167,0.186699,0.044646,0.162284,0.091785,0.69201
https://twitter.com/rizvitaus/status/1270026104577785856,0.077614,0.241757,0.063265,0.438503,0.317687
https://twitter.com/Soldier_forlife/status/1270025876252397568,0.070581,0.101167,0.232779,0.252476,0.375791
https://twitter.com/neeru_za/status/1270014980713099264,0.279202,0.155842,0.145558,0.144494,0.168058
https://twitter.com/PrithvirajM25/status/1270012312749879296,0.112747,0.074862,0.077812,0.0119,0.287858
https://twitter.com/CNBCTV18News/status/1270009390016237568,0.065329,0.089735,0.05299,0.241118,0.309352
https://twitter.com/thememoryalbum/status/1270008544281219072,0.019198,0.032842,0.026754,0.866356,0.06467
https://twitter.com/sameeratweeter/status/1270006116773236736,0.098954,0.100864,0.0498,0.051641,0.373233
https://twitter.com/ashishlh/status/1270004033193984000,0.033657,0.033197,0.078396,0.358736,0.561924
https://twitter.com/RJKaran911/status/1270003696668155904,0.093623,0.094227,0.527072,0.127062,0.306001
https://twitter.com/GhazalForSoul/status/1270002751724896256,0.102578,0.027469,0.026369,0.448853,0.37724
https://twitter.com/mataonline/status/1269999905650556928,0.115958,0.110287,0.078402,0.187868,0.300925
https://twitter.com/pratwah/status/1269999785680891910,0.070422,0.021433,0.188684,0.316779,0.337319
https://twitter.com/CNBCTV18Live/status/1269995850282881026,0.010368,0.048523,0.026012,0.339923,0.190403
https://twitter.com/CEncroachment/status/1269992624708034560,0.084785,0.055936,0.039814,0.066593,0.846054
https://twitter.com/biybalu/status/1269992417316372480,0.024386,0.106336,0.112842,0.474127,0.051985
https://twitter.com/tVoiceOfCitizen/status/1269990595407339521,0.050466,0.030043,0.157144,0.184269,0.589361
https://twitter.com/CEncroachment/status/1269990164845264897,0.275798,0.065198,0.041079,0.031131,0.609461
https://twitter.com/vg3875/status/1269987690902024193,0.083735,0.024206,0.045123,0.450441,0.269507
https://twitter.com/echoman911/status/1269986959570530306,0.159231,0.129452,0.163285,0.06293,0.596209
https://twitter.com/LotusBharat/status/1269984077752516609,0.164386,0.234117,0.114518,0.043769,0.668576
https://twitter.com/badpaps/status/1269984063097499650,0.145926,0.088903,0.041282,0.471001,0.139215
https://twitter.com/its_dsk/status/1269981204801077254,0.018356,0.004009,0.007132,0.034061,0.129126
https://twitter.com/commonmanspowar/status/1269978366939148288,0.091409,0.03119,0.092895,0.183447,0.107771
https://twitter.com/BKandhari_Prop/status/1269977153162051584,0.05698,0.027943,0.006354,0.689899,0.076535
https://twitter.com/hsachdev/status/1269973872683646978,0.011053,0.008401,0.015148,0.857105,0.044994
https://twitter.com/mangeshdigital/status/1269972413464207362,0.299716,0.335332,0.126146,0.152526,0.273542
https://twitter.com/Kiranghulepati1/status/1269966324278587394,0.049334,0.040677,0.063815,0.557732,0.175822
https://twitter.com/i_amssp/status/1269966134373167105,0.283044,0.221477,0.072703,0.212503,0.158791
https://twitter.com/LocalSamosa/status/1269965263652491264,0.041494,0.094341,0.049545,0.465351,0.096342
https://twitter.com/BirgeShadab/status/1269964538092441600,0.036709,0.066213,0.166173,0.010654,0.85387
https://twitter.com/taxinbrief/status/1269963408536993792,0.083619,0.071437,0.042513,0.036186,0.221593
https://twitter.com/MumbaiLiveNews/status/1269962977114873856,0.375552,0.023033,0.073816,0.087039,0.117709
https://twitter.com/deep9007/status/1269962330772631552,0.384404,0.09273,0.118662,0.242678,0.353538
https://twitter.com/Sharan_Nair93/status/1269961124515987463,0.005192,0.015896,0.309918,0.621675,0.121928
https://twitter.com/NehaPoonia/status/1269959068912771072,0.086511,0.243259,0.037142,0.308436,0.453149
https://twitter.com/MumbaiMirror/status/1269958602694864896,0.255602,0.109561,0.31007,0.106248,0.454279
https://twitter.com/BT_India/status/1269957998178234373,0.07081,0.030615,0.111508,0.177421,0.1932
https://twitter.com/iamvarunbajaj/status/1269956780500508672,0.129522,0.058941,0.055471,0.261772,0.238758
https://twitter.com/_downandirty_/status/1269956161115246594,0.180085,0.123329,0.169045,0.319985,0.304044
https://twitter.com/GAUTAMGUPTA10/status/1269953856550563846,0.098745,0.093888,0.157093,0.158914,0.201676
https://twitter.com/BWAutoworld/status/1269952510162358272,0.027981,0.043788,0.007982,0.078267,0.378003
https://twitter.com/nileshamesar/status/1269952114182127616,0.081414,0.073887,0.100591,0.309787,0.142243
https://twitter.com/purohitvaibhav/status/1269951475234615297,0.203254,0.135277,0.113724,0.155541,0.08862
https://twitter.com/TheTrueIndian01/status/1269951376995442690,0.241007,0.045035,0.231066,0.064342,0.562899
https://twitter.com/razoredgeDM/status/1269949369932935168,0.093001,0.040565,0.117076,0.565446,0.215707
https://twitter.com/TheOfficialYogs/status/1269949229209841670,0.205272,0.317148,0.049939,0.138982,0.470762
https://twitter.com/TheOfficialYogs/status/1269949050536656898,0.417108,0.006725,0.153177,0.314786,0.290366
https://twitter.com/shahvishu79/status/1269948965283389446,0.076498,0.075302,0.567264,0.001284,0.593249
https://twitter.com/CNBCTV18News/status/1269948844818612224,0.280369,0.036963,0.114009,0.167533,0.378419
https://twitter.com/iam_Beardcules/status/1269946818403667968,0.048753,0.032982,0.157776,0.280882,0.11634
https://twitter.com/itssanjay__/status/1269944593228890117,0.135606,0.044956,0.089772,0.210655,0.281077
https://twitter.com/reena14777343/status/1269941716867354624,0.261692,0.27324,0.132406,0.097169,0.362063
https://twitter.com/peyushkamal/status/1269941094780776448,0.131098,0.072153,0.071064,0.020787,0.599946
https://twitter.com/phones_wiki/status/1269937587134685184,0.245406,0.043772,0.16976,0.103759,0.194916
https://twitter.com/AnaghaArdalkar/status/1269933468193976322,0.145643,0.06162,0.069121,0.140098,0.129122
https://twitter.com/softengineer20/status/1269932032299339778,0.169885,0.130495,0.072139,0.162331,0.136694
https://twitter.com/pinkeshpinkesh/status/1269931785737011202,0.105033,0.047004,0.076115,0.298603,0.192354
https://twitter.com/FishyRishi/status/1269928205160460288,0.094327,0.047437,0.218789,0.161193,0.622158
https://twitter.com/proxax/status/1269926513832534016,0.687378,0.170053,0.067526,0.026796,0.138242
https://twitter.com/ganeshmpandey/status/1269926246789509122,0.592867,0.085761,0.062416,0.083813,0.106818
https://twitter.com/Indradev_007/status/1269924968701231106,0.304784,0.086999,0.151108,0.172668,0.475471
https://twitter.com/PaperboyOnline/status/1269923826546008066,0.417197,0.190742,0.123306,0.10488,0.257429
https://twitter.com/akash_devgude/status/1269922552161300480,0.451137,0.091259,0.080259,0.20213,0.149265
https://twitter.com/rupesh1729/status/1269920424655310849,0.077144,0.043126,0.120807,0.15686,0.482145
https://twitter.com/LeoThomasekar/status/1269920225819889667,0.207008,0.053573,0.110383,0.382554,0.265618
https://twitter.com/Manishkumbhar03/status/1269914419636523012,0.108251,0.035329,0.046558,0.28703,0.211317
https://twitter.com/imlahoti/status/1269914329652105216,0.403463,0.114493,0.189007,0.037467,0.553278
https://twitter.com/knownaskarkera/status/1269913852633726977,0.037275,0.016087,0.126168,0.633683,0.190098
https://twitter.com/fashionistanik1/status/1269912673329639425,0.020794,0.012128,0.003973,0.744482,0.045851
https://twitter.com/mumbaitak/status/1269912332970442752,0.018444,0.521606,0.010164,0.486944,0.024694
https://twitter.com/samirtewari/status/1269911877871521792,0.165452,0.053465,0.091089,0.136404,0.057654
https://twitter.com/Deb_Rc03/status/1269911146129059840,0.439725,0.098858,0.175532,0.080951,0.129316
https://twitter.com/indiansighthub/status/1269910928348393472,0.098059,0.109221,0.259307,0.061419,0.635591
https://twitter.com/shoopyin/status/1269908789391765506,0.140285,0.053931,0.074652,0.158283,0.135891
https://twitter.com/Maha_MEDD/status/1269908669090525185,0.028663,0.072313,0.084191,0.099946,0.224858
https://twitter.com/brijeshyadav/status/1269908461288140801,0.071962,0.154288,0.078654,0.016407,0.873551
https://twitter.com/drkarekar/status/1269907706820902912,0.392855,0.093103,0.060977,0.353743,0.222388
https://twitter.com/Maha_MEDD/status/1269907150048038913,0.027942,0.066991,0.082719,0.098108,0.223127
https://twitter.com/uttampa18328157/status/1269904015258763264,0.166526,0.115366,0.192643,0.059171,0.129208
https://twitter.com/MonilDalal/status/1269903621019193344,0.242222,0.063929,0.317972,0.25598,0.160566
https://twitter.com/NBhalwankar/status/1269896786249805824,0.407986,0.037405,0.162268,0.133586,0.325217
https://twitter.com/ompsyram/status/1269896580909457408,0.096693,0.030751,0.087156,0.362654,0.180523
https://twitter.com/ScribeUpma/status/1269895296538095617,0.100693,0.014174,0.092227,0.098477,0.093341
https://twitter.com/ajyadavji/status/1269895125389508608,0.135606,0.044956,0.089772,0.210655,0.281077
https://twitter.com/pareshoswal70/status/1269894874989563910,0.016638,0.006099,0.02869,0.898256,0.041093
