id,conversation_id,created_at,date,time,timezone,user_id,username,name,place,tweet,mentions,urls,photos,replies_count,retweets_count,likes_count,hashtags,cashtags,link,retweet,quote_url,video,near,geo,source,user_rt_id,user_rt,retweet_id,reply_to,retweet_date,translate,trans_src,trans_dest
1277849869235793920,1277849869235793920,1593498124000,2020-06-30,11:52:04,IST,3347527933,airvijayawada,AIRVijayawada,,"#IndiaFightsCorona

It's okay to feel a little anxious or worried right now. It's okay to ask for help. Call us - We're here for you. 

#TogetherAgainstCovid19 #BadalkarApnaVyavaharKareinCoronaParVaar #HealthForAll #SwasthaBharat #CoronaOutbreak #Unlock1  pic.twitter.com/r1MeZdKBxS",[],[],['https://pbs.twimg.com/media/EbvOseHVcAEdAk5.jpg'],0,1,0,"['#indiafightscorona', '#togetheragainstcovid19', '#badalkarapnavyavaharkareincoronaparvaar', '#healthforall', '#swasthabharat', '#coronaoutbreak', '#unlock1']",[],https://twitter.com/AIRVijayawada/status/1277849869235793920,False,,0,,,,,,,"[{'user_id': '3347527933', 'username': 'AIRVijayawada'}]",,,,
1274967873098661889,1274967873098661889,1592811003000,2020-06-22,13:00:03,IST,3347527933,airvijayawada,AIRVijayawada,,"@MoHFW_INDIA #IndiaFightsCorona

Learn about the three pillars of safety to stay protected from #COVID19.

 #TogetherAgainstCovid19 #BadalkarApnaVyavaharKareinCoronaParVaar #HealthForAll #SwasthaBharat #CoronaOutbreak #Unlock1  pic.twitter.com/zesmaD9li3",['mohfw_india'],[],['https://pbs.twimg.com/media/EbGSpVMUwAE8VPu.jpg'],1,1,1,"['#indiafightscorona', '#covid19', '#togetheragainstcovid19', '#badalkarapnavyavaharkareincoronaparvaar', '#healthforall', '#swasthabharat', '#coronaoutbreak', '#unlock1']",[],https://twitter.com/AIRVijayawada/status/1274967873098661889,False,,0,,,,,,,"[{'user_id': '3347527933', 'username': 'AIRVijayawada'}, {'user_id': '2596143056', 'username': 'MoHFW_INDIA'}]",,,,
1270303748703817729,1270303748703817729,1591698989000,2020-06-09,16:06:29,IST,275464313,tharunboda,Tharun,,"No. of Containment Zones in Vijayawada (VMC limits)

May 26: 13

June 9:   42

List available here:  http://vmc.ap.gov.in/containmentzones …
#AndhraPradesh #Unlock1 @THAndhra",['thandhra'],['http://vmc.ap.gov.in/containmentzones'],[],0,0,0,"['#andhrapradesh', '#unlock1']",[],https://twitter.com/tharunboda/status/1270303748703817729,False,,0,,,,,,,"[{'user_id': '275464313', 'username': 'tharunboda'}, {'user_id': '412981124', 'username': 'THAndhra'}]",,,,
1270105681417261056,1270105681417261056,1591651766000,2020-06-09,02:59:26,IST,1874798778,thehansindiaweb,The Hans India,,'Unlock 1.0' evokes huge response #Covid-19 #Unlock1.0 #Restaurants #Vijayawada  https://www.thehansindia.com/andhra-pradesh/unlock-10-evokes-huge-response-627041?utm_campaign=pubshare&utm_source=Twitter&utm_medium=1874798778&utm_content=auto-link&utm_id=139 …,[],['https://www.thehansindia.com/andhra-pradesh/unlock-10-evokes-huge-response-627041?utm_campaign=pubshare&utm_source=Twitter&utm_medium=1874798778&utm_content=auto-link&utm_id=139'],[],0,0,1,"['#covid', '#unlock1', '#restaurants', '#vijayawada']",[],https://twitter.com/TheHansIndiaWeb/status/1270105681417261056,False,,0,,,,,,,"[{'user_id': '1874798778', 'username': 'TheHansIndiaWeb'}]",,,,
1269996335182176256,1269830296209260545,1591625696000,2020-06-08,19:44:56,IST,94761188,newindianxpress,The New Indian Express,,"Are people hesitant to venture out? Mall in Vijayawada wearing a deserted look on day one of the first phase of #Unlock1. 

Express Video | Prasant Madugula
@xpressandhra pic.twitter.com/ClW2olb7jk",['xpressandhra'],[],[],1,1,6,['#unlock1'],[],https://twitter.com/NewIndianXpress/status/1269996335182176256,False,,1,,,,,,,"[{'user_id': '94761188', 'username': 'NewIndianXpress'}, {'user_id': '1193808848047337473', 'username': 'xpressandhra'}]",,,,
1269878286336679936,1269878286336679936,1591597551000,2020-06-08,11:55:51,IST,1874798778,thehansindiaweb,The Hans India,,Minister Vellampalli Srinivas inspects arrangements at Durga temple in Vijayawada @YSRCParty #Unlock1.0 #MinisterVellampalliSrinivas #DurgaTemple #Vijayawada  https://www.thehansindia.com/andhra-pradesh/minister-vellampalli-srinivas-inspects-arrangements-at-durga-temple-in-vijayawada-626867?utm_campaign=pubshare&utm_source=Twitter&utm_medium=1874798778&utm_content=auto-link&utm_id=139 …,['ysrcparty'],['https://www.thehansindia.com/andhra-pradesh/minister-vellampalli-srinivas-inspects-arrangements-at-durga-temple-in-vijayawada-626867?utm_campaign=pubshare&utm_source=Twitter&utm_medium=1874798778&utm_content=auto-link&utm_id=139'],[],0,0,1,"['#unlock1', '#ministervellampallisrinivas', '#durgatemple', '#vijayawada']",[],https://twitter.com/TheHansIndiaWeb/status/1269878286336679936,False,,0,,,,,,,"[{'user_id': '1874798778', 'username': 'TheHansIndiaWeb'}, {'user_id': '256129678', 'username': 'YSRCParty'}]",,,,
1269863537498677249,1269863537498677249,1591594034000,2020-06-08,10:57:14,IST,1193808848047337473,xpressandhra,TNIE Andhra Pradesh,,"In Pics: With relaxations given to restaurants and hotels, people have breakfast at a hotel in #Vijayawada on Monday.

Photos | Prasant Madugula

@NewIndianXpress #Unlock1 #AndhraFightsCorona #CoronaUpdates pic.twitter.com/ZJoZHVjpcr",['newindianxpress'],[],"['https://pbs.twimg.com/media/EZ92H1LUMAApTsm.jpg', 'https://pbs.twimg.com/media/EZ92IraU8AA6PEV.jpg', 'https://pbs.twimg.com/media/EZ92JZqUMAAsGCd.jpg']",0,5,6,"['#vijayawada', '#unlock1', '#andhrafightscorona', '#coronaupdates']",[],https://twitter.com/xpressandhra/status/1269863537498677249,False,,0,,,,,,,"[{'user_id': '1193808848047337473', 'username': 'xpressandhra'}, {'user_id': '94761188', 'username': 'NewIndianXpress'}]",,,,
1268152683329990661,1268152683329990661,1591186135000,2020-06-03,17:38:55,IST,1193808848047337473,xpressandhra,TNIE Andhra Pradesh,,"The Mahatma Gandhi wholesale market got back its glory as work resumes post lockdown in #Vijayawada.

 Video | Prasant Madugula

@NewIndianXpress
#Unlock1 #Lockdown5 #IndiaFightsCorona pic.twitter.com/e8vHhlcAlI",['newindianxpress'],[],[],1,9,13,"['#vijayawada', '#unlock1', '#lockdown5', '#indiafightscorona']",[],https://twitter.com/xpressandhra/status/1268152683329990661,False,,1,,,,,,,"[{'user_id': '1193808848047337473', 'username': 'xpressandhra'}, {'user_id': '94761188', 'username': 'NewIndianXpress'}]",,,,
1267691762866204673,1267691762866204673,1591076243000,2020-06-02,11:07:23,IST,1193808848047337473,xpressandhra,TNIE Andhra Pradesh,,"Public flout social distancing norms at market area in One Town in #Vijayawada. 

Photo |  Prasant Madugula

#Unlock1 #IndiaFightsCorona #lockdown5 #andhrafightscorona pic.twitter.com/7tVsprA8Gw",[],[],['https://pbs.twimg.com/media/EZe-7owVcAMvIEP.jpg'],1,3,5,"['#vijayawada', '#unlock1', '#indiafightscorona', '#lockdown5', '#andhrafightscorona']",[],https://twitter.com/xpressandhra/status/1267691762866204673,False,,0,,,,,,,"[{'user_id': '1193808848047337473', 'username': 'xpressandhra'}]",,,,
1267290626954911745,1267283755011502080,1590980605000,2020-06-01,08:33:25,IST,94761188,newindianxpress,The New Indian Express,,"Masks? Yes. Social distancing? No. On the first day of #Unlock1 after two long months of #lockdown2020, hundreds of passengers throng Vijayawada Railway Station to board Golconda Express. 
#COVIDー19 

Express Photos | Prasant Madugula
@xpressandhra pic.twitter.com/yfP3fa7coi",['xpressandhra'],[],"['https://pbs.twimg.com/media/EZZQ2tkUYAAmx3U.jpg', 'https://pbs.twimg.com/media/EZZQ1zuVAAA6Sx0.jpg', 'https://pbs.twimg.com/media/EZZQ1zxVcAAe9PH.jpg', 'https://pbs.twimg.com/media/EZZQ1zuUcAAd5si.jpg']",3,8,12,"['#unlock1', '#lockdown2020', '#covidー19']",[],https://twitter.com/NewIndianXpress/status/1267290626954911745,False,,0,,,,,,,"[{'user_id': '94761188', 'username': 'NewIndianXpress'}, {'user_id': '1193808848047337473', 'username': 'xpressandhra'}]",,,,
1267012953129144321,1267012953129144321,1590914402000,2020-05-31,14:10:02,IST,1193808848047337473,xpressandhra,TNIE Andhra Pradesh,,"A look at arrangements being done at #KanakaDurgaTemple and #GunadalaChurch in #Vijayawada ahead of #reopening of #religious places from June 8.

Video | P Ravindra Babu

@NewIndianXpress
#Unlock1 #Lockdown5 pic.twitter.com/c3QVB5dgRx",['newindianxpress'],[],[],0,5,14,"['#kanakadurgatemple', '#gunadalachurch', '#vijayawada', '#reopening', '#religious', '#unlock1', '#lockdown5']",[],https://twitter.com/xpressandhra/status/1267012953129144321,False,,1,,,,,,,"[{'user_id': '1193808848047337473', 'username': 'xpressandhra'}, {'user_id': '94761188', 'username': 'NewIndianXpress'}]",,,,
1266903211815784449,1266903211815784449,1590888238000,2020-05-31,06:53:58,IST,1438938306,sarvakk,Kishore,,"@KTRTRS sir, kindly look into this. We 5 family members were locked at vijayawada unable to attend our pregnant daughter at Hyderabad since 23/3/2020. We wish to travel vijayawada to Hyderabad on 01/06/2020 as per #Unlock1 #Lockdown5Guidelines ( in our own vehicles ) pic.twitter.com/E8PPJ23CQi",['ktrtrs'],[],['https://pbs.twimg.com/media/EZTxvgeUYAAFsjn.jpg'],0,0,0,"['#unlock1', '#lockdown5guidelines']",[],https://twitter.com/sarvakk/status/1266903211815784449,False,,0,,,,,,,"[{'user_id': '1438938306', 'username': 'sarvakk'}, {'user_id': '118787224', 'username': 'KTRTRS'}]",,,,
1266900238041669632,1266900238041669632,1590887529000,2020-05-31,06:42:09,IST,1438938306,sarvakk,Kishore,,@TelanganaCMO please clarify whether we can travel on 01/06/2020 as per the new #Unlock1 #Lockdown5Guidelines  about removing restrictions for persons to travel interstate ( Andhra Pradesh to Telangana ). We 5 have to travel from vijayawada to Hyderabad to attend our daughter.  pic.twitter.com/ea6Ob9FVsD,['telanganacmo'],[],['https://pbs.twimg.com/media/EZTvCX1UwAAGNaj.jpg'],0,0,0,"['#unlock1', '#lockdown5guidelines']",[],https://twitter.com/sarvakk/status/1266900238041669632,False,,0,,,,,,,"[{'user_id': '1438938306', 'username': 'sarvakk'}, {'user_id': '2558684335', 'username': 'TelanganaCMO'}]",,,,
