id,conversation_id,created_at,date,time,timezone,user_id,username,name,place,tweet,mentions,urls,photos,replies_count,retweets_count,likes_count,hashtags,cashtags,link,retweet,quote_url,video,near,geo,source,user_rt_id,user_rt,retweet_id,reply_to,retweet_date,translate,trans_src,trans_dest
1269817055089274880,1269451522787565568,1591582952000,2020-06-08,07:52:32,IST,168275558,gupta__a,Ankit Gupta,,"Details Taken at #Kurnool: Name, Phone Number, Dest Address, Aadhar No, Vehicle No, visual Verification of #karnataka #SevaSindhu acknowledgment/e-pass #InterStateTravel #Unlock1 #HydToBlr #SpreadAwareness #unlockone #Hyd2Blr #UnlockingIndia #unlock1point0(18/?) pic.twitter.com/466icMdsrc",[],[],['https://pbs.twimg.com/media/EZ9L2w9VcAItIwT.jpg'],1,0,0,"['#kurnool', '#karnataka', '#sevasindhu', '#interstatetravel', '#unlock1', '#hydtoblr', '#spreadawareness', '#unlockone', '#hyd2blr', '#unlockingindia', '#unlock1point0']",[],https://twitter.com/gupta__a/status/1269817055089274880,False,,0,,,,,,,"[{'user_id': '168275558', 'username': 'gupta__a'}]",,,,
1269816845185413121,1269451522787565568,1591582902000,2020-06-08,07:51:42,IST,168275558,gupta__a,Ankit Gupta,,"At #Kurnool you were not required to fill any forms. Police were writing your info themselves, #InterStateTravel #Unlock1 #HydToBlr #SpreadAwareness #unlockone #Hyd2Blr #UnlockingIndia #unlock1point0(17/?) pic.twitter.com/ylnfQKspGa",[],[],['https://pbs.twimg.com/media/EZ9LbkbVAAArcp7.jpg'],1,0,0,"['#kurnool', '#interstatetravel', '#unlock1', '#hydtoblr', '#spreadawareness', '#unlockone', '#hyd2blr', '#unlockingindia', '#unlock1point0']",[],https://twitter.com/gupta__a/status/1269816845185413121,False,,0,,,,,,,"[{'user_id': '168275558', 'username': 'gupta__a'}]",,,,
1269815294748319745,1269451522787565568,1591582532000,2020-06-08,07:45:32,IST,168275558,gupta__a,Ankit Gupta,,At #Kurnool Vehicle were stopped and diverted to Side lane before the Tollgate towards the Screening Area. #InterStateTravel #Unlock1 #HydToBlr #SpreadAwareness #unlockone #Hyd2Blr #UnlockingIndia #unlock1point0(15/?) pic.twitter.com/oQKff3qVwD,[],[],['https://pbs.twimg.com/media/EZ9KOdrUEAAJfyZ.jpg'],1,0,0,"['#kurnool', '#interstatetravel', '#unlock1', '#hydtoblr', '#spreadawareness', '#unlockone', '#hyd2blr', '#unlockingindia', '#unlock1point0']",[],https://twitter.com/gupta__a/status/1269815294748319745,False,,0,,,,,,,"[{'user_id': '168275558', 'username': 'gupta__a'}]",,,,
1269471594822303744,1269471594822303744,1591500588000,2020-06-07,08:59:48,IST,168275558,gupta__a,Ankit Gupta,,"#interStateBorder at #kurnool. They have setup some tents. Seperate Queue for Karnataka. Details taken: Dest Address, Aadhar No. Job Designation and visual Verification of #karnataka seva sindu epass #InterstateTravel #Unlock1 #HydToBlr #unlockone #Hyd2Blr #UnlockingIndia pic.twitter.com/CylusYUSNm",[],[],"['https://pbs.twimg.com/media/EZ4RlkrU4AE4wR3.jpg', 'https://pbs.twimg.com/media/EZ4RnObUYAEdApu.jpg', 'https://pbs.twimg.com/media/EZ4Roz9U0AAF6of.jpg', 'https://pbs.twimg.com/media/EZ4RqSLVAAELyQp.jpg']",0,0,1,"['#interstateborder', '#kurnool', '#karnataka', '#interstatetravel', '#unlock1', '#hydtoblr', '#unlockone', '#hyd2blr', '#unlockingindia']",[],https://twitter.com/gupta__a/status/1269471594822303744,False,,0,,,,,,,"[{'user_id': '168275558', 'username': 'gupta__a'}]",,,,
