id,conversation_id,created_at,date,time,timezone,user_id,username,name,place,tweet,mentions,urls,photos,replies_count,retweets_count,likes_count,hashtags,cashtags,link,retweet,quote_url,video,near,geo,source,user_rt_id,user_rt,retweet_id,reply_to,retweet_date,translate,trans_src,trans_dest
1271706315664965632,1271706315664965632,1592033387000,2020-06-13,12:59:47,IST,1179994315210153984,ankitsh39191021,Ankit Shaw,,"Tirupati Balaji: As soon as the temple opened, the employees donated more than Rs.65 lakh  http://vitorr.com/details?detail_id=19316 …
.
.
#tweet #twitter #vitorr #TirupatiTemple #donations #Unlock1 #COVID19 #coronavirus #news #onlinenews #share #follow",[],['http://vitorr.com/details?detail_id=19316'],[],0,1,1,"['#tweet', '#twitter', '#vitorr', '#tirupatitemple', '#donations', '#unlock1', '#covid19', '#coronavirus', '#news', '#onlinenews', '#share', '#follow']",[],https://twitter.com/AnkitSh39191021/status/1271706315664965632,False,,0,,,,,,,"[{'user_id': '1179994315210153984', 'username': 'AnkitSh39191021'}]",,,,
1271663591381331968,1271663591381331968,1592023201000,2020-06-13,10:10:01,IST,119070043,pppjain,CA PP Jain,,"As the famous Tirupati temple reopens after almost 80 days, ThePrint reports on the safety protocols being followed & how temple visits have becoming different in Covid times. #Unlock1
 https://youtu.be/J_sDIhzi2dw ",[],['https://youtu.be/J_sDIhzi2dw'],[],0,0,0,['#unlock1'],[],https://twitter.com/pppjain/status/1271663591381331968,False,,0,,,,,,,"[{'user_id': '119070043', 'username': 'pppjain'}]",,,,
1271098709196124160,1271098709196124160,1591888522000,2020-06-11,20:45:22,IST,85306437,sakalmedianews,sakalmedia,,"Masked pilgrims, barbers in PPE and shorter queues as Tirupati temple reopens after 80 days.

 http://www.esakal.com 
#Sakal #SakalMedia #Sakalnews #Sakalupdates #News #Viral #Viralnews #Tirupati #Religion #Breaking #Trending #India #Religiousplaces #Unlock1 #PPE #COVID19 pic.twitter.com/i5wpAiSZXT",[],['http://www.esakal.com'],['https://pbs.twimg.com/media/EaPZij3WAAAU1O9.jpg'],1,0,1,"['#sakal', '#sakalmedia', '#sakalnews', '#sakalupdates', '#news', '#viral', '#viralnews', '#tirupati', '#religion', '#breaking', '#trending', '#india', '#religiousplaces', '#unlock1', '#ppe', '#covid19']",[],https://twitter.com/SakalMediaNews/status/1271098709196124160,False,,0,,,,,,,"[{'user_id': '85306437', 'username': 'SakalMediaNews'}]",,,,
1271098709128949766,1271098709128949766,1591888522000,2020-06-11,20:45:22,IST,17830429,sakaltimes,Sakal Times,,"Masked pilgrims, barbers in PPE and shorter queues as Tirupati temple reopens after 80 days.

 http://www.sakaltimes.com 
#Sakal #Sakaltimes #Sakalnews #Sakalupdates #News #Viral #Viralnews #Tirupati #Religion #Breaking #Trending #India #Religiousplaces #Unlock1 #PPE #COVID19 pic.twitter.com/4vO4gfJEdY",[],['http://www.sakaltimes.com'],['https://pbs.twimg.com/media/EaPZik-WkAABedo.jpg'],0,0,0,"['#sakal', '#sakaltimes', '#sakalnews', '#sakalupdates', '#news', '#viral', '#viralnews', '#tirupati', '#religion', '#breaking', '#trending', '#india', '#religiousplaces', '#unlock1', '#ppe', '#covid19']",[],https://twitter.com/sakaltimes/status/1271098709128949766,False,,0,,,,,,,"[{'user_id': '17830429', 'username': 'sakaltimes'}]",,,,
1270659470855725057,1270659470855725057,1591783800000,2020-06-10,15:40:00,IST,134758540,timesofindia,The Times Of India,,"Tirupati temple receives over Rs 25 lakh in hundi collection on first day 

READ-- http://toi.in/763UXb/a24gk 
#COVID19 #Unlock1  pic.twitter.com/3DDgykJW71",[],['http://toi.in/763UXb/a24gk'],['https://pbs.twimg.com/media/EaI85_6XYAM7vZb.jpg'],17,19,253,"['#covid19', '#unlock1']",[],https://twitter.com/timesofindia/status/1270659470855725057,False,,0,,,,,,,"[{'user_id': '134758540', 'username': 'timesofindia'}]",,,,
1269955976288972803,1269955976288972803,1591616074000,2020-06-08,17:04:34,IST,171880832,mataonline,Maharashtra Times,,"अनलॉक वन लागू झाल्यानंतर देशभरातील अनेक मंदिरे भाविकांना दर्शनसाठी खुली करण्यात आली.
#Unlock1 #Temples #UnlockIndia #Lockdown5 #Ayodhya #GoldenTemple #Tirupati #Hanuman #Gorakhpur https://maharashtratimes.com/photogallery/astro/many-temples-and-mosques-were-opened-after-2-months-in-unlock-1-0-across-the-country/photoshow/76261374.cms …",[],['https://maharashtratimes.com/photogallery/astro/many-temples-and-mosques-were-opened-after-2-months-in-unlock-1-0-across-the-country/photoshow/76261374.cms'],[],0,1,6,"['#unlock1', '#temples', '#unlockindia', '#lockdown5', '#ayodhya', '#goldentemple', '#tirupati', '#hanuman', '#gorakhpur']",[],https://twitter.com/mataonline/status/1269955976288972803,False,,0,,,,,,,"[{'user_id': '171880832', 'username': 'mataonline'}]",,,,
1269947337289297921,1269947337289297921,1591614014000,2020-06-08,16:30:14,IST,1193861496582725632,indianbackchod,Backchod Indian,,"#Watch : Tirumala Tirupati Temple decorated with flowers for 1st day darshan after lockdown. 

#Unlock1 #India 🇮🇳 #TirupatiTemple pic.twitter.com/rF0uVqfaVF",[],[],[],0,0,4,"['#watch', '#unlock1', '#india', '#tirupatitemple']",[],https://twitter.com/IndianBackchod/status/1269947337289297921,False,,1,,,,,,,"[{'user_id': '1193861496582725632', 'username': 'IndianBackchod'}]",,,,
1269913087642972161,1269913087642972161,1591605848000,2020-06-08,14:14:08,IST,823376817407008770,toptamilnews,Top Tamil News,,"80 நாட்களுக்கு பிறகு மீண்டும் திறக்கப்பட்ட  திருப்பதி ஏழுமலையான் கோயில் : பக்தர்கள் உற்சாகம்! 
 https://www.toptamilnews.com/tirupati-reopens-its-doors-guidelines-issued-in-view-of-coronavirus-outbreak/ …
#Tirupati #Unlock1 #TTN",[],['https://www.toptamilnews.com/tirupati-reopens-its-doors-guidelines-issued-in-view-of-coronavirus-outbreak/'],[],0,0,0,"['#tirupati', '#unlock1', '#ttn']",[],https://twitter.com/toptamilnews/status/1269913087642972161,False,,0,,,,,,,"[{'user_id': '823376817407008770', 'username': 'toptamilnews'}]",,,,
1269875670315917312,1269875670315917312,1591596927000,2020-06-08,11:45:27,IST,37034483,ndtv,NDTV,,"Watch: Andhra Pradesh's Tirupati Tirumala temple, the richest and most-visited temple in the world, reopens today. @umasudhir's special report on what's changed. 

#unlock1  pic.twitter.com/8p8BSRTYIC",['umasudhir'],[],[],5,25,119,['#unlock1'],[],https://twitter.com/ndtv/status/1269875670315917312,False,,1,,,,,,,"[{'user_id': '37034483', 'username': 'ndtv'}, {'user_id': '289274330', 'username': 'umasudhir'}]",,,,
1269870655563939840,1269870655563939840,1591595731000,2020-06-08,11:25:31,IST,18159588,oneindia,Oneindia News,,"Tirupati Temple all set to welcome devotees; check TTD darshan guidelines here

#Unlock1 #Tirumala #TirupatiTemple #LordBalaji http://oneindia.com/india/unlock-1-0-tirupati-temple-opens-check-guidelines-for-darshan-3101132.html …",[],['http://oneindia.com/india/unlock-1-0-tirupati-temple-opens-check-guidelines-for-darshan-3101132.html'],[],0,0,2,"['#unlock1', '#tirumala', '#tirupatitemple', '#lordbalaji']",[],https://twitter.com/Oneindia/status/1269870655563939840,False,,0,,,,,,,"[{'user_id': '18159588', 'username': 'Oneindia'}]",,,,
1269261314913742849,1269261314913742849,1591450453000,2020-06-06,19:04:13,IST,169018518,amarujalanews,Amar Ujala,,"आम लोग 11 जून से कर पाएंगे तिरुपति बालाजी के दर्शन, हर घंटे में केवल 500 लोगों को मिलेगी अनुमति
#CoronavirusPandemic #Unlock1 #Tirupati #TirupatiBalajiTemple https://www.amarujala.com/india-news/tirupati-balaji-temple-to-reopen-june-11-online-ticket-sale-from-monday?src=top-lead …",[],['https://www.amarujala.com/india-news/tirupati-balaji-temple-to-reopen-june-11-online-ticket-sale-from-monday?src=top-lead'],[],3,11,134,"['#coronaviruspandemic', '#unlock1', '#tirupati', '#tirupatibalajitemple']",[],https://twitter.com/AmarUjalaNews/status/1269261314913742849,False,,0,,,,,,,"[{'user_id': '169018518', 'username': 'AmarUjalaNews'}]",,,,
1269160048606896128,1269160048606896128,1591426310000,2020-06-06,12:21:50,IST,1193808848047337473,xpressandhra,TNIE Andhra Pradesh,,"Trial run of darshan being conducted at #Tirumala with #TTD employees and locals 

Video | Madhav K

@NewIndianXpress
#TirumalaTirupatiDevasthanam
#Tirupati #Unlock1
#religiousplaces #temple #APFightsCoronaVirus pic.twitter.com/i74fWV1nej",['newindianxpress'],[],[],1,10,13,"['#tirumala', '#ttd', '#tirumalatirupatidevasthanam', '#tirupati', '#unlock1', '#religiousplaces', '#temple', '#apfightscoronavirus']",[],https://twitter.com/xpressandhra/status/1269160048606896128,False,,1,,,,,,,"[{'user_id': '1193808848047337473', 'username': 'xpressandhra'}, {'user_id': '94761188', 'username': 'NewIndianXpress'}]",,,,
1269148227003015169,1269109740132372490,1591423491000,2020-06-06,11:34:51,IST,94761188,newindianxpress,The New Indian Express,,"Daily wage workers are getting back to work during #Unlock1 in Tirupati.

Express Photos | Madhav K
@xpressandhra pic.twitter.com/lcvxj50QYf",['xpressandhra'],[],"['https://pbs.twimg.com/media/EZzrF8uUwAAZdtJ.jpg', 'https://pbs.twimg.com/media/EZzrF8uU8AACzUy.jpg', 'https://pbs.twimg.com/media/EZzrF8vUwAI1sBZ.jpg', 'https://pbs.twimg.com/media/EZzrF8uUEAE0eH9.jpg']",1,2,10,['#unlock1'],[],https://twitter.com/NewIndianXpress/status/1269148227003015169,False,,0,,,,,,,"[{'user_id': '94761188', 'username': 'NewIndianXpress'}, {'user_id': '1193808848047337473', 'username': 'xpressandhra'}]",,,,
1269111932465713152,1269111932465713152,1591414838000,2020-06-06,09:10:38,IST,1193808848047337473,xpressandhra,TNIE Andhra Pradesh,,"Daily wage workers resume work near #Tirupati. 

Video | Madhav K

@NewIndianXpress
#Unlock1 #Lockdown5 #construction #relaxations pic.twitter.com/yPEDiyZ9Fe",['newindianxpress'],[],[],1,11,19,"['#tirupati', '#unlock1', '#lockdown5', '#construction', '#relaxations']",[],https://twitter.com/xpressandhra/status/1269111932465713152,False,,1,,,,,,,"[{'user_id': '1193808848047337473', 'username': 'xpressandhra'}, {'user_id': '94761188', 'username': 'NewIndianXpress'}]",,,,
1268911132808343553,1268911132808343553,1591366963000,2020-06-05,19:52:43,IST,828841083257778176,latestly,LatestLY,,"Sabarimala, Tirumala Tirupati Devasthanams temples to reopen for devotees from June 8, Kerala CM, TTD secretary assure to follow MHA's social distancing norms. 

#Unlock1 #MHA #SocialDistancing #Sabarimala #TirumalaTirupatiDevasthanams #PinarayiVijayan https://www.latestly.com/india/news/sabarimala-tirumala-tirupati-devasthanams-temples-to-reopen-for-devotees-from-june-8-kerala-cm-ttd-secretary-assure-to-follow-mhas-social-distancing-norms-1803672.html …",[],['https://www.latestly.com/india/news/sabarimala-tirumala-tirupati-devasthanams-temples-to-reopen-for-devotees-from-june-8-kerala-cm-ttd-secretary-assure-to-follow-mhas-social-distancing-norms-1803672.html'],[],0,0,1,"['#unlock1', '#mha', '#socialdistancing', '#sabarimala', '#tirumalatirupatidevasthanams', '#pinarayivijayan']",[],https://twitter.com/latestly/status/1268911132808343553,False,,0,,,,,,,"[{'user_id': '828841083257778176', 'username': 'latestly'}]",,,,
1268439890221395969,1268439890221395969,1591254610000,2020-06-04,12:40:10,IST,1193808848047337473,xpressandhra,TNIE Andhra Pradesh,,"With several businesses back on track, a fruit vendor waits in the hope of getting customers in Tirupati

Photo | Madhav K

@NewIndianXpress #Unlock1 #Lockdown5 pic.twitter.com/90tWBNsP8p",['newindianxpress'],[],['https://pbs.twimg.com/media/EZpnVIpUMAAoYY4.jpg'],0,5,12,"['#unlock1', '#lockdown5']",[],https://twitter.com/xpressandhra/status/1268439890221395969,False,,0,,,,,,,"[{'user_id': '1193808848047337473', 'username': 'xpressandhra'}, {'user_id': '94761188', 'username': 'NewIndianXpress'}]",,,,
1268391095810920449,1268391095810920449,1591242977000,2020-06-04,09:26:17,IST,3074769187,catchnews,Catch News,,"#Unlock1: Tirupati SP reviews preparedness as Lord Balaji Temple in Andhra prepares for darsanams

#BalajiTemple #Tirupati #AndhraPradesh #AvulaRameshReddy http://www.catchnews.com/india-news/unlock1-tirupati-sp-reviews-preparedness-as-lord-balaji-temple-in-andhra-prepares-for-darsanams-192623.html?utm_source=CatchNewsFacebook&utm_medium=Social …",[],['http://www.catchnews.com/india-news/unlock1-tirupati-sp-reviews-preparedness-as-lord-balaji-temple-in-andhra-prepares-for-darsanams-192623.html?utm_source=CatchNewsFacebook&utm_medium=Social'],[],0,0,0,"['#unlock1', '#balajitemple', '#tirupati', '#andhrapradesh', '#avularameshreddy']",[],https://twitter.com/CatchNews/status/1268391095810920449,False,,0,,,,,,,"[{'user_id': '3074769187', 'username': 'CatchNews'}]",,,,
1268385608184954881,1268385608184954881,1591241669000,2020-06-04,09:04:29,IST,39240673,abpnews,ABP News,,"आंध्र प्रदेश सरकार ने तिरुमाला के प्रसिद्ध बालाजी मंदिर में दर्शन फिर से शुरू करने की इजाजत दे दी है लेकिन इसके लिए दो लोगों को बीच छह फीट की दूरी जरूरी होगी.

#Unlock1
#Tirupati
 https://www.abplive.com/news/andhra-pradesh-devotees-will-be-able-to-see-tirupati-balaji-distance-of-six-feet-will-be-necessary-1419335 …",[],['https://www.abplive.com/news/andhra-pradesh-devotees-will-be-able-to-see-tirupati-balaji-distance-of-six-feet-will-be-necessary-1419335'],[],8,15,270,"['#unlock1', '#tirupati']",[],https://twitter.com/ABPNews/status/1268385608184954881,False,,0,,,,,,,"[{'user_id': '39240673', 'username': 'ABPNews'}]",,,,
1268090726195159041,1268090726195159041,1591171363000,2020-06-03,13:32:43,IST,1193808848047337473,xpressandhra,TNIE Andhra Pradesh,,"In Pics: Pending intermediate second year exams were held in Tirupati on Wednesday. 

Photos | Madhav K

@NewIndianXpress #AndhraFightsCorona #Unlock1  pic.twitter.com/5kMMuFKgka",['newindianxpress'],[],"['https://pbs.twimg.com/media/EZkpvo0UEAEYPhL.jpg', 'https://pbs.twimg.com/media/EZkpwtnU4AcwZCJ.jpg', 'https://pbs.twimg.com/media/EZkpx_qVcAAA8FM.jpg']",0,4,12,"['#andhrafightscorona', '#unlock1']",[],https://twitter.com/xpressandhra/status/1268090726195159041,False,,0,,,,,,,"[{'user_id': '1193808848047337473', 'username': 'xpressandhra'}, {'user_id': '94761188', 'username': 'NewIndianXpress'}]",,,,
1267787836603813888,1267787836603813888,1591099149000,2020-06-02,17:29:09,IST,1265896150340517889,socialpulse2,Social Pulse,,"Tirupati temple likely to open on June 8, to hold 'trial run of darshan' with limited devotees
#Tirupati #CoronavirusIndia #Covid_19 #Unlock1 #lockdownextension pic.twitter.com/YooVHEJ16V",[],[],['https://pbs.twimg.com/media/EZgWTNPU0AA6BhO.png'],1,0,0,"['#tirupati', '#coronavirusindia', '#covid_19', '#unlock1', '#lockdownextension']",[],https://twitter.com/SocialPulse2/status/1267787836603813888,False,,0,,,,,,,"[{'user_id': '1265896150340517889', 'username': 'SocialPulse2'}]",,,,
1267786327518478336,1267786327518478336,1591098789000,2020-06-02,17:23:09,IST,34245009,indiatvnews,India TV,,"Tirupati temple likely to open on June 8, to hold 'trial run of darshan' with limited devotees

#Tirupati #CoronavirusIndia #Covid_19 #Unlock1 #lockdownextension https://www.indiatvnews.com/news/india/tirupati-temple-likely-to-open-on-june-8-trial-run-of-darshan-with-limited-devotees-622792 …",[],['https://www.indiatvnews.com/news/india/tirupati-temple-likely-to-open-on-june-8-trial-run-of-darshan-with-limited-devotees-622792'],[],0,7,36,"['#tirupati', '#coronavirusindia', '#covid_19', '#unlock1', '#lockdownextension']",[],https://twitter.com/indiatvnews/status/1267786327518478336,False,,0,,,,,,,"[{'user_id': '34245009', 'username': 'indiatvnews'}]",,,,
1267697939473788928,1267658365036924929,1591077716000,2020-06-02,11:31:56,IST,94761188,newindianxpress,The New Indian Express,,"As the #Unlock1 begins, people across India have started 'stretching' their legs despite the rise in #COVID19 cases. 
Place: Tirupati

Express Photos | Madhav K
@xpressandhra pic.twitter.com/GCF0nhUczK",['xpressandhra'],[],"['https://pbs.twimg.com/media/EZfC64YUEAEWU1v.jpg', 'https://pbs.twimg.com/media/EZfC64XU8AISCdI.jpg']",1,5,13,"['#unlock1', '#covid19']",[],https://twitter.com/NewIndianXpress/status/1267697939473788928,False,,0,,,,,,,"[{'user_id': '94761188', 'username': 'NewIndianXpress'}, {'user_id': '1193808848047337473', 'username': 'xpressandhra'}]",,,,
1267674418521800704,1267674418521800704,1591072108000,2020-06-02,09:58:28,IST,26971429,ketan72,Ketan,,"#Unlock1 Tarapith, Tirupati, Jagannath, Meenakshi Temples | What is Opening And From When?.
 https://www.india.com/news/india/unlock-1-0-tarapith-tirupati-jagannath-meenakshi-temples-what-is-opening-and-from-when-4044922/ …",[],['https://www.india.com/news/india/unlock-1-0-tarapith-tirupati-jagannath-meenakshi-temples-what-is-opening-and-from-when-4044922/'],[],0,0,0,['#unlock1'],[],https://twitter.com/ketan72/status/1267674418521800704,False,,0,,,,,,,"[{'user_id': '26971429', 'username': 'ketan72'}]",,,,
1267421387477532673,1267283755011502080,1591011780000,2020-06-01,17:13:00,IST,1193808848047337473,xpressandhra,TNIE Andhra Pradesh,,"#PhysicalDistancing norms went for a toss as hundreds of passengers throng #Tirupati Railway Station

Photo | Madhav K

@NewIndianXpress #Lockdown5 #unlock1  pic.twitter.com/Ksbs4uxUoQ",['newindianxpress'],[],"['https://pbs.twimg.com/media/EZbI77fUcAEbGYn.jpg', 'https://pbs.twimg.com/media/EZbI99EUcAA1wpR.jpg', 'https://pbs.twimg.com/media/EZbI_QyU0AEWGM8.jpg', 'https://pbs.twimg.com/media/EZbJAzcU8AAnItC.jpg']",0,2,7,"['#physicaldistancing', '#tirupati', '#lockdown5', '#unlock1']",[],https://twitter.com/xpressandhra/status/1267421387477532673,False,,0,,,,,,,"[{'user_id': '1193808848047337473', 'username': 'xpressandhra'}, {'user_id': '94761188', 'username': 'NewIndianXpress'}]",,,,
1267150527562788864,1267150527562788864,1590947202000,2020-05-31,23:16:42,IST,1164507561569075200,xpresshyderabad,TNIE Telangana,,#Hyderabad people  queued up in a line as Tirumala Tirupati Devasthanams (TTD) begins sale of Tirupati laddu at Himayat Nagar in Hyderabad on Sunday. Express/S Senbagapandiyan. #Unlock1 #Unlock1Point0 pic.twitter.com/rXlYlYcMsP,[],[],['https://pbs.twimg.com/media/EZXSoREU4AEtHLh.jpg'],5,13,39,"['#hyderabad', '#unlock1', '#unlock1point0']",[],https://twitter.com/XpressHyderabad/status/1267150527562788864,False,,0,,,,,,,"[{'user_id': '1164507561569075200', 'username': 'XpressHyderabad'}]",,,,
1267013156791967745,1267013156791967745,1590914451000,2020-05-31,14:10:51,IST,1193808848047337473,xpressandhra,TNIE Andhra Pradesh,,"Staff cleaning #KodandaRamaSwamy Temple; a #church being readied for #devotees ahead of #reopening of #religious places from June 8 in #Tirupati.

Video | Madhav K

@NewIndianXpress
#Unlock1 #Lockdown5 pic.twitter.com/AMPgHj0y1P",['newindianxpress'],[],[],0,4,7,"['#kodandaramaswamy', '#church', '#devotees', '#reopening', '#religious', '#tirupati', '#unlock1', '#lockdown5']",[],https://twitter.com/xpressandhra/status/1267013156791967745,False,,1,,,,,,,"[{'user_id': '1193808848047337473', 'username': 'xpressandhra'}, {'user_id': '94761188', 'username': 'NewIndianXpress'}]",,,,
