id,conversation_id,created_at,date,time,timezone,user_id,username,name,place,tweet,mentions,urls,photos,replies_count,retweets_count,likes_count,hashtags,cashtags,link,retweet,quote_url,video,near,geo,source,user_rt_id,user_rt,retweet_id,reply_to,retweet_date,translate,trans_src,trans_dest
1277819490365915136,1277819490365915136,1593490881000,2020-06-30,09:51:21,IST,3269981695,pro_vizag,Defence PRO Visakhapatnam,,"#IndiaFightsCorona

Follow basic precautionary measures to protect yourself from #COVID19. Hands clean, mask on and distance maintained. 

#TogetherAgainstCovid19 #HealthForAll #SwasthaBharat #BadalkarApnaVyavaharKareinCoronaParVaar #CoronaOutbreak #Unlock1  pic.twitter.com/nOttlhk46N",[],[],['https://pbs.twimg.com/media/Ebu6DFTUYAIbkYQ.jpg'],1,1,6,"['#indiafightscorona', '#covid19', '#togetheragainstcovid19', '#healthforall', '#swasthabharat', '#badalkarapnavyavaharkareincoronaparvaar', '#coronaoutbreak', '#unlock1']",[],https://twitter.com/PRO_Vizag/status/1277819490365915136,False,,0,,,,,,,"[{'user_id': '3269981695', 'username': 'PRO_Vizag'}]",,,,
1277501735964037122,1277501735964037122,1593415123000,2020-06-29,12:48:43,IST,3269981695,pro_vizag,Defence PRO Visakhapatnam,,"#IndiaFightsCorona

Stay united and show solidarity and support to our real heroes. 

#TogetherAgainstCovid19 #HealthForAll #SwasthaBharat #CoronaOutbreak #Unlock1  pic.twitter.com/fBUnhJjNmh",[],[],['https://pbs.twimg.com/media/EbqZCzRU0AEXpqm.jpg'],1,3,19,"['#indiafightscorona', '#togetheragainstcovid19', '#healthforall', '#swasthabharat', '#coronaoutbreak', '#unlock1']",[],https://twitter.com/PRO_Vizag/status/1277501735964037122,False,,0,,,,,,,"[{'user_id': '3269981695', 'username': 'PRO_Vizag'}]",,,,
1277458246484160515,1277458246484160515,1593404754000,2020-06-29,09:55:54,IST,3269981695,pro_vizag,Defence PRO Visakhapatnam,,"#IndiaFightsCorona

Show your gratitude for the real heroes of healthcare.

 #TogetherAgainstCovid19 #HealthForAll #SwasthaBharat #CoronaOutbreak #Unlock1  pic.twitter.com/UVgOMfJE5A",[],[],['https://pbs.twimg.com/media/Ebpxf8sUMAE3XfO.jpg'],0,4,11,"['#indiafightscorona', '#togetheragainstcovid19', '#healthforall', '#swasthabharat', '#coronaoutbreak', '#unlock1']",[],https://twitter.com/PRO_Vizag/status/1277458246484160515,False,,0,,,,,,,"[{'user_id': '3269981695', 'username': 'PRO_Vizag'}]",,,,
1277107270606700545,1277107270606700545,1593321075000,2020-06-28,10:41:15,IST,3269981695,pro_vizag,Defence PRO Visakhapatnam,,"#IndiaFightsCorona

Sincere thanks to all the #COVID19 warriors for placing their duty first.

#TogetherAgainstCovid19 #HealthForAll #SwasthaBharat #CoronaOutbreak #Unlock1  pic.twitter.com/C3PxPFVh7j",[],[],['https://pbs.twimg.com/media/EbkySK5UwAEtx9I.jpg'],0,5,24,"['#indiafightscorona', '#covid19', '#togetheragainstcovid19', '#healthforall', '#swasthabharat', '#coronaoutbreak', '#unlock1']",[],https://twitter.com/PRO_Vizag/status/1277107270606700545,False,,0,,,,,,,"[{'user_id': '3269981695', 'username': 'PRO_Vizag'}]",,,,
1277098169017327618,1277098169017327618,1593318905000,2020-06-28,10:05:05,IST,3269981695,pro_vizag,Defence PRO Visakhapatnam,,"#IndiaFightsCorona

Salute to the police force who are working round the clock to ensure that everyone is safe and India can fight the battle against #COVID19.

 #TogetherAgainstCovid19 #HealthForAll #SwasthaBharat #CoronaOutbreak #Unlock1  pic.twitter.com/p1LGBbB3gl",[],[],['https://pbs.twimg.com/media/EbkqAEOUMAIjnKJ.jpg'],0,5,25,"['#indiafightscorona', '#covid19', '#togetheragainstcovid19', '#healthforall', '#swasthabharat', '#coronaoutbreak', '#unlock1']",[],https://twitter.com/PRO_Vizag/status/1277098169017327618,False,,0,,,,,,,"[{'user_id': '3269981695', 'username': 'PRO_Vizag'}]",,,,
1275632304375738368,1275632304375738368,1592969416000,2020-06-24,09:00:16,IST,3269981695,pro_vizag,Defence PRO Visakhapatnam,,"#IndiaFightsCorona
📍India’s Corona Warriors are the pride of the nation! 

#TogetherAgainstCovid19 #HealthForAll #SwasthaBharat #CoronaOutbreak #Unlock1  pic.twitter.com/BiyxmW1Y77",[],[],['https://pbs.twimg.com/media/EbP0xVNWsAAXDn0.jpg'],0,0,1,"['#indiafightscorona', '#togetheragainstcovid19', '#healthforall', '#swasthabharat', '#coronaoutbreak', '#unlock1']",[],https://twitter.com/PRO_Vizag/status/1275632304375738368,False,,0,,,,,,,"[{'user_id': '3269981695', 'username': 'PRO_Vizag'}]",,,,
1274957294346756096,1274957294346756096,1592808481000,2020-06-22,12:18:01,IST,3269981695,pro_vizag,Defence PRO Visakhapatnam,,"#IndiaFightsCorona

Follow these COVID appropriate behaviours to keep yourself and your loved ones safe.

 #TogetherAgainstCovid19 #BadalkarApnaVyavaharKareinCoronaParVaar #HealthForAll #SwasthaBharat #CoronaOutbreak #Unlock1  pic.twitter.com/c92bv45QeV",[],[],['https://pbs.twimg.com/media/EbGO1EzUMAAatCn.jpg'],1,4,20,"['#indiafightscorona', '#togetheragainstcovid19', '#badalkarapnavyavaharkareincoronaparvaar', '#healthforall', '#swasthabharat', '#coronaoutbreak', '#unlock1']",[],https://twitter.com/PRO_Vizag/status/1274957294346756096,False,,0,,,,,,,"[{'user_id': '3269981695', 'username': 'PRO_Vizag'}]",,,,
1270561432828997633,1270561432828997633,1591760426000,2020-06-10,09:10:26,IST,876784495688425472,toivizagnews,TOI Vizag,,"Sri Varaha Lakshmi Narasimha Swamy temple at Simhachalam in #Visakhapatnam opens to welcome devotees

#Unlock1
#AndhraPradeshUnlock1 pic.twitter.com/dUfXyAfbX8",[],[],"['https://pbs.twimg.com/media/EaHw2mEUcAAuqjM.jpg', 'https://pbs.twimg.com/media/EaHw2mIU0AUbWkW.jpg', 'https://pbs.twimg.com/media/EaHw2mHUEAIOb4C.jpg']",0,5,41,"['#visakhapatnam', '#unlock1', '#andhrapradeshunlock1']",[],https://twitter.com/TOIVizagNews/status/1270561432828997633,False,,0,,,,,,,"[{'user_id': '876784495688425472', 'username': 'TOIVizagNews'}]",,,,
1269792129489833985,1269792129489833985,1591577009000,2020-06-08,06:13:29,IST,2269931144,avijitsharma_,Avijit,,Blood toil tears & sweat. #SonuSood #BlackLivesMatter #schoolreopening #laddakh #China #COVID19 #Trending #Visakhapatnam #Viral #NewsAlert #Delhi #DelayCAExamsICAP #Unlock1 #survivor2020 #IndiaChinaFaceOff #IndiaFightsCorona #IndiaFightsCOVID19 #pkmbk #CKMKB @thewildcity #travel pic.twitter.com/4AxuvtT2eF,['thewildcity'],[],['https://pbs.twimg.com/media/EZ81MoyUwAIhOMm.jpg'],0,1,1,"['#sonusood', '#blacklivesmatter', '#schoolreopening', '#laddakh', '#china', '#covid19', '#trending', '#visakhapatnam', '#viral', '#newsalert', '#delhi', '#delaycaexamsicap', '#unlock1', '#survivor2020', '#indiachinafaceoff', '#indiafightscorona', '#indiafightscovid19', '#pkmbk', '#ckmkb', '#travel']",[],https://twitter.com/AvijitSharma_/status/1269792129489833985,False,,0,,,,,,,"[{'user_id': '2269931144', 'username': 'AvijitSharma_'}, {'user_id': '268354037', 'username': 'thewildcity'}]",,,,
1268425448318517248,1268425448318517248,1591251167000,2020-06-04,11:42:47,IST,538339514,jitendar1988,jitendar jhurani,,#rain in Visakhapatnam #unlock1 #covid19 #coronavirus #covid_19 #gharbaithoindia #vizag #vizagbeach #swag @ Visakhapatnam City of Destiny  https://www.instagram.com/p/CBAK2_4gpI0/?igshid=nr6thcti48i7 …,[],['https://www.instagram.com/p/CBAK2_4gpI0/?igshid=nr6thcti48i7'],[],0,0,0,"['#rain', '#unlock1', '#covid19', '#coronavirus', '#covid_19', '#gharbaithoindia', '#vizag', '#vizagbeach', '#swag']",[],https://twitter.com/jitendar1988/status/1268425448318517248,False,,0,,,,,,,"[{'user_id': '538339514', 'username': 'jitendar1988'}]",,,,
1267705003097104384,1267705003097104384,1591079400000,2020-06-02,12:00:00,IST,134758540,timesofindia,The Times Of India,,"Visakhapatnam: Fishermen prepare to go out to sea after 2 months of fishing ban

#Unlock1 #CoronavirusOutbreak #CautionYesPanicNo pic.twitter.com/TcawpjJJGR",[],[],[],0,4,29,"['#unlock1', '#coronavirusoutbreak', '#cautionyespanicno']",[],https://twitter.com/timesofindia/status/1267705003097104384,False,,1,,,,,,,"[{'user_id': '134758540', 'username': 'timesofindia'}]",,,,
1267013567535955968,1267013567535955968,1590914549000,2020-05-31,14:12:29,IST,1193808848047337473,xpressandhra,TNIE Andhra Pradesh,,"#Religious places being cleaned, arrangements being made for #devotees ahead of #reopening of #religious places from June 8 in #Visakhapatnam 

Video | G Satyanarayana

@NewIndianXpress
#Unlock1 #Lockdown5 pic.twitter.com/Ct3qDza1Rm",['newindianxpress'],[],[],0,7,22,"['#religious', '#devotees', '#reopening', '#religious', '#visakhapatnam', '#unlock1', '#lockdown5']",[],https://twitter.com/xpressandhra/status/1267013567535955968,False,,1,,,,,,,"[{'user_id': '1193808848047337473', 'username': 'xpressandhra'}, {'user_id': '94761188', 'username': 'NewIndianXpress'}]",,,,
