id,conversation_id,created_at,date,time,timezone,user_id,username,name,place,tweet,mentions,urls,photos,replies_count,retweets_count,likes_count,hashtags,cashtags,link,retweet,quote_url,video,near,geo,source,user_rt_id,user_rt,retweet_id,reply_to,retweet_date,translate,trans_src,trans_dest
1274960338027339776,1274960338027339776,1592809206000,2020-06-22,12:30:06,IST,833146958,anusha_puppala,Anusha Puppala,,"Over three months after the first #COVID case was reported from #Nellore on March 12 in #AndhraPradesh , the state has been witnessing many firsts!

#coronavirus #COVID19 #Unlock1
 https://newsmeter.in/42-percent-of-andhras-covid-19-deaths-reported-during-unlock-1-0/ …",[],['https://newsmeter.in/42-percent-of-andhras-covid-19-deaths-reported-during-unlock-1-0/'],[],0,0,2,"['#covid', '#nellore', '#andhrapradesh', '#coronavirus', '#covid19', '#unlock1']",[],https://twitter.com/anusha_puppala/status/1274960338027339776,False,,0,,,,,,,"[{'user_id': '833146958', 'username': 'anusha_puppala'}]",,,,
