id,conversation_id,created_at,date,time,timezone,user_id,username,name,place,tweet,mentions,urls,photos,replies_count,retweets_count,likes_count,hashtags,cashtags,link,retweet,quote_url,video,near,geo,source,user_rt_id,user_rt,retweet_id,reply_to,retweet_date,translate,trans_src,trans_dest
1277917000631595008,1277917000631595008,1593514130000,2020-06-30,16:18:50,IST,1218115722,pib_guwahati,PIB in Assam,,"""যেতিয়াৰে পৰা দেশত #Unlock1 হৈছে, ব্যক্তিগত আৰু সামাজিক ব্যৱহাৰত অসাৱধানতা বাঢ়ি গৈছে। প্ৰথমে আমি মাস্ক, দুই গজৰ দূৰত্ব, ২০ ছেকেণ্ডলৈকে দিনটোত কেইবাবাৰো হাত ধুৱাক লৈ বহুত সতৰ্ক আছিলোঁ।"": প্ৰধানমন্ত্ৰী @narendramodi
@PMOIndia @PIB_India @MIB_India
@CMOfficeAssam @mygovassam https://twitter.com/PMOIndia/status/1277913067330744320 …","['narendramodi', 'pmoindia', 'pib_india', 'mib_india', 'cmofficeassam', 'mygovassam']",['https://twitter.com/PMOIndia/status/1277913067330744320'],[],0,0,1,['#unlock1'],[],https://twitter.com/PIB_Guwahati/status/1277917000631595008,False,https://twitter.com/PMOIndia/status/1277913067330744320,0,,,,,,,"[{'user_id': '1218115722', 'username': 'PIB_Guwahati'}, {'user_id': '18839785', 'username': 'narendramodi'}, {'user_id': '471741741', 'username': 'PMOIndia'}, {'user_id': '231033118', 'username': 'PIB_India'}, {'user_id': '920488039', 'username': 'MIB_India'}, {'user_id': '851797564060033029', 'username': 'CMOfficeAssam'}, {'user_id': '794958848725372928', 'username': 'mygovassam'}]",,,,
1277610015713488896,1277610015713488896,1593440939000,2020-06-29,19:58:59,IST,81083989,madhuchandaa,Madhuchanda Adhikari,,1st day of #Unlock1  Relockdowned Guwahati. Hope the 2week lockdown serves the purpose it is intended for.,[],[],[],0,0,1,['#unlock1'],[],https://twitter.com/Madhuchandaa/status/1277610015713488896,False,,0,,,,,,,"[{'user_id': '81083989', 'username': 'Madhuchandaa'}]",,,,
1276715317058629637,1276420150862856198,1593227626000,2020-06-27,08:43:46,IST,1218067169583386624,khagenbarman1,Khagen Barman,,"#Lockdown5 ,#Unlock1 has been completely failed, now Govt has been declared lockdown in #Guwahati only, in my view, it should impose in whole Assam strictly, in this situation, infection of #COVID19 may control in Guwahati and at d same time it will be increased in other places",['pankajbhatta'],[],[],0,0,0,"['#lockdown5', '#unlock1', '#guwahati', '#covid19']",[],https://twitter.com/KhagenBarman1/status/1276715317058629637,False,,0,,,,,,,"[{'user_id': '1218067169583386624', 'username': 'KhagenBarman1'}, {'user_id': '289828589', 'username': 'pankajbhatta'}]",,,,
1276452935338090497,1276437744298782720,1593165069000,2020-06-26,15:21:09,IST,1268565894034264064,alertci53170368,Alert Citizen,,"Every class of people  are responsible for the LOCKDOWN. Most r not following mask&Distancing during Unlock1. Now have to face the problem. Himanta da, see the result of  ""মৰম"", now Govt. need to be কঠোৰ to contain the COVID19. 
@himantabiswa","['assampolice', 'cmofficeassam', 'airnews_ghy', 'pib_guwahati', 'nelivetv', 'ddnews_guwahati', 'neindia_ani', 'pratidintime', 'prag_newsassam', 'guwahatiplus', 'dckamrupmetro', 'himantabiswa']",[],[],0,0,1,[],[],https://twitter.com/AlertCi53170368/status/1276452935338090497,False,,0,,,,,,,"[{'user_id': '1268565894034264064', 'username': 'AlertCi53170368'}, {'user_id': '3306790844', 'username': 'assampolice'}, {'user_id': '851797564060033029', 'username': 'CMOfficeAssam'}, {'user_id': '806098717015089152', 'username': 'airnews_ghy'}, {'user_id': '1218115722', 'username': 'PIB_Guwahati'}, {'user_id': '975634675501879296', 'username': 'NELiveTV'}, {'user_id': '961850457600663556', 'username': 'ddnews_guwahati'}, {'user_id': '1687714724', 'username': 'NEIndia_ANI'}, {'user_id': '438156528', 'username': 'pratidintime'}, {'user_id': '827770748408180736', 'username': 'prag_newsAssam'}, {'user_id': '1509442818', 'username': 'guwahatiplus'}, {'user_id': '1039378774964555777', 'username': 'DCKamrupMetro'}, {'user_id': '131188226', 'username': 'himantabiswa'}]",,,,
1276440723449974785,1276440723449974785,1593162158000,2020-06-26,14:32:38,IST,56335045,rituparnabhuyan,Rituparna Bhuyan,,"#Guwahati along with the entire Kamrup Metropolitan District to go back into ""Total Lockdown"" from Sunday 7 pm amidst rising cases during  #Unlock1 

Common citizens of the city by & large approve of the move 
Some even demand restrictions in the state  pic.twitter.com/DJ3Mev0IQk",[],[],"['https://pbs.twimg.com/media/EbbUEIfUEAAt8q1.jpg', 'https://pbs.twimg.com/media/EbbUEXsUwAIhsCc.jpg', 'https://pbs.twimg.com/media/EbbUEocU8AICPC5.jpg']",0,0,0,"['#guwahati', '#unlock1']",[],https://twitter.com/rituparnabhuyan/status/1276440723449974785,False,,0,,,,,,,"[{'user_id': '56335045', 'username': 'rituparnabhuyan'}]",,,,
1276085749893353472,1276085749893353472,1593077525000,2020-06-25,15:02:05,IST,806098717015089152,airnews_ghy,AIR News Guwahati,,"Listen to #Covid_19 special #PRATIRODH  with 🎤Manas & 
Arunima, 🗓️25/06/2020

Guests👥-
🔹Queen Oja, MP
🔹Dr. Sthapana Sharma, GMCH

@oja_queen
@nhm_assam
#StaySafe
#Unlock1
#IndiaFightsCorona
#lockdown5point0
🎧Listen to Youtube⤵️
 https://youtu.be/5ZDjJ7fi8oU  pic.twitter.com/i4biO5u4iH","['oja_queen', 'nhm_assam']",['https://youtu.be/5ZDjJ7fi8oU'],['https://pbs.twimg.com/media/EbWRN2WXQAAj9pZ.jpg'],0,1,4,"['#covid_19', '#pratirodh', '#staysafe', '#unlock1', '#indiafightscorona', '#lockdown5point0']",[],https://twitter.com/airnews_ghy/status/1276085749893353472,False,,0,,,,,,,"[{'user_id': '806098717015089152', 'username': 'airnews_ghy'}, {'user_id': '1109387159671373824', 'username': 'oja_queen'}, {'user_id': '926126009954398208', 'username': 'nhm_assam'}]",,,,
1275729075961806848,1275729075961806848,1592992488000,2020-06-24,15:24:48,IST,806098717015089152,airnews_ghy,AIR News Guwahati,,"Please carry your identity card, Guwahati CP appeals citizens. #PRATIRODH with 🎤Manas & Pompi, 🗓️24/06

Guests👥-
▪️Munna Prasad Gupta, CP Guwahati
▪️Pramod Kalita, Secretary APB

@assampolice
#Covid_19
#Unlock1
#StaySafe
🎧 Listen to YouTube⤵️
 https://youtu.be/fCl50nWJ-TQ  pic.twitter.com/9NVlsXM2H0",['assampolice'],['https://youtu.be/fCl50nWJ-TQ'],['https://pbs.twimg.com/media/EbRM0yVWsAI0mS8.jpg'],0,3,3,"['#pratirodh', '#covid_19', '#unlock1', '#staysafe']",[],https://twitter.com/airnews_ghy/status/1275729075961806848,False,,0,,,,,,,"[{'user_id': '806098717015089152', 'username': 'airnews_ghy'}, {'user_id': '3306790844', 'username': 'assampolice'}]",,,,
1275710014133547008,1275710014133547008,1592987943000,2020-06-24,14:09:03,IST,806098717015089152,airnews_ghy,AIR News Guwahati,,"Guwahati CP Munna Prasad Gupta in #PRATIRODH- request people to bring identity card during the lockdown, police will ensure strict compliance of lockdown in the city. Also urge to wear face mask.
#COVID19
#Unlock1
#StayHome
@assampolice pic.twitter.com/mKgzGNg68T",['assampolice'],[],['https://pbs.twimg.com/media/EbQ7PiGX0AQHnpt.jpg'],0,12,34,"['#pratirodh', '#covid19', '#unlock1', '#stayhome']",[],https://twitter.com/airnews_ghy/status/1275710014133547008,False,,0,,,,,,,"[{'user_id': '806098717015089152', 'username': 'airnews_ghy'}, {'user_id': '3306790844', 'username': 'assampolice'}]",,,,
1275360722982105088,1275360722982105088,1592904666000,2020-06-23,15:01:06,IST,806098717015089152,airnews_ghy,AIR News Guwahati,,"Listen to #Covid_19 special program #PRATIRODH with 🎤Manas & Pompi
🗓️23/06

Guests👥-
↘️Dr. Lakshmanan S, MD NHM Assam
↘️Manoranjan Kakoty, Secretary AHSEC
↘️Sailendra Pandey, PRO to Excise Minister

#Unlock1
#VandeBharatMission

Listen to YouTube⤵️
 https://youtu.be/V2RrC82bsnU  pic.twitter.com/yOliMx1dAz",[],['https://youtu.be/V2RrC82bsnU'],['https://pbs.twimg.com/media/EbL9zooXQAIks3E.jpg'],0,5,5,"['#covid_19', '#pratirodh', '#unlock1', '#vandebharatmission']",[],https://twitter.com/airnews_ghy/status/1275360722982105088,False,,0,,,,,,,"[{'user_id': '806098717015089152', 'username': 'airnews_ghy'}]",,,,
1275348052841136133,1275348052841136133,1592901645000,2020-06-23,14:10:45,IST,806098717015089152,airnews_ghy,AIR News Guwahati,,"If need quarantine centres will be converted to temporary Covid hospital.  Don't be panic but remain alert and maintain personal hygiene- Dr. Lakshmanan S,  MD NHM #PRATIRODH
#COVID19
#Unlock1
#StayHome pic.twitter.com/tZRlJDG0lH",[],[],['https://pbs.twimg.com/media/EbLyJroUYAAM48b.jpg'],0,0,1,"['#pratirodh', '#covid19', '#unlock1', '#stayhome']",[],https://twitter.com/airnews_ghy/status/1275348052841136133,False,,0,,,,,,,"[{'user_id': '806098717015089152', 'username': 'airnews_ghy'}]",,,,
1275334138875138048,1275334138875138048,1592898327000,2020-06-23,13:15:27,IST,806098717015089152,airnews_ghy,AIR News Guwahati,,"Udalguri Police imposes fine on citizens venturing out without masks in Udalguri District town area on Tuesday. 

#AIRVideo: Narayan
#Unlock1
#StayHome pic.twitter.com/J8KUEgkKji",[],[],[],1,4,14,"['#airvideo', '#unlock1', '#stayhome']",[],https://twitter.com/airnews_ghy/status/1275334138875138048,False,,1,,,,,,,"[{'user_id': '806098717015089152', 'username': 'airnews_ghy'}]",,,,
1275265976339062784,1275265976339062784,1592882076000,2020-06-23,08:44:36,IST,806098717015089152,airnews_ghy,AIR News Guwahati,,"ধুবুৰীৰ ভাৰত বাংলাদেশ সীমান্তৰ সত্ৰশালত মহাপুৰুষ শংকৰদেবে স্থাপন কৰা ৰামৰাইকুঠী সত্ৰত ক’ৰ'ণা মহামাৰীৰ বাৱে আজি ৰথযাত্ৰা অনুষ্ঠিত নহয় বুলি পৰিচালনা সমিতিয়ে জানিবলৈ দিছে। যোৱা সাত দশক ধৰি এই ৰথ যাত্ৰা পালন কৰি অহা হৈছিল।
#AIRReport- Pradip
#COVID19
#Unlock1
#StayHome",[],[],[],0,2,4,"['#airreport', '#covid19', '#unlock1', '#stayhome']",[],https://twitter.com/airnews_ghy/status/1275265976339062784,False,,0,,,,,,,"[{'user_id': '806098717015089152', 'username': 'airnews_ghy'}]",,,,
1275260172848427008,1275260172848427008,1592880693000,2020-06-23,08:21:33,IST,806098717015089152,airnews_ghy,AIR News Guwahati,,"ব্ৰহ্মপুত্ৰৰ জলস্তৰ বিপজ্জনক ভাৱে বৃদ্ধি পোৱাৰ লগতে কমলাবাৰী, অফলামুখ আৰু নিমাতি পাৰঘাটৰ ৰেম্প অংশ জলমগ্ন হৈ পৰাৰ বাবে মাজুলী-যোৰহাট সংযোগী ফেৰীসেৱা আজি পুৱাৰে পৰা বন্ধ ৰাখিছে আভ্যন্তৰীণ জলপৰিবহন বিভাগে।
#AIRReport-Kristi
#COVID19
#Unlock1
#StayHome",[],[],[],0,2,14,"['#airreport', '#covid19', '#unlock1', '#stayhome']",[],https://twitter.com/airnews_ghy/status/1275260172848427008,False,,0,,,,,,,"[{'user_id': '806098717015089152', 'username': 'airnews_ghy'}]",,,,
1275257651157295104,1275257651157295104,1592880091000,2020-06-23,08:11:31,IST,806098717015089152,airnews_ghy,AIR News Guwahati,,"ধুবুৰী জিলাত ক’ৱিড আক্ৰান্তৰ সংখ্যা উদ্বেগজনকভাৱে বৃদ্ধি পাইছে। জিলাখনত যোৱা ২৪ ঘণ্টাৰ ভিতৰত পুনৰ ৭ জন লোকৰ শৰীৰত ক’ৱিড-19ৰ সংক্ৰমণ ধৰা পৰিছে। ফলত জিলাখনত আক্ৰান্তৰ সংখ্যা ৩৮৩ লৈ বৃদ্ধি পাইছে।
#AIRReport-Pradip
#COVID19
#Unlock1
#StayHome",[],[],[],0,0,2,"['#airreport', '#covid19', '#unlock1', '#stayhome']",[],https://twitter.com/airnews_ghy/status/1275257651157295104,False,,0,,,,,,,"[{'user_id': '806098717015089152', 'username': 'airnews_ghy'}]",,,,
1274920540596080640,1274920540596080640,1592799718000,2020-06-22,09:51:58,IST,806098717015089152,airnews_ghy,AIR News Guwahati,,"কামৰূপ জিলাত ক'ৱিড-১৯ত আক্ৰান্তৰ সংখ্যা ১০৩ লৈ বৃদ্ধি পাইছে। মিৰ্জাৰ পতঞ্জলী কোৱাৰেন্টাইন কেন্দ্ৰত থকা এজন যুৱক এই ৰোগত আক্ৰান্ত হোৱাৰ বিপৰীতে এগৰাকী মহিলা  সুস্থ হৈ ঘৰলৈ উভতিছে।
#AIRReport:Tapas
#Covid19
#Unlock1
#StayHome",[],[],[],0,2,6,"['#airreport', '#covid19', '#unlock1', '#stayhome']",[],https://twitter.com/airnews_ghy/status/1274920540596080640,False,,0,,,,,,,"[{'user_id': '806098717015089152', 'username': 'airnews_ghy'}]",,,,
1274919415599882241,1274919415599882241,1592799450000,2020-06-22,09:47:30,IST,806098717015089152,airnews_ghy,AIR News Guwahati,,"চিৰাং জিলাত বিগত দুদিনত কোনো লোক ক'ৱিড-১৯ত আক্ৰান্ত হোৱা নাই। জিলাখনত এই  পৰ্যন্ত মুঠ ৩১ জন লোক ভাইৰাছ বিধৰ দ্বাৰা  আক্ৰান্ত যদিও ইতিমধ্যে ১৬জনে আৰোগ্য লাভ কৰিছে।
#AIRReport: Kunja
#Covid19
#Unlock1
#StayHome",[],[],[],0,1,3,"['#airreport', '#covid19', '#unlock1', '#stayhome']",[],https://twitter.com/airnews_ghy/status/1274919415599882241,False,,0,,,,,,,"[{'user_id': '806098717015089152', 'username': 'airnews_ghy'}]",,,,
1273312902049484800,1273312902049484800,1592416427000,2020-06-17,23:23:47,IST,1084594352180027392,northeastrising,Rising Northeast,,"Athgaon shops to be closed till June 21
#Guwahati #Assam #Unlock1
 https://risingnortheast.com/athgaon-shops-to-be-closed-till-june-21 …",[],['https://risingnortheast.com/athgaon-shops-to-be-closed-till-june-21'],[],0,1,0,"['#guwahati', '#assam', '#unlock1']",[],https://twitter.com/NortheastRising/status/1273312902049484800,False,,0,,,,,,,"[{'user_id': '1084594352180027392', 'username': 'NortheastRising'}]",,,,
1272954735474036736,1272954735474036736,1592331033000,2020-06-16,23:40:33,IST,1218115722,pib_guwahati,PIB in Assam,,"#Unlock1 ৰ পাছত উদ্ভৱ হোৱা পৰিস্থিতি সন্দৰ্ভত আলোচনা কৰিবলৈ প্ৰধানমন্ত্ৰী @narendramodi য়ে মুখ্যমন্ত্ৰীসকলৰে অনুষ্ঠিত কৰিলে মত-বিনিময়

সবিশেষ:  https://pib.gov.in/PressReleseDetail.aspx?PRID=1632013 …
@PMOIndia @PIB_India @MIB_India
@CMOfficeAssam @mygovassam","['narendramodi', 'pmoindia', 'pib_india', 'mib_india', 'cmofficeassam', 'mygovassam']",['https://pib.gov.in/PressReleseDetail.aspx?PRID=1632013'],[],0,1,1,['#unlock1'],[],https://twitter.com/PIB_Guwahati/status/1272954735474036736,False,,0,,,,,,,"[{'user_id': '1218115722', 'username': 'PIB_Guwahati'}, {'user_id': '18839785', 'username': 'narendramodi'}, {'user_id': '471741741', 'username': 'PMOIndia'}, {'user_id': '231033118', 'username': 'PIB_India'}, {'user_id': '920488039', 'username': 'MIB_India'}, {'user_id': '851797564060033029', 'username': 'CMOfficeAssam'}, {'user_id': '794958848725372928', 'username': 'mygovassam'}]",,,,
1271982882488082432,1271814157621432322,1592099326000,2020-06-14,07:18:46,IST,1218067169583386624,khagenbarman1,Khagen Barman,,"Yes dada, due to present situation in Guwahati as well as Assam, govt will compel to reconsider not only curfew but also #unlock1 , as govt will found no travel history in maximum number of #COVID19 cases, I think d process to control of #coronavirus Will restart from #lockdown1",['nandanpratim'],[],[],0,0,0,"['#unlock1', '#covid19', '#coronavirus', '#lockdown1']",[],https://twitter.com/KhagenBarman1/status/1271982882488082432,False,,0,,,,,,,"[{'user_id': '1218067169583386624', 'username': 'KhagenBarman1'}, {'user_id': '129536343', 'username': 'NANDANPRATIM'}]",,,,
1271355604687179776,1271353083696566277,1591949771000,2020-06-12,13:46:11,IST,1218115722,pib_guwahati,PIB in Assam,,"SOP to contain the spread of #COVID19 in Hotels & Hospitality Units

#IndiaFightsCorona #Unlock1 #StaySafe
@MoHFW_INDIA @PIB_India @MIB_India @mygovindia @CMOfficeAssam @mygovassam pic.twitter.com/YtyEsSKQzS","['mohfw_india', 'pib_india', 'mib_india', 'mygovindia', 'cmofficeassam', 'mygovassam']",[],['https://pbs.twimg.com/media/EaTDLxMU8AAbOMN.jpg'],1,0,0,"['#covid19', '#indiafightscorona', '#unlock1', '#staysafe']",[],https://twitter.com/PIB_Guwahati/status/1271355604687179776,False,,0,,,,,,,"[{'user_id': '1218115722', 'username': 'PIB_Guwahati'}, {'user_id': '2596143056', 'username': 'MoHFW_INDIA'}, {'user_id': '231033118', 'username': 'PIB_India'}, {'user_id': '920488039', 'username': 'MIB_India'}, {'user_id': '2686834802', 'username': 'mygovindia'}, {'user_id': '851797564060033029', 'username': 'CMOfficeAssam'}, {'user_id': '794958848725372928', 'username': 'mygovassam'}]",,,,
1271355545811709952,1271353083696566277,1591949757000,2020-06-12,13:45:57,IST,1218115722,pib_guwahati,PIB in Assam,,"SOP to contain the spread of #COVID19 in Hotels & Hospitality Units

#IndiaFightsCorona #Unlock1 #StaySafe
@MoHFW_INDIA @PIB_India @MIB_India @mygovindia @CMOfficeAssam @mygovassam pic.twitter.com/ThLOpXTOEG","['mohfw_india', 'pib_india', 'mib_india', 'mygovindia', 'cmofficeassam', 'mygovassam']",[],['https://pbs.twimg.com/media/EaTDIXCVcAcVFEX.jpg'],2,0,0,"['#covid19', '#indiafightscorona', '#unlock1', '#staysafe']",[],https://twitter.com/PIB_Guwahati/status/1271355545811709952,False,,0,,,,,,,"[{'user_id': '1218115722', 'username': 'PIB_Guwahati'}, {'user_id': '2596143056', 'username': 'MoHFW_INDIA'}, {'user_id': '231033118', 'username': 'PIB_India'}, {'user_id': '920488039', 'username': 'MIB_India'}, {'user_id': '2686834802', 'username': 'mygovindia'}, {'user_id': '851797564060033029', 'username': 'CMOfficeAssam'}, {'user_id': '794958848725372928', 'username': 'mygovassam'}]",,,,
1271355485833199616,1271353083696566277,1591949743000,2020-06-12,13:45:43,IST,1218115722,pib_guwahati,PIB in Assam,,"SOP to contain the spread of #COVID19 in Hotels & Hospitality Units

#IndiaFightsCorona #Unlock1 #StaySafe
@MoHFW_INDIA @PIB_India @MIB_India @mygovindia @CMOfficeAssam @mygovassam pic.twitter.com/7KRDqFpcLz","['mohfw_india', 'pib_india', 'mib_india', 'mygovindia', 'cmofficeassam', 'mygovassam']",[],['https://pbs.twimg.com/media/EaTDE3xVcAAUPHy.jpg'],2,0,0,"['#covid19', '#indiafightscorona', '#unlock1', '#staysafe']",[],https://twitter.com/PIB_Guwahati/status/1271355485833199616,False,,0,,,,,,,"[{'user_id': '1218115722', 'username': 'PIB_Guwahati'}, {'user_id': '2596143056', 'username': 'MoHFW_INDIA'}, {'user_id': '231033118', 'username': 'PIB_India'}, {'user_id': '920488039', 'username': 'MIB_India'}, {'user_id': '2686834802', 'username': 'mygovindia'}, {'user_id': '851797564060033029', 'username': 'CMOfficeAssam'}, {'user_id': '794958848725372928', 'username': 'mygovassam'}]",,,,
1271355420234223616,1271353083696566277,1591949727000,2020-06-12,13:45:27,IST,1218115722,pib_guwahati,PIB in Assam,,"SOP to contain the spread of #COVID19 in Hotels & Hospitality Units

#IndiaFightsCorona #Unlock1 #StaySafe
@MoHFW_INDIA @PIB_India @MIB_India @mygovindia @CMOfficeAssam @mygovassam pic.twitter.com/SLrDCZUamt","['mohfw_india', 'pib_india', 'mib_india', 'mygovindia', 'cmofficeassam', 'mygovassam']",[],['https://pbs.twimg.com/media/EaTDBBEU4AEeKLF.jpg'],2,0,0,"['#covid19', '#indiafightscorona', '#unlock1', '#staysafe']",[],https://twitter.com/PIB_Guwahati/status/1271355420234223616,False,,0,,,,,,,"[{'user_id': '1218115722', 'username': 'PIB_Guwahati'}, {'user_id': '2596143056', 'username': 'MoHFW_INDIA'}, {'user_id': '231033118', 'username': 'PIB_India'}, {'user_id': '920488039', 'username': 'MIB_India'}, {'user_id': '2686834802', 'username': 'mygovindia'}, {'user_id': '851797564060033029', 'username': 'CMOfficeAssam'}, {'user_id': '794958848725372928', 'username': 'mygovassam'}]",,,,
1271355341142241280,1271353083696566277,1591949708000,2020-06-12,13:45:08,IST,1218115722,pib_guwahati,PIB in Assam,,"SOP to contain the spread of #COVID19 in Hotels & Hospitality Units

#IndiaFightsCorona #Unlock1 #StaySafe
@MoHFW_INDIA @PIB_India @MIB_India @mygovindia @CMOfficeAssam @mygovassam pic.twitter.com/YsklChqnYQ","['mohfw_india', 'pib_india', 'mib_india', 'mygovindia', 'cmofficeassam', 'mygovassam']",[],['https://pbs.twimg.com/media/EaTC8a_UcAATlNW.jpg'],1,0,0,"['#covid19', '#indiafightscorona', '#unlock1', '#staysafe']",[],https://twitter.com/PIB_Guwahati/status/1271355341142241280,False,,0,,,,,,,"[{'user_id': '1218115722', 'username': 'PIB_Guwahati'}, {'user_id': '2596143056', 'username': 'MoHFW_INDIA'}, {'user_id': '231033118', 'username': 'PIB_India'}, {'user_id': '920488039', 'username': 'MIB_India'}, {'user_id': '2686834802', 'username': 'mygovindia'}, {'user_id': '851797564060033029', 'username': 'CMOfficeAssam'}, {'user_id': '794958848725372928', 'username': 'mygovassam'}]",,,,
1271355220044460037,1271353083696566277,1591949679000,2020-06-12,13:44:39,IST,1218115722,pib_guwahati,PIB in Assam,,"SOP to contain the spread of #COVID19 in Hotels & Hospitality Units

#IndiaFightsCorona #Unlock1 #StaySafe
@MoHFW_INDIA @PIB_India @MIB_India @mygovindia @CMOfficeAssam @mygovassam pic.twitter.com/UeFa0sCkHT","['mohfw_india', 'pib_india', 'mib_india', 'mygovindia', 'cmofficeassam', 'mygovassam']",[],['https://pbs.twimg.com/media/EaTC1VbUYAIbYqV.jpg'],1,0,0,"['#covid19', '#indiafightscorona', '#unlock1', '#staysafe']",[],https://twitter.com/PIB_Guwahati/status/1271355220044460037,False,,0,,,,,,,"[{'user_id': '1218115722', 'username': 'PIB_Guwahati'}, {'user_id': '2596143056', 'username': 'MoHFW_INDIA'}, {'user_id': '231033118', 'username': 'PIB_India'}, {'user_id': '920488039', 'username': 'MIB_India'}, {'user_id': '2686834802', 'username': 'mygovindia'}, {'user_id': '851797564060033029', 'username': 'CMOfficeAssam'}, {'user_id': '794958848725372928', 'username': 'mygovassam'}]",,,,
1271354222001283072,1271353083696566277,1591949441000,2020-06-12,13:40:41,IST,1218115722,pib_guwahati,PIB in Assam,,"SOP to contain the spread of #COVID19 in Hotels & Hospitality Units

#IndiaFightsCorona #Unlock1 #StaySafe
@MoHFW_INDIA @PIB_India @MIB_India @mygovindia @CMOfficeAssam @mygovassam pic.twitter.com/JNKvNxbsSz","['mohfw_india', 'pib_india', 'mib_india', 'mygovindia', 'cmofficeassam', 'mygovassam']",[],['https://pbs.twimg.com/media/EaTB7SKVAAAVb8b.jpg'],1,0,0,"['#covid19', '#indiafightscorona', '#unlock1', '#staysafe']",[],https://twitter.com/PIB_Guwahati/status/1271354222001283072,False,,0,,,,,,,"[{'user_id': '1218115722', 'username': 'PIB_Guwahati'}, {'user_id': '2596143056', 'username': 'MoHFW_INDIA'}, {'user_id': '231033118', 'username': 'PIB_India'}, {'user_id': '920488039', 'username': 'MIB_India'}, {'user_id': '2686834802', 'username': 'mygovindia'}, {'user_id': '851797564060033029', 'username': 'CMOfficeAssam'}, {'user_id': '794958848725372928', 'username': 'mygovassam'}]",,,,
1271353609876205568,1271353083696566277,1591949295000,2020-06-12,13:38:15,IST,1218115722,pib_guwahati,PIB in Assam,,"SOP to contain the spread of #COVID19 in Hotels & Hospitality Units

#IndiaFightsCorona #Unlock1 #StaySafe
@MoHFW_INDIA @PIB_India @MIB_India @mygovindia @CMOfficeAssam @mygovassam pic.twitter.com/nxfoEsJzac","['mohfw_india', 'pib_india', 'mib_india', 'mygovindia', 'cmofficeassam', 'mygovassam']",[],['https://pbs.twimg.com/media/EaTBXqMUYAAEZQZ.jpg'],2,0,0,"['#covid19', '#indiafightscorona', '#unlock1', '#staysafe']",[],https://twitter.com/PIB_Guwahati/status/1271353609876205568,False,,0,,,,,,,"[{'user_id': '1218115722', 'username': 'PIB_Guwahati'}, {'user_id': '2596143056', 'username': 'MoHFW_INDIA'}, {'user_id': '231033118', 'username': 'PIB_India'}, {'user_id': '920488039', 'username': 'MIB_India'}, {'user_id': '2686834802', 'username': 'mygovindia'}, {'user_id': '851797564060033029', 'username': 'CMOfficeAssam'}, {'user_id': '794958848725372928', 'username': 'mygovassam'}]",,,,
1271353523062534145,1271353083696566277,1591949275000,2020-06-12,13:37:55,IST,1218115722,pib_guwahati,PIB in Assam,,"SOP to contain the spread of #COVID19 in Hotels & Hospitality Units

#IndiaFightsCorona #Unlock1 #StaySafe
@MoHFW_INDIA @PIB_India @MIB_India @mygovindia @CMOfficeAssam @mygovassam pic.twitter.com/XIBzAyazTU","['mohfw_india', 'pib_india', 'mib_india', 'mygovindia', 'cmofficeassam', 'mygovassam']",[],['https://pbs.twimg.com/media/EaTBSlVU0AAP8F9.jpg'],2,0,0,"['#covid19', '#indiafightscorona', '#unlock1', '#staysafe']",[],https://twitter.com/PIB_Guwahati/status/1271353523062534145,False,,0,,,,,,,"[{'user_id': '1218115722', 'username': 'PIB_Guwahati'}, {'user_id': '2596143056', 'username': 'MoHFW_INDIA'}, {'user_id': '231033118', 'username': 'PIB_India'}, {'user_id': '920488039', 'username': 'MIB_India'}, {'user_id': '2686834802', 'username': 'mygovindia'}, {'user_id': '851797564060033029', 'username': 'CMOfficeAssam'}, {'user_id': '794958848725372928', 'username': 'mygovassam'}]",,,,
1271353083696566277,1271353083696566277,1591949170000,2020-06-12,13:36:10,IST,1218115722,pib_guwahati,PIB in Assam,,"SOP to contain the spread of #COVID19 in Hotels & Hospitality Units

#IndiaFightsCorona #Unlock1 #StaySafe
@MoHFW_INDIA @PIB_India @MIB_India @mygovindia @CMOfficeAssam @mygovassam pic.twitter.com/SN7tdbmgXe","['mohfw_india', 'pib_india', 'mib_india', 'mygovindia', 'cmofficeassam', 'mygovassam']",[],['https://pbs.twimg.com/media/EaTA5CDU0AErtEs.jpg'],1,0,1,"['#covid19', '#indiafightscorona', '#unlock1', '#staysafe']",[],https://twitter.com/PIB_Guwahati/status/1271353083696566277,False,,0,,,,,,,"[{'user_id': '1218115722', 'username': 'PIB_Guwahati'}, {'user_id': '2596143056', 'username': 'MoHFW_INDIA'}, {'user_id': '231033118', 'username': 'PIB_India'}, {'user_id': '920488039', 'username': 'MIB_India'}, {'user_id': '2686834802', 'username': 'mygovindia'}, {'user_id': '851797564060033029', 'username': 'CMOfficeAssam'}, {'user_id': '794958848725372928', 'username': 'mygovassam'}]",,,,
1270757003783176202,1270751501942763526,1591807053000,2020-06-10,22:07:33,IST,1218115722,pib_guwahati,PIB in Assam,,"SOP to contain the spread of #COVID19 in #restaurants
📌 Disinfection of the premises to be taken up if someone is found positive

#StaySafe #Unlock1
@MoHFW_INDIA @PIB_India @MIB_India @mygovindia @mygovassam pic.twitter.com/KwHuQ3SOVh","['mohfw_india', 'pib_india', 'mib_india', 'mygovindia', 'mygovassam']",[],['https://pbs.twimg.com/media/EaKiv1IXYAM9uGj.jpg'],0,0,0,"['#covid19', '#restaurants', '#staysafe', '#unlock1']",[],https://twitter.com/PIB_Guwahati/status/1270757003783176202,False,,0,,,,,,,"[{'user_id': '1218115722', 'username': 'PIB_Guwahati'}, {'user_id': '2596143056', 'username': 'MoHFW_INDIA'}, {'user_id': '231033118', 'username': 'PIB_India'}, {'user_id': '920488039', 'username': 'MIB_India'}, {'user_id': '2686834802', 'username': 'mygovindia'}, {'user_id': '794958848725372928', 'username': 'mygovassam'}]",,,,
1270756518246387712,1270751501942763526,1591806938000,2020-06-10,22:05:38,IST,1218115722,pib_guwahati,PIB in Assam,,"SOP to contain the spread of #COVID19 in #restaurants
📌 Crowd & queue management should be ensured

#StaySafe #Unlock1
@MoHFW_INDIA @PIB_India @MIB_India @mygovindia @mygovassam pic.twitter.com/JiNPUVdSH0","['mohfw_india', 'pib_india', 'mib_india', 'mygovindia', 'mygovassam']",[],['https://pbs.twimg.com/media/EaKiTrZWAAIDfuZ.jpg'],1,1,4,"['#covid19', '#restaurants', '#staysafe', '#unlock1']",[],https://twitter.com/PIB_Guwahati/status/1270756518246387712,False,,0,,,,,,,"[{'user_id': '1218115722', 'username': 'PIB_Guwahati'}, {'user_id': '2596143056', 'username': 'MoHFW_INDIA'}, {'user_id': '231033118', 'username': 'PIB_India'}, {'user_id': '920488039', 'username': 'MIB_India'}, {'user_id': '2686834802', 'username': 'mygovindia'}, {'user_id': '794958848725372928', 'username': 'mygovassam'}]",,,,
1270756159620820994,1270751501942763526,1591806852000,2020-06-10,22:04:12,IST,1218115722,pib_guwahati,PIB in Assam,,"SOP to contain the spread of #COVID19 in #restaurants
📌 Large gatherings are prohibited

#StaySafe #Unlock1
@MoHFW_INDIA @PIB_India @MIB_India @mygovindia @mygovassam pic.twitter.com/6jiSLefA52","['mohfw_india', 'pib_india', 'mib_india', 'mygovindia', 'mygovassam']",[],['https://pbs.twimg.com/media/EaKh-XLXkAACMD7.jpg'],1,0,0,"['#covid19', '#restaurants', '#staysafe', '#unlock1']",[],https://twitter.com/PIB_Guwahati/status/1270756159620820994,False,,0,,,,,,,"[{'user_id': '1218115722', 'username': 'PIB_Guwahati'}, {'user_id': '2596143056', 'username': 'MoHFW_INDIA'}, {'user_id': '231033118', 'username': 'PIB_India'}, {'user_id': '920488039', 'username': 'MIB_India'}, {'user_id': '2686834802', 'username': 'mygovindia'}, {'user_id': '794958848725372928', 'username': 'mygovassam'}]",,,,
1270755618975088647,1270751501942763526,1591806723000,2020-06-10,22:02:03,IST,1218115722,pib_guwahati,PIB in Assam,,"SOP to contain the spread of #COVID19 in #restaurants
📌 Buffet service to follow #SocialDistancing norms

#StaySafe #Unlock1
@MoHFW_INDIA @PIB_India @MIB_India @mygovindia @mygovassam pic.twitter.com/7mgN3Y1gzb","['mohfw_india', 'pib_india', 'mib_india', 'mygovindia', 'mygovassam']",[],['https://pbs.twimg.com/media/EaKhfTFXYAAurSy.jpg'],1,0,0,"['#covid19', '#restaurants', '#socialdistancing', '#staysafe', '#unlock1']",[],https://twitter.com/PIB_Guwahati/status/1270755618975088647,False,,0,,,,,,,"[{'user_id': '1218115722', 'username': 'PIB_Guwahati'}, {'user_id': '2596143056', 'username': 'MoHFW_INDIA'}, {'user_id': '231033118', 'username': 'PIB_India'}, {'user_id': '920488039', 'username': 'MIB_India'}, {'user_id': '2686834802', 'username': 'mygovindia'}, {'user_id': '794958848725372928', 'username': 'mygovassam'}]",,,,
1270755039158636545,1270751501942763526,1591806585000,2020-06-10,21:59:45,IST,1218115722,pib_guwahati,PIB in Assam,,"SOP to contain the spread of #COVID19 in #restaurants
📌 Markings may be made with sufficient #SocialDistancing
#StaySafe #Unlock1
@MoHFW_INDIA @PIB_India @MIB_India @mygovindia @mygovassam pic.twitter.com/BnrJfQXKgU","['mohfw_india', 'pib_india', 'mib_india', 'mygovindia', 'mygovassam']",[],['https://pbs.twimg.com/media/EaKg5jZX0AAHL-E.jpg'],1,0,0,"['#covid19', '#restaurants', '#socialdistancing', '#staysafe', '#unlock1']",[],https://twitter.com/PIB_Guwahati/status/1270755039158636545,False,,0,,,,,,,"[{'user_id': '1218115722', 'username': 'PIB_Guwahati'}, {'user_id': '2596143056', 'username': 'MoHFW_INDIA'}, {'user_id': '231033118', 'username': 'PIB_India'}, {'user_id': '920488039', 'username': 'MIB_India'}, {'user_id': '2686834802', 'username': 'mygovindia'}, {'user_id': '794958848725372928', 'username': 'mygovassam'}]",,,,
1270752769150980097,1270751501942763526,1591806044000,2020-06-10,21:50:44,IST,1218115722,pib_guwahati,PIB in Assam,,"SOP to contain the spread of #COVID19 in #restaurants
📌 Employees with higher risk, such as the older ones, pregnant women and those with medical conditions should not be exposed to frontline work

#StaySafe #Unlock1
@MoHFW_INDIA @PIB_India @MIB_India @mygovindia @mygovassam pic.twitter.com/HthvjgXVX6","['mohfw_india', 'pib_india', 'mib_india', 'mygovindia', 'mygovassam']",[],['https://pbs.twimg.com/media/EaKe5VKXgAEtQrf.jpg'],1,0,1,"['#covid19', '#restaurants', '#staysafe', '#unlock1']",[],https://twitter.com/PIB_Guwahati/status/1270752769150980097,False,,0,,,,,,,"[{'user_id': '1218115722', 'username': 'PIB_Guwahati'}, {'user_id': '2596143056', 'username': 'MoHFW_INDIA'}, {'user_id': '231033118', 'username': 'PIB_India'}, {'user_id': '920488039', 'username': 'MIB_India'}, {'user_id': '2686834802', 'username': 'mygovindia'}, {'user_id': '794958848725372928', 'username': 'mygovassam'}]",,,,
1270752043758768129,1270751501942763526,1591805871000,2020-06-10,21:47:51,IST,1218115722,pib_guwahati,PIB in Assam,,"SOP to contain the spread of #COVID19 in #restaurants
📌 Face cover/masks compulsory for all staff & patrons inside the restaurant 👇
#StaySafe #Unlock1
@MoHFW_INDIA @PIB_India @MIB_India @mygovindia @mygovassam pic.twitter.com/9FTAGRUNP1","['mohfw_india', 'pib_india', 'mib_india', 'mygovindia', 'mygovassam']",[],['https://pbs.twimg.com/media/EaKePTnXYAEAXZT.jpg'],1,0,1,"['#covid19', '#restaurants', '#staysafe', '#unlock1']",[],https://twitter.com/PIB_Guwahati/status/1270752043758768129,False,,0,,,,,,,"[{'user_id': '1218115722', 'username': 'PIB_Guwahati'}, {'user_id': '2596143056', 'username': 'MoHFW_INDIA'}, {'user_id': '231033118', 'username': 'PIB_India'}, {'user_id': '920488039', 'username': 'MIB_India'}, {'user_id': '2686834802', 'username': 'mygovindia'}, {'user_id': '794958848725372928', 'username': 'mygovassam'}]",,,,
1269962253790523393,1269962253790523393,1591617570000,2020-06-08,17:29:30,IST,806098717015089152,airnews_ghy,AIR News Guwahati,,"মোৰ নাম খগেন চন্দ্ৰ ৰায়৷ মই ধুবুৰী জিলাৰ যমদুৱাৰ গাঁৱৰ এজন কৃষক৷  কেন্দ্ৰীয় চৰকাৰে কৃষি খণ্ডত 'ৱান নেশ্বন, ওৱান মাৰ্কেট’ আঁচনি আৰু উৎপাদিত খাদ্য-শস্যৰ ন্যূনতম সমৰ্থন মূল্য বৃদ্ধি কৰাৰ বাবে কেন্দ্ৰীয় চৰকাৰক ধন্যবাদ জনালো৷ 

#Unlock1
#AIRVideo : Pradip

@PIB_India @PIB_Guwahati  pic.twitter.com/EDuUvCNl0S","['pib_india', 'pib_guwahati']",[],[],0,2,1,"['#unlock1', '#airvideo']",[],https://twitter.com/airnews_ghy/status/1269962253790523393,False,,1,,,,,,,"[{'user_id': '806098717015089152', 'username': 'airnews_ghy'}, {'user_id': '231033118', 'username': 'PIB_India'}, {'user_id': '1218115722', 'username': 'PIB_Guwahati'}]",,,,
1269957749489745922,1269957749489745922,1591616496000,2020-06-08,17:11:36,IST,806098717015089152,airnews_ghy,AIR News Guwahati,,"মোৰ নাম ভৱেন শৰ্মা ৷ মই ওদালগুৰি জিলাৰ চাৰণপাৰা গাঁৱৰ এজন কৃষক ৷  কেন্দ্ৰীয় চৰকাৰে কৃষিখণ্ডৰ উৎপাদিত শস্যৰ ন্যূনতম সমৰ্থন মূল্য বৃদ্ধি কৰাৰ বাবে প্ৰধানমন্ত্ৰী আৰু কেন্দ্ৰীয় চৰকাৰক ধন্যবাদ জনালো ৷ 

#Unlock1
#COVID19
#AIRVideo : Narayan

@PIB_India @PIB_Guwahati  pic.twitter.com/lZuLwzhkui","['pib_india', 'pib_guwahati']",[],[],0,1,2,"['#unlock1', '#covid19', '#airvideo']",[],https://twitter.com/airnews_ghy/status/1269957749489745922,False,,1,,,,,,,"[{'user_id': '806098717015089152', 'username': 'airnews_ghy'}, {'user_id': '231033118', 'username': 'PIB_India'}, {'user_id': '1218115722', 'username': 'PIB_Guwahati'}]",,,,
1269957533684371467,1269957533684371467,1591616445000,2020-06-08,17:10:45,IST,806098717015089152,airnews_ghy,AIR News Guwahati,,"মোৰ নাম দুৰ্গেশ্বৰ হাজৰিকা ৷ মই ওদালগুৰি জিলাৰ চাৰণপাৰা গাঁৱৰ কৃষক।কেন্দ্ৰীয় চৰকাৰে কৃষকৰ উৎপাদিত শস্যৰ ন্যূনতম সমৰ্থন মূল্য বৃদ্ধিৰ যি পদক্ষেপ লৈছে,ইয়াৰ দ্বাৰা কৃষকসকল উপকৃত হ'ব ৷ কেন্দ্ৰীয় চৰকাৰক ধন্যবাদ জনালো। 
#Unlock1
#COVID19
#AIRVideo : Narayan
@PIB_India @PIB_Guwahati  pic.twitter.com/lc19oSFZV6","['pib_india', 'pib_guwahati']",[],[],0,2,8,"['#unlock1', '#covid19', '#airvideo']",[],https://twitter.com/airnews_ghy/status/1269957533684371467,False,,1,,,,,,,"[{'user_id': '806098717015089152', 'username': 'airnews_ghy'}, {'user_id': '231033118', 'username': 'PIB_India'}, {'user_id': '1218115722', 'username': 'PIB_Guwahati'}]",,,,
1269952280217804800,1269952280217804800,1591615192000,2020-06-08,16:49:52,IST,961850457600663556,ddnews_guwahati,DD News Guwahati,,"#DDNGuwahati #News কোৱিড নাইণ্টিনৰ সংক্ৰমণৰ ফলত যোৱা আঢ়ৈ মাহে বন্ধ হৈ থকা বিভিন্ন ধৰ্মীয় অনুষ্ঠান, শ্বপিং মল, ৰেষ্টোৰা, হোটেল আদি আজিৰে পৰা বিভিন্ন ৰাজ্যত পুনৰ খুলিবলৈ আৰম্ভ কৰিছে।
#IndiaFightsCorona #Unlock1  pic.twitter.com/npD8pDjkwb",[],[],[],0,0,0,"['#ddnguwahati', '#news', '#indiafightscorona', '#unlock1']",[],https://twitter.com/ddnews_guwahati/status/1269952280217804800,False,,1,,,,,,,"[{'user_id': '961850457600663556', 'username': 'ddnews_guwahati'}]",,,,
1269949357622571008,1269949357622571008,1591614496000,2020-06-08,16:38:16,IST,1509442818,guwahatiplus,G Plus,,"Shopping malls are now open as a part of Unlock 1.0. Malls are frequented by a large number of people for shopping, entertainment and food. 
#Assam #Guwahati #Unlock1 #COVID19 https://www.guwahatiplus.com/daily-news/plan-to-visit-a-mall-follow-these-guidelines-without-fail …",[],['https://www.guwahatiplus.com/daily-news/plan-to-visit-a-mall-follow-these-guidelines-without-fail'],[],0,1,19,"['#assam', '#guwahati', '#unlock1', '#covid19']",[],https://twitter.com/guwahatiplus/status/1269949357622571008,False,,0,,,,,,,"[{'user_id': '1509442818', 'username': 'guwahatiplus'}]",,,,
1269854618344882183,1269854618344882183,1591591908000,2020-06-08,10:21:48,IST,1100927498,ddnewslive,DD News,,"#Unlock1 

Temples in Guwahati set to re-open for devotees - A ground report

WATCH:  https://youtu.be/W5m-60sDmdM  pic.twitter.com/jOtt2kDuKr",[],['https://youtu.be/W5m-60sDmdM'],['https://pbs.twimg.com/media/EZ9t_VHX0AAim03.jpg'],0,6,39,['#unlock1'],[],https://twitter.com/DDNewslive/status/1269854618344882183,False,,0,,,,,,,"[{'user_id': '1100927498', 'username': 'DDNewslive'}]",,,,
1269827933973229579,1269565548230254593,1591585546000,2020-06-08,08:35:46,IST,511551618,pritomdas1,Pritom Das,,"Cannot ask every thing to Sir himanta & CM. @assampolice, are we working on:
*any methodologies to fight against c19 as in #Unlock1 people are roaming around like free birds? 
*Do we have plans to perform test on people in GreenZone as well?
*Ensuring to maintain the Safetiness?","['assampolice', 'mohfw_india', 'cmofficeassam', 'mygovassam', 'airnews_ghy', 'pib_guwahati', 'covidnewsbymib', 'guwahatiplus', 'pratidintime', 'prag_newsassam', 'newsliveghy']",[],[],0,0,0,['#unlock1'],[],https://twitter.com/PritomDas1/status/1269827933973229579,False,,0,,,,,,,"[{'user_id': '511551618', 'username': 'PritomDas1'}, {'user_id': '3306790844', 'username': 'assampolice'}, {'user_id': '2596143056', 'username': 'MoHFW_INDIA'}, {'user_id': '851797564060033029', 'username': 'CMOfficeAssam'}, {'user_id': '794958848725372928', 'username': 'mygovassam'}, {'user_id': '806098717015089152', 'username': 'airnews_ghy'}, {'user_id': '1218115722', 'username': 'PIB_Guwahati'}, {'user_id': '1244892413262311425', 'username': 'COVIDNewsByMIB'}, {'user_id': '1509442818', 'username': 'guwahatiplus'}, {'user_id': '438156528', 'username': 'pratidintime'}, {'user_id': '827770748408180736', 'username': 'prag_newsAssam'}, {'user_id': '755353145849499648', 'username': 'NewsLiveGhy'}]",,,,
1268107270644092929,1268107270644092929,1591175308000,2020-06-03,14:38:28,IST,806098717015089152,airnews_ghy,AIR News Guwahati,,"""SEBA Results 2020 app for HSLC & AHM results"" #PRATIRODH with 🎤Manas & Pompi 🗓️03/06

Guest👥- 
✔️R. C. Jain, Chairman SEBA

@himantabiswa @nhm_assam
@diprassam @PIB_Guwahati
#AssamFlood
#Unlock1
#Lockdown5point0
#COVID__19
🎧Listen to Youtube⤵️
 https://youtu.be/17Irg8OCGew  pic.twitter.com/PsfaJw5ron","['himantabiswa', 'nhm_assam', 'diprassam', 'pib_guwahati']",['https://youtu.be/17Irg8OCGew'],['https://pbs.twimg.com/media/EZk41LWVcAArbK2.jpg'],0,8,24,"['#pratirodh', '#assamflood', '#unlock1', '#lockdown5point0', '#covid__19']",[],https://twitter.com/airnews_ghy/status/1268107270644092929,False,,0,,,,,,,"[{'user_id': '806098717015089152', 'username': 'airnews_ghy'}, {'user_id': '131188226', 'username': 'himantabiswa'}, {'user_id': '926126009954398208', 'username': 'nhm_assam'}, {'user_id': '1045931623232000000', 'username': 'diprassam'}, {'user_id': '1218115722', 'username': 'PIB_Guwahati'}]",,,,
1267785510740570112,1267785510740570112,1591098594000,2020-06-02,17:19:54,IST,1218115722,pib_guwahati,PIB in Assam,,"#IndiaFightsCorona 

Beat #COVID19 with caution
Help each other by sanitizing your hands frequently 
Let's make India #AatmaNirbhar
#selfreliantindia #COVID19 #Unlock1
@PIB_India @MIB_India @mygovindia @MoHFW_INDIA @assampolice @mygovassam @CMOfficeAssam pic.twitter.com/BJhBJJOHNP","['pib_india', 'mib_india', 'mygovindia', 'mohfw_india', 'assampolice', 'mygovassam', 'cmofficeassam']",[],[],1,3,2,"['#indiafightscorona', '#covid19', '#aatmanirbhar', '#selfreliantindia', '#covid19', '#unlock1']",[],https://twitter.com/PIB_Guwahati/status/1267785510740570112,False,,1,,,,,,,"[{'user_id': '1218115722', 'username': 'PIB_Guwahati'}, {'user_id': '231033118', 'username': 'PIB_India'}, {'user_id': '920488039', 'username': 'MIB_India'}, {'user_id': '2686834802', 'username': 'mygovindia'}, {'user_id': '2596143056', 'username': 'MoHFW_INDIA'}, {'user_id': '3306790844', 'username': 'assampolice'}, {'user_id': '794958848725372928', 'username': 'mygovassam'}, {'user_id': '851797564060033029', 'username': 'CMOfficeAssam'}]",,,,
1267712429036670976,1267712429036670976,1591081170000,2020-06-02,12:29:30,IST,1218115722,pib_guwahati,PIB in Assam,,"""#Corona ই আমাৰ গতি যিমানেই নকমাওক, কিন্তু আজি দেশৰ সকলোতকৈ ডাঙৰ সত্যটো হ'ল যে ভাৰত, #Lockdown ক পিছ পেলাই, #Unlock1 ত প্ৰৱেশ কৰিছে।
প্ৰথম পৰ্যায়ৰ আনলকত অৰ্থনীতিৰ বৃহৎ এটা অংশ খোল খাইছে।"": প্ৰধানমন্ত্ৰী @narendramodi
@PMOIndia @FollowCII @PIB_India @MIB_India
@CMOfficeAssam https://twitter.com/PMOIndia/status/1267691491456999424 …","['narendramodi', 'pmoindia', 'followcii', 'pib_india', 'mib_india', 'cmofficeassam']",['https://twitter.com/PMOIndia/status/1267691491456999424'],[],0,0,1,"['#corona', '#lockdown', '#unlock1']",[],https://twitter.com/PIB_Guwahati/status/1267712429036670976,False,https://twitter.com/PMOIndia/status/1267691491456999424,0,,,,,,,"[{'user_id': '1218115722', 'username': 'PIB_Guwahati'}, {'user_id': '18839785', 'username': 'narendramodi'}, {'user_id': '471741741', 'username': 'PMOIndia'}, {'user_id': '86479411', 'username': 'FollowCII'}, {'user_id': '231033118', 'username': 'PIB_India'}, {'user_id': '920488039', 'username': 'MIB_India'}, {'user_id': '851797564060033029', 'username': 'CMOfficeAssam'}]",,,,
1267534953807589376,1267534953807589376,1591038857000,2020-06-02,00:44:17,IST,226863988,subhapj,SUBHAMOY,,"#facemasks, a new product on display at every tailoring shop in #Guwahati with the begining of #Unlock1/#UnlockIndia in #CoronavirusIndia as a #popular #safety gear for all. pic.twitter.com/HHRl8UmVJz",[],[],['https://pbs.twimg.com/media/EZcvJ2zXQAAHyWz.jpg'],1,1,3,"['#facemasks', '#guwahati', '#unlock1', '#unlockindia', '#coronavirusindia', '#popular', '#safety']",[],https://twitter.com/subhapj/status/1267534953807589376,False,,0,,,,,,,"[{'user_id': '226863988', 'username': 'subhapj'}]",,,,
1267443555452190722,1267435603622350848,1591017066000,2020-06-01,18:41:06,IST,1346446836,subhankarmndl7,Subhankar Mandal,,"Respected sir, please let me know how many co-passenger can travel in a personal 4 wheeler in #Unlock1  for inter district travel. @diprassam @DGPAssamPolice","['assampolice', 'cmofficeassam', 'himantabiswa', 'mygovassam', 'airnews_ghy', 'pib_guwahati', 'ddnews_guwahati', 'guwahatipol', 'newsliveghy', 'neindia_ani', 'pratidintime', 'diprassam', 'dgpassampolice']",[],[],1,0,2,['#unlock1'],[],https://twitter.com/subhankarmndl7/status/1267443555452190722,False,,0,,,,,,,"[{'user_id': '1346446836', 'username': 'subhankarmndl7'}, {'user_id': '3306790844', 'username': 'assampolice'}, {'user_id': '851797564060033029', 'username': 'CMOfficeAssam'}, {'user_id': '131188226', 'username': 'himantabiswa'}, {'user_id': '794958848725372928', 'username': 'mygovassam'}, {'user_id': '806098717015089152', 'username': 'airnews_ghy'}, {'user_id': '1218115722', 'username': 'PIB_Guwahati'}, {'user_id': '961850457600663556', 'username': 'ddnews_guwahati'}, {'user_id': '1084122776665874433', 'username': 'GuwahatiPol'}, {'user_id': '755353145849499648', 'username': 'NewsLiveGhy'}, {'user_id': '1687714724', 'username': 'NEIndia_ANI'}, {'user_id': '438156528', 'username': 'pratidintime'}, {'user_id': '1045931623232000000', 'username': 'diprassam'}, {'user_id': '1218596352965263360', 'username': 'DGPAssamPolice'}]",,,,
1267413514651500544,1267413514651500544,1591009903000,2020-06-01,16:41:43,IST,1509442818,guwahatiplus,G Plus,,"Persons entrusted with the responsibility of maintenance of such areas shall be responsible for maintaining social distancing and hygiene norms. 
#Unlock1 #Assam #COVID19
@KrSanjayKrishna @himantabiswa #Guwahati
 https://www.guwahatiplus.com/daily-news/yoga-morning-walks-allowed-in-open-spaces-gyms-swimming-pools-to-remain-closed …","['krsanjaykrishna', 'himantabiswa']",['https://www.guwahatiplus.com/daily-news/yoga-morning-walks-allowed-in-open-spaces-gyms-swimming-pools-to-remain-closed'],[],0,1,2,"['#unlock1', '#assam', '#covid19', '#guwahati']",[],https://twitter.com/guwahatiplus/status/1267413514651500544,False,,0,,,,,,,"[{'user_id': '1509442818', 'username': 'guwahatiplus'}, {'user_id': '1246015781529210882', 'username': 'KrSanjayKrishna'}, {'user_id': '131188226', 'username': 'himantabiswa'}]",,,,
1267409078592000002,1267409078592000002,1591008846000,2020-06-01,16:24:06,IST,1509442818,guwahatiplus,G Plus,,"The Assam Government has issued new guidelines in pursuance of the Standard Operation Procedure (SOP) issued by the Union Ministry for #Unlock1
#Assam #COVID19 @KrSanjayKrishna @himantabiswa #Guwahati
 https://www.guwahatiplus.com/daily-news/assam-places-of-worship-to-open-from-june-8 …","['krsanjaykrishna', 'himantabiswa']",['https://www.guwahatiplus.com/daily-news/assam-places-of-worship-to-open-from-june-8'],[],0,2,6,"['#unlock1', '#assam', '#covid19', '#guwahati']",[],https://twitter.com/guwahatiplus/status/1267409078592000002,False,,0,,,,,,,"[{'user_id': '1509442818', 'username': 'guwahatiplus'}, {'user_id': '1246015781529210882', 'username': 'KrSanjayKrishna'}, {'user_id': '131188226', 'username': 'himantabiswa'}]",,,,
1267406224414240768,1267406195058335746,1591008165000,2020-06-01,16:12:45,IST,1218115722,pib_guwahati,PIB in Assam,,"#IndiaFightsCorona:
Adherence to certain processes at workplaces can go a long way in keeping the spread of #COVID19 in check.
#Unlock1 

Courtesy: @mygovindia pic.twitter.com/OE5mhMW2QO",['mygovindia'],[],['https://pbs.twimg.com/media/EZa6_GuU8AES75V.jpg'],0,0,1,"['#indiafightscorona', '#covid19', '#unlock1']",[],https://twitter.com/PIB_Guwahati/status/1267406224414240768,False,,0,,,,,,,"[{'user_id': '1218115722', 'username': 'PIB_Guwahati'}, {'user_id': '2686834802', 'username': 'mygovindia'}]",,,,
1267406221927055361,1267406195058335746,1591008165000,2020-06-01,16:12:45,IST,1218115722,pib_guwahati,PIB in Assam,,"#IndiaFightsCorona:
All the directives issued at the national level should be judiciously followed.
#Unlock1 

Courtesy: @mygovindia pic.twitter.com/7P4jlRyJZf",['mygovindia'],[],"['https://pbs.twimg.com/media/EZa64WKUEAASOtG.jpg', 'https://pbs.twimg.com/media/EZa64X-UcAIJL1z.jpg']",2,0,0,"['#indiafightscorona', '#unlock1']",[],https://twitter.com/PIB_Guwahati/status/1267406221927055361,False,,0,,,,,,,"[{'user_id': '1218115722', 'username': 'PIB_Guwahati'}, {'user_id': '2686834802', 'username': 'mygovindia'}]",,,,
1267406219381059584,1267406195058335746,1591008164000,2020-06-01,16:12:44,IST,1218115722,pib_guwahati,PIB in Assam,,"#IndiaFightsCorona:
Strict implementation of guidelines issued under the Disaster Management Act, 2005
#Unlock1 

Courtesy: @mygovindia pic.twitter.com/iA4n984X0S",['mygovindia'],[],['https://pbs.twimg.com/media/EZa6tyQUMAAjKEp.jpg'],1,0,0,"['#indiafightscorona', '#unlock1']",[],https://twitter.com/PIB_Guwahati/status/1267406219381059584,False,,0,,,,,,,"[{'user_id': '1218115722', 'username': 'PIB_Guwahati'}, {'user_id': '2686834802', 'username': 'mygovindia'}]",,,,
1267406216679981057,1267406195058335746,1591008163000,2020-06-01,16:12:43,IST,1218115722,pib_guwahati,PIB in Assam,,"#IndiaFightsCorona:
#AarogyaSetu App is your shield against #Coronavirus during this critical time. Download now!
 https://www.mygov.in/aarogya-setu-app/ …
#Unlock1 

Courtesy: @mygovindia pic.twitter.com/fava3Y2gTz",['mygovindia'],['https://www.mygov.in/aarogya-setu-app/'],['https://pbs.twimg.com/media/EZa6m4DVAAA1fmr.jpg'],1,1,2,"['#indiafightscorona', '#aarogyasetu', '#coronavirus', '#unlock1']",[],https://twitter.com/PIB_Guwahati/status/1267406216679981057,False,,0,,,,,,,"[{'user_id': '1218115722', 'username': 'PIB_Guwahati'}, {'user_id': '2686834802', 'username': 'mygovindia'}]",,,,
1267406213987266561,1267406195058335746,1591008163000,2020-06-01,16:12:43,IST,1218115722,pib_guwahati,PIB in Assam,,"#IndiaFightsCorona:
According to the new guidelines, senior citizens, pregnant women and children below 10 years of age are advised not to step out of home, unless there is a major necessity.
#Unlock1 

Courtesy: @mygovindia pic.twitter.com/JJKG1EPFT7",['mygovindia'],[],['https://pbs.twimg.com/media/EZa6erBVcAIfgst.jpg'],1,0,0,"['#indiafightscorona', '#unlock1']",[],https://twitter.com/PIB_Guwahati/status/1267406213987266561,False,,0,,,,,,,"[{'user_id': '1218115722', 'username': 'PIB_Guwahati'}, {'user_id': '2686834802', 'username': 'mygovindia'}]",,,,
1267406211487371265,1267406195058335746,1591008162000,2020-06-01,16:12:42,IST,1218115722,pib_guwahati,PIB in Assam,,"#IndiaFightsCorona:
Hassle-free movement of citizens as well as goods across the nation.
#Unlock1 

Courtesy: @mygovindia pic.twitter.com/9O4wMkKBWp",['mygovindia'],[],['https://pbs.twimg.com/media/EZa6Vs0UwAAZfk2.jpg'],1,0,1,"['#indiafightscorona', '#unlock1']",[],https://twitter.com/PIB_Guwahati/status/1267406211487371265,False,,0,,,,,,,"[{'user_id': '1218115722', 'username': 'PIB_Guwahati'}, {'user_id': '2686834802', 'username': 'mygovindia'}]",,,,
1267406208865992713,1267406195058335746,1591008162000,2020-06-01,16:12:42,IST,1218115722,pib_guwahati,PIB in Assam,,"#IndiaFightsCorona:
According to the New Guidelines by @HMOIndia #Lockdown limited to Containment Zones.
#Unlock1 

Courtesy: @mygovindia pic.twitter.com/mU7HFVisFU","['hmoindia', 'mygovindia']",[],"['https://pbs.twimg.com/media/EZa6JCFVcAAUBg2.jpg', 'https://pbs.twimg.com/media/EZa6JDjVAAIaHeb.jpg']",1,0,1,"['#indiafightscorona', '#lockdown', '#unlock1']",[],https://twitter.com/PIB_Guwahati/status/1267406208865992713,False,,0,,,,,,,"[{'user_id': '1218115722', 'username': 'PIB_Guwahati'}, {'user_id': '2541363451', 'username': 'HMOIndia'}, {'user_id': '2686834802', 'username': 'mygovindia'}]",,,,
1267406206257119232,1267406195058335746,1591008161000,2020-06-01,16:12:41,IST,1218115722,pib_guwahati,PIB in Assam,,"#IndiaFightsCorona:
Here are the new guidelines for Night Curfew.
#Unlock1 

Courtesy: @mygovindia pic.twitter.com/8szVbNQqIB",['mygovindia'],[],['https://pbs.twimg.com/media/EZa5-UoVAAAvwe3.jpg'],1,0,1,"['#indiafightscorona', '#unlock1']",[],https://twitter.com/PIB_Guwahati/status/1267406206257119232,False,,0,,,,,,,"[{'user_id': '1218115722', 'username': 'PIB_Guwahati'}, {'user_id': '2686834802', 'username': 'mygovindia'}]",,,,
1267406203228835841,1267406195058335746,1591008160000,2020-06-01,16:12:40,IST,1218115722,pib_guwahati,PIB in Assam,,"Check out the guidelines issued by @HMOIndia for Phase III 👇
#IndiaFightsCorona #Unlock1 

Courtesy: @mygovindia pic.twitter.com/eDfzB8p7Dw","['hmoindia', 'mygovindia']",[],['https://pbs.twimg.com/media/EZa3NWZU4AAALN5.jpg'],1,0,1,"['#indiafightscorona', '#unlock1']",[],https://twitter.com/PIB_Guwahati/status/1267406203228835841,False,,0,,,,,,,"[{'user_id': '1218115722', 'username': 'PIB_Guwahati'}, {'user_id': '2541363451', 'username': 'HMOIndia'}, {'user_id': '2686834802', 'username': 'mygovindia'}]",,,,
1267406200473174016,1267406195058335746,1591008160000,2020-06-01,16:12:40,IST,1218115722,pib_guwahati,PIB in Assam,,"#IndiaFightsCorona 
Here are some activities to be Prohibited throughout the Country.
#Unlock1

Courtesy: @mygovindia pic.twitter.com/JhFJC24ZGl",['mygovindia'],[],['https://pbs.twimg.com/media/EZa3Js2UEAABD73.jpg'],1,0,1,"['#indiafightscorona', '#unlock1']",[],https://twitter.com/PIB_Guwahati/status/1267406200473174016,False,,0,,,,,,,"[{'user_id': '1218115722', 'username': 'PIB_Guwahati'}, {'user_id': '2686834802', 'username': 'mygovindia'}]",,,,
1267406197734268928,1267406195058335746,1591008159000,2020-06-01,16:12:39,IST,1218115722,pib_guwahati,PIB in Assam,,"#IndiaFightsCorona: 
Here are the guidelines for the phased reopening of Schools and Institutions.
#Unlock1

Courtesy: @mygovindia pic.twitter.com/AuyxWDD0mH",['mygovindia'],[],['https://pbs.twimg.com/media/EZa3BmCU8AAKUHx.jpg'],1,0,1,"['#indiafightscorona', '#unlock1']",[],https://twitter.com/PIB_Guwahati/status/1267406197734268928,False,,0,,,,,,,"[{'user_id': '1218115722', 'username': 'PIB_Guwahati'}, {'user_id': '2686834802', 'username': 'mygovindia'}]",,,,
1267406195058335746,1267406195058335746,1591008158000,2020-06-01,16:12:38,IST,1218115722,pib_guwahati,PIB in Assam,,"#IndiaFightsCorona: 
According to the new Guidelines, here are the activities to be allowed in Phase-I
#Unlock1 

Courtesy: @mygovindia pic.twitter.com/sAyGzF915p",['mygovindia'],[],['https://pbs.twimg.com/media/EZa27VwUwAAF_1s.jpg'],1,0,2,"['#indiafightscorona', '#unlock1']",[],https://twitter.com/PIB_Guwahati/status/1267406195058335746,False,,0,,,,,,,"[{'user_id': '1218115722', 'username': 'PIB_Guwahati'}, {'user_id': '2686834802', 'username': 'mygovindia'}]",,,,
1267383807142817793,1267383807142817793,1591002821000,2020-06-01,14:43:41,IST,1264947298536165376,chakraborty_pc9,₱₳Ɽ₮Ⱨ₳ ₵Ⱨ₳₭Ɽ₳฿ØⱤ₮Ɏ,,@guwahaticity can u plz make me confirm tht pillion riding is now allowed in guwahati? #Unlock1,['guwahaticity'],[],[],0,0,0,['#unlock1'],[],https://twitter.com/chakraborty_pc9/status/1267383807142817793,False,,0,,,,,,,"[{'user_id': '1264947298536165376', 'username': 'chakraborty_pc9'}, {'user_id': '16604514', 'username': 'guwahaticity'}]",,,,
1267324534899609601,1267324534899609601,1590988689000,2020-06-01,10:48:09,IST,1509442818,guwahatiplus,G Plus,,"After a gap of two months, Air India resumed its air services to Kolkata-#Guwahati-Lilabari route. 
#Assam @airindiain #lockdown5 #Unlock1 @prnerghy https://www.guwahatiplus.com/daily-news/air-india-resumes-kolkata-guwahati-lilabari-service …","['airindiain', 'prnerghy']",['https://www.guwahatiplus.com/daily-news/air-india-resumes-kolkata-guwahati-lilabari-service'],[],0,2,24,"['#guwahati', '#assam', '#lockdown5', '#unlock1']",[],https://twitter.com/guwahatiplus/status/1267324534899609601,False,,0,,,,,,,"[{'user_id': '1509442818', 'username': 'guwahatiplus'}, {'user_id': '387573617', 'username': 'airindiain'}, {'user_id': '769959382398464000', 'username': 'prnerghy'}]",,,,
1267092926766518272,1267092926766518272,1590933469000,2020-05-31,19:27:49,IST,961850457600663556,ddnews_guwahati,DD News Guwahati,,"কণ্টেইনমেণ্ট জ'ন এলেকাৰ বাহিৰে দেশৰ সকলো ৰাজ্য আৰু কেন্দ্ৰীয় শাসিত এলেকাত প্ৰথম পৰ্যায়ৰ আনলক কাৰ্যসূচী পহিলা জুনৰ পৰা আৰম্ভ হ’ব বুলি কেন্দ্ৰীয় চৰকাৰে ঘোষণা কৰিছে। 
#DDNGuwahati #News #IndiaFightsCorona #StayHomeStaySafe #Unlock1  pic.twitter.com/fZSGILj8q3",[],[],[],0,0,0,"['#ddnguwahati', '#news', '#indiafightscorona', '#stayhomestaysafe', '#unlock1']",[],https://twitter.com/ddnews_guwahati/status/1267092926766518272,False,,1,,,,,,,"[{'user_id': '961850457600663556', 'username': 'ddnews_guwahati'}]",,,,
1267078091815489542,1267078091815489542,1590929932000,2020-05-31,18:28:52,IST,815515100182355968,iambana11,Banajit Das / বনজিৎ দাস,,"All the containment zones in Assam  including in Guwahati's containment zones have to follow #Lockdown5 

Other will follow #Unlock1
#AssamCares",[],[],[],0,0,0,"['#lockdown5', '#unlock1', '#assamcares']",[],https://twitter.com/iambana11/status/1267078091815489542,False,,0,,,,,,,"[{'user_id': '815515100182355968', 'username': 'iambana11'}]",,,,
1266776487543234561,1266776487543234561,1590858024000,2020-05-30,22:30:24,IST,1218115722,pib_guwahati,PIB in Assam,,"১ জুন, ২০২০ তাৰিখৰ পৰা কাৰ্যকৰী হ’ব #COVID19 ৰ বিৰুদ্ধে যুঁজাৰ বাবে নতুন নিৰ্দেশনাৱলী। কণ্টেইনমেণ্ট এলেকাৰ বাহিৰৰ সকলো গতিবিধি পৰ্যায়ক্ৰমে পুনৰ মুকলি কৰা হ’ব।

সবিশেষঃ  https://pib.gov.in/PressReleseDetail.aspx?PRID=1628031 …
#IndiaFightsCorona
#Unlock1
@PIBHomeAffairs @PIB_India
@CMOfficeAssam @mygovassam","['pibhomeaffairs', 'pib_india', 'cmofficeassam', 'mygovassam']",['https://pib.gov.in/PressReleseDetail.aspx?PRID=1628031'],[],0,2,6,"['#covid19', '#indiafightscorona', '#unlock1']",[],https://twitter.com/PIB_Guwahati/status/1266776487543234561,False,,0,,,,,,,"[{'user_id': '1218115722', 'username': 'PIB_Guwahati'}, {'user_id': '753189526152081408', 'username': 'PIBHomeAffairs'}, {'user_id': '231033118', 'username': 'PIB_India'}, {'user_id': '851797564060033029', 'username': 'CMOfficeAssam'}, {'user_id': '794958848725372928', 'username': 'mygovassam'}]",,,,
1266774277778477057,1266774277778477057,1590857498000,2020-05-30,22:21:38,IST,1218115722,pib_guwahati,PIB in Assam,,"@HMOIndia ই পৰ্যায়ক্ৰমে লকডাউনৰ নিষেধাজ্ঞা উঠাই লোৱাৰ অৰ্থাৎ পুনৰ মুকলিৰ ঘোষণা কৰিছে।  

এই সম্পৰ্কীয় নিৰ্দেশনা -  http://pibcms.nic.in/WriteReadData/userfiles/LD.pdf …
#IndiaFightsCorona #Lockdown5 #Unlock1
@PIBHomeAffairs @PIB_India @CMOfficeAssam @himantabiswa @mygovassam @ddnews_guwahati @airnews_ghy pic.twitter.com/R9dLMvotc4","['hmoindia', 'pibhomeaffairs', 'pib_india', 'cmofficeassam', 'himantabiswa', 'mygovassam', 'ddnews_guwahati', 'airnews_ghy']",['http://pibcms.nic.in/WriteReadData/userfiles/LD.pdf'],"['https://pbs.twimg.com/media/EZR8B2kU0AAsJHg.jpg', 'https://pbs.twimg.com/media/EZR8Lf0U8AENquW.jpg', 'https://pbs.twimg.com/media/EZR8VUHUMAEjFNC.jpg', 'https://pbs.twimg.com/media/EZR8fS8U4AYyejp.jpg']",0,1,1,"['#indiafightscorona', '#lockdown5', '#unlock1']",[],https://twitter.com/PIB_Guwahati/status/1266774277778477057,False,,0,,,,,,,"[{'user_id': '1218115722', 'username': 'PIB_Guwahati'}, {'user_id': '2541363451', 'username': 'HMOIndia'}, {'user_id': '753189526152081408', 'username': 'PIBHomeAffairs'}, {'user_id': '231033118', 'username': 'PIB_India'}, {'user_id': '851797564060033029', 'username': 'CMOfficeAssam'}, {'user_id': '131188226', 'username': 'himantabiswa'}, {'user_id': '794958848725372928', 'username': 'mygovassam'}, {'user_id': '961850457600663556', 'username': 'ddnews_guwahati'}, {'user_id': '806098717015089152', 'username': 'airnews_ghy'}]",,,,
1266761799023489025,1266740970491482114,1590854522000,2020-05-30,21:32:02,IST,961850457600663556,ddnews_guwahati,DD News Guwahati,,"১জুনৰ পৰা আনলক ১.0 
অবৰুদ্ধ অঞ্চলত ৩০ জুনলৈ নিষেধাজ্ঞা 
৮জুনৰ পৰা  নন-কনটেমেন্ট জোনত খোলা থাকিব

Unlock 1.0  from 01.06.2020
Restriction to continue up to June 30 in containment zones 

#UnLock1 #Assam #IndiaFightsCorona #AssamCares pic.twitter.com/fP6SdFmSH7",[],[],"['https://pbs.twimg.com/media/EZRxDLTUcAQyMJv.jpg', 'https://pbs.twimg.com/media/EZRxFlrUMAA3TAj.jpg']",0,0,6,"['#unlock1', '#assam', '#indiafightscorona', '#assamcares']",[],https://twitter.com/ddnews_guwahati/status/1266761799023489025,False,,0,,,,,,,"[{'user_id': '961850457600663556', 'username': 'ddnews_guwahati'}]",,,,
1266752128774701059,1266735322206834688,1590852217000,2020-05-30,20:53:37,IST,1218115722,pib_guwahati,PIB in Assam,,"#AarogyaSetu mobile app to be installed by employees at work spaces 

#IndiaFightsCorona #Lockdown5 #Unlock1 #lockdownnews
@HMOIndia @PIB_India @PIBHomeAffairs @MIB_India @MoHFW_INDIA @DCKamrupMetro @mygovassam @CMOfficeAssam @SetuAarogya pic.twitter.com/VMmfhNqysL","['hmoindia', 'pib_india', 'pibhomeaffairs', 'mib_india', 'mohfw_india', 'dckamrupmetro', 'mygovassam', 'cmofficeassam', 'setuaarogya']",[],['https://pbs.twimg.com/media/EZRoPlMX0AA2Yg5.jpg'],0,2,2,"['#aarogyasetu', '#indiafightscorona', '#lockdown5', '#unlock1', '#lockdownnews']",[],https://twitter.com/PIB_Guwahati/status/1266752128774701059,False,,0,,,,,,,"[{'user_id': '1218115722', 'username': 'PIB_Guwahati'}, {'user_id': '2541363451', 'username': 'HMOIndia'}, {'user_id': '231033118', 'username': 'PIB_India'}, {'user_id': '753189526152081408', 'username': 'PIBHomeAffairs'}, {'user_id': '920488039', 'username': 'MIB_India'}, {'user_id': '2596143056', 'username': 'MoHFW_INDIA'}, {'user_id': '1039378774964555777', 'username': 'DCKamrupMetro'}, {'user_id': '794958848725372928', 'username': 'mygovassam'}, {'user_id': '851797564060033029', 'username': 'CMOfficeAssam'}, {'user_id': '1246035397198528515', 'username': 'SetuAarogya'}]",,,,
1266752126052687872,1266735322206834688,1590852216000,2020-05-30,20:53:36,IST,1218115722,pib_guwahati,PIB in Assam,,"Children below 10 years, pregnant women, those above 65 years advised to #StayHome
#IndiaFightsCorona #Lockdown5 #Unlock1 #lockdownnews
@HMOIndia @PIB_India @PIBHomeAffairs @MIB_India @MoHFW_INDIA @DCKamrupMetro @mygovassam @CMOfficeAssam pic.twitter.com/UOaCpjnjaw","['hmoindia', 'pib_india', 'pibhomeaffairs', 'mib_india', 'mohfw_india', 'dckamrupmetro', 'mygovassam', 'cmofficeassam']",[],['https://pbs.twimg.com/media/EZRoGeRWAAAQfKu.jpg'],2,1,3,"['#stayhome', '#indiafightscorona', '#lockdown5', '#unlock1', '#lockdownnews']",[],https://twitter.com/PIB_Guwahati/status/1266752126052687872,False,,0,,,,,,,"[{'user_id': '1218115722', 'username': 'PIB_Guwahati'}, {'user_id': '2541363451', 'username': 'HMOIndia'}, {'user_id': '231033118', 'username': 'PIB_India'}, {'user_id': '753189526152081408', 'username': 'PIBHomeAffairs'}, {'user_id': '920488039', 'username': 'MIB_India'}, {'user_id': '2596143056', 'username': 'MoHFW_INDIA'}, {'user_id': '1039378774964555777', 'username': 'DCKamrupMetro'}, {'user_id': '794958848725372928', 'username': 'mygovassam'}, {'user_id': '851797564060033029', 'username': 'CMOfficeAssam'}]",,,,
1266752123238309891,1266735322206834688,1590852215000,2020-05-30,20:53:35,IST,1218115722,pib_guwahati,PIB in Assam,,"Restrictions on inter-state & intra-state movement of goods & people lifted

#IndiaFightsCorona #Lockdown5 #Unlock1 #lockdownnews
@HMOIndia @PIB_India @PIBHomeAffairs @MIB_India @MoHFW_INDIA @DCKamrupMetro @mygovassam @CMOfficeAssam pic.twitter.com/FXmc84DYm9","['hmoindia', 'pib_india', 'pibhomeaffairs', 'mib_india', 'mohfw_india', 'dckamrupmetro', 'mygovassam', 'cmofficeassam']",[],['https://pbs.twimg.com/media/EZRoBB-XYAAfW_N.jpg'],1,2,2,"['#indiafightscorona', '#lockdown5', '#unlock1', '#lockdownnews']",[],https://twitter.com/PIB_Guwahati/status/1266752123238309891,False,,0,,,,,,,"[{'user_id': '1218115722', 'username': 'PIB_Guwahati'}, {'user_id': '2541363451', 'username': 'HMOIndia'}, {'user_id': '231033118', 'username': 'PIB_India'}, {'user_id': '753189526152081408', 'username': 'PIBHomeAffairs'}, {'user_id': '920488039', 'username': 'MIB_India'}, {'user_id': '2596143056', 'username': 'MoHFW_INDIA'}, {'user_id': '1039378774964555777', 'username': 'DCKamrupMetro'}, {'user_id': '794958848725372928', 'username': 'mygovassam'}, {'user_id': '851797564060033029', 'username': 'CMOfficeAssam'}]",,,,
1266752120562372608,1266735322206834688,1590852215000,2020-05-30,20:53:35,IST,1218115722,pib_guwahati,PIB in Assam,,"States & UTs may prohibit activities outside containment zones if necessary

#IndiaFightsCorona #Lockdown5 #Unlock1 #lockdownnews
@HMOIndia @PIB_India @PIBHomeAffairs @MIB_India @MoHFW_INDIA @DCKamrupMetro @mygovassam @CMOfficeAssam pic.twitter.com/hB4097jwZK","['hmoindia', 'pib_india', 'pibhomeaffairs', 'mib_india', 'mohfw_india', 'dckamrupmetro', 'mygovassam', 'cmofficeassam']",[],['https://pbs.twimg.com/media/EZRn5rXWoAIWaRn.jpg'],1,1,1,"['#indiafightscorona', '#lockdown5', '#unlock1', '#lockdownnews']",[],https://twitter.com/PIB_Guwahati/status/1266752120562372608,False,,0,,,,,,,"[{'user_id': '1218115722', 'username': 'PIB_Guwahati'}, {'user_id': '2541363451', 'username': 'HMOIndia'}, {'user_id': '231033118', 'username': 'PIB_India'}, {'user_id': '753189526152081408', 'username': 'PIBHomeAffairs'}, {'user_id': '920488039', 'username': 'MIB_India'}, {'user_id': '2596143056', 'username': 'MoHFW_INDIA'}, {'user_id': '1039378774964555777', 'username': 'DCKamrupMetro'}, {'user_id': '794958848725372928', 'username': 'mygovassam'}, {'user_id': '851797564060033029', 'username': 'CMOfficeAssam'}]",,,,
1266752117500522499,1266735322206834688,1590852214000,2020-05-30,20:53:34,IST,1218115722,pib_guwahati,PIB in Assam,,"#Lockdown to remain limited to containment zones till June 30, 2020

#IndiaFightsCorona #Lockdown5 #Unlock1 #lockdownnews
@HMOIndia @PIB_India @PIBHomeAffairs @MIB_India @MoHFW_INDIA @DCKamrupMetro @mygovassam @CMOfficeAssam pic.twitter.com/zLioKJsZPJ","['hmoindia', 'pib_india', 'pibhomeaffairs', 'mib_india', 'mohfw_india', 'dckamrupmetro', 'mygovassam', 'cmofficeassam']",[],['https://pbs.twimg.com/media/EZRn2U4XkAQUfAn.jpg'],1,1,0,"['#lockdown', '#indiafightscorona', '#lockdown5', '#unlock1', '#lockdownnews']",[],https://twitter.com/PIB_Guwahati/status/1266752117500522499,False,,0,,,,,,,"[{'user_id': '1218115722', 'username': 'PIB_Guwahati'}, {'user_id': '2541363451', 'username': 'HMOIndia'}, {'user_id': '231033118', 'username': 'PIB_India'}, {'user_id': '753189526152081408', 'username': 'PIBHomeAffairs'}, {'user_id': '920488039', 'username': 'MIB_India'}, {'user_id': '2596143056', 'username': 'MoHFW_INDIA'}, {'user_id': '1039378774964555777', 'username': 'DCKamrupMetro'}, {'user_id': '794958848725372928', 'username': 'mygovassam'}, {'user_id': '851797564060033029', 'username': 'CMOfficeAssam'}]",,,,
1266744426082308096,1266735322206834688,1590850380000,2020-05-30,20:23:00,IST,1218115722,pib_guwahati,PIB in Assam,,"Night Curfew  to remain effective from 9PM-5AM across the country 

#IndiaFightsCorona #Lockdown5 #Unlock1 #lockdownnews
@HMOIndia @PIB_India @PIBHomeAffairs @MIB_India @MoHFW_INDIA @DCKamrupMetro @mygovassam @CMOfficeAssam pic.twitter.com/4Ay8CnEzyI","['hmoindia', 'pib_india', 'pibhomeaffairs', 'mib_india', 'mohfw_india', 'dckamrupmetro', 'mygovassam', 'cmofficeassam']",[],['https://pbs.twimg.com/media/EZRhUp0WsAAZANN.jpg'],1,1,0,"['#indiafightscorona', '#lockdown5', '#unlock1', '#lockdownnews']",[],https://twitter.com/PIB_Guwahati/status/1266744426082308096,False,,0,,,,,,,"[{'user_id': '1218115722', 'username': 'PIB_Guwahati'}, {'user_id': '2541363451', 'username': 'HMOIndia'}, {'user_id': '231033118', 'username': 'PIB_India'}, {'user_id': '753189526152081408', 'username': 'PIBHomeAffairs'}, {'user_id': '920488039', 'username': 'MIB_India'}, {'user_id': '2596143056', 'username': 'MoHFW_INDIA'}, {'user_id': '1039378774964555777', 'username': 'DCKamrupMetro'}, {'user_id': '794958848725372928', 'username': 'mygovassam'}, {'user_id': '851797564060033029', 'username': 'CMOfficeAssam'}]",,,,
1266744274240094210,1266735322206834688,1590850344000,2020-05-30,20:22:24,IST,1218115722,pib_guwahati,PIB in Assam,,"National Directives issued for #COVID19 Management throughout the country 👇
#IndiaFightsCorona #Lockdown5 #Unlock1 #lockdownnews
@HMOIndia @PIB_India @PIBHomeAffairs @MIB_India @MoHFW_INDIA @DCKamrupMetro @mygovassam @CMOfficeAssam pic.twitter.com/E6FycKiMNx","['hmoindia', 'pib_india', 'pibhomeaffairs', 'mib_india', 'mohfw_india', 'dckamrupmetro', 'mygovassam', 'cmofficeassam']",[],['https://pbs.twimg.com/media/EZRhMIuX0AQaAEo.jpg'],1,1,0,"['#covid19', '#indiafightscorona', '#lockdown5', '#unlock1', '#lockdownnews']",[],https://twitter.com/PIB_Guwahati/status/1266744274240094210,False,,0,,,,,,,"[{'user_id': '1218115722', 'username': 'PIB_Guwahati'}, {'user_id': '2541363451', 'username': 'HMOIndia'}, {'user_id': '231033118', 'username': 'PIB_India'}, {'user_id': '753189526152081408', 'username': 'PIBHomeAffairs'}, {'user_id': '920488039', 'username': 'MIB_India'}, {'user_id': '2596143056', 'username': 'MoHFW_INDIA'}, {'user_id': '1039378774964555777', 'username': 'DCKamrupMetro'}, {'user_id': '794958848725372928', 'username': 'mygovassam'}, {'user_id': '851797564060033029', 'username': 'CMOfficeAssam'}]",,,,
1266740970491482114,1266740970491482114,1590849556000,2020-05-30,20:09:16,IST,961850457600663556,ddnews_guwahati,DD News Guwahati,,"▶️কেন্দ্রীয় গৃহ মন্ত্রণালয়ে নতুন নিৰ্দেশাৱলী জাৰি কৰিছে। 
▶️কনটইনমেন্ট জ'ন সমূহৰ বাদে অন্য ঠাই সমূহত সকলো কাৰ্য্যকলাপ পৰ্যায়ক্ৰমে পুনৰ মুকলি কৰাৰ সিদ্ধান্ত  #UnLock1
▶️কনটইনমেন্ট জ'ন সমূহত কঠোৰ লকডাউন নীতি বলৱৎ থাকিব।  pic.twitter.com/Qby828Nt3D",[],[],"['https://pbs.twimg.com/media/EZReJXFVAAEEbYw.jpg', 'https://pbs.twimg.com/media/EZReKGZUcAEzvjh.jpg']",1,0,8,['#unlock1'],[],https://twitter.com/ddnews_guwahati/status/1266740970491482114,False,,0,,,,,,,"[{'user_id': '961850457600663556', 'username': 'ddnews_guwahati'}]",,,,
1266739164369678336,1266735322206834688,1590849126000,2020-05-30,20:02:06,IST,1218115722,pib_guwahati,PIB in Assam,,"Guidelines to reopen areas in Phase 3 by @HMOIndia
#IndiaFightsCorona #Lockdown5 #Unlock1 #lockdownnews #Phase3
@PIB_India @MIB_India @MoHFW_INDIA @DCKamrupMetro @mygovassam @CMOfficeAssam pic.twitter.com/0yXtltGlix","['hmoindia', 'pib_india', 'mib_india', 'mohfw_india', 'dckamrupmetro', 'mygovassam', 'cmofficeassam']",[],['https://pbs.twimg.com/media/EZRcgu6UMAEzsPC.jpg'],1,2,2,"['#indiafightscorona', '#lockdown5', '#unlock1', '#lockdownnews', '#phase3']",[],https://twitter.com/PIB_Guwahati/status/1266739164369678336,False,,0,,,,,,,"[{'user_id': '1218115722', 'username': 'PIB_Guwahati'}, {'user_id': '2541363451', 'username': 'HMOIndia'}, {'user_id': '231033118', 'username': 'PIB_India'}, {'user_id': '920488039', 'username': 'MIB_India'}, {'user_id': '2596143056', 'username': 'MoHFW_INDIA'}, {'user_id': '1039378774964555777', 'username': 'DCKamrupMetro'}, {'user_id': '794958848725372928', 'username': 'mygovassam'}, {'user_id': '851797564060033029', 'username': 'CMOfficeAssam'}]",,,,
1266739161072979968,1266735322206834688,1590849125000,2020-05-30,20:02:05,IST,1218115722,pib_guwahati,PIB in Assam,,"Guidelines to reopen areas in Phase 2 by @HMOIndia
#IndiaFightsCorona #Lockdown5 #Unlock1 #lockdownnews #Phase2
@PIB_India @MIB_India @MoHFW_INDIA @DCKamrupMetro @mygovassam @CMOfficeAssam pic.twitter.com/jrujvYTKMo","['hmoindia', 'pib_india', 'mib_india', 'mohfw_india', 'dckamrupmetro', 'mygovassam', 'cmofficeassam']",[],['https://pbs.twimg.com/media/EZRb0JjUMAAHFxN.jpg'],1,2,1,"['#indiafightscorona', '#lockdown5', '#unlock1', '#lockdownnews', '#phase2']",[],https://twitter.com/PIB_Guwahati/status/1266739161072979968,False,,0,,,,,,,"[{'user_id': '1218115722', 'username': 'PIB_Guwahati'}, {'user_id': '2541363451', 'username': 'HMOIndia'}, {'user_id': '231033118', 'username': 'PIB_India'}, {'user_id': '920488039', 'username': 'MIB_India'}, {'user_id': '2596143056', 'username': 'MoHFW_INDIA'}, {'user_id': '1039378774964555777', 'username': 'DCKamrupMetro'}, {'user_id': '794958848725372928', 'username': 'mygovassam'}, {'user_id': '851797564060033029', 'username': 'CMOfficeAssam'}]",,,,
