id,conversation_id,created_at,date,time,timezone,user_id,username,name,place,tweet,mentions,urls,photos,replies_count,retweets_count,likes_count,hashtags,cashtags,link,retweet,quote_url,video,near,geo,source,user_rt_id,user_rt,retweet_id,reply_to,retweet_date,translate,trans_src,trans_dest
1269334742169681923,1269334742169681923,1591467960000,2020-06-06,23:56:00,IST,1252853033706254337,indranilojah,Indranil Ojah,,"76 new #COVID19+ cases

23 Dhubri
22 Darrang
12 Kamrup M
7 Dibrugarh
5 Barpeta
3 Dhemaji
2 Sonitpur
2 Bongaigaon
↗️Total cases 2473
↗️Recovered 588
↗️Active cases 1878
↗️Deaths 04

Today’s total-230

#Unlock1 has seen a huge rise in #COVID19 +ve cases this week

#AssamCovidCount",[],[],[],0,2,2,"['#covid19', '#unlock1', '#covid19', '#assamcovidcount']",[],https://twitter.com/IndranilOjah/status/1269334742169681923,False,,0,,,,,,,"[{'user_id': '1252853033706254337', 'username': 'IndranilOjah'}]",,,,
