id,conversation_id,created_at,date,time,timezone,user_id,username,name,place,tweet,mentions,urls,photos,replies_count,retweets_count,likes_count,hashtags,cashtags,link,retweet,quote_url,video,near,geo,source,user_rt_id,user_rt,retweet_id,reply_to,retweet_date,translate,trans_src,trans_dest
1270001986155548673,1270001986155548673,1591627043000,2020-06-08,20:07:23,IST,2557037977,thecsrjournal,The CSR Journal,,"#UnlockIndia : India reopens, but migrants continue to walk thousands of miles to reach home. Tale of a migrant family on their way home to Begusarai, Bihar.
@NitishKumar @IPRD_Bihar
#Unlock1 #Unlock2 #MigrantsOnTheRoad https://youtu.be/o89K6xO6wyk ","['nitishkumar', 'iprd_bihar']",['https://youtu.be/o89K6xO6wyk'],[],0,3,4,"['#unlockindia', '#unlock1', '#unlock2', '#migrantsontheroad']",[],https://twitter.com/thecsrjournal/status/1270001986155548673,False,,0,,,,,,,"[{'user_id': '2557037977', 'username': 'thecsrjournal'}, {'user_id': '143409075', 'username': 'NitishKumar'}, {'user_id': '874241422265769984', 'username': 'IPRD_Bihar'}]",,,,
1267368052804345856,1267368052804345856,1590999065000,2020-06-01,13:41:05,IST,806492789898760192,airnews_patna,AIR News Patna,,"#Lockdown5 begins in #BIHAR. Traffic buzz at #begusarai bus stand. After restrictions are relaxed in unlock1 lots of private vehicles started plying.
Report Anuj Kumar Verma.  pic.twitter.com/kBRJjCvxg9",[],[],[],0,1,5,"['#lockdown5', '#bihar', '#begusarai']",[],https://twitter.com/airnews_patna/status/1267368052804345856,False,,1,,,,,,,"[{'user_id': '806492789898760192', 'username': 'airnews_patna'}]",,,,
1267255280401858560,1267255280401858560,1590972177000,2020-06-01,06:12:57,IST,1254973786866270208,_vikash_singh7,Vikash Singh,,@Begusarai8 #begusarai #Unlock1 #CoronaWarriors https://twitter.com/DM_Begusarai/status/1267094277357801472 …,['begusarai8'],['https://twitter.com/DM_Begusarai/status/1267094277357801472'],[],0,0,0,"['#begusarai', '#unlock1', '#coronawarriors']",[],https://twitter.com/_vikash_singh7/status/1267255280401858560,False,https://twitter.com/DM_Begusarai/status/1267094277357801472,0,,,,,,,"[{'user_id': '1254973786866270208', 'username': '_vikash_singh7'}, {'user_id': '1276388147094384640', 'username': 'BEGUSARAI8'}]",,,,
