id,conversation_id,created_at,date,time,timezone,user_id,username,name,place,tweet,mentions,urls,photos,replies_count,retweets_count,likes_count,hashtags,cashtags,link,retweet,quote_url,video,near,geo,source,user_rt_id,user_rt,retweet_id,reply_to,retweet_date,translate,trans_src,trans_dest
1267926857720233984,1267926857720233984,1591132294000,2020-06-03,02:41:34,IST,946359414834864128,mrtealover,IamShain,,"Hamary Yaha ky Log Bahar
aisy Ghum rahy hyn Jaisy
do do Vaccine sabky
Jeb mai Padi hyn 😂
#Unlock1 #covid_19 #bihar #siwan  pic.twitter.com/eOxLrQdYQc",[],[],['https://pbs.twimg.com/media/EZiUsetU4AAqy3A.jpg'],0,0,0,"['#unlock1', '#covid_19', '#bihar', '#siwan']",[],https://twitter.com/MrTeaLover/status/1267926857720233984,False,,0,,,,,,,"[{'user_id': '946359414834864128', 'username': 'MrTeaLover'}]",,,,
