id,conversation_id,created_at,date,time,timezone,user_id,username,name,place,tweet,mentions,urls,photos,replies_count,retweets_count,likes_count,hashtags,cashtags,link,retweet,quote_url,video,near,geo,source,user_rt_id,user_rt,retweet_id,reply_to,retweet_date,translate,trans_src,trans_dest
1269911211082014721,1269911211082014721,1591605401000,2020-06-08,14:06:41,IST,1240806638438600705,fob_chapra,"Field Outreach Bureau, Chapra Ministry of I & B",,#Unlock1 #MahavirMandir https://twitter.com/PIB_Patna/status/1269822842943598592 …,[],['https://twitter.com/PIB_Patna/status/1269822842943598592'],[],0,1,1,"['#unlock1', '#mahavirmandir']",[],https://twitter.com/Fob_Chapra/status/1269911211082014721,False,https://twitter.com/PIB_Patna/status/1269822842943598592,0,,,,,,,"[{'user_id': '1240806638438600705', 'username': 'Fob_Chapra'}]",,,,
1268577226989002752,1268577226989002752,1591287354000,2020-06-04,21:45:54,IST,1240806638438600705,fob_chapra,"Field Outreach Bureau, Chapra Ministry of I & B",,"Guidelines/SOP on preventive measures to contain spread of #COVID19 in #offices
#Unlock1  https://twitter.com/PIB_Patna/status/1268557826693136385 …",[],['https://twitter.com/PIB_Patna/status/1268557826693136385'],[],0,1,1,"['#covid19', '#offices', '#unlock1']",[],https://twitter.com/Fob_Chapra/status/1268577226989002752,False,https://twitter.com/PIB_Patna/status/1268557826693136385,0,,,,,,,"[{'user_id': '1240806638438600705', 'username': 'Fob_Chapra'}]",,,,
1267015280108146690,1267015280108146690,1590914957000,2020-05-31,14:19:17,IST,1240806638438600705,fob_chapra,"Field Outreach Bureau, Chapra Ministry of I & B",,#Unlock1  https://twitter.com/airnews_patna/status/1266741120567922688 …,[],['https://twitter.com/airnews_patna/status/1266741120567922688'],[],0,0,1,['#unlock1'],[],https://twitter.com/Fob_Chapra/status/1267015280108146690,False,https://twitter.com/airnews_patna/status/1266741120567922688,0,,,,,,,"[{'user_id': '1240806638438600705', 'username': 'Fob_Chapra'}]",,,,
1267015167000354816,1267015167000354816,1590914930000,2020-05-31,14:18:50,IST,1240806638438600705,fob_chapra,"Field Outreach Bureau, Chapra Ministry of I & B",,#Unlock1  https://twitter.com/airnews_patna/status/1266740232877047809 …,[],['https://twitter.com/airnews_patna/status/1266740232877047809'],[],0,0,2,['#unlock1'],[],https://twitter.com/Fob_Chapra/status/1267015167000354816,False,https://twitter.com/airnews_patna/status/1266740232877047809,0,,,,,,,"[{'user_id': '1240806638438600705', 'username': 'Fob_Chapra'}]",,,,
1267014694512058370,1267014694512058370,1590914817000,2020-05-31,14:16:57,IST,1240806638438600705,fob_chapra,"Field Outreach Bureau, Chapra Ministry of I & B",,"📍Highlights of guidelines issued by @HMOIndia for phased re-opening of activities outside containment zones: 

✅Phase 1: Re-opening w.e.f. June 8, 2020 

✅Phase 2: Decision on resuming Schools, Colleges etc. to be taken in July 2020 

#Unlock1

Via @COVIDNewsByMIB pic.twitter.com/pSHnrKO1b0","['hmoindia', 'covidnewsbymib']",[],['https://pbs.twimg.com/media/EZVXI-GU8AAsWLv.jpg'],0,0,1,['#unlock1'],[],https://twitter.com/Fob_Chapra/status/1267014694512058370,False,,0,,,,,,,"[{'user_id': '1240806638438600705', 'username': 'Fob_Chapra'}, {'user_id': '2541363451', 'username': 'HMOIndia'}, {'user_id': '1244892413262311425', 'username': 'COVIDNewsByMIB'}]",,,,
