id,conversation_id,created_at,date,time,timezone,user_id,username,name,place,tweet,mentions,urls,photos,replies_count,retweets_count,likes_count,hashtags,cashtags,link,retweet,quote_url,video,near,geo,source,user_rt_id,user_rt,retweet_id,reply_to,retweet_date,translate,trans_src,trans_dest
1270265363146686465,1270265363146686465,1591689837000,2020-06-09,13:33:57,IST,4752154320,saumya_augusta,Saumya Augusta 🇮🇳,,"😁😁😁😁
#Unlock1
#Muzaffarpur  pic.twitter.com/2ZiXGmysHC",[],[],['https://pbs.twimg.com/media/EaDjmwtUYAYL6Mk.jpg'],0,0,9,"['#unlock1', '#muzaffarpur']",[],https://twitter.com/Saumya_Augusta/status/1270265363146686465,False,,0,,,,,,,"[{'user_id': '4752154320', 'username': 'Saumya_Augusta'}]",,,,
1269499326373347329,1269499326373347329,1591507200000,2020-06-07,10:50:00,IST,2509756729,muzaffarpurlive,Muzaffarpur Now,,"सभी स्कूलों का सुझाव, दो शिफ्टों में हो स्कूलों का संचालन 35 मिनट की क्लास, प्रार्थना स्थगित

#Muzaffarpur
#Unlock1
 https://muzaffarpurnow.in/%e0%a4%b8%e0%a4%ad%e0%a5%80-%e0%a4%b8%e0%a5%8d%e0%a4%95%e0%a5%82%e0%a4%b2%e0%a5%8b%e0%a4%82-%e0%a4%95%e0%a4%be-%e0%a4%b8%e0%a5%81%e0%a4%9d%e0%a4%be%e0%a4%b5-%e0%a4%a6%e0%a5%8b-%e0%a4%b6%e0%a4%bf/ …",[],['https://muzaffarpurnow.in/%e0%a4%b8%e0%a4%ad%e0%a5%80-%e0%a4%b8%e0%a5%8d%e0%a4%95%e0%a5%82%e0%a4%b2%e0%a5%8b%e0%a4%82-%e0%a4%95%e0%a4%be-%e0%a4%b8%e0%a5%81%e0%a4%9d%e0%a4%be%e0%a4%b5-%e0%a4%a6%e0%a5%8b-%e0%a4%b6%e0%a4%bf/'],[],1,0,7,"['#muzaffarpur', '#unlock1']",[],https://twitter.com/muzaffarpurlive/status/1269499326373347329,False,,0,,,,,,,"[{'user_id': '2509756729', 'username': 'muzaffarpurlive'}]",,,,
1267755313417064453,1267755313417064453,1591091395000,2020-06-02,15:19:55,IST,806492789898760192,airnews_patna,AIR News Patna,,"#Bihar #Unlock1 #मुजफ्फरपुर जिले में बिहार सरकार द्वारा दिये गये दिशानिर्देशों का पालन करते हुए बसों का परिचालन शुरू कराया गया है। 

रिपोर्ट : केके कौशिक 

@DM_Muzaffarpur  pic.twitter.com/pzDSbfZLzx",['dm_muzaffarpur'],[],['https://pbs.twimg.com/media/EZf4oy7XQAEq_5s.jpg'],0,2,7,"['#bihar', '#unlock1', '#मुजफ्फरपुर']",[],https://twitter.com/airnews_patna/status/1267755313417064453,False,,0,,,,,,,"[{'user_id': '806492789898760192', 'username': 'airnews_patna'}, {'user_id': '1180505026608779264', 'username': 'DM_Muzaffarpur'}]",,,,
1267333598509699073,1267333598509699073,1590990850000,2020-06-01,11:24:10,IST,738278295163179008,kashishbihar,@KashishBihar,,"#मुजफ्फरपुर- #लॉकडाउन में नए नियम के बाद बस सेवाएं शुरू। बैरिया बस पड़ाव से यात्री बस सेवा की शुरुआत, सरकारी मानकों और निर्धारित गाइडलाइन के साथ होगा बस संचालन।
#lockdown2020 #Lockdown5Guidelines #Unlock1 #Muzaffarpur  pic.twitter.com/ejIY7z9CFb",[],[],['https://pbs.twimg.com/media/EZZ41yiUYAEINl1.jpg'],1,2,38,"['#मुजफ्फरपुर', '#लॉकडाउन', '#lockdown2020', '#lockdown5guidelines', '#unlock1', '#muzaffarpur']",[],https://twitter.com/KashishBihar/status/1267333598509699073,False,,0,,,,,,,"[{'user_id': '738278295163179008', 'username': 'KashishBihar'}]",,,,
1267107356590014464,1267107356590014464,1590936910000,2020-05-31,20:25:10,IST,1013021498,ajitmarmat,ajit marmat,,"😢Heart Wrenching Video
A toddler in Bihar’s Muzaffarpur tries to wake his mother at the railway station . He does not know she is dead 😢, reportedly from the heat , hunger and exhaustion of the train journey from Gujarat . #Unlock1 #Lockdown5
#IndiaThatIsBharat pic.twitter.com/VvPDiZ6Ew0",[],[],[],0,1,2,"['#unlock1', '#lockdown5', '#indiathatisbharat']",[],https://twitter.com/AjitMarmat/status/1267107356590014464,False,,1,,,,,,,"[{'user_id': '1013021498', 'username': 'AjitMarmat'}]",,,,
