id,conversation_id,created_at,date,time,timezone,user_id,username,name,place,tweet,mentions,urls,photos,replies_count,retweets_count,likes_count,hashtags,cashtags,link,retweet,quote_url,video,near,geo,source,user_rt_id,user_rt,retweet_id,reply_to,retweet_date,translate,trans_src,trans_dest
1269227300178010113,1269227300178010113,1591442344000,2020-06-06,16:49:04,IST,106289857,bihari_lala,Diwakar Srivastava,,"देश मे ताला खुलने के बाद पहली बार लौंग ड्राइव पर बक्सर से बलिया।
#शानदार_मौसम
#Unlock1
#बागी_बलिया
#buxar
#ballia pic.twitter.com/eZNA2ybq8p",[],[],[],0,1,6,"['#शानदार_मौसम', '#unlock1', '#बागी_बलिया', '#buxar', '#ballia']",[],https://twitter.com/Bihari_lala/status/1269227300178010113,False,,1,,,,,,,"[{'user_id': '106289857', 'username': 'Bihari_lala'}]",,,,
1267310967869882369,1267310967869882369,1590985454000,2020-06-01,09:54:14,IST,1138670311115649024,baatbebat,Baat-Bebat,,"लॉकडाउन में अपने शहर बक्सर के बदले हुए मिजाज को याद कर रहे हैं बक्सर के लोग
watch video on Youtube 👇
 https://youtu.be/_1S6nEugC68 
#Lockdown5 #Covid_19 #COVID #Unlock1 #unlockone #buxar  pic.twitter.com/ZidRMnd8Md",[],['https://youtu.be/_1S6nEugC68'],['https://pbs.twimg.com/media/EZZkmOrWkAADNNR.jpg'],0,0,0,"['#lockdown5', '#covid_19', '#covid', '#unlock1', '#unlockone', '#buxar']",[],https://twitter.com/BaatBebat/status/1267310967869882369,False,,0,,,,,,,"[{'user_id': '1138670311115649024', 'username': 'BaatBebat'}]",,,,
