id,conversation_id,created_at,date,time,timezone,user_id,username,name,place,tweet,mentions,urls,photos,replies_count,retweets_count,likes_count,hashtags,cashtags,link,retweet,quote_url,video,near,geo,source,user_rt_id,user_rt,retweet_id,reply_to,retweet_date,translate,trans_src,trans_dest
1277920950948855810,1277920950948855810,1593515071000,2020-06-30,16:34:31,IST,1045138689817436160,deadshot_raj,Raj 🔥,,"After listening this.. 

Ye to #unlock1 se hi suru ho gaya tha 
Naya kya hai..
Not shocked 
Indians ka fundamental rights hai..wo use kar rahe hai 

Law paper pe banaiye.
ground pe uska result...

BIG ZERO ☺
#NarendraModi pic.twitter.com/qZ8r4zQSkv",[],[],['https://pbs.twimg.com/media/EbwWUo0XsAELdIc.jpg'],0,3,5,"['#unlock1', '#narendramodi']",[],https://twitter.com/Deadshot_Raj/status/1277920950948855810,False,,0,,,,,,,"[{'user_id': '1045138689817436160', 'username': 'Deadshot_Raj'}]",,,,
1277800210408673282,1277667061502627840,1593486285000,2020-06-30,08:34:45,IST,1247061945645064198,mohamme74452017,Mohammed Asif,,Hello sir. sir please start regular international flights. unlock1 me laha gaya tha ke 3 face me open hoga. 1st face me mandir masjid hitels. 2nd face me school colleges. 3rd face me international flights par baat hogi. par abhi tak aisa nahi hua hai sir please start kijiye sir,"['hardeepspuri', 'moca_goi', 'meaindia', 'aai_official', 'airindiain', 'pib_india', 'airvistara', 'flyspicejet', 'mib_india', 'ushapadhee1996', 'indiandiplomats']",[],[],0,0,0,[],[],https://twitter.com/Mohamme74452017/status/1277800210408673282,False,,0,,,,,,,"[{'user_id': '1247061945645064198', 'username': 'Mohamme74452017'}, {'user_id': '2289628938', 'username': 'HardeepSPuri'}, {'user_id': '3619207820', 'username': 'MoCA_GoI'}, {'user_id': '441636351', 'username': 'MEAIndia'}, {'user_id': '877832878830137345', 'username': 'AAI_Official'}, {'user_id': '387573617', 'username': 'airindiain'}, {'user_id': '231033118', 'username': 'PIB_India'}, {'user_id': '2491484208', 'username': 'airvistara'}, {'user_id': '39214789', 'username': 'flyspicejet'}, {'user_id': '920488039', 'username': 'MIB_India'}, {'user_id': '261294841', 'username': 'ushapadhee1996'}, {'user_id': '749121746649878528', 'username': 'indiandiplomats'}]",,,,
1277771857916133376,1277771857916133376,1593479525000,2020-06-30,06:42:05,IST,95957970,sak13384,SAK,,"#Day100 of quarantine life. 
Day30 of #Lockdown5
#Lockdown5 is # #Unlock1

Lollipop thama diya gaya hai..... 

Band Import hona chaiye ban 59 apps kar di hai.... 

Waise aaj 4 bj PM sb ka intezar rahenga!!!",[],[],[],0,0,0,"['#day100', '#lockdown5', '#lockdown5', '#unlock1']",[],https://twitter.com/sak13384/status/1277771857916133376,False,,0,,,,,,,"[{'user_id': '95957970', 'username': 'sak13384'}]",,,,
1276075338649526272,1276071049096884224,1593075043000,2020-06-25,14:20:43,IST,1045138689817436160,deadshot_raj,Raj 🔥,,"Strictness end 
Law Joke ban gaya 
Starting me sab thik tha
Jab India me Corona nahi tha..waisa hi routine ho gaya logo ka 

Truth is we r moving towards that phase where things are getting out of control from the gov itself 

Thanks to #Unlock1 #unlock2 
Situation bigad raha hai",[],[],[],0,2,3,"['#unlock1', '#unlock2']",[],https://twitter.com/Deadshot_Raj/status/1276075338649526272,False,,0,,,,,,,"[{'user_id': '1045138689817436160', 'username': 'Deadshot_Raj'}]",,,,
1274285660082298880,1274285660082298880,1592648351000,2020-06-20,15:49:11,IST,193413205,rajan0213,Rajan Iyengar,,"In the manner which people have taken to the outdoors amidst #Unlock1, looks like #Corona Gaya Khadde Mein is the proverbial theme! Only the annoying #callertune that plays before every mobile call remains to remind the populace that corona se abhi bhi thoda toh daro na.",[],[],[],0,0,0,"['#unlock1', '#corona', '#callertune']",[],https://twitter.com/rajan0213/status/1274285660082298880,False,,0,,,,,,,"[{'user_id': '193413205', 'username': 'rajan0213'}]",,,,
1273590319519371267,1272948239436673025,1592482568000,2020-06-18,17:46:08,IST,1260836771023278082,dharamp50329135,DHARAM Patel,,Saheb Unlock1 Ma Pan Nirmal Appartment Naranpura no 1 Block Chela 18 Divas Thi Lock che To Kholavo To Saru Jene Corona Thayela Te Loko Pan Hospital Thi Discharge Thai Ghare Aavi Gaya to Bijal Ben ne kahi Kholavo,"['mukeshias', 'amdavadamc', 'infogujarat', 'ibijalpatel', 'cmoguj']",[],[],0,0,0,[],[],https://twitter.com/DHARAMP50329135/status/1273590319519371267,False,,0,,,,,,,"[{'user_id': '1260836771023278082', 'username': 'DHARAMP50329135'}, {'user_id': '242770836', 'username': 'Mukeshias'}, {'user_id': '378542994', 'username': 'AmdavadAMC'}, {'user_id': '289798661', 'username': 'InfoGujarat'}, {'user_id': '2943315097', 'username': 'ibijalpatel'}, {'user_id': '765535468104585217', 'username': 'CMOGuj'}]",,,,
1272511749283966976,1272511749283966976,1592225417000,2020-06-15,18:20:17,IST,1242840675659350016,bugleinstant,Instant Bugle,,"7 killed & 12 injured after a truck hit 2 autorickshaws near Vishunpur in Amas, Gaya today. Injured have been hospitalized: Bihar
#Bihar #ACCIDENT #Unlock1 #governmentofindia #Hospitality #Doctor #Nursing #DEAD
@BJP4Bihar @NitishKumar pic.twitter.com/NgsbegKkbe","['bjp4bihar', 'nitishkumar']",[],['https://pbs.twimg.com/media/EajermtUMAArSc_.jpg'],0,0,0,"['#bihar', '#accident', '#unlock1', '#governmentofindia', '#hospitality', '#doctor', '#nursing', '#dead']",[],https://twitter.com/BugleInstant/status/1272511749283966976,False,,0,,,,,,,"[{'user_id': '1242840675659350016', 'username': 'BugleInstant'}, {'user_id': '758215424622391296', 'username': 'BJP4Bihar'}, {'user_id': '143409075', 'username': 'NitishKumar'}]",,,,
1272031159275466753,1272031159275466753,1592110836000,2020-06-14,10:30:36,IST,966676253351825410,na52m2002,Nikhil Anand,,"Lockdown 1 me jo graph ka slipe exponential growth kr rha tha lakin bad me wo linear ho gaya that means lockdown work 
I am not talking about unlock1  https://twitter.com/RahulGandhi/status/1271644908919513090 …",[],['https://twitter.com/RahulGandhi/status/1271644908919513090'],[],0,0,0,[],[],https://twitter.com/na52m2002/status/1272031159275466753,False,https://twitter.com/RahulGandhi/status/1271644908919513090,0,,,,,,,"[{'user_id': '966676253351825410', 'username': 'na52m2002'}]",,,,
1271904741287550978,1271904741287550978,1592080695000,2020-06-14,02:08:15,IST,362308156,dude_walrus,dude_walrus,,"Pakore ko hothora mil gaya.

Koathiki cobbari chippa dorikipe.. Someone told Modi about lockdown to play some politics #Unlock1 #FailingState #BJPFailsIndia useless delaying tactics",[],[],[],0,0,0,"['#unlock1', '#failingstate', '#bjpfailsindia']",[],https://twitter.com/dude_walrus/status/1271904741287550978,False,,0,,,,,,,"[{'user_id': '362308156', 'username': 'dude_walrus'}]",,,,
1271840573960290304,1271840573960290304,1592065397000,2020-06-13,21:53:17,IST,3145732825,ashutoshasthan,Ashutosh Asthana,,"Government to citizens- Baba #Corona failne ka time ho gaya #lockdown khol de baba!
Citizens- Ha khol do lockdown! Na corona kam hua hai, na patient theek huye hain, magar nahi, tum khol do lockdown!
#unlock1 #makejokeof #coronavirus",[],[],[],0,0,3,"['#corona', '#lockdown', '#unlock1', '#makejokeof', '#coronavirus']",[],https://twitter.com/AshutoshAsthan/status/1271840573960290304,False,,0,,,,,,,"[{'user_id': '3145732825', 'username': 'AshutoshAsthan'}]",,,,
1271034249601118210,1271034249601118210,1591873154000,2020-06-11,16:29:14,IST,537141704,amolaire,Amol Aire,,@SonuSood jaise sab ko ghar bheja tha... Abhi to #Unlock1 chalu ho gaya hy...waisehi sabko wapas Laoge kya?,['sonusood'],[],[],0,0,0,['#unlock1'],[],https://twitter.com/AmolAire/status/1271034249601118210,False,,0,,,,,,,"[{'user_id': '537141704', 'username': 'AmolAire'}, {'user_id': '295026890', 'username': 'SonuSood'}]",,,,
1270998294580260867,1270992761794080769,1591864582000,2020-06-11,14:06:22,IST,1126420988466302980,ravisin81554915,Ravi Singh,,"Lockdown safal hua ya nhi ye vichar ka vishya ho skta hai, par unlock१ safal ho gaya 🙏",['ajitanjum'],[],[],0,0,0,[],[],https://twitter.com/RaviSin81554915/status/1270998294580260867,False,,0,,,,,,,"[{'user_id': '1126420988466302980', 'username': 'RaviSin81554915'}, {'user_id': '102646919', 'username': 'ajitanjum'}]",,,,
1270753094280699909,1270753094280699909,1591806121000,2020-06-10,21:52:01,IST,1139609933677301760,asfak_munshi,AsfakMunshi,,Ye kaise ho gaya☝️😲 #UNLOCK1 #HeloLivePeMilo #महाराष्ट्र में कोरोना  #coronavaccine #CoronaVirusUpdate: #Helo @H... https://m.helo-app.com/al/jdNRmmpNmR?c=tw …,['h'],['https://m.helo-app.com/al/jdNRmmpNmR?c=tw'],[],0,0,0,"['#unlock1', '#helolivepemilo', '#महाराष्ट्र', '#coronavaccine', '#coronavirusupdate', '#helo']",[],https://twitter.com/asfak_munshi/status/1270753094280699909,False,,0,,,,,,,"[{'user_id': '1139609933677301760', 'username': 'asfak_munshi'}, {'user_id': '11924252', 'username': 'h'}]",,,,
1270389322227707904,1270389322227707904,1591719391000,2020-06-09,21:46:31,IST,827173752672755712,asadkhanisakhan,Asadkhan Isakhan,,Ye kaise ho gaya☝️😲 #UNLOCK1 #HeloLivePeMilo #महाराष्ट्र में कोरोना  #coronavaccine #CoronaVirusUpdate: #Helo @H...  https://m.helo-app.com/al/YyZsFMvTmR?c=tw …,['h'],['https://m.helo-app.com/al/YyZsFMvTmR?c=tw'],[],0,0,0,"['#unlock1', '#helolivepemilo', '#महाराष्ट्र', '#coronavaccine', '#coronavirusupdate', '#helo']",[],https://twitter.com/AsadkhanIsakhan/status/1270389322227707904,False,,0,,,,,,,"[{'user_id': '827173752672755712', 'username': 'AsadkhanIsakhan'}, {'user_id': '11924252', 'username': 'h'}]",,,,
1270364476919906310,1270364476919906310,1591713468000,2020-06-09,20:07:48,IST,119501825,aslam_khader,Exhuman,,"Namaste trump is the reason why we are suffering. Hamare Modi ji Tho Ji huzuri mein reh gaya
#Unlock1
#unlock2",[],[],[],0,0,0,"['#unlock1', '#unlock2']",[],https://twitter.com/Aslam_khader/status/1270364476919906310,False,,0,,,,,,,"[{'user_id': '119501825', 'username': 'Aslam_khader'}]",,,,
1270008931570647046,1270008931570647046,1591628699000,2020-06-08,20:34:59,IST,1235245922709274624,publicv49836227,Public voice,,Chuha bill ke bahar aa hi gaya ... thanks to Bihar elections #BestFriendsDay #Revive_PakSteelMills #GetWellSoonkejriwal #Pakistan #IndianArmyNumber1 #coronavirus #Covid_19 #COVID19 #TrumpHasNoPlan #MeToo #Memes #WATCH #WakeUpAmerica #media #lockdown #QuarantineLife #Unlock1,[],[],[],0,0,3,"['#bestfriendsday', '#revive_paksteelmills', '#getwellsoonkejriwal', '#pakistan', '#indianarmynumber1', '#coronavirus', '#covid_19', '#covid19', '#trumphasnoplan', '#metoo', '#memes', '#watch', '#wakeupamerica', '#media', '#lockdown', '#quarantinelife', '#unlock1']",[],https://twitter.com/Publicv49836227/status/1270008931570647046,False,,0,,,,,,,"[{'user_id': '1235245922709274624', 'username': 'Publicv49836227'}]",,,,
1270006124159344640,1270006124159344640,1591628030000,2020-06-08,20:23:50,IST,1263491679711092736,chinmay03662109,Chinmayee Muduli,,"@myogioffice @myogiadityanath @PMOIndia
Yogi sir and Pm sir, please help me. Sir, June1 se Unlock1 suru hogaya he. Lekin NBFGR, Canal ring road, Lucknow, me hume jail jese rakha gaya he. Bahar sirf 1 ghante essentials lane ke liye jane diya jata he. Quarter resident r suffering.","['myogioffice', 'myogiadityanath', 'pmoindia']",[],[],0,0,0,[],[],https://twitter.com/Chinmay03662109/status/1270006124159344640,False,,0,,,,,,,"[{'user_id': '1263491679711092736', 'username': 'Chinmay03662109'}, {'user_id': '1084769827271598080', 'username': 'myogioffice'}, {'user_id': '3437532637', 'username': 'myogiadityanath'}, {'user_id': '471741741', 'username': 'PMOIndia'}]",,,,
1269972961999626241,1269972961999626241,1591620123000,2020-06-08,18:12:03,IST,1023536416813281280,naush_915,Nausheen Ansari🇮🇳,,"Zra ye #MarineDrive p jogging krni wali public ko batao to ke,
Corona Gaya nhi hai.....
Unke sath aankh micholi khelra hai, kbhi bhi aakr DHappa krega😒
#StayHomeStaySafe #Unlock1🙏",[],[],[],0,0,3,"['#marinedrive', '#stayhomestaysafe', '#unlock1']",[],https://twitter.com/Naush_915/status/1269972961999626241,False,,0,,,,,,,"[{'user_id': '1023536416813281280', 'username': 'Naush_915'}]",,,,
1269926024487161856,1269926024487161856,1591608932000,2020-06-08,15:05:32,IST,1286550278,bobby4793,Abhishek,,@myogiadityanath VIP hai unki puja VIP hi hogi.. unke liye alag niyam kayde honge isiliye unko murti ke tilak tika karne diya gaya hai. #SocialDistancing #coronavirus #COVID19 #Unlock1,['myogiadityanath'],[],[],0,0,0,"['#socialdistancing', '#coronavirus', '#covid19', '#unlock1']",[],https://twitter.com/Bobby4793/status/1269926024487161856,False,,0,,,,,,,"[{'user_id': '1286550278', 'username': 'Bobby4793'}, {'user_id': '3437532637', 'username': 'myogiadityanath'}]",,,,
1269887977733320711,1269887977733320711,1591599861000,2020-06-08,12:34:21,IST,1104655391743459328,heychiku,Chirag Panchal,,"Kya Kisiko Pata HAi Corona Konse Traffic Signal Par Pakda Gaya ???
Ya Phir Konse Traffic Jam Me Atkaaa Hai???

#Unlock1 #unlockone #unlock1Point0 #unlock2 #MumbaiFightsCovid19 pic.twitter.com/df8XpHJguy",[],[],"['https://pbs.twimg.com/media/EZ-MDjAU4AAkVvg.jpg', 'https://pbs.twimg.com/media/EZ-MDjBUcAAEOe6.jpg']",0,1,5,"['#unlock1', '#unlockone', '#unlock1point0', '#unlock2', '#mumbaifightscovid19']",[],https://twitter.com/heychiku/status/1269887977733320711,False,,0,,,,,,,"[{'user_id': '1104655391743459328', 'username': 'heychiku'}]",,,,
1269883289826820096,1269883289826820096,1591598744000,2020-06-08,12:15:44,IST,934488548257837056,officevgm,Scientist,,"#DimpleKapadia is trending 🤣

Ye trend dekh ke ek sure ho gaya hoo , log abhi bhi kam par nahi ja rahe... #Unlock1 ho gaya hai logo...kam pe jao yaar...faltu ke hash tag mat chalao yaha.",[],[],[],0,0,2,"['#dimplekapadia', '#unlock1']",[],https://twitter.com/OfficeVGM/status/1269883289826820096,False,,0,,,,,,,"[{'user_id': '934488548257837056', 'username': 'OfficeVGM'}]",,,,
1269878511449157633,1269878511449157633,1591597604000,2020-06-08,11:56:44,IST,1267081792143519745,misschaotic_,Swabhavna ❣,,"Birth certificate mein jo ek saal ghataya tha, wo toh ye Corona kha gaya 😒
#COVID__19 #Unlock1",[],[],[],0,0,4,"['#covid__19', '#unlock1']",[],https://twitter.com/MissChaotic_/status/1269878511449157633,False,,0,,,,,,,"[{'user_id': '1267081792143519745', 'username': 'MissChaotic_'}]",,,,
1269853937257123841,1269853937257123841,1591591746000,2020-06-08,10:19:06,IST,1148200700939124736,kajal98227082,Kajal,,"#Unlock1 #unlock2 #Bihar #bihari #BiharElection #bihargovtinitiative #nitishkumar #bhojpur #Patna #darbhanga #muaffarpur #gaya #Hindinews 

Unlock 1.0: बिहार में क्या खुला और क्या है बंद https://tinyurl.com/tw77yb7 ",[],['https://tinyurl.com/tw77yb7'],[],0,0,0,"['#unlock1', '#unlock2', '#bihar', '#bihari', '#biharelection', '#bihargovtinitiative', '#nitishkumar', '#bhojpur', '#patna', '#darbhanga', '#muaffarpur', '#gaya', '#hindinews']",[],https://twitter.com/Kajal98227082/status/1269853937257123841,False,,0,,,,,,,"[{'user_id': '1148200700939124736', 'username': 'Kajal98227082'}]",,,,
1269847368679088129,1269847368679088129,1591590179000,2020-06-08,09:52:59,IST,82609399,puneet48,Puneet Gupta,,"Hey #Mumbai, 90% were supposedly stay at home, and 10% could go to office. Ulta nahi ho gaya?? #unlock1  pic.twitter.com/7A3OLaNT2G",[],[],"['https://pbs.twimg.com/media/EZ9nb-EU4AMs674.jpg', 'https://pbs.twimg.com/media/EZ9nb-FUEAAG7xb.jpg']",2,0,6,"['#mumbai', '#unlock1']",[],https://twitter.com/puneet48/status/1269847368679088129,False,,0,,,,,,,"[{'user_id': '82609399', 'username': 'puneet48'}]",,,,
1269845392272826368,1269845392272826368,1591589708000,2020-06-08,09:45:08,IST,3858510081,aamchidombivli,आमची डोंबिवली,,"Many Mumbaikars are going to their office which has no thermal screening facility,no sanitization,no social distancing norms. Why is the MHA issuing orders if it is not to be followed. 
Now its Ram Bharose 1.0 & all India cares for is Economy,human lives gaya tel lene. #unlock1",[],[],[],3,3,14,['#unlock1'],[],https://twitter.com/aamchidombivli/status/1269845392272826368,False,,0,,,,,,,"[{'user_id': '3858510081', 'username': 'aamchidombivli'}]",,,,
1269255336411742208,1269223858785173504,1591449028000,2020-06-06,18:40:28,IST,85158347,farazakaf,Faraz Ahmad,,Unlock ho gaya Corona #Unlock1,"['incpoonampatel', 'incuttarpradesh', 'incupeast', 'lambaalka', 'ajaylalluinc']",[],[],0,0,1,['#unlock1'],[],https://twitter.com/farazakaf/status/1269255336411742208,False,,0,,,,,,,"[{'user_id': '85158347', 'username': 'farazakaf'}, {'user_id': '818301949430755329', 'username': 'INCPoonamPatel'}, {'user_id': '1906974517', 'username': 'INCUttarPradesh'}, {'user_id': '1025792355784376320', 'username': 'INCUPEast'}, {'user_id': '109930762', 'username': 'LambaAlka'}, {'user_id': '2860160384', 'username': 'AjayLalluINC'}]",,,,
1269193927183212545,1269193927183212545,1591434387000,2020-06-06,14:36:27,IST,1266010817813602310,rahulsh19540156,the_physiquetransformer,,"Because, paisa chaiye babu bhaiya.
Log marte hai to marne do 
Chunav k time pe, gareeb majdoor aur kisano ki bakchodi kar k agenda bana denge
Bhaad mai gaya middle class aadmi. 
Paisa ameer denge, sympathy gareeb.
#Corona #lockdownlessons #Unlock1 #commonman #CoronavirusIndia pic.twitter.com/P99l3WEGkF",[],[],['https://pbs.twimg.com/media/EZ0VI0QXsAMG2_e.jpg'],0,0,0,"['#corona', '#lockdownlessons', '#unlock1', '#commonman', '#coronavirusindia']",[],https://twitter.com/RahulSh19540156/status/1269193927183212545,False,,0,,,,,,,"[{'user_id': '1266010817813602310', 'username': 'RahulSh19540156'}]",,,,
1269192680094957568,1269192680094957568,1591434090000,2020-06-06,14:31:30,IST,3220570118,hardik1101,H A R D I K,,"Ab toh Lockdown bhi open ho gaya ..
Pata nai logo ki soch kab open hogi ?🤷🏻‍♂️
#Unlock1 #SaturdayThoughts",[],[],[],0,0,1,"['#unlock1', '#saturdaythoughts']",[],https://twitter.com/hardik1101/status/1269192680094957568,False,,0,,,,,,,"[{'user_id': '3220570118', 'username': 'hardik1101'}]",,,,
1269134898725617665,1269119809960251392,1591420313000,2020-06-06,10:41:53,IST,1182281702808461313,hrushalipatil,Hrushali Patil 🇮🇳,,"Nashta ho gaya Tabhi #China ne #laddakh border pe Langar laga diya, aur saheb apni speciality #riots pe intervention karne lag Gaye

#USAProtest #AllLivesMatter #FridayMotivation #Gujarat #IndiaThatIsBharat #QuarantineLife #RIPHumanity #safoorazargar #Unlock1 #YouAboutToLoseYoJob","['ksrishtyinc', 'folitically']",[],[],0,0,1,"['#china', '#laddakh', '#riots', '#usaprotest', '#alllivesmatter', '#fridaymotivation', '#gujarat', '#indiathatisbharat', '#quarantinelife', '#riphumanity', '#safoorazargar', '#unlock1', '#youabouttoloseyojob']",[],https://twitter.com/HrushaliPatil/status/1269134898725617665,False,,0,,,,,,,"[{'user_id': '1182281702808461313', 'username': 'HrushaliPatil'}, {'user_id': '2440185858', 'username': 'ksrishtyInc'}, {'user_id': '1208775307999633415', 'username': 'folitically'}]",,,,
1268914015108886528,1268914015108886528,1591367651000,2020-06-05,20:04:11,IST,161634802,nistula,Nistula Hebbar,,#Unlock1 ke wajah #Lockdown ho gaya  https://twitter.com/ians_india/status/1268913522626478080 …,[],['https://twitter.com/ians_india/status/1268913522626478080'],[],2,1,30,"['#unlock1', '#lockdown']",[],https://twitter.com/nistula/status/1268914015108886528,False,https://twitter.com/ians_india/status/1268913522626478080,0,,,,,,,"[{'user_id': '161634802', 'username': 'nistula'}]",,,,
1268898566950379520,1268898566950379520,1591363968000,2020-06-05,19:02:48,IST,627297055,sagar_satasiya,sagar satasiya,,"#Unlock1  ho gaya, government hospital me ab jagah nahi, private hospital aam aadmi afford nai kr shkta,ab or case badhe to government @vijayrupanibjp kya krenge?
@ANI @RealKingbhau @MpKhunt @PoonambenMaadam @ChovatiyaKunal","['vijayrupanibjp', 'ani', 'realkingbhau', 'mpkhunt', 'poonambenmaadam', 'chovatiyakunal']",[],[],0,0,1,['#unlock1'],[],https://twitter.com/sagar_satasiya/status/1268898566950379520,False,,0,,,,,,,"[{'user_id': '627297055', 'username': 'sagar_satasiya'}, {'user_id': '627355202', 'username': 'vijayrupanibjp'}, {'user_id': '355989081', 'username': 'ANI'}, {'user_id': '1263102227368927232', 'username': 'RealKingbhau'}, {'user_id': '528514106', 'username': 'MpKhunt'}, {'user_id': '2447086974', 'username': 'PoonambenMaadam'}, {'user_id': '1039141158784589824', 'username': 'ChovatiyaKunal'}]",,,,
1268842744564387843,1268842744564387843,1591350658000,2020-06-05,15:20:58,IST,768870271,salmanaabdi,Salman Abdi #Radhe ~♥~,,"#Unlock1 start ho gaya aur ab bas kaam kaam kaam aur kaam. #1YearOfBharat
ka bhi tweet nahi kiya. 
Waise vella to pehle bhi nahi tha. 4 #Lockdown gujar gaya lekin ek bhi thread nahi likha.",[],[],[],0,2,1,"['#unlock1', '#1yearofbharat', '#lockdown']",[],https://twitter.com/SalmanAabdi/status/1268842744564387843,False,,0,,,,,,,"[{'user_id': '768870271', 'username': 'SalmanAabdi'}]",,,,
1268823557791870976,1268823557791870976,1591346084000,2020-06-05,14:04:44,IST,2475726443,mohitsid23,Mohit Sidhpura,,Sir ji sab khul gaya aaj se lekin pan patti nahi khuli aur kitna black mein khareed ne pe majbur karoge😅 #Unlock1 @CMOMaharashtra,['cmomaharashtra'],[],[],1,0,4,['#unlock1'],[],https://twitter.com/Mohitsid23/status/1268823557791870976,False,,0,,,,,,,"[{'user_id': '2475726443', 'username': 'Mohitsid23'}, {'user_id': '2597666894', 'username': 'CMOMaharashtra'}]",,,,
1268616855163244544,1268603746143125509,1591296802000,2020-06-05,00:23:22,IST,315234048,deepakprabhat,prabhat jha,,We r not working on logic...jb community spread nhi tha tb #lockdown lockdown tha..aur jb community spread Hua toh #Unlock1 ho gaya...bhagwan bhrosai sb hai..#COVIDー19 #COVID19India,['cricketaakash'],[],[],0,0,1,"['#lockdown', '#unlock1', '#covidー19', '#covid19india']",[],https://twitter.com/deepakprabhat/status/1268616855163244544,False,,0,,,,,,,"[{'user_id': '315234048', 'username': 'deepakprabhat'}, {'user_id': '70663487', 'username': 'cricketaakash'}]",,,,
1268597556629565441,1268597556629565441,1591292201000,2020-06-04,23:06:41,IST,1048949139084472325,punwalaa,Mohit Mathur,,"Corona aa gaya
Tiddiya aa gayi
Earthquake aa gaya
Asteroid aa gaya
Cyclone aa gaya
Dinosaur bhai tu kahe sharma raha hai tu bhi aa he ja
#Unlock1 #2020 #IndiaFightsCoronavirus #WeShallOvercome",[],[],[],0,0,1,"['#unlock1', '#indiafightscoronavirus', '#weshallovercome']",[],https://twitter.com/PunWalaa/status/1268597556629565441,False,,0,,,,,,,"[{'user_id': '1048949139084472325', 'username': 'PunWalaa'}]",,,,
1268514514871267328,1268514514871267328,1591272402000,2020-06-04,17:36:42,IST,1250676512388288513,munshi1857,M U N S H I,,"Lo aa gaya Naya Target. 
Be Prepared for corona Rush. Now in Unlock1.0 
Be cautious and extra vigilant.. No one cares for you, more than yourself. Govt won't do anything. Help yourself... 

@baujidesi @idesibanda @Batman_Banker @alashshukla @Arya_Star12 https://twitter.com/DFS_India/status/1268510948895199234 …","['baujidesi', 'idesibanda', 'batman_banker', 'alashshukla', 'arya_star12']",['https://twitter.com/DFS_India/status/1268510948895199234'],[],1,3,3,[],[],https://twitter.com/munshi1857/status/1268514514871267328,False,https://twitter.com/DFS_India/status/1268510948895199234,0,,,,,,,"[{'user_id': '1250676512388288513', 'username': 'munshi1857'}, {'user_id': '2957177334', 'username': 'baujidesi'}, {'user_id': '1609823102', 'username': 'idesibanda'}, {'user_id': '1165235015535345665', 'username': 'Batman_Banker'}, {'user_id': '1696164084', 'username': 'alashshukla'}, {'user_id': '962697730438004736', 'username': 'Arya_Star12'}]",,,,
1268275254838857731,1268275254838857731,1591215358000,2020-06-04,01:45:58,IST,3315801301,shriyam_giri,Shriyam Giri,,"#Unlock1 me log itna free se ghum rahe hai jaise lag raha hai ki pichhe kuch hua hi na ho.Aap Sabhi se anurodh hai ki ye dhyan me rakhe #Unlock1 aaya hai lekin #COVID19 nahi gaya hai.
#StayHomeStaySafe @narendramodi @PIB_India @CMMadhyaPradesh @MoHFW_INDIA @DDNewslive @vidishadm","['narendramodi', 'pib_india', 'cmmadhyapradesh', 'mohfw_india', 'ddnewslive', 'vidishadm']",[],[],0,0,0,"['#unlock1', '#unlock1', '#covid19', '#stayhomestaysafe']",[],https://twitter.com/shriyam_giri/status/1268275254838857731,False,,0,,,,,,,"[{'user_id': '3315801301', 'username': 'shriyam_giri'}, {'user_id': '18839785', 'username': 'narendramodi'}, {'user_id': '231033118', 'username': 'PIB_India'}, {'user_id': '2506662439', 'username': 'CMMadhyaPradesh'}, {'user_id': '2596143056', 'username': 'MoHFW_INDIA'}, {'user_id': '1100927498', 'username': 'DDNewslive'}, {'user_id': '987225438517899264', 'username': 'vidishadm'}]",,,,
1268262287137103873,1268216689096785929,1591212267000,2020-06-04,00:54:27,IST,315234048,deepakprabhat,prabhat jha,,Government hame ram bharosai chor chuki hai.. government ka naara ekdum change ho gaya.Jahan pahle jaan baad mai 😢 @awasthis @RohitSardana0 #unlockone #Unlock1,"['vibhask1', 'awasthis', 'rohitsardana0']",[],[],0,0,2,"['#unlockone', '#unlock1']",[],https://twitter.com/deepakprabhat/status/1268262287137103873,False,,0,,,,,,,"[{'user_id': '315234048', 'username': 'deepakprabhat'}, {'user_id': '634244983', 'username': 'vibhask1'}, {'user_id': '71815077', 'username': 'awasthis'}, {'user_id': '1242375308474384384', 'username': 'RohitSardana0'}]",,,,
1267807118653968384,1267806022476812290,1591103746000,2020-06-02,18:45:46,IST,1261847152931807232,debjitpatoa,Debjit Patoa,,"Ahaha, ab toh almost khul gaya hai na #Unlock1",['gaurajb1'],[],[],1,0,0,['#unlock1'],[],https://twitter.com/DebjitPatoa/status/1267807118653968384,False,,0,,,,,,,"[{'user_id': '1261847152931807232', 'username': 'DebjitPatoa'}, {'user_id': '1254044545118949377', 'username': 'gaurajb1'}]",,,,
1267766855084568587,1267766855084568587,1591094146000,2020-06-02,16:05:46,IST,195689098,chiragnaswa,Chirag Naswa,,"""Our battle with #COVID19 is not over, but we will not be afraid of the virus. We will take all precautions and we are going to move on with our lives""

Waqt aa gaya #Aatmanirbhar banne ka, precautions ke saath shuru karein apna vyapaar.

#Unlock1 #FightAgainstCorona ✌️ pic.twitter.com/kcyF23UZfd",[],[],['https://pbs.twimg.com/media/EZgDPDOWkAAKU7r.jpg'],0,0,0,"['#covid19', '#aatmanirbhar', '#unlock1', '#fightagainstcorona']",[],https://twitter.com/chiragnaswa/status/1267766855084568587,False,,0,,,,,,,"[{'user_id': '195689098', 'username': 'chiragnaswa'}]",,,,
1267756566217973763,1267756566217973763,1591091693000,2020-06-02,15:24:53,IST,839233307481092096,vaiish_sharma,vaishnavi sharma,,"Ghar ke bahar dhekha toh itni bheed dikh rhi jese corona khatam he ho gaya ho ! 😂
#Unlock1 #UnlockingIndia
#StaySafeStayHealthy",[],[],[],0,0,3,"['#unlock1', '#unlockingindia', '#staysafestayhealthy']",[],https://twitter.com/vaiish_sharma/status/1267756566217973763,False,,0,,,,,,,"[{'user_id': '839233307481092096', 'username': 'vaiish_sharma'}]",,,,
1267753241527402498,1267753241527402498,1591090901000,2020-06-02,15:11:41,IST,126922059,rahilspeaks,Rahil,,"Ab toh LockDown 5.0 bhi khul gaya.
Kuch logon ki soch kab tak LockDown rahegi?🤷
#justsaying #narrowminded
.
.
.
#TuesdayThoughts #tuesdayvibes #WritingCommunity #Writer #Lockdown5 #Unlock1 #ChangeIsNow #TwitterFactCheck #relatabletweets #Twitter",[],[],[],0,0,1,"['#justsaying', '#narrowminded', '#tuesdaythoughts', '#tuesdayvibes', '#writingcommunity', '#writer', '#lockdown5', '#unlock1', '#changeisnow', '#twitterfactcheck', '#relatabletweets', '#twitter']",[],https://twitter.com/RahilSpeaks/status/1267753241527402498,False,,0,,,,,,,"[{'user_id': '126922059', 'username': 'RahilSpeaks'}]",,,,
1267732500723503104,1267732500723503104,1591085956000,2020-06-02,13:49:16,IST,129797597,pranay_agrwl,pranay agrawal,,"Lutf aane laga saza ka jab humein

Maaloom ye hua ki gunah maaf ho gaya
                                       ~unknown
#Lockdown5 #coronavirusinindia #Unlock1",[],[],[],0,0,0,"['#lockdown5', '#coronavirusinindia', '#unlock1']",[],https://twitter.com/pranay_agrwl/status/1267732500723503104,False,,0,,,,,,,"[{'user_id': '129797597', 'username': 'pranay_agrwl'}]",,,,
1267705798949388291,1267693639091859456,1591079589000,2020-06-02,12:03:09,IST,401837404,imbiswajeet,jeet,,#Unlock1 meaning .. ab #coronavirus free ho gaya hai.. #COVID2019,"['bjp4india', 'bjp4bihar']",[],[],0,0,0,"['#unlock1', '#coronavirus', '#covid2019']",[],https://twitter.com/imbiswajeet/status/1267705798949388291,False,,0,,,,,,,"[{'user_id': '401837404', 'username': 'imbiswajeet'}, {'user_id': '207809313', 'username': 'BJP4India'}, {'user_id': '758215424622391296', 'username': 'BJP4Bihar'}]",,,,
1267703276637573122,1267440919206170624,1591078988000,2020-06-02,11:53:08,IST,401837404,imbiswajeet,jeet,,"#Unlock1  ke baad Log yeh soach rahe hai ki #coronavirus  Khatam Ho gaya hai, Agar aisa hi raha toh yeh Blast hoga..  #LockDown Again  #COVID2019",['narendramodi'],[],[],0,0,0,"['#unlock1', '#coronavirus', '#lockdown', '#covid2019']",[],https://twitter.com/imbiswajeet/status/1267703276637573122,False,,0,,,,,,,"[{'user_id': '401837404', 'username': 'imbiswajeet'}, {'user_id': '18839785', 'username': 'narendramodi'}]",,,,
1267687726951944193,1267539178582990849,1591075281000,2020-06-02,10:51:21,IST,561037021,dineshgurunani,सर्वगुण_धारी🌈,,"Pahle aata tha
Fir roti ho gayi

Roti ka to pata nahi
Par aata b khatam ho gaya
#unlock1 🤣🤣🤣🤣🤣",['moody__queen'],[],[],1,0,1,['#unlock1'],[],https://twitter.com/DineshGurunani/status/1267687726951944193,False,,0,,,,,,,"[{'user_id': '561037021', 'username': 'DineshGurunani'}, {'user_id': '1155813758243082241', 'username': 'Moody__Queen'}]",,,,
1267478596261732354,1267478596261732354,1591025420000,2020-06-01,21:00:20,IST,1090164952940212224,hellriderd1,The_HellRider🇮🇳🚩,,"Dear Crush Abb LOCKDOWN 🔐 Bhi UNLOCK 🔓 Ho Gaya Lekin Tum Apne Heart Se BLOCK🔒 KabTak Khuloge..
#Unlock1",[],[],[],0,0,1,['#unlock1'],[],https://twitter.com/HellRiderD1/status/1267478596261732354,False,,0,,,,,,,"[{'user_id': '1090164952940212224', 'username': 'HellRiderD1'}]",,,,
1267370543717605376,1267370543717605376,1590999658000,2020-06-01,13:50:58,IST,1248709683856072704,molvitomapati17,Molvi TOM Al Alter ET2,,"#PinkTwitter 
LockDown khool te hi ham  HaramKali @zainabsikander ghoomane le chale..

Pink tha par hamne itni tez bike chalai ke Lal ho gaya.

#Unlock1

Tab se wo Lal salam bol ti he.  pic.twitter.com/209LYSj5TR",['zainabsikander'],[],['https://pbs.twimg.com/media/EZaarRYVcAA-22p.jpg'],3,2,7,"['#pinktwitter', '#unlock1']",[],https://twitter.com/MolviTomapati17/status/1267370543717605376,False,,0,,,,,,,"[{'user_id': '1248709683856072704', 'username': 'MolviTomapati17'}, {'user_id': '195838373', 'username': 'zainabsikander'}]",,,,
1267343310789709829,1267343310789709829,1590993166000,2020-06-01,12:02:46,IST,1124591449905885185,archi3archana,Archana,,India mein Corona cancel ho Gaya kya? #Unlock1,[],[],[],0,0,0,['#unlock1'],[],https://twitter.com/archi3archana/status/1267343310789709829,False,,0,,,,,,,"[{'user_id': '1124591449905885185', 'username': 'archi3archana'}]",,,,
1267312008136974336,1267312008136974336,1590985702000,2020-06-01,09:58:22,IST,836943033471909888,ilopamudra,ilopamudra,,"Jo darr gaya samjho bach gaya. 

#Covid19 #CoronaVirus #Lockdown5 #unlock1",[],[],[],0,0,0,"['#covid19', '#coronavirus', '#lockdown5', '#unlock1']",[],https://twitter.com/ilopamudra/status/1267312008136974336,False,,0,,,,,,,"[{'user_id': '836943033471909888', 'username': 'ilopamudra'}]",,,,
1267174862503772161,1267174862503772161,1590953004000,2020-06-01,00:53:24,IST,1262036781945380864,abhishek160299,Abhishek Dubey,,"Are bhai bhai bhai bhai bhai... 
@hardikpandya7 ... Shadi To kar lete pahle..  Itni jaldi bhi kis baat ki thi.. Bhai.. Tum to captain @imVkohli Se bhi tez ho.. 
Kuch jyada hi tez ho..  #Memers ko #memes  Mil gaya.. 
#Legends ... #bin_byaha_baap.. 
#unlock1 Katai Zaher... 😂😂😂","['hardikpandya7', 'imvkohli']",[],[],0,0,0,"['#memers', '#memes', '#legends', '#bin_byaha_baap', '#unlock1']",[],https://twitter.com/Abhishek160299/status/1267174862503772161,False,,0,,,,,,,"[{'user_id': '1262036781945380864', 'username': 'Abhishek160299'}, {'user_id': '368186169', 'username': 'hardikpandya7'}, {'user_id': '71201743', 'username': 'imVkohli'}]",,,,
1267152273131671553,1267152273131671553,1590947619000,2020-05-31,23:23:39,IST,103898151,vaibhav5788,kumar vaibhav,,"ओ स्त्री! कल आना !!
Lockdown khul gaya hai!! 

#Unlock1",[],[],[],1,1,1,['#unlock1'],[],https://twitter.com/vaibhav5788/status/1267152273131671553,False,,0,,,,,,,"[{'user_id': '103898151', 'username': 'vaibhav5788'}]",,,,
1267147085691981828,1266998950449438720,1590946382000,2020-05-31,23:03:02,IST,195265843,babaiban1982,Ambarish Banerjee,,MLA sab ko salary mil gaya na sirji?? https://youtu.be/O4dBI5CWQgg  #COVID19Pandemic #COVIDIOT #Unlock1 #unlockone #UnlockIndia #DelhiGovt,['arvindkejriwal'],['https://youtu.be/O4dBI5CWQgg'],[],0,0,0,"['#covid19pandemic', '#covidiot', '#unlock1', '#unlockone', '#unlockindia', '#delhigovt']",[],https://twitter.com/babaiban1982/status/1267147085691981828,False,,0,,,,,,,"[{'user_id': '195265843', 'username': 'babaiban1982'}, {'user_id': '405427035', 'username': 'ArvindKejriwal'}]",,,,
1267139656526827520,1267070761799307269,1590944611000,2020-05-31,22:33:31,IST,226074098,sk_2201,SK,,Delhi ka #Unlock1 to May 17 se hi shuru ho gaya tha kunal ji..Delhi CM k aadesh k baad..1295 usi ka nateeja hai..air yadi ve chahein to anya rajyon ki tarah ve bhi lockdown jaari rakh sakte hain MHA order k anusaar...ye to aap bhi jaante hi honge!!,['kumarkunalmedia'],[],[],0,0,0,['#unlock1'],[],https://twitter.com/sk_2201/status/1267139656526827520,False,,0,,,,,,,"[{'user_id': '226074098', 'username': 'sk_2201'}, {'user_id': '604278776', 'username': 'KumarKunalmedia'}]",,,,
1267119372419641348,1266992810043101186,1590939774000,2020-05-31,21:12:54,IST,94559463,alkeshb,Alkesh B,,"Ek jamna tha India main jab muft ka khana koi nahi khata tha...har aadmi mehnat kar ke khata tha

Ab #Unlock1 shuru ho gaya hai.. sab kaam pe ja rahe hai.. tum bhi jao mere bhai.. ye muft ka khana bahut kadva hota hai.. 

agar yakin nahi hota to gali k kutto se puch lo","['ajaym95', 'hansrajmeena']",[],[],0,0,0,['#unlock1'],[],https://twitter.com/alkeshb/status/1267119372419641348,False,,0,,,,,,,"[{'user_id': '94559463', 'username': 'alkeshb'}, {'user_id': '813709318755328001', 'username': 'AjayM95'}, {'user_id': '2730745332', 'username': 'HansrajMeena'}]",,,,
1267100072040255488,1267100072040255488,1590935173000,2020-05-31,19:56:13,IST,372795874,believe_thatt,Vish Sharma,,"This guy #HardikPandya really couldn't control his urge! Ye Karke bahut pehle aa gaya tha. Result ab aaya hai

#NatasaStankovic #coronavirus #MissionBeginsAgain #AllHeartsWithSidharth #COVID19India #unlockone #UnlockingIndia #Unlock1 #samosa #RohitSharma #ViratKohli #TeamIndia https://twitter.com/pinkvilla/status/1267082305685688320 …",[],['https://twitter.com/pinkvilla/status/1267082305685688320'],[],0,1,1,"['#hardikpandya', '#natasastankovic', '#coronavirus', '#missionbeginsagain', '#allheartswithsidharth', '#covid19india', '#unlockone', '#unlockingindia', '#unlock1', '#samosa', '#rohitsharma', '#viratkohli', '#teamindia']",[],https://twitter.com/Believe_Thatt/status/1267100072040255488,False,https://twitter.com/pinkvilla/status/1267082305685688320,0,,,,,,,"[{'user_id': '372795874', 'username': 'Believe_Thatt'}]",,,,
1267082486091100165,1267079950294630403,1590930980000,2020-05-31,18:46:20,IST,3170572776,meenubelle1957,Meenakshi Belle,,"Aap bhi khud ka khayal rakhiye Sir, #Unlock1 Ka matlab yeh nahi ke sab Kuch surakshit  aur sahi ho gaya hai, barisho mei Corona ke saath shaayad aur bhi beemariyo Ka samna Karna pade, cases toh badh hi rahe hai. Prayers 4 everyone's safety & health. Take care",['aniruddh_dave'],[],[],0,0,0,['#unlock1'],[],https://twitter.com/MeenuBelle1957/status/1267082486091100165,False,,0,,,,,,,"[{'user_id': '3170572776', 'username': 'MeenuBelle1957'}, {'user_id': '524084832', 'username': 'aniruddh_dave'}]",,,,
1267071178151063552,1267071178151063552,1590928284000,2020-05-31,18:01:24,IST,315234048,deepakprabhat,prabhat jha,,बिहार में लाखों लोग आए लेकिन जांच हुई 75737 ।आखिर क्या ऐसा ही होना चाहिए। #Unlock1 #unlockone ...recovery rate ka guidelines change kr k recovery rate badha dia gaya bs...🤨  pic.twitter.com/YQb5HRzXM0,[],[],['https://pbs.twimg.com/media/EZWJiMAU0AAy_gM.jpg'],0,0,1,"['#unlock1', '#unlockone']",[],https://twitter.com/deepakprabhat/status/1267071178151063552,False,,0,,,,,,,"[{'user_id': '315234048', 'username': 'deepakprabhat'}]",,,,
1267053281546829824,1267053281546829824,1590924017000,2020-05-31,16:50:17,IST,4635351894,sayyad801,Imran,,"Modi sarkar ka master stroke.
#unlock1 Lockdown me logo ki naukri gyi ya jane wali h ,naukri jate hi unlock kr diya gaya desh,isse faida ye hua na naukri rahega na koi job pe jayega na corona failega wah modi ji wah 
#Indiabulls_Forcing_For_Resign
#indiabullsforcetoresign
#ndtv",[],[],[],0,1,1,"['#unlock1', '#indiabulls_forcing_for_resign', '#indiabullsforcetoresign', '#ndtv']",[],https://twitter.com/sayyad801/status/1267053281546829824,False,,0,,,,,,,"[{'user_id': '4635351894', 'username': 'sayyad801'}]",,,,
1267003497641381888,1266968982805835777,1590912148000,2020-05-31,13:32:28,IST,137760548,golimaronmitron,the RANJEET,,"Dil dhak dhak kar raha hai?
Saar dizzy ho gaya hai (taazi hawa)?

Don't worry, pareshan na ho.

It is #Unlock1",['divya_krthk'],[],[],0,0,0,['#unlock1'],[],https://twitter.com/GoliMaronMitron/status/1267003497641381888,False,,0,,,,,,,"[{'user_id': '137760548', 'username': 'GoliMaronMitron'}, {'user_id': '1220641358', 'username': 'divya_krthk'}]",,,,
1266912277703188481,1266912277703188481,1590890399000,2020-05-31,07:29:59,IST,4871315404,sahabrai4,Sahab Rai,,"itne din k lockdown k safar me aisa kabhi nhi laga ki corona mahamari ek din k liye bhi rok paya gaya
#lockdown
#Unlock1",[],[],[],0,0,0,"['#lockdown', '#unlock1']",[],https://twitter.com/SahabRai4/status/1266912277703188481,False,,0,,,,,,,"[{'user_id': '4871315404', 'username': 'SahabRai4'}]",,,,
1266907191316934661,1266907191316934661,1590889187000,2020-05-31,07:09:47,IST,3145526760,harish331323,Harish Kumar Delhi,,"#Lockdown5 बोलो या #unlock1
#Corona ko Mana Gaya #Bhoot
#रात्रि 9 बजे से #सुबह 5 बजे तक बाहर नही निकले #कर्फ्यू
#Today #News #twitterindia #Trending #COVID19India #CoronaVirusUpdates",[],[],[],0,0,0,"['#lockdown5', '#unlock1', '#corona', '#bhoot', '#रात्रि', '#सुबह', '#कर्फ्यू', '#today', '#news', '#twitterindia', '#trending', '#covid19india', '#coronavirusupdates']",[],https://twitter.com/harish331323/status/1266907191316934661,False,,0,,,,,,,"[{'user_id': '3145526760', 'username': 'harish331323'}]",,,,
1266906512548560896,1266906512548560896,1590889025000,2020-05-31,07:07:05,IST,2943209343,mukeshk04243401,Mukeshkumar,,"Lockdown unlock mein badal gaya par Pata nahi abb Ghanta fadak nahi  pada 😌
#Unlock1 #studentlife",[],[],[],0,0,1,"['#unlock1', '#studentlife']",[],https://twitter.com/Mukeshk04243401/status/1266906512548560896,False,,0,,,,,,,"[{'user_id': '2943209343', 'username': 'Mukeshk04243401'}]",,,,
1266904409830830080,1266904409830830080,1590888523000,2020-05-31,06:58:43,IST,1256142261571555328,gayacitywale,Gaya_city_wale,,"Lockdown 5 - Unlock 1 with some rules and guidelines
#Unlock1 #Lockdown5 #Quarantine #indiangoverent #unlockone
@NitishKumar @PMOIndia
@GayaPrime @gayacitybihar @city_gaya @WeAreGaya @GayaSight @gayacitylive pic.twitter.com/Jx6bx0k9lv","['nitishkumar', 'pmoindia', 'gayaprime', 'gayacitybihar', 'city_gaya', 'wearegaya', 'gayasight', 'gayacitylive']",[],"['https://pbs.twimg.com/media/EZTyp-3WoAEv1Q2.jpg', 'https://pbs.twimg.com/media/EZTyvkdWsAIDHtF.jpg', 'https://pbs.twimg.com/media/EZTyye6WkAAiCpK.jpg', 'https://pbs.twimg.com/media/EZTy01LX0AIDR28.jpg']",0,0,3,"['#unlock1', '#lockdown5', '#quarantine', '#indiangoverent', '#unlockone']",[],https://twitter.com/gayacitywale/status/1266904409830830080,False,,0,,,,,,,"[{'user_id': '1256142261571555328', 'username': 'gayacitywale'}, {'user_id': '143409075', 'username': 'NitishKumar'}, {'user_id': '471741741', 'username': 'PMOIndia'}, {'user_id': '1242728717853454336', 'username': 'GayaPrime'}, {'user_id': '842241647685562368', 'username': 'gayacitybihar'}, {'user_id': '1134395485576454144', 'username': 'city_gaya'}, {'user_id': '2367028236', 'username': 'WeAreGaya'}, {'user_id': '713258112514400256', 'username': 'GayaSight'}, {'user_id': '1244826179086856195', 'username': 'gayacitylive'}]",,,,
1266900892118331392,1266692013191135237,1590887685000,2020-05-31,06:44:45,IST,1214458091451740161,harharm06521283,HarHar Mahadev,,"Bilkul sahi hai. #India angrezon ka diya gaya naam hai wo bhi galat kyuki wo #Sindhu ko #Indu bolte the, jispe se India naam rakha. We are #Bharat ..! 🙏🙏🇮🇳🇮🇳
#Unlock1 #Unlock",['dchaurasia2312'],[],[],0,0,0,"['#india', '#sindhu', '#indu', '#bharat', '#unlock1', '#unlock']",[],https://twitter.com/HarHarM06521283/status/1266900892118331392,False,,0,,,,,,,"[{'user_id': '1214458091451740161', 'username': 'HarHarM06521283'}, {'user_id': '74457733', 'username': 'DChaurasia2312'}]",,,,
1266856107651334150,1266856107651334150,1590877007000,2020-05-31,03:46:47,IST,1202781560849629184,chandra36081803,Chandra Thapa,,"Lo bhai finally lockdown 3 months ka ho he gaya.
Toh phir 1st lockdown se pehale ek audio viral hua tha jisme 3 month lockdown ki baat kahi gai thi . Jisse PIB ne fake bataya tha .
Aab kisi ko kuch kehana hai ..chahe jo v naam de do #Lockdown5 ya phir #Unlock1",[],[],[],0,0,0,"['#lockdown5', '#unlock1']",[],https://twitter.com/Chandra36081803/status/1266856107651334150,False,,0,,,,,,,"[{'user_id': '1202781560849629184', 'username': 'Chandra36081803'}]",,,,
1266850244337242112,1266850244337242112,1590875609000,2020-05-31,03:23:29,IST,1243354361281105920,johnchaya8,#Insaan,,"Orri Baba - Hum China Se Bahut Dur Dur Nikal Gaya. Ab Germany & France se Bhi Aage Jayega. 
India
Coronavirus Cases:
181,827
Deaths:
5,185
New Cases
8336
New Deaths
205
#SpaceX
#LaunchAmerica
#NASA
#Unlock1
#देश_चलाना_खेल_नही_है
#TajMahal
#unlockone
#MannKiBaat
#UnlockIndia",[],[],[],0,0,0,"['#spacex', '#launchamerica', '#nasa', '#unlock1', '#देश_चलाना_खेल_नही_है', '#tajmahal', '#unlockone', '#mannkibaat', '#unlockindia']",[],https://twitter.com/JohnChaya8/status/1266850244337242112,False,,0,,,,,,,"[{'user_id': '1243354361281105920', 'username': 'JohnChaya8'}]",,,,
1266847603892813826,1266847603892813826,1590874980000,2020-05-31,03:13:00,IST,1266765924994088960,humorouslyspea1,Humorously Speaking,,"Lockdown Season 4 khatam ho chuka hai...Unlock 1.0 series ka trailer aa gaya hai mitro..!! 
#Lockdown5 #Unlock1",[],[],[],0,0,0,"['#lockdown5', '#unlock1']",[],https://twitter.com/HumorouslySpea1/status/1266847603892813826,False,,0,,,,,,,"[{'user_id': '1266765924994088960', 'username': 'HumorouslySpea1'}]",,,,
1266809981392781312,1266809981392781312,1590866010000,2020-05-31,00:43:30,IST,1227142741672394752,utkarsh42820824,Utkarsh Mishra,,"Corona chala gaya kya?
Ya lockdown isliye khol diya gaya ki bina charcha me aaye migrant labours apne ghar chale jaayein?
Lockdown 5 ho ya Unlock 1 migrant labours ka movement usi tarah ho raha hai.
#Unlock1",[],[],[],0,1,2,['#unlock1'],[],https://twitter.com/Utkarsh42820824/status/1266809981392781312,False,,0,,,,,,,"[{'user_id': '1227142741672394752', 'username': 'Utkarsh42820824'}]",,,,
1266801313188212736,1266801313188212736,1590863943000,2020-05-31,00:09:03,IST,87734077,samratchoudhury,Samrat Choudhury,,"Decide ho jaye to bata dena isko #Lockdown5 ya #Unlock1, kya bolna hai...

Baki, jo log bol rahe hai ke 56 inch kam padh gaya hai logo ke samne ane ke liye, unhe pata hona chahiye ke Mood naam ki bhi koi cheez hoti hai...",[],[],[],0,0,1,"['#lockdown5', '#unlock1']",[],https://twitter.com/SamratChoudhury/status/1266801313188212736,False,,0,,,,,,,"[{'user_id': '87734077', 'username': 'SamratChoudhury'}]",,,,
1266795664048095232,1266646391641837568,1590862596000,2020-05-30,23:46:36,IST,102019164,jountharg,Jountha,,#lockdown bola to itna badh gaya Corona ab #Unlock1 hai to pata nai kya hoga,['mirabhayanderkr'],[],[],0,0,0,"['#lockdown', '#unlock1']",[],https://twitter.com/jounthaRG/status/1266795664048095232,False,,0,,,,,,,"[{'user_id': '102019164', 'username': 'jounthaRG'}, {'user_id': '2985175752', 'username': 'mirabhayanderkr'}]",,,,
1266794674833981443,1266794674833981443,1590862361000,2020-05-30,23:42:41,IST,2925998857,jainbadalvasant,Badal Jain,,"#Unlock1
Lockdown 5.0 se Unlock 1 ho gaya. 
Meanwhile :  pic.twitter.com/OoNuopwkwF",[],[],['https://pbs.twimg.com/media/EZSPB2HXYAAzL7v.jpg'],0,0,1,['#unlock1'],[],https://twitter.com/jainbadalvasant/status/1266794674833981443,False,,0,,,,,,,"[{'user_id': '2925998857', 'username': 'jainbadalvasant'}]",,,,
1266787052026122240,1266787052026122240,1590860543000,2020-05-30,23:12:23,IST,1249323000148529153,ashish_ak10,Ashish,,"Sab kuch khol lo bus School, College mat kholna. College ki timings hi bhul gaya hu subha utne ki baat hi chod do . #lockdown5 #Unlock1",[],[],[],0,0,6,"['#lockdown5', '#unlock1']",[],https://twitter.com/Ashish_ak10/status/1266787052026122240,False,,0,,,,,,,"[{'user_id': '1249323000148529153', 'username': 'Ashish_ak10'}]",,,,
1266781039898144768,1266781039898144768,1590859110000,2020-05-30,22:48:30,IST,1262061537109463041,ashutoshaware,ASHहे📍,,Thak gaya me dekh kar ghar ka aina teri maa ka bho#$d@ china   #Unlock1,[],[],[],0,1,2,['#unlock1'],[],https://twitter.com/AshutoshAware/status/1266781039898144768,False,,0,,,,,,,"[{'user_id': '1262061537109463041', 'username': 'AshutoshAware'}]",,,,
1266771403950489601,1266771403950489601,1590856812000,2020-05-30,22:10:12,IST,842032375089393665,aniruddhaluman,Aniruddha Luman,,"Lockdown 5.0 aa gaya unlock 1.0 aa gaya but mirzapur S2 kab aayega 

#Lockdown5 #unlock1 #Mirzapur2",[],[],[],0,0,3,"['#lockdown5', '#unlock1', '#mirzapur2']",[],https://twitter.com/AniruddhaLuman/status/1266771403950489601,False,,0,,,,,,,"[{'user_id': '842032375089393665', 'username': 'AniruddhaLuman'}]",,,,
1266760458511486980,1266760458511486980,1590854203000,2020-05-30,21:26:43,IST,1219142042527264768,bharudedhiraj,Dhiraj Bharude,,Saala ye🔒🔑 tala chabi kaa game toh serious ho gaya bhai #Unlock1 #lockdown2020 #lockdown2020,[],[],[],0,1,1,"['#unlock1', '#lockdown2020', '#lockdown2020']",[],https://twitter.com/BharudeDhiraj/status/1266760458511486980,False,,0,,,,,,,"[{'user_id': '1219142042527264768', 'username': 'BharudeDhiraj'}]",,,,
1266757394568224768,1266757394568224768,1590853472000,2020-05-30,21:14:32,IST,141181083,chaotic_mind999,JRism,,"#Lockdown5
#Unlock1 is basically unlocking yourself from all the Moh maaya kyonki apnaa time aa gaya hai.",[],[],[],0,0,5,"['#lockdown5', '#unlock1']",[],https://twitter.com/Chaotic_mind999/status/1266757394568224768,False,,0,,,,,,,"[{'user_id': '141181083', 'username': 'Chaotic_mind999'}]",,,,
1266755727827206144,1266735518370238464,1590853075000,2020-05-30,21:07:55,IST,933595256,thecanonfanboy,Bobby Roy,,"Now, it's #Unlock1! Seems like a video-game stage name! Sab kuch hi open ho gaya hai, ab #lockdown se Unlock 1! New set of stages. Oh God! 🤔",['that_desi_girl'],[],[],0,0,1,"['#unlock1', '#lockdown']",[],https://twitter.com/theCanonFanboy/status/1266755727827206144,False,,0,,,,,,,"[{'user_id': '933595256', 'username': 'theCanonFanboy'}, {'user_id': '350114481', 'username': 'That_Desi_Girl'}]",,,,
1266747507888930816,1266747507888930816,1590851115000,2020-05-30,20:35:15,IST,744341894876979201,hisham_osmani,Hisham Osmani,,"#Modi ji ne @RahulGandhi ji ko ek baar phir say sahi saabit kar diya, lockdown ko ek dum peak par le jaa kar khol diya.. taa ke ye confirm ho jai ke #LOCKDOWN_FAIL_HO_GAYA. #Unlock #unlock1",['rahulgandhi'],[],[],0,0,1,"['#modi', '#lockdown_fail_ho_gaya', '#unlock', '#unlock1']",[],https://twitter.com/hisham_osmani/status/1266747507888930816,False,,0,,,,,,,"[{'user_id': '744341894876979201', 'username': 'hisham_osmani'}, {'user_id': '3171712086', 'username': 'RahulGandhi'}]",,,,
1266747165973647369,1266747165973647369,1590851034000,2020-05-30,20:33:54,IST,1155269120,chintanmistry4,Chintan Mistry,,"Ab sahi me Aatma Nirbhar bharat ho gaya.
#Lockdown5
#Unlock1.0",[],[],[],0,0,0,"['#lockdown5', '#unlock1']",[],https://twitter.com/chintanmistry4/status/1266747165973647369,False,,0,,,,,,,"[{'user_id': '1155269120', 'username': 'chintanmistry4'}]",,,,
1266739906811801606,1266739906811801606,1590849303000,2020-05-30,20:05:03,IST,807079526765391874,akachotachef,Remy,,"Ye to whi ho gya ki Koi..Mil Gaya hi
Krrish 1 thi🤣
#Lockdown5 #Unlock1",[],[],[],0,0,2,"['#lockdown5', '#unlock1']",[],https://twitter.com/akachotachef/status/1266739906811801606,False,,0,,,,,,,"[{'user_id': '807079526765391874', 'username': 'akachotachef'}]",,,,
1266736427850706944,1266736427850706944,1590848473000,2020-05-30,19:51:13,IST,290295040,amzad_ansari,Amzad Ansari,,"#Lockdown5  bach gaya
#Unlock1 bach kr kidhar jayega  pic.twitter.com/eIKPtwEToQ",[],[],['https://pbs.twimg.com/media/EZRaDm1UYAIqUxh.jpg'],0,1,1,"['#lockdown5', '#unlock1']",[],https://twitter.com/Amzad_Ansari/status/1266736427850706944,False,,0,,,,,,,"[{'user_id': '290295040', 'username': 'Amzad_Ansari'}]",,,,
1266734184162189319,1266734184162189319,1590847938000,2020-05-30,19:42:18,IST,91569128,a20nitin,Nitin Chavan,,"HMO notification na ho gaya, exam result ho gaya #Lockdown5 #Unlock1",[],[],[],0,0,0,"['#lockdown5', '#unlock1']",[],https://twitter.com/a20nitin/status/1266734184162189319,False,,0,,,,,,,"[{'user_id': '91569128', 'username': 'a20nitin'}]",,,,
1266730835664748545,1266730835664748545,1590847140000,2020-05-30,19:29:00,IST,133686446,rhtswn,Rohit Swain,,Meanwhile IT BOSS be like - ‘Ab to lockdown bhi khul gaya hai’  #Unlock1,[],[],[],0,0,1,['#unlock1'],[],https://twitter.com/rhtswn/status/1266730835664748545,False,,0,,,,,,,"[{'user_id': '133686446', 'username': 'rhtswn'}]",,,,
1266725956418330625,1266725956418330625,1590845977000,2020-05-30,19:09:37,IST,946756761360277504,digitalgaur4u,Lokesh Gaur® 2.0,,"Shayad #2020 mein ab yahi dekhna baaki reh gaya tha😱🤦😔😜

Bhains ki aankh,
#CoronavirusLockdown mein #covid_19Ke cases pe bhi sattey baazi ho rahi hai🤦

Dekh tere sansaar ki halat kya ho gayi Bhagwan,
Kitna badal gaya insaan🙏
@theskindoctor13
@desimojito
#Unlock
#Unlock1  pic.twitter.com/9hx8PHq0P0","['theskindoctor13', 'desimojito']",[],['https://pbs.twimg.com/media/EZRQicCUEAEg-xr.jpg'],0,0,0,"['#coronaviruslockdown', '#covid_19ke', '#unlock', '#unlock1']",[],https://twitter.com/DigitalGaur4U/status/1266725956418330625,False,,0,,,,,,,"[{'user_id': '946756761360277504', 'username': 'DigitalGaur4U'}, {'user_id': '797720168713441280', 'username': 'theskindoctor13'}, {'user_id': '4789453135', 'username': 'desimojito'}]",,,,
