id,conversation_id,created_at,date,time,timezone,user_id,username,name,place,tweet,mentions,urls,photos,replies_count,retweets_count,likes_count,hashtags,cashtags,link,retweet,quote_url,video,near,geo,source,user_rt_id,user_rt,retweet_id,reply_to,retweet_date,translate,trans_src,trans_dest
1269853937257123841,1269853937257123841,1591591746000,2020-06-08,10:19:06,IST,1148200700939124736,kajal98227082,Kajal,,"#Unlock1 #unlock2 #Bihar #bihari #BiharElection #bihargovtinitiative #nitishkumar #bhojpur #Patna #darbhanga #muaffarpur #gaya #Hindinews 

Unlock 1.0: बिहार में क्या खुला और क्या है बंद https://tinyurl.com/tw77yb7 ",[],['https://tinyurl.com/tw77yb7'],[],0,0,0,"['#unlock1', '#unlock2', '#bihar', '#bihari', '#biharelection', '#bihargovtinitiative', '#nitishkumar', '#bhojpur', '#patna', '#darbhanga', '#muaffarpur', '#gaya', '#hindinews']",[],https://twitter.com/Kajal98227082/status/1269853937257123841,False,,0,,,,,,,"[{'user_id': '1148200700939124736', 'username': 'Kajal98227082'}]",,,,
1267041630563053571,1267041630563053571,1590921239000,2020-05-31,16:03:59,IST,1255034503627714560,darbhanga_live,Darbhanga Live | #StayHome #StaySafe,,"पूरी खबर :  https://darbhangalive.in 
Follow Darbhanga Live for News updates from Darbhanga and the world. 
#Coronaupdatesindia #Lockdown5 #patna #Unlock1  pic.twitter.com/Wb1y2KWCMh",[],['https://darbhangalive.in'],['https://pbs.twimg.com/media/EZVvk4JWoAAtRZj.jpg'],0,0,3,"['#coronaupdatesindia', '#lockdown5', '#patna', '#unlock1']",[],https://twitter.com/darbhanga_live/status/1267041630563053571,False,,0,,,,,,,"[{'user_id': '1255034503627714560', 'username': 'darbhanga_live'}]",,,,
