id,conversation_id,created_at,date,time,timezone,user_id,username,name,place,tweet,mentions,urls,photos,replies_count,retweets_count,likes_count,hashtags,cashtags,link,retweet,quote_url,video,near,geo,source,user_rt_id,user_rt,retweet_id,reply_to,retweet_date,translate,trans_src,trans_dest
1277435781272014850,1277435781272014850,1593399398000,2020-06-29,08:26:38,IST,1172354367590060032,fob_bhagalpur,"Field Outreach Bureau, Bhagalpur",,"#IndiaFightsCorona

अपने कर्त्तव्य को आगे रखने के लिए कोरोना योद्धाओं का हृदय से धन्यवाद।

#COVID19 #TogetherAgainstCovid19 #HealthForAll #SwasthaBharat #CoronaOutbreak #unlock1

Via @MoHFW_INDIA pic.twitter.com/nO33Ubiig1",['mohfw_india'],[],['https://pbs.twimg.com/media/EbpdEnhX0AEWYTb.jpg'],0,2,1,"['#indiafightscorona', '#covid19', '#togetheragainstcovid19', '#healthforall', '#swasthabharat', '#coronaoutbreak', '#unlock1']",[],https://twitter.com/FOB_Bhagalpur/status/1277435781272014850,False,,0,,,,,,,"[{'user_id': '1172354367590060032', 'username': 'FOB_Bhagalpur'}, {'user_id': '2596143056', 'username': 'MoHFW_INDIA'}]",,,,
1276321777157840897,1276321777157840897,1593133799000,2020-06-26,06:39:59,IST,1172354367590060032,fob_bhagalpur,"Field Outreach Bureau, Bhagalpur",,"#IndiaFightsCorona

इन आवश्यक वस्तुओं को अपने साथ रखें और #COVID19 के संक्रमण से खुद को और दूसरों को सुरक्षित रखें। 
बदलकर अपना व्यवहार, करें कोरोना पर वार।
 
#HealthForAll #SwasthaBharat #CoronaOutbreak #Unlock1 #TogetherAgainstCovid19
Via @MoHFW_INDIA pic.twitter.com/z7CENI1ac8",['mohfw_india'],[],['https://pbs.twimg.com/media/EbZn4DSWAAA9te5.jpg'],0,4,5,"['#indiafightscorona', '#covid19', '#healthforall', '#swasthabharat', '#coronaoutbreak', '#unlock1', '#togetheragainstcovid19']",[],https://twitter.com/FOB_Bhagalpur/status/1276321777157840897,False,,0,,,,,,,"[{'user_id': '1172354367590060032', 'username': 'FOB_Bhagalpur'}, {'user_id': '2596143056', 'username': 'MoHFW_INDIA'}]",,,,
1276038082421125121,1276038082421125121,1593066161000,2020-06-25,11:52:41,IST,1172354367590060032,fob_bhagalpur,"Field Outreach Bureau, Bhagalpur",,"#IndiaFightsCorona

COVID-19 से पूरी तरह से ठीक होने वाले विजेताओं का सम्मान है। 

#TogetherAgainstCOVID19 #HealthForAll #SwasthaBharat #CoronaOutbreak #Unlock1

Via
@MoHFW_INDIA pic.twitter.com/Uq2hwsFPsr",['mohfw_india'],[],['https://pbs.twimg.com/media/EbVl0cNUMAEHWhL.jpg'],0,0,0,"['#indiafightscorona', '#togetheragainstcovid19', '#healthforall', '#swasthabharat', '#coronaoutbreak', '#unlock1']",[],https://twitter.com/FOB_Bhagalpur/status/1276038082421125121,False,,0,,,,,,,"[{'user_id': '1172354367590060032', 'username': 'FOB_Bhagalpur'}, {'user_id': '2596143056', 'username': 'MoHFW_INDIA'}]",,,,
1276034400770158594,1276034400770158594,1593065283000,2020-06-25,11:38:03,IST,1172354367590060032,fob_bhagalpur,"Field Outreach Bureau, Bhagalpur",,"#IndiaFightsCorona

हमें अपने रक्षक कोरोना योद्धाओं पर गर्व है। 

#TogetherAgainstCOVID19 #HealthForAll #SwasthaBharat #CoronaOutbreak #Unlock1 

Via 
@MoHFW_INDIA pic.twitter.com/jyEfRMs3hF",['mohfw_india'],[],['https://pbs.twimg.com/media/EbViWKBUMAI6rL-.jpg'],0,2,5,"['#indiafightscorona', '#togetheragainstcovid19', '#healthforall', '#swasthabharat', '#coronaoutbreak', '#unlock1']",[],https://twitter.com/FOB_Bhagalpur/status/1276034400770158594,False,,0,,,,,,,"[{'user_id': '1172354367590060032', 'username': 'FOB_Bhagalpur'}, {'user_id': '2596143056', 'username': 'MoHFW_INDIA'}]",,,,
1276002477020639233,1276002477020639233,1593057672000,2020-06-25,09:31:12,IST,1172354367590060032,fob_bhagalpur,"Field Outreach Bureau, Bhagalpur",,"#IndiaFightsCorona

घर पर बने पुनः उपयोग होने वाले फेस कवर/मास्क का दोबारा इस्तेमाल करने से पहले उसे अच्छे से धोएं। 
बदलकर अपना व्यवहार, करें कोरोना पर वार। 

#HealthForAll #SwasthaBharat #CoronaOutbreak #Unlock1 #TogetherAgainstCovid19

Via @MoHFW_INDIA pic.twitter.com/Z8AAEaONLK",['mohfw_india'],[],['https://pbs.twimg.com/media/EbVFXZnUMAA2kqV.jpg'],0,8,5,"['#indiafightscorona', '#healthforall', '#swasthabharat', '#coronaoutbreak', '#unlock1', '#togetheragainstcovid19']",[],https://twitter.com/FOB_Bhagalpur/status/1276002477020639233,False,,0,,,,,,,"[{'user_id': '1172354367590060032', 'username': 'FOB_Bhagalpur'}, {'user_id': '2596143056', 'username': 'MoHFW_INDIA'}]",,,,
1275340062063017984,1275340062063017984,1592899740000,2020-06-23,13:39:00,IST,1172354367590060032,fob_bhagalpur,"Field Outreach Bureau, Bhagalpur",,"#IndiaFightsCorona
#COVID19 के संक्रमण से बचने के लिए इन दिशानिर्देशों का हर समय पालन करें और खुद को एवं दूसरों को सुरक्षित रखें। बदलकर अपना व्यवहार, करें कोरोना पर वार।

 #TogetherAgainstCOVID19 #HealthForAll #SwasthaBharat #CoronaOutbreak #Unlock1

Via @MoHFW_INDIA pic.twitter.com/nOlGra9SDh",['mohfw_india'],[],['https://pbs.twimg.com/media/EbLrBHDUYAADNMa.jpg'],0,0,0,"['#indiafightscorona', '#covid19', '#togetheragainstcovid19', '#healthforall', '#swasthabharat', '#coronaoutbreak', '#unlock1']",[],https://twitter.com/FOB_Bhagalpur/status/1275340062063017984,False,,0,,,,,,,"[{'user_id': '1172354367590060032', 'username': 'FOB_Bhagalpur'}, {'user_id': '2596143056', 'username': 'MoHFW_INDIA'}]",,,,
1273767404904935425,1273767404904935425,1592524789000,2020-06-19,05:29:49,IST,1172354367590060032,fob_bhagalpur,"Field Outreach Bureau, Bhagalpur",,"#IndiaFightsCorona

खुद को और दूसरों को सुरक्षित रखें। दूसरों से उचित दूरी बनाकर रखें। बदलकर अपना व्यवहार, करें कोरोना पर वार।

 #TogetherAgainstCovid19 #HealthForAll #SwasthaBharat #CoronaOutbreak #Unlock1 
 Via @MoHFW_INDIA",['mohfw_india'],[],[],0,1,1,"['#indiafightscorona', '#togetheragainstcovid19', '#healthforall', '#swasthabharat', '#coronaoutbreak', '#unlock1']",[],https://twitter.com/FOB_Bhagalpur/status/1273767404904935425,False,,0,,,,,,,"[{'user_id': '1172354367590060032', 'username': 'FOB_Bhagalpur'}, {'user_id': '2596143056', 'username': 'MoHFW_INDIA'}]",,,,
1271372914655236097,1271372914655236097,1591953898000,2020-06-12,14:54:58,IST,1172354367590060032,fob_bhagalpur,"Field Outreach Bureau, Bhagalpur",,"बदलकर अपना व्यवहार, करें कोरोना पर वार।
स्वस्थ रहें, सुरक्षित रहें।

#TogetherAgainstCovid19 #HealthForAll #SwasthaBharat #CoronaOutbreak #Unlock1  pic.twitter.com/nDqslxxg7T",[],[],['https://pbs.twimg.com/media/EaTS496UwAIGj_c.jpg'],0,0,2,"['#togetheragainstcovid19', '#healthforall', '#swasthabharat', '#coronaoutbreak', '#unlock1']",[],https://twitter.com/FOB_Bhagalpur/status/1271372914655236097,False,,0,,,,,,,"[{'user_id': '1172354367590060032', 'username': 'FOB_Bhagalpur'}]",,,,
1271372243306602496,1271372243306602496,1591953738000,2020-06-12,14:52:18,IST,1172354367590060032,fob_bhagalpur,"Field Outreach Bureau, Bhagalpur",,"ख़ुद की और दूसरों की सुरक्षा के लिए मास्क पहनें। 
बदलकर अपना व्यवहार, करें कोरोना पर वार।
स्वस्थ रहें, सुरक्षित रहें।

#TogetherAgainstCovid19 #HealthForAll #SwasthaBharat #CoronaOutbreak #Unlock1
 via @MoHFW_INDIA pic.twitter.com/gae0AMGCGC",['mohfw_india'],[],['https://pbs.twimg.com/media/EaTSCC-VcAAjpBg.jpg'],0,1,1,"['#togetheragainstcovid19', '#healthforall', '#swasthabharat', '#coronaoutbreak', '#unlock1']",[],https://twitter.com/FOB_Bhagalpur/status/1271372243306602496,False,,0,,,,,,,"[{'user_id': '1172354367590060032', 'username': 'FOB_Bhagalpur'}, {'user_id': '2596143056', 'username': 'MoHFW_INDIA'}]",,,,
1269949666914758656,1269949666914758656,1591614569000,2020-06-08,16:39:29,IST,1172354367590060032,fob_bhagalpur,"Field Outreach Bureau, Bhagalpur",,"शारीरिक रूप से कमज़ोर और बीमार व्यक्तियों की सुरक्षा सुनिश्चित करने के लिए उन्हें घर में रहना आवश्यक है. 
#IndiaFightsCorona #Socialsecurity #StayHomeStaySafe #Unlock1 

Via-  @mygovindia pic.twitter.com/tXx1eR0F5c",['mygovindia'],[],['https://pbs.twimg.com/media/EZ_EcPEVAAEqm-e.jpg'],0,1,1,"['#indiafightscorona', '#socialsecurity', '#stayhomestaysafe', '#unlock1']",[],https://twitter.com/FOB_Bhagalpur/status/1269949666914758656,False,,0,,,,,,,"[{'user_id': '1172354367590060032', 'username': 'FOB_Bhagalpur'}, {'user_id': '2686834802', 'username': 'mygovindia'}]",,,,
1269221186627485697,1269221186627485697,1591440886000,2020-06-06,16:24:46,IST,1172354367590060032,fob_bhagalpur,"Field Outreach Bureau, Bhagalpur",,"#IndiaFightsCorona

आइये इस खेल में COVID-19 को हराएँ। मास्क हर समय पहनें और #COVID19 से ख़ुद को और दूसरों को सुरक्षित रखें। बदलकर अपना व्यवहार, करें कोरोना पर वार। 

#HealthForAll #CoronaOutbreak #SwasthaBharat #Unlock1

Via @MoHFW_INDIA pic.twitter.com/e9bzNPaOnN",['mohfw_india'],[],['https://pbs.twimg.com/media/EZ0t4e7UYAAKeOr.jpg'],0,0,1,"['#indiafightscorona', '#covid19', '#healthforall', '#coronaoutbreak', '#swasthabharat', '#unlock1']",[],https://twitter.com/FOB_Bhagalpur/status/1269221186627485697,False,,0,,,,,,,"[{'user_id': '1172354367590060032', 'username': 'FOB_Bhagalpur'}, {'user_id': '2596143056', 'username': 'MoHFW_INDIA'}]",,,,
1268485475829870593,1268485475829870593,1591265479000,2020-06-04,15:41:19,IST,1172354367590060032,fob_bhagalpur,"Field Outreach Bureau, Bhagalpur",,"#IndiaFightsCorona

भीड़-भाड़ वाले स्थानों से दूर रहें। आइये, इस आदत को अपनाएं और सुरक्षा के नियमों का पालन करें। 
 #HealthForAll #SwasthaBharat #CoronaOutbreak #Unlock1 
via @MoHFW_INDIA pic.twitter.com/qTUrIi9wXU",['mohfw_india'],[],['https://pbs.twimg.com/media/EZqQsfnU8AAIZzx.jpg'],0,0,0,"['#indiafightscorona', '#healthforall', '#swasthabharat', '#coronaoutbreak', '#unlock1']",[],https://twitter.com/FOB_Bhagalpur/status/1268485475829870593,False,,0,,,,,,,"[{'user_id': '1172354367590060032', 'username': 'FOB_Bhagalpur'}, {'user_id': '2596143056', 'username': 'MoHFW_INDIA'}]",,,,
1268484193756917761,1268484193756917761,1591265173000,2020-06-04,15:36:13,IST,1172354367590060032,fob_bhagalpur,"Field Outreach Bureau, Bhagalpur",,"#IndiaFightsCorona
दूसरों से उचित दूरी, सबकी सुरक्षा के लिए ज़रूरी। हमें मिलकर #COVID19 से लड़ना है। 
#HealthForAll #SwasthaBharat #CoronaOutbreak #Unlock1 Via @MoHFW_INDIA pic.twitter.com/NVZ3Y2DdIx",['mohfw_india'],[],['https://pbs.twimg.com/media/EZqPi9FUwAEya-x.jpg'],0,0,1,"['#indiafightscorona', '#covid19', '#healthforall', '#swasthabharat', '#coronaoutbreak', '#unlock1']",[],https://twitter.com/FOB_Bhagalpur/status/1268484193756917761,False,,0,,,,,,,"[{'user_id': '1172354367590060032', 'username': 'FOB_Bhagalpur'}, {'user_id': '2596143056', 'username': 'MoHFW_INDIA'}]",,,,
1268096400455200772,1268096400455200772,1591172716000,2020-06-03,13:55:16,IST,1172354367590060032,fob_bhagalpur,"Field Outreach Bureau, Bhagalpur",,"स्वास्थ्य सेवाकर्मियों के साथ भेदभाव न करें। तिरस्कार नहीं, तिलक करो।

 #HealthForAll #SwasthaBharat #CoronaOutbreak #Unlock1  pic.twitter.com/7hFgupHSBN",[],[],['https://pbs.twimg.com/media/EZku7p1U4AERe3h.jpg'],0,0,0,"['#healthforall', '#swasthabharat', '#coronaoutbreak', '#unlock1']",[],https://twitter.com/FOB_Bhagalpur/status/1268096400455200772,False,,0,,,,,,,"[{'user_id': '1172354367590060032', 'username': 'FOB_Bhagalpur'}]",,,,
1268084031364780032,1268084031364780032,1591169767000,2020-06-03,13:06:07,IST,1172354367590060032,fob_bhagalpur,"Field Outreach Bureau, Bhagalpur",,"#IndiaFightsCorona

आपस में उचित दूरी रखते हुए एक दूसरे का अभिवादन करें। इस जानकारी को साझा करें और अपनी सुरक्षा के लिए हमारी मदद करें। बदलकर अपना व्यवहार, करें कोरोना पर वार।

 #HealthForAll #SwasthaBharat #CoronaOutbreak #Unlock1  pic.twitter.com/g9VIeyD3XG",[],[],['https://pbs.twimg.com/media/EZkjslHXQAEix9R.jpg'],0,0,0,"['#indiafightscorona', '#healthforall', '#swasthabharat', '#coronaoutbreak', '#unlock1']",[],https://twitter.com/FOB_Bhagalpur/status/1268084031364780032,False,,0,,,,,,,"[{'user_id': '1172354367590060032', 'username': 'FOB_Bhagalpur'}]",,,,
1268067193473822720,1268067193473822720,1591165753000,2020-06-03,11:59:13,IST,1172354367590060032,fob_bhagalpur,"Field Outreach Bureau, Bhagalpur",,"#IndiaFightsCorona

खुले में थूकना स्वास्थ्य के लिए हानिकारक है और इससे #COVID19 के संक्रमण का खतरा बढ़ता है। 

#HealthForAll #SwasthaBharat #CoronaOutbreak #Unlock1 #unlock1Point0 pic.twitter.com/XJeSBrhWCD",[],[],['https://pbs.twimg.com/media/EZkT_3kU0AMptLB.jpg'],0,0,0,"['#indiafightscorona', '#covid19', '#healthforall', '#swasthabharat', '#coronaoutbreak', '#unlock1', '#unlock1point0']",[],https://twitter.com/FOB_Bhagalpur/status/1268067193473822720,False,,0,,,,,,,"[{'user_id': '1172354367590060032', 'username': 'FOB_Bhagalpur'}]",,,,
