id,conversation_id,created_at,date,time,timezone,user_id,username,name,place,tweet,mentions,urls,photos,replies_count,retweets_count,likes_count,hashtags,cashtags,link,retweet,quote_url,video,near,geo,source,user_rt_id,user_rt,retweet_id,reply_to,retweet_date,translate,trans_src,trans_dest
1277797978565033985,1277797978565033985,1593485753000,2020-06-30,08:25:53,IST,1017101762,toichandigarh,TOIChandigarh,,"If you are missing the TOI's print edition, click here to read the TOI epaper and your city edition 

 https://epaper.timesgroup.com/Olive/ODN/TimesOfIndia/# …
#Unlock1
#CautionYesPanicNo #CoronavirusOutbreak pic.twitter.com/qvpFW7OJ6y",[],['https://epaper.timesgroup.com/Olive/ODN/TimesOfIndia/#'],['https://pbs.twimg.com/media/Ebume7KUwAEJDDA.png'],0,0,0,"['#unlock1', '#cautionyespanicno', '#coronavirusoutbreak']",[],https://twitter.com/TOIChandigarh/status/1277797978565033985,False,,0,,,,,,,"[{'user_id': '1017101762', 'username': 'TOIChandigarh'}]",,,,
1277655050907578374,1277654147043430400,1593451676000,2020-06-29,22:57:56,IST,4752707640,robchandigarh,ROB Chandigarh,,"#Unlock1 

 All activities, except the following, shall be permitted outside containment zones

✔️ Metro Rail, Cinema halls, gymnasiums, swimming pools, entertainment parks, theatres, bars, auditoriums, assembly halls and similar places.

(5/n)

Read:  https://pib.gov.in/PressReleseDetailm.aspx?PRID=1635227# …",[],['https://pib.gov.in/PressReleseDetailm.aspx?PRID=1635227#'],[],0,7,6,['#unlock1'],[],https://twitter.com/ROBChandigarh/status/1277655050907578374,False,,0,,,,,,,"[{'user_id': '4752707640', 'username': 'ROBChandigarh'}]",,,,
1277504525377523712,1277504525377523712,1593415788000,2020-06-29,12:59:48,IST,4752707640,robchandigarh,ROB Chandigarh,,"#IndiaFightsCoronavirus 

कोरोना वारियर्स से भेदभाव न करें, उन्हें  सम्मान दें। 

#TogetherAgainstCovid19 #HealthForAll #SwasthaBharat #CoronaOutbreak #Unlock1  pic.twitter.com/fm7G7rJg5N",[],[],['https://pbs.twimg.com/media/Ebqbl_8UwAAu4ys.jpg'],0,10,8,"['#indiafightscoronavirus', '#togetheragainstcovid19', '#healthforall', '#swasthabharat', '#coronaoutbreak', '#unlock1']",[],https://twitter.com/ROBChandigarh/status/1277504525377523712,False,,0,,,,,,,"[{'user_id': '4752707640', 'username': 'ROBChandigarh'}]",,,,
1277061476444823552,1277061476444823552,1593310157000,2020-06-28,07:39:17,IST,1017101762,toichandigarh,TOIChandigarh,,"If you are missing the TOI's print edition, click here to read the TOI epaper and your city edition 

 https://epaper.timesgroup.com/Olive/ODN/TimesOfIndia/# …
#Unlock1
#CautionYesPanicNo #CoronavirusOutbreak pic.twitter.com/l8bIUf6QjC",[],['https://epaper.timesgroup.com/Olive/ODN/TimesOfIndia/#'],['https://pbs.twimg.com/media/EbkIn0rU0AAmNGd.png'],0,0,1,"['#unlock1', '#cautionyespanicno', '#coronavirusoutbreak']",[],https://twitter.com/TOIChandigarh/status/1277061476444823552,False,,0,,,,,,,"[{'user_id': '1017101762', 'username': 'TOIChandigarh'}]",,,,
1276815136070631425,1276815136070631425,1593251425000,2020-06-27,15:20:25,IST,4752707640,robchandigarh,ROB Chandigarh,,"#IndiaFightsCorona

We thank our nurses and health workers for placing their duty before everything else in the fight against COVID-19. They truly define selfless service. 

#TogetherAgainstCovid19 #HealthForAll #SwasthaBharat #CoronaOutbreak #Unlock1  pic.twitter.com/xj3oM8o3qM",[],[],['https://pbs.twimg.com/media/EbgomVqUwAA44Lg.jpg'],0,6,6,"['#indiafightscorona', '#togetheragainstcovid19', '#healthforall', '#swasthabharat', '#coronaoutbreak', '#unlock1']",[],https://twitter.com/ROBChandigarh/status/1276815136070631425,False,,0,,,,,,,"[{'user_id': '4752707640', 'username': 'ROBChandigarh'}]",,,,
1276815065421713409,1276815065421713409,1593251408000,2020-06-27,15:20:08,IST,4752707640,robchandigarh,ROB Chandigarh,,"#IndiaFightsCorona

India’s health workers are on the front-line of COVID-19 duty. Let us show collective support to our real heroes!

 #TogetherAgainstCovid19 #HealthForAll #SwasthaBharat #CoronaOutbreak #Unlock1  pic.twitter.com/m4iDahAP1D",[],[],['https://pbs.twimg.com/media/EbgoiNEUYAAKN8f.jpg'],0,6,6,"['#indiafightscorona', '#togetheragainstcovid19', '#healthforall', '#swasthabharat', '#coronaoutbreak', '#unlock1']",[],https://twitter.com/ROBChandigarh/status/1276815065421713409,False,,0,,,,,,,"[{'user_id': '4752707640', 'username': 'ROBChandigarh'}]",,,,
1276774624643043332,1276774624643043332,1593241766000,2020-06-27,12:39:26,IST,1211291550241570818,newsphh,News PHH (PunjabHaryanaHimachal),,"#Chandigarh/ पेट्रोल – डीजल की बढ़ती कीमतों के खिलाफ चंडीगढ़ महिला कांग्रेस ने किया केंद्र सरकार के खिलाफ प्रदर्शन
@sdineshaa @vpsbadnore @DgpChdPolice @pawanbansal_chd @KirronKherBJP #NewsPHH #Stayathome #Unlock1  pic.twitter.com/BjhDlIjMaM","['sdineshaa', 'vpsbadnore', 'dgpchdpolice', 'pawanbansal_chd', 'kirronkherbjp']",[],"['https://pbs.twimg.com/media/EbgDppQU8AAD-pr.jpg', 'https://pbs.twimg.com/media/EbgDsLUUcAA3KEq.jpg', 'https://pbs.twimg.com/media/EbgDvj9UMAIksAw.jpg', 'https://pbs.twimg.com/media/EbgDvkjU8AAbc5I.jpg']",0,1,2,"['#chandigarh', '#newsphh', '#stayathome', '#unlock1']",[],https://twitter.com/newsphh/status/1276774624643043332,False,,0,,,,,,,"[{'user_id': '1211291550241570818', 'username': 'newsphh'}, {'user_id': '59386018', 'username': 'sdineshaa'}, {'user_id': '2424317357', 'username': 'vpsbadnore'}, {'user_id': '1138294727525031936', 'username': 'DgpChdPolice'}, {'user_id': '1851257803', 'username': 'pawanbansal_chd'}, {'user_id': '2395668313', 'username': 'KirronKherBJP'}]",,,,
1276699983077498886,1276699983077498886,1593223970000,2020-06-27,07:42:50,IST,1017101762,toichandigarh,TOIChandigarh,,"If you are missing the TOI's print edition, click here to read the TOI epaper and your city edition 

 https://epaper.timesgroup.com/Olive/ODN/TimesOfIndia/# …
#Unlock1
#CautionYesPanicNo #CoronavirusOutbreak pic.twitter.com/RMubaGT9Xi",[],['https://epaper.timesgroup.com/Olive/ODN/TimesOfIndia/#'],['https://pbs.twimg.com/media/Ebe_3J9VAAEkCmk.png'],0,0,0,"['#unlock1', '#cautionyespanicno', '#coronavirusoutbreak']",[],https://twitter.com/TOIChandigarh/status/1276699983077498886,False,,0,,,,,,,"[{'user_id': '1017101762', 'username': 'TOIChandigarh'}]",,,,
1276076314592604162,1276076314592604162,1593075276000,2020-06-25,14:24:36,IST,567278796,pibchandigarh,PIB in Chandigarh,,"#IndiaFightsCorona 

Carry these essential items with you at all times and keep yourself and others safe from #COVID19. Safety comes first.
 #BadalkarApnaVyavaharKareinCoronaParVaar #HealthForAll #SwasthaBharat #CoronaOutbreak #Unlock1 #TogetherAgainstCovid19 pic.twitter.com/ziUsag2UaQ",[],[],['https://pbs.twimg.com/media/EbWIogbUEAEYKih.jpg'],0,1,2,"['#indiafightscorona', '#covid19', '#badalkarapnavyavaharkareincoronaparvaar', '#healthforall', '#swasthabharat', '#coronaoutbreak', '#unlock1', '#togetheragainstcovid19']",[],https://twitter.com/PIBChandigarh/status/1276076314592604162,False,,0,,,,,,,"[{'user_id': '567278796', 'username': 'PIBChandigarh'}]",,,,
1276076124062142465,1276076124062142465,1593075230000,2020-06-25,14:23:50,IST,567278796,pibchandigarh,PIB in Chandigarh,,"#IndiaFightsCorona

Maintain safe distance from each other. Share this information and help us to help you.

 #BadalkarApnaVyavaharKareinCoronaParVaar #TogetherAgainstCovid19 #HealthForAll #SwasthaBharat #CoronaOutbreak #Unlock1  pic.twitter.com/xTP6WvzfF8",[],[],['https://pbs.twimg.com/media/EbWIdolUMAAF26s.jpg'],0,1,1,"['#indiafightscorona', '#badalkarapnavyavaharkareincoronaparvaar', '#togetheragainstcovid19', '#healthforall', '#swasthabharat', '#coronaoutbreak', '#unlock1']",[],https://twitter.com/PIBChandigarh/status/1276076124062142465,False,,0,,,,,,,"[{'user_id': '567278796', 'username': 'PIBChandigarh'}]",,,,
1275977017775677441,1275977017775677441,1593051602000,2020-06-25,07:50:02,IST,1017101762,toichandigarh,TOIChandigarh,,"If you are missing the TOI's print edition, click here to read the TOI epaper and your city edition 

 https://epaper.timesgroup.com/Olive/ODN/TimesOfIndia/# …
#Unlock1
#CautionYesPanicNo #CoronavirusOutbreak pic.twitter.com/BtqEzJGXSl",[],['https://epaper.timesgroup.com/Olive/ODN/TimesOfIndia/#'],['https://pbs.twimg.com/media/EbUuVKdVcAAGVM1.png'],0,1,0,"['#unlock1', '#cautionyespanicno', '#coronavirusoutbreak']",[],https://twitter.com/TOIChandigarh/status/1275977017775677441,False,,0,,,,,,,"[{'user_id': '1017101762', 'username': 'TOIChandigarh'}]",,,,
1275760719544217602,1275760719544217602,1593000032000,2020-06-24,17:30:32,IST,769921573218160640,acolorfulriot,acolorfulriot,,"Our City Beautiful, Chandigarh is one of the cities dealing with the Coronavirus and its consequences might be here to stay as it comes out of lockdown.

 https://www.acolorfulriot.com/coronavirus-lockdown-in-city-beautiful-chandigarh-4154/ …
#coronavirus #chandigarh #Unlock1",[],['https://www.acolorfulriot.com/coronavirus-lockdown-in-city-beautiful-chandigarh-4154/'],[],0,0,0,"['#coronavirus', '#chandigarh', '#unlock1']",[],https://twitter.com/acolorfulriot/status/1275760719544217602,False,,0,,,,,,,"[{'user_id': '769921573218160640', 'username': 'acolorfulriot'}]",,,,
1275389062501691400,1275389062501691400,1592911422000,2020-06-23,16:53:42,IST,567278796,pibchandigarh,PIB in Chandigarh,,"ਹਾਲਾਂਕਿ ਦੇਸ਼ ਵਿੱਚ #COVID19 ਕੇਸਾਂ ਦੀ ਗਿਣਤੀ ਲਗਾਤਾਰ ਵੱਧਦੀ ਜਾ ਰਹੀ ਹੈ, ਪਰ ਜਿਵੇਂ ਕਿ #Amritsar ਵਿਖੇ ਦੁੱਧ ਦੀ ਡੇਅਰੀ ਦੇ ਮਾਲਕ ਸ਼੍ਰੀ ਸੁਖਵਿੰਦਰ ਸਿੰਘ ਨੇ ਦੱਸਿਆ ਹੈ #Unlock1 ਵਿੱਚ  ਵਪਾਰੀਆਂ ਦਰਮਿਆਨ ਸਕਰਾਤਮਕਤਾ ਦੀ ਭਾਵਨਾ ਅਤੇ ਨਵੀਂ ਉਮੀਦ ਦਾ ਸੰਚਾਰ ਹੋਇਆ ਹੈ।#IndiaMoves
@PIB_India
@MIB_India https://twitter.com/PIBChandigarh/status/1275310332936810496 …","['pib_india', 'mib_india']",['https://twitter.com/PIBChandigarh/status/1275310332936810496'],[],0,1,1,"['#covid19', '#amritsar', '#unlock1', '#indiamoves']",[],https://twitter.com/PIBChandigarh/status/1275389062501691400,False,https://twitter.com/PIBChandigarh/status/1275310332936810496,0,,,,,,,"[{'user_id': '567278796', 'username': 'PIBChandigarh'}, {'user_id': '231033118', 'username': 'PIB_India'}, {'user_id': '920488039', 'username': 'MIB_India'}]",,,,
1275368925492948993,1275368925492948993,1592906621000,2020-06-23,15:33:41,IST,2839264760,punjabupdate,Punjab Update,,###Chandigarh Administration issued the new guidelines for phased #reopening (unlock-1). read the full news click : #unlock1 #ChandigarhAdministration #Punjab #BreakingNews #LatestHeadlines #Slider #TodayNews #TopNews #TopStory - https://is.gd/gaJ1Py  pic.twitter.com/uNWOI6RS9K,[],['https://is.gd/gaJ1Py'],['https://pbs.twimg.com/media/EbMFR0kU8AYKSiN.jpg'],0,0,1,"['#chandigarh', '#reopening', '#unlock1', '#chandigarhadministration', '#punjab', '#breakingnews', '#latestheadlines', '#slider', '#todaynews', '#topnews', '#topstory']",[],https://twitter.com/Punjabupdate/status/1275368925492948993,False,,0,,,,,,,"[{'user_id': '2839264760', 'username': 'Punjabupdate'}]",,,,
1275310332936810496,1275310332936810496,1592892652000,2020-06-23,11:40:52,IST,567278796,pibchandigarh,PIB in Chandigarh,,"Even though the number of #COVID19 cases continue to inch up in the country, the roll out of #Unlock1  has infused a sentiment of postivity and hope amongst the businessmen as stated by Shri Sukwinder Singh, a milk dairy owner in #Amritsar
#IndiaMoves
@PIB_India @MIB_India pic.twitter.com/ytd6oahAKw","['pib_india', 'mib_india']",[],[],0,1,0,"['#covid19', '#unlock1', '#amritsar', '#indiamoves']",[],https://twitter.com/PIBChandigarh/status/1275310332936810496,False,,1,,,,,,,"[{'user_id': '567278796', 'username': 'PIBChandigarh'}, {'user_id': '231033118', 'username': 'PIB_India'}, {'user_id': '920488039', 'username': 'MIB_India'}]",,,,
1275253873091858432,1275253873091858432,1592879191000,2020-06-23,07:56:31,IST,4752707640,robchandigarh,ROB Chandigarh,,"Even though the number of #COVID19 cases continue to inch up in the country, the roll out of #Unlock1  has infused a sentiment of postivity and hope amongst the businessmen as stated by Shri Sukwinder Singh, a milk dairy owner in #Amritsar
#IndiaMoves
@BOC_MIB @PIB_India pic.twitter.com/hpokELzgio","['boc_mib', 'pib_india']",[],[],0,7,9,"['#covid19', '#unlock1', '#amritsar', '#indiamoves']",[],https://twitter.com/ROBChandigarh/status/1275253873091858432,False,,1,,,,,,,"[{'user_id': '4752707640', 'username': 'ROBChandigarh'}, {'user_id': '2586283550', 'username': 'BOC_MIB'}, {'user_id': '231033118', 'username': 'PIB_India'}]",,,,
1274986870888251393,1274986870888251393,1592815532000,2020-06-22,14:15:32,IST,1211291550241570818,newsphh,News PHH (PunjabHaryanaHimachal),,"#Chandigarh में आज @AAPPunjab के #MLAs #LOP @HarpalCheemaMLA की अध्यक्षता में #Punjab #FM @MSBADAL के घर का करेंगे घेराव 
@sdineshaa @capt_amarinder @BhagwantMann @sunilkjakhar @officeofssbadal #NewsPHH #Stayathome #Unlock1","['aappunjab', 'harpalcheemamla', 'msbadal', 'sdineshaa', 'capt_amarinder', 'bhagwantmann', 'sunilkjakhar', 'officeofssbadal']",[],[],0,1,1,"['#chandigarh', '#mlas', '#lop', '#punjab', '#fm', '#newsphh', '#stayathome', '#unlock1']",[],https://twitter.com/newsphh/status/1274986870888251393,False,,0,,,,,,,"[{'user_id': '1211291550241570818', 'username': 'newsphh'}, {'user_id': '3320822658', 'username': 'AAPPunjab'}, {'user_id': '712503963988287488', 'username': 'HarpalCheemaMLA'}, {'user_id': '228496534', 'username': 'MSBADAL'}, {'user_id': '59386018', 'username': 'sdineshaa'}, {'user_id': '263090427', 'username': 'capt_amarinder'}, {'user_id': '170396389', 'username': 'BhagwantMann'}, {'user_id': '3153134184', 'username': 'sunilkjakhar'}, {'user_id': '3419496855', 'username': 'officeofssbadal'}]",,,,
1274596539243966464,1274596539243966464,1592722470000,2020-06-21,12:24:30,IST,1211291550241570818,newsphh,News PHH (PunjabHaryanaHimachal),,"#Chandigarh प्रशासक ने @vpsbadnore ने  #Internationalyogaday2020 पर किया योग
@sdineshaa @PMOIndia @DgpChdPolice @ChandigarhAdmin #NewsPHH #Stayathome #Unlock1  pic.twitter.com/lQpLwoTKfC","['vpsbadnore', 'sdineshaa', 'pmoindia', 'dgpchdpolice', 'chandigarhadmin']",[],"['https://pbs.twimg.com/media/EbBGvhAUYAAF1mP.jpg', 'https://pbs.twimg.com/media/EbBGykGUMAEf_IG.jpg']",0,2,4,"['#chandigarh', '#internationalyogaday2020', '#newsphh', '#stayathome', '#unlock1']",[],https://twitter.com/newsphh/status/1274596539243966464,False,,0,,,,,,,"[{'user_id': '1211291550241570818', 'username': 'newsphh'}, {'user_id': '2424317357', 'username': 'vpsbadnore'}, {'user_id': '59386018', 'username': 'sdineshaa'}, {'user_id': '471741741', 'username': 'PMOIndia'}, {'user_id': '1138294727525031936', 'username': 'DgpChdPolice'}, {'user_id': '977483397005283328', 'username': 'ChandigarhAdmin'}]",,,,
1274377007015399424,1274377007015399424,1592670129000,2020-06-20,21:52:09,IST,2424317357,vpsbadnore,V P Singh Badnore,,"With the opening up of the economic activities during the #Unlock1 of the #Pandemic, I commend the informed citizens of #Chandigarh regarding the community participation, awareness and new behavioural norms that need to be followed to defeat #Covid_19",[],[],[],6,9,116,"['#unlock1', '#pandemic', '#chandigarh', '#covid_19']",[],https://twitter.com/vpsbadnore/status/1274377007015399424,False,,0,,,,,,,"[{'user_id': '2424317357', 'username': 'vpsbadnore'}]",,,,
1273834996302675968,1273834996302675968,1592540904000,2020-06-19,09:58:24,IST,1211291550241570818,newsphh,News PHH (PunjabHaryanaHimachal),,"#Chandigarh में हुई झमाझम बारिश, गर्मी से मिली लोगों को निजात
@sdineshaa @vpsbadnore @capt_amarinder @mlkhattar #NewsPHH #Stayathome #Unlock1  pic.twitter.com/5zDrhLYoZr","['sdineshaa', 'vpsbadnore', 'capt_amarinder', 'mlkhattar']",[],"['https://pbs.twimg.com/media/Ea2SHLYUYAEnvJ_.jpg', 'https://pbs.twimg.com/media/Ea2SKdaU4AImIiO.jpg']",0,2,8,"['#chandigarh', '#newsphh', '#stayathome', '#unlock1']",[],https://twitter.com/newsphh/status/1273834996302675968,False,,0,,,,,,,"[{'user_id': '1211291550241570818', 'username': 'newsphh'}, {'user_id': '59386018', 'username': 'sdineshaa'}, {'user_id': '2424317357', 'username': 'vpsbadnore'}, {'user_id': '263090427', 'username': 'capt_amarinder'}, {'user_id': '295833852', 'username': 'mlkhattar'}]",,,,
1273832851083898882,1273832851083898882,1592540393000,2020-06-19,09:49:53,IST,1211291550241570818,newsphh,News PHH (PunjabHaryanaHimachal),,"क्या देश आत्मनिर्भरता की ओर बढ़ रहा है ?
#NewsPHH #Punjab #Haryana #Himachal #Chandigarh #Amritsar #Jalandhar #Patiala #Mansa #Mohali #Karnal #Faridabad #Hisar #Rohtak #Sirsa #Bhiwani #Shimla #Solan #Kangra #Mandi #Kullu #Unlock1 #FridayMorning",[],[],[],0,3,1,"['#newsphh', '#punjab', '#haryana', '#himachal', '#chandigarh', '#amritsar', '#jalandhar', '#patiala', '#mansa', '#mohali', '#karnal', '#faridabad', '#hisar', '#rohtak', '#sirsa', '#bhiwani', '#shimla', '#solan', '#kangra', '#mandi', '#kullu', '#unlock1', '#fridaymorning']",[],https://twitter.com/newsphh/status/1273832851083898882,False,,0,,,,,,,"[{'user_id': '1211291550241570818', 'username': 'newsphh'}]",,,,
1273462606259347457,1273462606259347457,1592452119000,2020-06-18,09:18:39,IST,1211291550241570818,newsphh,News PHH (PunjabHaryanaHimachal),,"क्या भारतीय नागरिकों को भी चीनी सामान का बॉयकॉट कर चीन के खिलाफ लड़ाई में अपना योगदान देना चाहिए ?
#NewsPHH #Punjab #Haryana #Himachal #Chandigarh #Amritsar #Patiala @Mansa #Karnal #Rohtak #Hisar #Shimla #Solan #Kangra #Unlock1 #Stayathome",['mansa'],[],[],0,3,1,"['#newsphh', '#punjab', '#haryana', '#himachal', '#chandigarh', '#amritsar', '#patiala', '#karnal', '#rohtak', '#hisar', '#shimla', '#solan', '#kangra', '#unlock1', '#stayathome']",[],https://twitter.com/newsphh/status/1273462606259347457,False,,0,,,,,,,"[{'user_id': '1211291550241570818', 'username': 'newsphh'}, {'user_id': '18859370', 'username': 'Mansa'}]",,,,
1272732653037383680,1272732653037383680,1592278085000,2020-06-16,08:58:05,IST,1211291550241570818,newsphh,News PHH (PunjabHaryanaHimachal),,"क्या कोरोना काल में लोगों को तनाव मुक्त रखने के लिए भी कैंपेन चलानी चाहिए ?
#NewsPHH #Punjab #Haryana #Himachal #Chandigarh #Amritsar #Jalandhar #Muktsar #Mansa #Karnal #Sirsa #Hisar #Gurgram #Shimla #Solan #Chamba #Kangra #Mandi #Unlock1 #TuesdayMorning",[],[],[],0,5,1,"['#newsphh', '#punjab', '#haryana', '#himachal', '#chandigarh', '#amritsar', '#jalandhar', '#muktsar', '#mansa', '#karnal', '#sirsa', '#hisar', '#gurgram', '#shimla', '#solan', '#chamba', '#kangra', '#mandi', '#unlock1', '#tuesdaymorning']",[],https://twitter.com/newsphh/status/1272732653037383680,False,,0,,,,,,,"[{'user_id': '1211291550241570818', 'username': 'newsphh'}]",,,,
1272175440812060673,1272175440812060673,1592145235000,2020-06-14,20:03:55,IST,1211291550241570818,newsphh,News PHH (PunjabHaryanaHimachal),,"#Chandigarh में 50 हुई कोरोना के एक्टिव केस की संख्या-स्वास्थ्य विभाग
@sdineshaa @vpsbadnore @ChandigarhAdmin #NewsPHH #Unlock1 #Stayathome","['sdineshaa', 'vpsbadnore', 'chandigarhadmin']",[],[],0,1,3,"['#chandigarh', '#newsphh', '#unlock1', '#stayathome']",[],https://twitter.com/newsphh/status/1272175440812060673,False,,0,,,,,,,"[{'user_id': '1211291550241570818', 'username': 'newsphh'}, {'user_id': '59386018', 'username': 'sdineshaa'}, {'user_id': '2424317357', 'username': 'vpsbadnore'}, {'user_id': '977483397005283328', 'username': 'ChandigarhAdmin'}]",,,,
1271486673407348741,1271486673407348741,1591981020000,2020-06-12,22:27:00,IST,961193852525797376,ddnewschd,DD News Chandigarh,,"#Unlock1 में पहली बार पढ़ी गई जुमे की नमाज.
#lockdown के बाद हुए #Unlock1 में कुछ शर्तों के साथ इबादतगाहों को खोलने की मिली अनुमति के पश्चात शुक्रवार को मस्जिद में पहली बार सामूहिक नमाज अदा की गई।#Chandigarh @DDNewsHindi
@ROBChandigarh pic.twitter.com/nfKdcftMzv","['ddnewshindi', 'robchandigarh']",[],[],0,0,2,"['#unlock1', '#lockdown', '#unlock1', '#chandigarh']",[],https://twitter.com/DDnewschd/status/1271486673407348741,False,,1,,,,,,,"[{'user_id': '961193852525797376', 'username': 'DDnewschd'}, {'user_id': '1966507722', 'username': 'DDNewsHindi'}, {'user_id': '4752707640', 'username': 'ROBChandigarh'}]",,,,
1271322695611768832,1271322695611768832,1591941925000,2020-06-12,11:35:25,IST,1238019187953434627,indiarelease,India Press Release,,"#WTC Chandigarh kick starts the economic cycle of the region
 https://bit.ly/WTCchandigarh 
#Indiapressrelease #Chandigarh #Unlock1 #economicgrowth pic.twitter.com/uTjgLIRHEP",[],['https://bit.ly/WTCchandigarh'],['https://pbs.twimg.com/media/EaSlQHwUEAIim4-.jpg'],0,2,6,"['#wtc', '#indiapressrelease', '#chandigarh', '#unlock1', '#economicgrowth']",[],https://twitter.com/IndiaRelease/status/1271322695611768832,False,,0,,,,,,,"[{'user_id': '1238019187953434627', 'username': 'IndiaRelease'}]",,,,
1271295675871883264,1271295675871883264,1591935483000,2020-06-12,09:48:03,IST,1237970134053994496,harmitk26,Harmit Kaur,,"Hot and sexy Chandigarh Escorts and Call girls available, To Book and Hire, Visit -  http://www.harmitkaur.com/ 
------
#CoronaOutbreak #lingerieaddict #BlackOutDay2020 #blacklingerie #Unlock1 #ChandigarhEscorts #IndependentEscortsinChandigarh #Femaleescorts #follow4follow #Like4like pic.twitter.com/9fYBYqY0YY",[],['http://www.harmitkaur.com/'],['https://pbs.twimg.com/media/EaSLnrfU4AAbAf-.jpg'],0,0,0,"['#coronaoutbreak', '#lingerieaddict', '#blackoutday2020', '#blacklingerie', '#unlock1', '#chandigarhescorts', '#independentescortsinchandigarh', '#femaleescorts', '#follow4follow', '#like4like']",[],https://twitter.com/HarmitK26/status/1271295675871883264,False,,0,,,,,,,"[{'user_id': '1237970134053994496', 'username': 'HarmitK26'}]",,,,
1270998770222653446,1270998770222653446,1591864695000,2020-06-11,14:08:15,IST,3690561734,connectgujarat,ConnectGujarat,,Chandigarh: Buses being sanitised by the Chandigarh Transport Department at the Interstate Bus Terminal of Sector 43 today.  #COVID19 #Chandigarh #UnLock1 #IndiaFightCorona pic.twitter.com/b9Vd3dHfN2,[],[],"['https://pbs.twimg.com/media/EaN-ouXU0AA3z28.jpg', 'https://pbs.twimg.com/media/EaN-ouXVcAA5f-J.jpg', 'https://pbs.twimg.com/media/EaN-ouZUYAYa7Z4.jpg']",0,0,0,"['#covid19', '#chandigarh', '#unlock1', '#indiafightcorona']",[],https://twitter.com/ConnectGujarat/status/1270998770222653446,False,,0,,,,,,,"[{'user_id': '3690561734', 'username': 'ConnectGujarat'}]",,,,
1270933875011629057,1270933875011629057,1591849223000,2020-06-11,09:50:23,IST,1064483377900773381,theritamapp,Ritam | ऋतम्,,"#Chandigarh से (CTU) अंतरराज्यीय बस सेवाएं शुरू होने से ममता ने सरकार का धन्यवाद किया उन्होंने बताया कि सरकार ने अच्छी सुविधा उपलब्ध करवाई हैं लोगों को।
#Unlock1
@PIBChandigarh @ROBChandigarh pic.twitter.com/wfpwPuVd8v","['pibchandigarh', 'robchandigarh']",[],[],0,1,5,"['#chandigarh', '#unlock1']",[],https://twitter.com/TheRitamApp/status/1270933875011629057,False,,1,,,,,,,"[{'user_id': '1064483377900773381', 'username': 'TheRitamApp'}, {'user_id': '567278796', 'username': 'PIBChandigarh'}, {'user_id': '4752707640', 'username': 'ROBChandigarh'}]",,,,
1270741259984855040,1270741259984855040,1591803300000,2020-06-10,21:05:00,IST,961193852525797376,ddnewschd,DD News Chandigarh,,"धीरे-धीरे #Chandigarh  में लोगों की जिंदगी वापिस पटरी पर लौट रही  हैं। ऑटो रिक्शा ड्राइवर टुनटुन ने बताया कि मैंने अपने रिक्शा में सवारियों को बैठाने से पहले उनको हाथों में सेनिटाइजर लगाने के लिए देता हूँ और अब मेरी रोजी-रोटी चल रही हैं। #Unlock1
@DDNewslive @PIB_India pic.twitter.com/3Ybc101udN","['ddnewslive', 'pib_india']",[],[],1,14,88,"['#chandigarh', '#unlock1']",[],https://twitter.com/DDnewschd/status/1270741259984855040,False,,1,,,,,,,"[{'user_id': '961193852525797376', 'username': 'DDnewschd'}, {'user_id': '1100927498', 'username': 'DDNewslive'}, {'user_id': '231033118', 'username': 'PIB_India'}]",,,,
1270725557978755078,1270725557978755078,1591799556000,2020-06-10,20:02:36,IST,961193852525797376,ddnewschd,DD News Chandigarh,,"#Chandigarh से (CTU) अंतरराज्यीय बस सेवाएं शुरू होने से ममता ने सरकार का धन्यवाद किया उन्होंने बताया कि सरकार ने अच्छी सुविधा उपलब्ध करवाई हैं लोगों को।

#Unlock1
@DDNewslive @PIBChandigarh @ROBChandigarh @mygovindia pic.twitter.com/AymRMXofwJ","['ddnewslive', 'pibchandigarh', 'robchandigarh', 'mygovindia']",[],[],0,11,51,"['#chandigarh', '#unlock1']",[],https://twitter.com/DDnewschd/status/1270725557978755078,False,,1,,,,,,,"[{'user_id': '961193852525797376', 'username': 'DDnewschd'}, {'user_id': '1100927498', 'username': 'DDNewslive'}, {'user_id': '567278796', 'username': 'PIBChandigarh'}, {'user_id': '4752707640', 'username': 'ROBChandigarh'}, {'user_id': '2686834802', 'username': 'mygovindia'}]",,,,
1270710169786187781,1270710169786187781,1591795887000,2020-06-10,19:01:27,IST,961193852525797376,ddnewschd,DD News Chandigarh,,"#Unlock1  में #Chandigarh  से (Chandigarh transport undertaking) #CTU की बस सेवाएं शुरू कर दी गयी हैं। जिसके बाद #Chandigarh  से #Punjab  और #Haryana जाने वाले लोगों को सहूलियत मिल रही हैं।
#ddnewsChandigarh
@DDNewsHindi @PIBChandigarh @ROBChandigarh pic.twitter.com/6PvRtVtTGq","['ddnewshindi', 'pibchandigarh', 'robchandigarh']",[],[],0,2,16,"['#unlock1', '#chandigarh', '#ctu', '#chandigarh', '#punjab', '#haryana', '#ddnewschandigarh']",[],https://twitter.com/DDnewschd/status/1270710169786187781,False,,1,,,,,,,"[{'user_id': '961193852525797376', 'username': 'DDnewschd'}, {'user_id': '1966507722', 'username': 'DDNewsHindi'}, {'user_id': '567278796', 'username': 'PIBChandigarh'}, {'user_id': '4752707640', 'username': 'ROBChandigarh'}]",,,,
1270585140033585152,1270585140033585152,1591766078000,2020-06-10,10:44:38,IST,3251730703,pklsamachar,Panchkula Samachar,,"All shops can remain open 7 days for 3 months in view of economic crisis : UT Admin 
#Chandigarh #Unlock1
 https://www.panchkulasamachar.com/unlock-1-now-shops-city-will-open-7-days/ …",[],['https://www.panchkulasamachar.com/unlock-1-now-shops-city-will-open-7-days/'],[],0,0,0,"['#chandigarh', '#unlock1']",[],https://twitter.com/pklsamachar/status/1270585140033585152,False,,0,,,,,,,"[{'user_id': '3251730703', 'username': 'pklsamachar'}]",,,,
1270551255132393472,1270545587797016578,1591757999000,2020-06-10,08:29:59,IST,1022520035452043264,anilbana29,Anil Bana,,"New spots for Covid-19 in Chandigarh after #Unlock1
Sector 16
Sector 18
Sector 21
Sector 41
Daria
Khuda Jassu","['nainamishr94', 'thetribunechd']",[],[],0,0,4,['#unlock1'],[],https://twitter.com/Anilbana29/status/1270551255132393472,False,,0,,,,,,,"[{'user_id': '1022520035452043264', 'username': 'Anilbana29'}, {'user_id': '832262863011983361', 'username': 'Nainamishr94'}, {'user_id': '3046490198', 'username': 'thetribunechd'}]",,,,
1270351159383912449,1270351159383912449,1591710293000,2020-06-09,19:14:53,IST,68927629,moneycontrolcom,moneycontrol,,"#Unlock1 | Barber shops, salons, shopping malls and restaurants to reopen in #Chandigarh, here's what will continue to remain restricted 👇
 https://www.moneycontrol.com/news/india/unlock-1-0-rules-for-chandigarh-what-is-allowed-what-is-not-5381201.html …",[],['https://www.moneycontrol.com/news/india/unlock-1-0-rules-for-chandigarh-what-is-allowed-what-is-not-5381201.html'],[],0,0,5,"['#unlock1', '#chandigarh']",[],https://twitter.com/moneycontrolcom/status/1270351159383912449,False,,0,,,,,,,"[{'user_id': '68927629', 'username': 'moneycontrolcom'}]",,,,
1270349399802200064,1270349399802200064,1591709873000,2020-06-09,19:07:53,IST,1125782837096079360,thedatehouse1,TheDateHouse,,"We have Reopend our services at Elante Mall, Chandigarh. Do not hesitate to visit our store as we are strictly following  hygiene and social distancing guidelines . #beatthevirus #unlock1 #backtonormal
#dates #healthydates #organicdates #chandigarh #elantemall #hygiene pic.twitter.com/nXaMy26PX3",[],[],['https://pbs.twimg.com/media/EaEwCp1XsAwPx5D.jpg'],0,0,1,"['#beatthevirus', '#unlock1', '#backtonormal', '#dates', '#healthydates', '#organicdates', '#chandigarh', '#elantemall', '#hygiene']",[],https://twitter.com/TheDateHouse1/status/1270349399802200064,False,,0,,,,,,,"[{'user_id': '1125782837096079360', 'username': 'TheDateHouse1'}]",,,,
1270182255961485312,1270182255961485312,1591670023000,2020-06-09,08:03:43,IST,495780767,htpunjab,HT Punjab,,"#Unlock1 | Lukewarm response from devotees as places of worship open doors after 2 months in Chandigarh

(reports Rajanbir Singh)

 https://www.hindustantimes.com/chandigarh/lukewarm-response-from-devotees-as-places-of-worship-open-doors-after-2-months-in-chandigarh/story-3p1W7MeuHiTJbKuRvyLIVP.html … pic.twitter.com/4RDs0ROKLf",[],['https://www.hindustantimes.com/chandigarh/lukewarm-response-from-devotees-as-places-of-worship-open-doors-after-2-months-in-chandigarh/story-3p1W7MeuHiTJbKuRvyLIVP.html'],['https://pbs.twimg.com/media/EaCYAVNWAAAw7tv.jpg'],0,4,15,['#unlock1'],[],https://twitter.com/HTPunjab/status/1270182255961485312,False,,0,,,,,,,"[{'user_id': '495780767', 'username': 'HTPunjab'}]",,,,
1270175830036094977,1270175830036094977,1591668491000,2020-06-09,07:38:11,IST,495780767,htpunjab,HT Punjab,,"#Unlock1 | Dine-ins off to slow start in Chandigarh
 https://www.hindustantimes.com/chandigarh/dine-ins-off-to-slow-start-in-chandigarh/story-JSd27t9duAQfXQuAOnZlTP.html … pic.twitter.com/rfou5cmPSs",[],['https://www.hindustantimes.com/chandigarh/dine-ins-off-to-slow-start-in-chandigarh/story-JSd27t9duAQfXQuAOnZlTP.html'],['https://pbs.twimg.com/media/EaCSLKIXYAIvAJF.jpg'],0,1,12,['#unlock1'],[],https://twitter.com/HTPunjab/status/1270175830036094977,False,,0,,,,,,,"[{'user_id': '495780767', 'username': 'HTPunjab'}]",,,,
1270046934770700288,1270046934770700288,1591637760000,2020-06-08,23:06:00,IST,961193852525797376,ddnewschd,DD News Chandigarh,,"#Unlock1 
मंदिरों में जाने से पहले हाथों को #sanitize  और थर्मल स्क्रीनिंग की जाती हैं।
मंदिरों में सरकार के दिशा निर्देशों का किया जा रहा पालन।
#ddnewsChandigarh #Chandigarh @DDNewslive pic.twitter.com/5HDdmoyxrp",['ddnewslive'],[],[],0,0,5,"['#unlock1', '#sanitize', '#ddnewschandigarh', '#chandigarh']",[],https://twitter.com/DDnewschd/status/1270046934770700288,False,,1,,,,,,,"[{'user_id': '961193852525797376', 'username': 'DDnewschd'}, {'user_id': '1100927498', 'username': 'DDNewslive'}]",,,,
1270033345192382465,1270033345192382465,1591634520000,2020-06-08,22:12:00,IST,961193852525797376,ddnewschd,DD News Chandigarh,,"#Unlock1 

मॉल खुलने से लोगों में खुशी। लोगों ने कहा हमे अंदर जाने से पहले पूरी तरह से स्क्रीनिंग की जाती है हाथों में सेनिटाइजर लगाया जाता है और मॉल के अंदर भी #social_distancing  का खास ध्यान रखा जा रहा हैं।
#Chandigarh #ddnewsChandigarh @DDNewsHindi @PIBChandigarh pic.twitter.com/pfKNMq5up0","['ddnewshindi', 'pibchandigarh']",[],[],0,1,6,"['#unlock1', '#social_distancing', '#chandigarh', '#ddnewschandigarh']",[],https://twitter.com/DDnewschd/status/1270033345192382465,False,,1,,,,,,,"[{'user_id': '961193852525797376', 'username': 'DDnewschd'}, {'user_id': '1966507722', 'username': 'DDNewsHindi'}, {'user_id': '567278796', 'username': 'PIBChandigarh'}]",,,,
1270026137222160385,1270026137222160385,1591632801000,2020-06-08,21:43:21,IST,961193852525797376,ddnewschd,DD News Chandigarh,,"#Unlock1 में मंदिरों के गेट दर्शन के लिए खोल दिए गए हैं। मंदिर के पुजारी ने कहा सुबह से ही मंदिर में श्रद्धालु दर्शन के लिए आ रहे थे।मंदिरों में फिलहाल जल चढ़ाना और प्रशाद के वितरण पर रोक।
#ddnewsChandigarh #Chandigarh @DDNewslive pic.twitter.com/vYtiWcZT0l",['ddnewslive'],[],[],0,0,3,"['#unlock1', '#ddnewschandigarh', '#chandigarh']",[],https://twitter.com/DDnewschd/status/1270026137222160385,False,,1,,,,,,,"[{'user_id': '961193852525797376', 'username': 'DDnewschd'}, {'user_id': '1100927498', 'username': 'DDNewslive'}]",,,,
1270017724203270145,1270017724203270145,1591630795000,2020-06-08,21:09:55,IST,961193852525797376,ddnewschd,DD News Chandigarh,,"#Unlock1
#Chandigarh एलांते मॉल खुल खुल चुका है अंदर प्रवेश करने से पहले सरकार द्वारा जारी #guidelines फ़ॉलो किया जा रहा हैं।
प्रेग्नेंट महिला और बुजुर्गो  को मॉल में एंट्री नहीं.

@PIBChandigarh @DDNewsHindi pic.twitter.com/N7VEbB2DAK","['pibchandigarh', 'ddnewshindi']",[],[],0,2,7,"['#unlock1', '#chandigarh', '#guidelines']",[],https://twitter.com/DDnewschd/status/1270017724203270145,False,,1,,,,,,,"[{'user_id': '961193852525797376', 'username': 'DDnewschd'}, {'user_id': '567278796', 'username': 'PIBChandigarh'}, {'user_id': '1966507722', 'username': 'DDNewsHindi'}]",,,,
1270016394030178314,1270016394030178314,1591630478000,2020-06-08,21:04:38,IST,1440919153,sahanienterpris,Sahani Enterprises,,#estateagency #propertybusiness #propertymarket #property #gurugram #gurgaon #covidmarketing #covidlockdown #unlockpossibilities #unlock1 #unlockyourpotential #ludhiana #chandigarh #newyork @FitBharat pic.twitter.com/9yH4yL8Xxe,['fitbharat'],[],['https://pbs.twimg.com/media/EaABKuDUEAE-BLO.jpg'],0,0,1,"['#estateagency', '#propertybusiness', '#propertymarket', '#property', '#gurugram', '#gurgaon', '#covidmarketing', '#covidlockdown', '#unlockpossibilities', '#unlock1', '#unlockyourpotential', '#ludhiana', '#chandigarh', '#newyork']",[],https://twitter.com/Sahanienterpris/status/1270016394030178314,False,,0,,,,,,,"[{'user_id': '1440919153', 'username': 'Sahanienterpris'}, {'user_id': '1169506909684039680', 'username': 'FitBharat'}]",,,,
1269996397366919169,1269996397366919169,1591625711000,2020-06-08,19:45:11,IST,3149614675,rozanaspokesman,Rozana Spokesman,,"Lockdown ਤੋਂ ਅੱਕੇ ਨੌਜਵਾਨ Time Pass ਕਰਨ ਲਈ ਜਾ ਰਹੇ ਹਨ Shopping Malls 'ਚ | ...  https://youtu.be/zMMnCEK18wY  via @YouTube
#ElanteMall #Unlock1 #Covid19 #Chandigarh",['youtube'],['https://youtu.be/zMMnCEK18wY'],[],0,0,0,"['#elantemall', '#unlock1', '#covid19', '#chandigarh']",[],https://twitter.com/RozanaSpokesman/status/1269996397366919169,False,,0,,,,,,,"[{'user_id': '3149614675', 'username': 'RozanaSpokesman'}, {'user_id': '10228272', 'username': 'YouTube'}]",,,,
1269931882235547648,1269931882235547648,1591610329000,2020-06-08,15:28:49,IST,3046490198,thetribunechd,The Tribune,,"#Chandigarh | #Unlock1
Cautious visitors as #Elantemall, temples open in tri-city   https://tribuneindia.com/news/chandigarh/cautious-visitors-as-elante-mall-temples-open-in-tri-city-96253 … @rohit_bhan #Lockdown5",['rohit_bhan'],['https://tribuneindia.com/news/chandigarh/cautious-visitors-as-elante-mall-temples-open-in-tri-city-96253'],[],0,0,4,"['#chandigarh', '#unlock1', '#elantemall', '#lockdown5']",[],https://twitter.com/thetribunechd/status/1269931882235547648,False,,0,,,,,,,"[{'user_id': '3046490198', 'username': 'thetribunechd'}, {'user_id': '135077916', 'username': 'rohit_bhan'}]",,,,
1269918938382471168,1269918938382471168,1591607243000,2020-06-08,14:37:23,IST,1211291550241570818,newsphh,News PHH (PunjabHaryanaHimachal),,"#Chandigarh में खुला एलांते मॉल, सोशल डिस्टेंसिंग और सैनेटाइजेशन का रखा जा रहा है ख्याल
@sdineshaa @vpsbadnore @DgpChdPolice #NewsPHH #Stayathome #Unlock1 #IndiaFightAgainstCorona pic.twitter.com/qbrCg7AETC","['sdineshaa', 'vpsbadnore', 'dgpchdpolice']",[],[],0,3,8,"['#chandigarh', '#newsphh', '#stayathome', '#unlock1', '#indiafightagainstcorona']",[],https://twitter.com/newsphh/status/1269918938382471168,False,,1,,,,,,,"[{'user_id': '1211291550241570818', 'username': 'newsphh'}, {'user_id': '59386018', 'username': 'sdineshaa'}, {'user_id': '2424317357', 'username': 'vpsbadnore'}, {'user_id': '1138294727525031936', 'username': 'DgpChdPolice'}]",,,,
1269906028960731136,1269906028960731136,1591604165000,2020-06-08,13:46:05,IST,961193852525797376,ddnewschd,DD News Chandigarh,,"#Unlock1 

 80 दिनों बाद एलांते मॉल फिर से खुला. मॉल खुलने से लोगों का आना हुआ शुरू । #Chandigarh
@DDNewslive pic.twitter.com/eIEY5NJ2OT",['ddnewslive'],[],[],1,0,9,"['#unlock1', '#chandigarh']",[],https://twitter.com/DDnewschd/status/1269906028960731136,False,,1,,,,,,,"[{'user_id': '961193852525797376', 'username': 'DDnewschd'}, {'user_id': '1100927498', 'username': 'DDNewslive'}]",,,,
1269870211747819520,1269870211747819520,1591595626000,2020-06-08,11:23:46,IST,3046490198,thetribunechd,The Tribune,,"Top Stories From Chandigarh today

#Unlock1
Malls, eateries, shrines all set to reopen in Chandigarh today  https://m.tribuneindia.com/news/chandigarh/malls-eateries-shrines-all-set-to-reopen-in-chandigarh-today-96097 …",[],['https://m.tribuneindia.com/news/chandigarh/malls-eateries-shrines-all-set-to-reopen-in-chandigarh-today-96097'],[],1,0,3,['#unlock1'],[],https://twitter.com/thetribunechd/status/1269870211747819520,False,,0,,,,,,,"[{'user_id': '3046490198', 'username': 'thetribunechd'}]",,,,
1269850446383837184,1269850446383837184,1591590913000,2020-06-08,10:05:13,IST,1211291550241570818,newsphh,News PHH (PunjabHaryanaHimachal),,"#Chandigarh में सेक्टर 20 में हनुमान मंदिर में पहुंचे भक्त, सोशल डिस्टेंसिंग का रखा जा रहा है ध्यान
@sdineshaa @vpsbadnore @DgpChdPolice #NewsPHH #Unlock1 #IndiaFightAgainstCorona pic.twitter.com/EGr0yMXpX6","['sdineshaa', 'vpsbadnore', 'dgpchdpolice']",[],[],0,3,8,"['#chandigarh', '#newsphh', '#unlock1', '#indiafightagainstcorona']",[],https://twitter.com/newsphh/status/1269850446383837184,False,,1,,,,,,,"[{'user_id': '1211291550241570818', 'username': 'newsphh'}, {'user_id': '59386018', 'username': 'sdineshaa'}, {'user_id': '2424317357', 'username': 'vpsbadnore'}, {'user_id': '1138294727525031936', 'username': 'DgpChdPolice'}]",,,,
1269484277311438848,1269484277311438848,1591503612000,2020-06-07,09:50:12,IST,1251951039944757248,chdbreakingnews,Chandigarh Breaking News,,"Bad News on Sunday...
#चंडीगढ़ सिटी में दो नए कोरोना के पॉजिटिव केस मिले। 
एक मनीमाजरा और दूसरा दड़वा से केस आया है।
दोनों पुरुष है, जिनकी उम्र 45 और 33 वर्ष है।
कुल केस - 315
एक्टिव केस - 37
#bapudham #pgimer #patients #unlock #unlock1 #chandigarhbreakingnews #chandigarh  pic.twitter.com/GMmSRUL2RR",[],[],['https://pbs.twimg.com/media/EZ4dMdAWkAE0u34.jpg'],0,0,0,"['#चंडीगढ़', '#bapudham', '#pgimer', '#patients', '#unlock', '#unlock1', '#chandigarhbreakingnews', '#chandigarh']",[],https://twitter.com/ChdBreakingNews/status/1269484277311438848,False,,0,,,,,,,"[{'user_id': '1251951039944757248', 'username': 'ChdBreakingNews'}]",,,,
1269317119168004102,1269317119168004102,1591463758000,2020-06-06,22:45:58,IST,974593767360483329,pujaverma8888,Puja Verma,,8 जून से सिटी ब्यूटिफ़ुल चंडीगढ़ के प्रसिद्ध मॉल खुलने जा रहा है देखना होगा कैसे होगा वहाँ सोशल डिसटेंस #Chandigarh #coronavirus #Unlock1,[],[],[],0,0,4,"['#chandigarh', '#coronavirus', '#unlock1']",[],https://twitter.com/pujaverma8888/status/1269317119168004102,False,,0,,,,,,,"[{'user_id': '974593767360483329', 'username': 'pujaverma8888'}]",,,,
1269275065083850752,1269275065083850752,1591453732000,2020-06-06,19:58:52,IST,3046490198,thetribunechd,The Tribune,,Massive sanitisation exercise taken up at malls in #Chandigarh and #Gurugram for Monday reopening | #Lockdown5 #Unlock1  pic.twitter.com/kV5SotOzVy,[],[],[],1,2,7,"['#chandigarh', '#gurugram', '#lockdown5', '#unlock1']",[],https://twitter.com/thetribunechd/status/1269275065083850752,False,,1,,,,,,,"[{'user_id': '3046490198', 'username': 'thetribunechd'}]",,,,
1269258892912951296,1269258892912951296,1591449876000,2020-06-06,18:54:36,IST,1211291550241570818,newsphh,News PHH (PunjabHaryanaHimachal),,"#Chandigarh में सोमवार से फिर से खुलेंगे एलांते मॉल, मॉल को किया जा रहा है सैनेटाइज
@sdineshaa @vpsbadnore @DgpChdPolice #NewsPHH #Stayathome #Unlock1  pic.twitter.com/bZzJXSlWee","['sdineshaa', 'vpsbadnore', 'dgpchdpolice']",[],[],0,2,5,"['#chandigarh', '#newsphh', '#stayathome', '#unlock1']",[],https://twitter.com/newsphh/status/1269258892912951296,False,,1,,,,,,,"[{'user_id': '1211291550241570818', 'username': 'newsphh'}, {'user_id': '59386018', 'username': 'sdineshaa'}, {'user_id': '2424317357', 'username': 'vpsbadnore'}, {'user_id': '1138294727525031936', 'username': 'DgpChdPolice'}]",,,,
1269244700285734915,1269244700285734915,1591446492000,2020-06-06,17:58:12,IST,1211291550241570818,newsphh,News PHH (PunjabHaryanaHimachal),,"#Chandigarh में #ElanteMall को फिर से खोले जाने की तैयारियां, किया जा रहा है सैनेटाइज
@sdineshaa @DgpChdPolice @vpsbadnore
#NewsPHH #Stayathome #Unlock1  pic.twitter.com/7jckG4La3C","['sdineshaa', 'dgpchdpolice', 'vpsbadnore']",[],"['https://pbs.twimg.com/media/EZ1DTQyUcAIH3yp.jpg', 'https://pbs.twimg.com/media/EZ1DTQyU8AAaLJo.jpg', 'https://pbs.twimg.com/media/EZ1DTQyUMAAP57p.jpg', 'https://pbs.twimg.com/media/EZ1DTQ1UwAALtSx.jpg']",0,2,3,"['#chandigarh', '#elantemall', '#newsphh', '#stayathome', '#unlock1']",[],https://twitter.com/newsphh/status/1269244700285734915,False,,0,,,,,,,"[{'user_id': '1211291550241570818', 'username': 'newsphh'}, {'user_id': '59386018', 'username': 'sdineshaa'}, {'user_id': '1138294727525031936', 'username': 'DgpChdPolice'}, {'user_id': '2424317357', 'username': 'vpsbadnore'}]",,,,
1269207342018510848,1269207342018510848,1591437585000,2020-06-06,15:29:45,IST,37034483,ndtv,NDTV,,"#Unlock1 | Preparations underway at Chandigarh's Elante Mall ahead of its reopening on June 8

(📸 credit: ANI)  pic.twitter.com/zapAQClnYo",[],[],"['https://pbs.twimg.com/media/EZ0g-B6UMAUbjXP.png', 'https://pbs.twimg.com/media/EZ0g_e3UYAAVUCe.png', 'https://pbs.twimg.com/media/EZ0hAfGVAAU3SaW.png', 'https://pbs.twimg.com/media/EZ0hBwiU0AAMwnv.png']",4,6,124,['#unlock1'],[],https://twitter.com/ndtv/status/1269207342018510848,False,,0,,,,,,,"[{'user_id': '37034483', 'username': 'ndtv'}]",,,,
1269191673973583873,1269191673973583873,1591433850000,2020-06-06,14:27:30,IST,1113747196099399680,thefirstindia,First India,,"#Chandigarh | Preparations underway at Elante Mall, ahead of its reopening on June 8, while abiding by the guidelines issued by the Union Territory's administration. 

#Coronavirus #UnlockIndia #Unlock1 #COVID19 pic.twitter.com/ZIAIogUXYE",[],[],"['https://pbs.twimg.com/media/EZ0TAwfVcAAm1RS.jpg', 'https://pbs.twimg.com/media/EZ0TDErUYAAXuks.jpg', 'https://pbs.twimg.com/media/EZ0TEoCU4AA-Xaz.jpg', 'https://pbs.twimg.com/media/EZ0TF60VcAAIF4x.jpg']",0,0,0,"['#chandigarh', '#coronavirus', '#unlockindia', '#unlock1', '#covid19']",[],https://twitter.com/thefirstindia/status/1269191673973583873,False,,0,,,,,,,"[{'user_id': '1113747196099399680', 'username': 'thefirstindia'}]",,,,
1268981459794055169,1268981459794055169,1591383731000,2020-06-06,00:32:11,IST,307758019,akanksha_ak,Akanksha,,"Tiny hands contributing to mark the #WorldEnvironmentDay2020. Aradhya Kapil, three years old of #vivekhighschool #Chandigarh. #Unlock1.0Challenge ⁦@DDNewslive⁩ pic.twitter.com/mMeSOlHWhF",['ddnewslive'],[],['https://pbs.twimg.com/media/EZxT5adU4AAiq-v.jpg'],0,1,8,"['#worldenvironmentday2020', '#vivekhighschool', '#chandigarh', '#unlock1']",[],https://twitter.com/akanksha_ak/status/1268981459794055169,False,,0,,,,,,,"[{'user_id': '307758019', 'username': 'akanksha_ak'}, {'user_id': '1100927498', 'username': 'DDNewslive'}]",,,,
1268760116184190990,1268760116184190990,1591330958000,2020-06-05,09:52:38,IST,1652161592,pubarlounge,F Milk Bar,,"ure Dairy Milk
#jelly #unlock1 #milkcalendar #fnagri #fbar #milkday #milkpour #fbarldh #fashionbar #directorspecial #uni #my #bier #indianbeer #organicbeer #yourmilkshop #milknearby #milkstore #milkbrand
F milk bar Kharar Mohali Chandigarh Models  pic.twitter.com/Eyr9DMA5yC",[],[],['https://pbs.twimg.com/media/EZuKlXpX0AEXobC.jpg'],0,0,0,"['#jelly', '#unlock1', '#milkcalendar', '#fnagri', '#fbar', '#milkday', '#milkpour', '#fbarldh', '#fashionbar', '#directorspecial', '#uni', '#my', '#bier', '#indianbeer', '#organicbeer', '#yourmilkshop', '#milknearby', '#milkstore', '#milkbrand']",[],https://twitter.com/pubarlounge/status/1268760116184190990,False,,0,,,,,,,"[{'user_id': '1652161592', 'username': 'pubarlounge'}]",,,,
1268205327264157696,1268205327264157696,1591198686000,2020-06-03,21:08:06,IST,961193852525797376,ddnewschd,DD News Chandigarh,,"#Unlock1  में #Chandigarh के सैलून खोल दिए गए हैं।#Chandigarh सेक्टर 19 की सैलून मालकिन ईशा ने वताया की उन्होंने हर तरह की सेफ्टी का पूरा ध्यान रखा हैं और #sanitize करने के बाद ही #clients  को #attend करते हैं। 
@PIBChandigarh @ROBChandigarh @manuparida1 pic.twitter.com/m5KuLatQFS","['pibchandigarh', 'robchandigarh', 'manuparida1']",[],[],0,2,5,"['#unlock1', '#chandigarh', '#chandigarh', '#sanitize', '#clients', '#attend']",[],https://twitter.com/DDnewschd/status/1268205327264157696,False,,1,,,,,,,"[{'user_id': '961193852525797376', 'username': 'DDnewschd'}, {'user_id': '567278796', 'username': 'PIBChandigarh'}, {'user_id': '4752707640', 'username': 'ROBChandigarh'}, {'user_id': '2891995297', 'username': 'manuparida1'}]",,,,
1268163069483421697,1268163069483421697,1591188611000,2020-06-03,18:20:11,IST,1017101762,toichandigarh,TOIChandigarh,,Barber shops and salons reopen in #Chandigarh following permission from the administration #Unlock1,[],[],[],0,2,3,"['#chandigarh', '#unlock1']",[],https://twitter.com/TOIChandigarh/status/1268163069483421697,False,,0,,,,,,,"[{'user_id': '1017101762', 'username': 'TOIChandigarh'}]",,,,
1268157391889195010,1268157391889195010,1591187258000,2020-06-03,17:57:38,IST,3303023034,dynamitenews_,Dynamite News,,"Chandigarh: Barber shops & salons reopen in the Union Territory following permission from the administration. Pradeep, owner of a barber shop, says, ""At our shop, the services can be availed after bookings only. Every instrument is sanitized after each haircut & shave"". #Unlock1",[],[],[],0,0,0,['#unlock1'],[],https://twitter.com/DynamiteNews_/status/1268157391889195010,False,,0,,,,,,,"[{'user_id': '3303023034', 'username': 'DynamiteNews_'}]",,,,
1268155468993556481,1268155468993556481,1591186799000,2020-06-03,17:49:59,IST,355989081,ani,ANI,,"Chandigarh: Barber shops & salons reopen in the Union Territory following permission from the administration. Pradeep, owner of a barber shop, says, ""At our shop, the services can be availed after bookings only. Every instrument is sanitized after each haircut & shave"". #Unlock1  pic.twitter.com/EZd7I1iBwn",[],[],"['https://pbs.twimg.com/media/EZlhyZ9VcAAX4h-.jpg', 'https://pbs.twimg.com/media/EZlh04mUMAE7ODG.jpg', 'https://pbs.twimg.com/media/EZlh4wKUcAAJXyv.jpg']",6,15,257,['#unlock1'],[],https://twitter.com/ANI/status/1268155468993556481,False,,0,,,,,,,"[{'user_id': '355989081', 'username': 'ANI'}]",,,,
1268033165467062272,1268033165467062272,1591157640000,2020-06-03,09:44:00,IST,961193852525797376,ddnewschd,DD News Chandigarh,,"सनातन धर्म मंदिर सेक्टर-16 #Chandigarh  के पंडित गोपाल शर्मा ने #Unlock1  में मंदिरों के खुले जाने पर खुशी प्रकट की साथ ही उन्होंने बताया कि मंदिरों में श्रद्धालुओं के लिए उचित व्यवस्था की जाएगी ताकि #social_distancing का पालन किया जा सके।
@DDNewslive @PIB_India @manuparida1 pic.twitter.com/wpFlrStLLr","['ddnewslive', 'pib_india', 'manuparida1']",[],[],0,1,4,"['#chandigarh', '#unlock1', '#social_distancing']",[],https://twitter.com/DDnewschd/status/1268033165467062272,False,,1,,,,,,,"[{'user_id': '961193852525797376', 'username': 'DDnewschd'}, {'user_id': '1100927498', 'username': 'DDNewslive'}, {'user_id': '231033118', 'username': 'PIB_India'}, {'user_id': '2891995297', 'username': 'manuparida1'}]",,,,
1268005360331259904,1268005360331259904,1591151010000,2020-06-03,07:53:30,IST,2966573761,gauravpathakchd,Gaurav Pathak,,"Beauty #Unlock1 .0 😁

(अमलतास). An ornamental Tree!
loving the morning walks again. 
#Chandigarh the city #beautiful. pic.twitter.com/CFhtbSHYZF",[],[],['https://pbs.twimg.com/media/EZjbUZ3WkAAfMGz.jpg'],0,0,1,"['#unlock1', '#chandigarh', '#beautiful']",[],https://twitter.com/gauravpathakchd/status/1268005360331259904,False,,0,,,,,,,"[{'user_id': '2966573761', 'username': 'gauravpathakchd'}]",,,,
1268000198388862976,1268000198388862976,1591149780000,2020-06-03,07:33:00,IST,961193852525797376,ddnewschd,DD News Chandigarh,,"#Chandigarh निवासी हरीश बंसल ने PM @narendramodi का #Unlock1  में दुकानें और रोजगार शुरू करने के लिए  शुक्रिया अदा किया। कहा कि जिम और स्विमिंग पूल को भी निर्देशो के साथ खोला जाए।
@DDNewslive @PIB_India @PIBChandigarh @manuparida1 pic.twitter.com/LERDeQrB0w","['narendramodi', 'ddnewslive', 'pib_india', 'pibchandigarh', 'manuparida1']",[],[],0,0,0,"['#chandigarh', '#unlock1']",[],https://twitter.com/DDnewschd/status/1268000198388862976,False,,1,,,,,,,"[{'user_id': '961193852525797376', 'username': 'DDnewschd'}, {'user_id': '18839785', 'username': 'narendramodi'}, {'user_id': '1100927498', 'username': 'DDNewslive'}, {'user_id': '231033118', 'username': 'PIB_India'}, {'user_id': '567278796', 'username': 'PIBChandigarh'}, {'user_id': '2891995297', 'username': 'manuparida1'}]",,,,
1267874369256087553,1267874369256087553,1591119780000,2020-06-02,23:13:00,IST,961193852525797376,ddnewschd,DD News Chandigarh,,"#Chandigarh सेक्टर-15 निवासी नवनीत मित्तल ने बताया कि सरकार ने इन दो महीनों में हमे सीखा दिया है कि किस तरह से इस कोरोना को मात देना है और हम सरकार का पूरा साथ देंगे।#Unlock1 में दुकानें और रोजगार शुरू होने से लोगों ने इसका समर्थन किया। 
@DDNewslive @manuparida1 @RajBalaMalik pic.twitter.com/zoYAEBR7Eq","['ddnewslive', 'manuparida1', 'rajbalamalik']",[],[],0,0,2,"['#chandigarh', '#unlock1']",[],https://twitter.com/DDnewschd/status/1267874369256087553,False,,1,,,,,,,"[{'user_id': '961193852525797376', 'username': 'DDnewschd'}, {'user_id': '1100927498', 'username': 'DDNewslive'}, {'user_id': '2891995297', 'username': 'manuparida1'}, {'user_id': '1218496435429101568', 'username': 'RajBalaMalik'}]",,,,
1267842843135094785,1267842843135094785,1591112263000,2020-06-02,21:07:43,IST,961193852525797376,ddnewschd,DD News Chandigarh,,"#Unlock1 में दुकानें और रोजगार शुरू होने से लोगों ने इसका समर्थन किया। #Chandigarh केअरुण शर्मा ने कहा कि #Lockdown खुलना चाहिए और नागरिक को भी अपनी #Responsibility लेनी चाहिए।
@DDNewslive @manuparida1 @RajBalaMalik @PIBChandigarh @ROBChandigarh pic.twitter.com/DbCwEOIn36","['ddnewslive', 'manuparida1', 'rajbalamalik', 'pibchandigarh', 'robchandigarh']",[],[],1,4,8,"['#unlock1', '#chandigarh', '#lockdown', '#responsibility']",[],https://twitter.com/DDnewschd/status/1267842843135094785,False,,1,,,,,,,"[{'user_id': '961193852525797376', 'username': 'DDnewschd'}, {'user_id': '1100927498', 'username': 'DDNewslive'}, {'user_id': '2891995297', 'username': 'manuparida1'}, {'user_id': '1218496435429101568', 'username': 'RajBalaMalik'}, {'user_id': '567278796', 'username': 'PIBChandigarh'}, {'user_id': '4752707640', 'username': 'ROBChandigarh'}]",,,,
1267795535731122176,1267795535731122176,1591100984000,2020-06-02,17:59:44,IST,1211291550241570818,newsphh,News PHH (PunjabHaryanaHimachal),,"#Chandigarh में आज कोरोना वायरस के 14 मरीज हुए ठीक, 3 नए केस आए सामने
@sdineshaa @vpsbadnore @DGPPunjabPolice #NewsPHH #Stayathome #Unlock1","['sdineshaa', 'vpsbadnore', 'dgppunjabpolice']",[],[],0,1,2,"['#chandigarh', '#newsphh', '#stayathome', '#unlock1']",[],https://twitter.com/newsphh/status/1267795535731122176,False,,0,,,,,,,"[{'user_id': '1211291550241570818', 'username': 'newsphh'}, {'user_id': '59386018', 'username': 'sdineshaa'}, {'user_id': '2424317357', 'username': 'vpsbadnore'}, {'user_id': '942601582411001858', 'username': 'DGPPunjabPolice'}]",,,,
1267707771299889153,1267707771299889153,1591080060000,2020-06-02,12:11:00,IST,961193852525797376,ddnewschd,DD News Chandigarh,,"#Unlock1 में दुकानें और रोजगार शुरू होने से लोगों ने इसका समर्थन किया। #Chandigarh के मनोज बंसल ने कहा कि बापूधाम कॉलोनी को छोड़कर #Chandigarh में और कहि ज्यादा केस नहीं है ऐसे में #Chandigarh को खोला जा सकता हैं।
@DDNewslive @manuparida1 @RajBalaMalik pic.twitter.com/Ph7X5Dp8M7","['ddnewslive', 'manuparida1', 'rajbalamalik']",[],[],0,1,3,"['#unlock1', '#chandigarh', '#chandigarh', '#chandigarh']",[],https://twitter.com/DDnewschd/status/1267707771299889153,False,,1,,,,,,,"[{'user_id': '961193852525797376', 'username': 'DDnewschd'}, {'user_id': '1100927498', 'username': 'DDNewslive'}, {'user_id': '2891995297', 'username': 'manuparida1'}, {'user_id': '1218496435429101568', 'username': 'RajBalaMalik'}]",,,,
1267678923107647488,1267678923107647488,1591073182000,2020-06-02,10:16:22,IST,1211291550241570818,newsphh,News PHH (PunjabHaryanaHimachal),,"@BJP4Punjab के अध्यक्ष @AshwaniSBJP आज #Chandigarh में दोपहर 12 बजे प्रेस कॉन्फ्रेंस करेंगे
@sdineshaa @BJP4India @JPNadda @capt_amarinder @BhagwantMann @officeofssbadal @sunilkjakhar #NewsPHH #Stayathome #Unlock1","['bjp4punjab', 'ashwanisbjp', 'sdineshaa', 'bjp4india', 'jpnadda', 'capt_amarinder', 'bhagwantmann', 'officeofssbadal', 'sunilkjakhar']",[],[],0,1,2,"['#chandigarh', '#newsphh', '#stayathome', '#unlock1']",[],https://twitter.com/newsphh/status/1267678923107647488,False,,0,,,,,,,"[{'user_id': '1211291550241570818', 'username': 'newsphh'}, {'user_id': '1848033674', 'username': 'BJP4Punjab'}, {'user_id': '4115331732', 'username': 'AshwaniSBJP'}, {'user_id': '59386018', 'username': 'sdineshaa'}, {'user_id': '207809313', 'username': 'BJP4India'}, {'user_id': '2990611686', 'username': 'JPNadda'}, {'user_id': '263090427', 'username': 'capt_amarinder'}, {'user_id': '170396389', 'username': 'BhagwantMann'}, {'user_id': '3419496855', 'username': 'officeofssbadal'}, {'user_id': '3153134184', 'username': 'sunilkjakhar'}]",,,,
1267525347358248961,1267525347358248961,1591036566000,2020-06-02,00:06:06,IST,495780767,htpunjab,HT Punjab,,"#Unlock1 |  Shop timings extended by 2 hours in Chandigarh

(reports @munieshwer) 

 https://www.hindustantimes.com/chandigarh/unlock-1-0-shop-timings-extended-by-2-hours-in-chandigarh/story-hJXk3SaF4zRM5qEYsuXmSI.html … pic.twitter.com/LVWs7Ra9R0",['munieshwer'],['https://www.hindustantimes.com/chandigarh/unlock-1-0-shop-timings-extended-by-2-hours-in-chandigarh/story-hJXk3SaF4zRM5qEYsuXmSI.html'],['https://pbs.twimg.com/media/EZcnlIRXkAIYNI3.jpg'],0,2,17,['#unlock1'],[],https://twitter.com/HTPunjab/status/1267525347358248961,False,,0,,,,,,,"[{'user_id': '495780767', 'username': 'HTPunjab'}, {'user_id': '2343429572', 'username': 'munieshwer'}]",,,,
1267505397033848832,1267505397033848832,1591031810000,2020-06-01,22:46:50,IST,3009073364,vishal1516anand,BJPVishalanand (आत्मनिर्भर ),,"Markets can remain open up to 8pm today onwards in Chandigarh.

#Unlock1 @MCChandigarh
@bjpishan @BJP4Chandigarh","['mcchandigarh', 'bjpishan', 'bjp4chandigarh']",[],[],0,1,1,['#unlock1'],[],https://twitter.com/Vishal1516Anand/status/1267505397033848832,False,,0,,,,,,,"[{'user_id': '3009073364', 'username': 'Vishal1516Anand'}, {'user_id': '1222810299918454785', 'username': 'MCChandigarh'}, {'user_id': '1065253092818649090', 'username': 'bjpishan'}, {'user_id': '1562806872', 'username': 'BJP4Chandigarh'}]",,,,
1267500619927035905,1267500619927035905,1591030671000,2020-06-01,22:27:51,IST,1159039131646697478,totaltvh,Totaltv Haryana,,"अनलॉक वन में किन क्षेत्रों में छूट कहां पाबंदिया रहेंगी और राज्य सरकारों को क्या शक्तियां दी गईं ? 
 https://youtu.be/C5Tm8PrHZRo 
#Unlock1 @SatyaPalJain #LockdownEnd #Corona #Chandigarh @cmohry @anilvijminister @Dchautala @HaryanaTweets","['satyapaljain', 'cmohry', 'anilvijminister', 'dchautala', 'haryanatweets']",['https://youtu.be/C5Tm8PrHZRo'],[],1,0,0,"['#unlock1', '#lockdownend', '#corona', '#chandigarh']",[],https://twitter.com/TotaltvH/status/1267500619927035905,False,,0,,,,,,,"[{'user_id': '1159039131646697478', 'username': 'TotaltvH'}, {'user_id': '220972363', 'username': 'SatyaPalJain'}, {'user_id': '2919390704', 'username': 'cmohry'}, {'user_id': '317832990', 'username': 'anilvijminister'}, {'user_id': '193616873', 'username': 'Dchautala'}, {'user_id': '715662259', 'username': 'HaryanaTweets'}]",,,,
1267485262868877318,1267485262868877318,1591027010000,2020-06-01,21:26:50,IST,1218528949430439936,arunsoodbjp,Arun Sood,,"According to new guidelines no mandatory pass will be required to enter #Chandigarh from other states.

#Unlock1",[],[],[],3,17,59,"['#chandigarh', '#unlock1']",[],https://twitter.com/arunsoodbjp/status/1267485262868877318,False,,0,,,,,,,"[{'user_id': '1218528949430439936', 'username': 'arunsoodbjp'}]",,,,
1267476989281292288,1267476989281292288,1591025037000,2020-06-01,20:53:57,IST,1218528949430439936,arunsoodbjp,Arun Sood,,"Markets can remain open up to 8pm today onwards in Chandigarh.

#Unlock1",[],[],[],2,20,72,['#unlock1'],[],https://twitter.com/arunsoodbjp/status/1267476989281292288,False,,0,,,,,,,"[{'user_id': '1218528949430439936', 'username': 'arunsoodbjp'}]",,,,
1267475694445039617,1267475694445039617,1591024728000,2020-06-01,20:48:48,IST,1218528949430439936,arunsoodbjp,Arun Sood,,"New guidelines in Chandigarh upto 30th June 2020.

#Unlock1  pic.twitter.com/O4ICLoUGvE",[],[],"['https://pbs.twimg.com/media/EZb6ZqWUcAADjXr.jpg', 'https://pbs.twimg.com/media/EZb6aQ0UEAUbhGW.jpg', 'https://pbs.twimg.com/media/EZb6azkUMAENrju.jpg']",3,23,72,['#unlock1'],[],https://twitter.com/arunsoodbjp/status/1267475694445039617,False,,0,,,,,,,"[{'user_id': '1218528949430439936', 'username': 'arunsoodbjp'}]",,,,
1267461868945170432,1267461868945170432,1591021432000,2020-06-01,19:53:52,IST,2424317357,vpsbadnore,V P Singh Badnore,,"Chandigarh announces more relaxation for normalcy with Unlock1.0 as per GoI directions. Onus now lies with society to adhere to strict self-restriction & compliance of health advisories of #Administration to combat #COVID19Pandemic
#StayHomeStaySafe
#Unlock1Point0 pic.twitter.com/u2QIHCabSH",[],[],['https://pbs.twimg.com/media/EZbt0_bU4AEs8mi.jpg'],15,36,266,"['#administration', '#covid19pandemic', '#stayhomestaysafe', '#unlock1point0']",[],https://twitter.com/vpsbadnore/status/1267461868945170432,False,,0,,,,,,,"[{'user_id': '2424317357', 'username': 'vpsbadnore'}]",,,,
1267461548496179202,1267461548496179202,1591021356000,2020-06-01,19:52:36,IST,828841083257778176,latestly,LatestLY,,"#Chandigarh: #Coronavirus Lockdown Extended in #ContainmentZones Till June 30, Guidelines Issued For Opening of Salons, Barbershops, Private Offices
#Unlock1 #COVID19 https://www.latestly.com/india/news/chandigarh-coronavirus-lockdown-extended-in-containment-zones-till-june-30-guidelines-issued-for-opening-of-salons-barbershops-private-offices-1793703.html …",[],['https://www.latestly.com/india/news/chandigarh-coronavirus-lockdown-extended-in-containment-zones-till-june-30-guidelines-issued-for-opening-of-salons-barbershops-private-offices-1793703.html'],[],0,0,1,"['#chandigarh', '#coronavirus', '#containmentzones', '#unlock1', '#covid19']",[],https://twitter.com/latestly/status/1267461548496179202,False,,0,,,,,,,"[{'user_id': '828841083257778176', 'username': 'latestly'}]",,,,
1267440149052321792,1267440149052321792,1591016254000,2020-06-01,18:27:34,IST,2723285179,nitinthetribune,Nitin Jain,,"#COVID19 #Chandigarh issues detailed guidelines for #Unlock1.0. Order comes in force with immediate effect. Curfew starts at 9 pm tonight, shops can be open till 8 pm. We will soon announce weekly holiday for each market, after consulting market bodies: #Adviser @manuparida1 1/2",['manuparida1'],[],[],0,0,0,"['#covid19', '#chandigarh', '#unlock1', '#adviser']",[],https://twitter.com/nitinthetribune/status/1267440149052321792,False,,0,,,,,,,"[{'user_id': '2723285179', 'username': 'nitinthetribune'}, {'user_id': '2891995297', 'username': 'manuparida1'}]",,,,
1267429553892401152,1267429553892401152,1591013728000,2020-06-01,17:45:28,IST,184294512,abhay00071,Abhay Kumar Jha,,#Chandigarh : Curfew starts at 9 pm tonight and shops can be open till 8pm today. #Unlock1.0,[],[],[],0,0,4,"['#chandigarh', '#unlock1']",[],https://twitter.com/abhay00071/status/1267429553892401152,False,,0,,,,,,,"[{'user_id': '184294512', 'username': 'abhay00071'}]",,,,
1267395161815789573,1267395161815789573,1591005528000,2020-06-01,15:28:48,IST,725545144833839109,_nationalvoice,NationalVoice,,"#Chandigarh : चंडीगढ़ स्वास्थ्य विभाग का बयान - चंडीगढ़ में कोरोना के लिए एक और व्यक्ति को पॉजिटिव पाया गया है, जिससे कुल मामलों की संख्या 294 हो गई है। #COVID19India | #CoronavirusLockdown | #Unlock1 | #NationalVoice | #राष्ट्रधर्म_सर्वप्रथम | pic.twitter.com/Nwkx1dM5Y0",[],[],['https://pbs.twimg.com/media/EZaxItkUMAI_Rr1.jpg'],0,0,2,"['#chandigarh', '#covid19india', '#coronaviruslockdown', '#unlock1', '#nationalvoice', '#राष्ट्रधर्म_सर्वप्रथम']",[],https://twitter.com/_NationalVoice/status/1267395161815789573,False,,0,,,,,,,"[{'user_id': '725545144833839109', 'username': '_NationalVoice'}]",,,,
1267385822606581760,1267385822606581760,1591003301000,2020-06-01,14:51:41,IST,1004319254919823360,punjabtak,Punjab Tak,,"अनलॉक होते ही चंडीगढ़ में सड़कों पर सरपट दौड़ीं गाड़ियां! @PunjabTak
#CHANDIGARH #UNLOCK1 #CORONAVIRUS https://youtu.be/xRY_sCpunYE ",['punjabtak'],['https://youtu.be/xRY_sCpunYE'],[],0,0,0,"['#chandigarh', '#unlock1', '#coronavirus']",[],https://twitter.com/PunjabTak/status/1267385822606581760,False,,0,,,,,,,"[{'user_id': '1004319254919823360', 'username': 'PunjabTak'}]",,,,
1267381644153049088,1267281876244410369,1591002305000,2020-06-01,14:35:05,IST,980579749,ankur_kaila,ღ ღ 🇮🇳,,"Resume Train Service from #Pathankot also. Start 18102/18310. Atleast Start Local Train Service from Pathankot to Amritsar, Jalandhar, Ludhiana, Kangra & Chandigarh & Provide relief to the public. 
@RailMinIndia @GM_NRly @capt_amarinder @iamsunnydeol
#lockdown5 #Unlock1","['drmfzr', 'railminindia', 'gm_nrly', 'capt_amarinder', 'iamsunnydeol']",[],[],0,0,0,"['#pathankot', '#lockdown5', '#unlock1']",[],https://twitter.com/ankur_kaila/status/1267381644153049088,False,,0,,,,,,,"[{'user_id': '980579749', 'username': 'ankur_kaila'}, {'user_id': '3062871188', 'username': 'drmfzr'}, {'user_id': '2602959463', 'username': 'RailMinIndia'}, {'user_id': '3282265236', 'username': 'GM_NRly'}, {'user_id': '263090427', 'username': 'capt_amarinder'}, {'user_id': '2583539371', 'username': 'iamsunnydeol'}]",,,,
1267357286915137536,1267357286915137536,1590996498000,2020-06-01,12:58:18,IST,2839264760,punjabupdate,Punjab Update,,Lockdown5.0/Unlock1-Guidelines ... #ChiefMinisterCaptAmarinderSingh #GovernmentOfPunjabDepartmentOfHomeAffairsJustice #Lockdown50Unlock1Guidelines #PunjabCovid19 #Punjab #BreakingNews #BusinessEconomy #Chandigarh #Chandigarh #LatestHeadlines #Media #Nri - https://is.gd/SrBmsC  pic.twitter.com/VgSFd1T0zT,[],['https://is.gd/SrBmsC'],['https://pbs.twimg.com/media/EZaOvCGVAAMgxrs.jpg'],0,0,1,"['#chiefministercaptamarindersingh', '#governmentofpunjabdepartmentofhomeaffairsjustice', '#lockdown50unlock1guidelines', '#punjabcovid19', '#punjab', '#breakingnews', '#businesseconomy', '#chandigarh', '#chandigarh', '#latestheadlines', '#media', '#nri']",[],https://twitter.com/Punjabupdate/status/1267357286915137536,False,,0,,,,,,,"[{'user_id': '2839264760', 'username': 'Punjabupdate'}]",,,,
1267085848450723841,1267085848450723841,1590931782000,2020-05-31,18:59:42,IST,1209732680503291905,shubhkapoor19,Kapoor Ice Cream Company,,"Something New.... PREMIUM ICE CREAM TUBS....
Now Available only @Shubhkapoor19
#Chandigarh #Mohali #panchkula #restaurants #food #FoodieTwitter #Zomato #swiggy #UberEats #icecream #Unlock1 #unlockone #UnlockIndia pic.twitter.com/0bHCToQyDN",['shubhkapoor19'],[],['https://pbs.twimg.com/media/EZWX2WAUYAAI334.jpg'],0,0,0,"['#chandigarh', '#mohali', '#panchkula', '#restaurants', '#food', '#foodietwitter', '#zomato', '#swiggy', '#ubereats', '#icecream', '#unlock1', '#unlockone', '#unlockindia']",[],https://twitter.com/Shubhkapoor19/status/1267085848450723841,False,,0,,,,,,,"[{'user_id': '1209732680503291905', 'username': 'Shubhkapoor19'}]",,,,
1267059448423477249,1267059448423477249,1590925487000,2020-05-31,17:14:47,IST,1017101762,toichandigarh,TOIChandigarh,,"After Union ministry of home affairs' guidelines, timings for prohibition of movement of individuals, for all non essential activities has been revised by #Chandigarh administration from 9pm to 5am with immediate effect from June 1 #Unlock1  pic.twitter.com/cS4gLbYyAy",[],[],['https://pbs.twimg.com/media/EZV_1CyUYAAnt1j.jpg'],0,3,10,"['#chandigarh', '#unlock1']",[],https://twitter.com/TOIChandigarh/status/1267059448423477249,False,,0,,,,,,,"[{'user_id': '1017101762', 'username': 'TOIChandigarh'}]",,,,
1267025526243373056,1267025526243373056,1590917400000,2020-05-31,15:00:00,IST,3646684932,chandigarhpk,Chandigarh Kesari,,"चंडीगढ़ में भी अनलॉक-1 के दौरान मिल सकती हैं कई नई छूट 
 https://www.punjabkesari.in/chandigarh/news/many-new-relaxation-can-also-be-available-during-unlock-1-in-chandigarh-1175575 …
#Chandigarh #Unlock1 #Lockdown5 pic.twitter.com/4lbjBkGc2u",[],['https://www.punjabkesari.in/chandigarh/news/many-new-relaxation-can-also-be-available-during-unlock-1-in-chandigarh-1175575'],['https://pbs.twimg.com/media/EZVSeJ4XgAAashS.jpg'],0,0,1,"['#chandigarh', '#unlock1', '#lockdown5']",[],https://twitter.com/Chandigarhpk/status/1267025526243373056,False,,0,,,,,,,"[{'user_id': '3646684932', 'username': 'Chandigarhpk'}]",,,,
1266977093595942913,1266977093595942913,1590905853000,2020-05-31,11:47:33,IST,2378971423,kanil1803,Anil K,,Malls and large gatherings inside a hall / place and for a longer period as opposed to open places pose the greatest risk @docroosy #Unlock1 #lockdown #IndiaFightsCorona #MHA #Chandigarh @manuparida1 https://twitter.com/iepunjab/status/1266974451964325889 …,"['docroosy', 'manuparida1']",['https://twitter.com/iepunjab/status/1266974451964325889'],[],3,0,1,"['#unlock1', '#lockdown', '#indiafightscorona', '#mha', '#chandigarh']",[],https://twitter.com/kanil1803/status/1266977093595942913,False,https://twitter.com/iepunjab/status/1266974451964325889,0,,,,,,,"[{'user_id': '2378971423', 'username': 'kanil1803'}, {'user_id': '511820224', 'username': 'docroosy'}, {'user_id': '2891995297', 'username': 'manuparida1'}]",,,,
1266935016535265281,1266935016535265281,1590895821000,2020-05-31,09:00:21,IST,1251951039944757248,chdbreakingnews,Chandigarh Breaking News,,"चंडीगढ़ को अनलॉक करने की तैयारी,आज बापूधाम कॉलोनी में मिले 2 कोरोना पॉजिटिव
Total count: 291
Active cases: 88
Discharged: 199
Deaths: 4
#bapudham #pgimer #patients #unlock #unlock1 #chandigarhbreakingnews #chandigarh #lockdown5 #covid_19 #homequanrantine #chandigarhuniversity pic.twitter.com/MPLpetZX66",[],[],['https://pbs.twimg.com/media/EZUOpqeVAAEEEjM.jpg'],0,0,1,"['#bapudham', '#pgimer', '#patients', '#unlock', '#unlock1', '#chandigarhbreakingnews', '#chandigarh', '#lockdown5', '#covid_19', '#homequanrantine', '#chandigarhuniversity']",[],https://twitter.com/ChdBreakingNews/status/1266935016535265281,False,,0,,,,,,,"[{'user_id': '1251951039944757248', 'username': 'ChdBreakingNews'}]",,,,
1266929372163764224,1266929372163764224,1590894475000,2020-05-31,08:37:55,IST,1211291550241570818,newsphh,News PHH (PunjabHaryanaHimachal),,"क्या देश में मौजूदा स्थिति में #Unlock1 जरुरी था ?
#NewsPHH #Punjab #Haryana #Himachal #Chandigarh #Amritsar #GurdashPur #Patiala #Jalandhar #Bathinda #Rohtak #Panipat #Sirsa #Jind #Hisar #Gurugram #Shimla #Chamba #Solan #Una #Kangra #Dharamshala",[],[],[],0,2,4,"['#unlock1', '#newsphh', '#punjab', '#haryana', '#himachal', '#chandigarh', '#amritsar', '#gurdashpur', '#patiala', '#jalandhar', '#bathinda', '#rohtak', '#panipat', '#sirsa', '#jind', '#hisar', '#gurugram', '#shimla', '#chamba', '#solan', '#una', '#kangra', '#dharamshala']",[],https://twitter.com/newsphh/status/1266929372163764224,False,,0,,,,,,,"[{'user_id': '1211291550241570818', 'username': 'newsphh'}]",,,,
