id,conversation_id,created_at,date,time,timezone,user_id,username,name,place,tweet,mentions,urls,photos,replies_count,retweets_count,likes_count,hashtags,cashtags,link,retweet,quote_url,video,near,geo,source,user_rt_id,user_rt,retweet_id,reply_to,retweet_date,translate,trans_src,trans_dest
1277145905502666752,1277145905502666752,1593330286000,2020-06-28,13:14:46,IST,892762804717047808,citycenterkorba,City Center Korba,,"City Center Korba is open from 10 am to 9 pm with all precautionary measures as per the government guidelines!!

Wear a mask & keep sanitising your hands, as we uncover our brands!!

#Unlock1 #Lockdown2020 #CityCenterKorba #Korba  pic.twitter.com/XpkGeoKaB3",[],[],['https://pbs.twimg.com/media/EblVau-WAAAYXSI.jpg'],0,0,0,"['#unlock1', '#lockdown2020', '#citycenterkorba', '#korba']",[],https://twitter.com/CityCenterKorba/status/1277145905502666752,False,,0,,,,,,,"[{'user_id': '892762804717047808', 'username': 'CityCenterKorba'}]",,,,
