id,conversation_id,created_at,date,time,timezone,user_id,username,name,place,tweet,mentions,urls,photos,replies_count,retweets_count,likes_count,hashtags,cashtags,link,retweet,quote_url,video,near,geo,source,user_rt_id,user_rt,retweet_id,reply_to,retweet_date,translate,trans_src,trans_dest
1277848480451457026,1277848480451457026,1593497793000,2020-06-30,11:46:33,IST,1037987041986863104,robraipur,"Regional Outreach Bureau Raipur, Chattisgarh",,"#IndiaFightsCorona

फ्रंटलाइन वर्कर्स, जो लगातार हमारी सेवा में लगे हुए हैं - हम सभी सदैव उनके आभारी रहेंगे।

 #TogetherAgainstCovid19 #HealthForAll #SwasthaBharat #CoronaOutbreak #Unlock1  pic.twitter.com/egBjkYvOBJ",[],[],['https://pbs.twimg.com/media/EbvUaQGWAAEQYI1.jpg'],0,10,10,"['#indiafightscorona', '#togetheragainstcovid19', '#healthforall', '#swasthabharat', '#coronaoutbreak', '#unlock1']",[],https://twitter.com/ROBRAIPUR/status/1277848480451457026,False,,0,,,,,,,"[{'user_id': '1037987041986863104', 'username': 'ROBRAIPUR'}]",,,,
1277848397408423936,1277848397408423936,1593497773000,2020-06-30,11:46:13,IST,1037987041986863104,robraipur,"Regional Outreach Bureau Raipur, Chattisgarh",,"#IndiaFightsCorona

हमारा साथ उनके काम करने के पक्के  इरादे को और मजबूत बनाएगा।

 #TogetherAgainstCovid19 #HealthForAll #SwasthaBharat #CoronaOutbreak #Unlock1  pic.twitter.com/2pUICDIBc5",[],[],['https://pbs.twimg.com/media/EbvUVa6WkAUoUpr.jpg'],0,7,7,"['#indiafightscorona', '#togetheragainstcovid19', '#healthforall', '#swasthabharat', '#coronaoutbreak', '#unlock1']",[],https://twitter.com/ROBRAIPUR/status/1277848397408423936,False,,0,,,,,,,"[{'user_id': '1037987041986863104', 'username': 'ROBRAIPUR'}]",,,,
1277848261932404738,1277848261932404738,1593497741000,2020-06-30,11:45:41,IST,1037987041986863104,robraipur,"Regional Outreach Bureau Raipur, Chattisgarh",,"#IndiaFightsCorona
#COVID19 के संक्रमण से बचने के लिए इन दिशानिर्देशों का हर समय पालन करें और खुद को एवं दूसरों को सुरक्षित रखें। बदलकर अपना व्यवहार, करें कोरोना पर वार।

 #TogetherAgainstCOVID19 #HealthForAll #SwasthaBharat #CoronaOutbreak #Unlock1  pic.twitter.com/whU4Jqv8qK",[],[],['https://pbs.twimg.com/media/EbvUNgJXYAEheC9.jpg'],0,9,9,"['#indiafightscorona', '#covid19', '#togetheragainstcovid19', '#healthforall', '#swasthabharat', '#coronaoutbreak', '#unlock1']",[],https://twitter.com/ROBRAIPUR/status/1277848261932404738,False,,0,,,,,,,"[{'user_id': '1037987041986863104', 'username': 'ROBRAIPUR'}]",,,,
1277848186799808513,1277848186799808513,1593497723000,2020-06-30,11:45:23,IST,1037987041986863104,robraipur,"Regional Outreach Bureau Raipur, Chattisgarh",,"#IndiaFightsCorona
#COVID19 के संक्रमण से बचने के लिए इन दिशानिर्देशों का हर समय पालन करें और खुद को एवं दूसरों को सुरक्षित रखें। बदलकर अपना व्यवहार, करें कोरोना पर वार।

 #TogetherAgainstCovid19 #HealthForAll #SwasthaBharat #CoronaOutbreak #Unlock1  pic.twitter.com/nJGopCChSq",[],[],['https://pbs.twimg.com/media/EbvUJJOWoAAkK8t.jpg'],0,10,10,"['#indiafightscorona', '#covid19', '#togetheragainstcovid19', '#healthforall', '#swasthabharat', '#coronaoutbreak', '#unlock1']",[],https://twitter.com/ROBRAIPUR/status/1277848186799808513,False,,0,,,,,,,"[{'user_id': '1037987041986863104', 'username': 'ROBRAIPUR'}]",,,,
1277848107577819136,1277848107577819136,1593497704000,2020-06-30,11:45:04,IST,1037987041986863104,robraipur,"Regional Outreach Bureau Raipur, Chattisgarh",,"#IndiaFightsCorona

हमारी एकजुटता उनके हौसले को मजबूत बनाएगी।

 #TogetherAgainstCovid19 #HealthForAll #SwasthaBharat #CoronaOutbreak #Unlock1  pic.twitter.com/yM0JzkobeK",[],[],['https://pbs.twimg.com/media/EbvUEjKXsAMwumR.jpg'],0,9,10,"['#indiafightscorona', '#togetheragainstcovid19', '#healthforall', '#swasthabharat', '#coronaoutbreak', '#unlock1']",[],https://twitter.com/ROBRAIPUR/status/1277848107577819136,False,,0,,,,,,,"[{'user_id': '1037987041986863104', 'username': 'ROBRAIPUR'}]",,,,
1277848031996461056,1277848031996461056,1593497686000,2020-06-30,11:44:46,IST,1037987041986863104,robraipur,"Regional Outreach Bureau Raipur, Chattisgarh",,"#IndiaFightsCorona

सभी स्वास्थ्य कर्मियों को सादर धन्यवाद। एक संयुक्त परिवार के रूप में आइये हम सब मिलकर इन कोरोना योद्धाओं को धन्यवाद दें।

 #TogetherAgainstCovid19 #HealthForAll #SwasthaBharat #CoronaOutbreak #Unlock1  pic.twitter.com/euoUiGEbJd",[],[],['https://pbs.twimg.com/media/EbvUAVLWoAAbASB.jpg'],0,11,11,"['#indiafightscorona', '#togetheragainstcovid19', '#healthforall', '#swasthabharat', '#coronaoutbreak', '#unlock1']",[],https://twitter.com/ROBRAIPUR/status/1277848031996461056,False,,0,,,,,,,"[{'user_id': '1037987041986863104', 'username': 'ROBRAIPUR'}]",,,,
1277847955584593920,1277847955584593920,1593497668000,2020-06-30,11:44:28,IST,1037987041986863104,robraipur,"Regional Outreach Bureau Raipur, Chattisgarh",,"#IndiaFightsCorona

हमेशा याद रखें और #COVID19 से बचाव के लिए इन निर्देशों का पालन करें। इस जानकारी को साझा करें। अपनी सुरक्षा और सब की मदद करें। बदलकर अपना व्यवहार, करें कोरोना पर वार।

 #TogetherAgainstCovid19 #HealthForAll #SwasthaBharat #CoronaOutbreak #Unlock1  pic.twitter.com/jrzEOMzVBx",[],[],['https://pbs.twimg.com/media/EbvT7woWAAAHaFf.jpg'],0,11,10,"['#indiafightscorona', '#covid19', '#togetheragainstcovid19', '#healthforall', '#swasthabharat', '#coronaoutbreak', '#unlock1']",[],https://twitter.com/ROBRAIPUR/status/1277847955584593920,False,,0,,,,,,,"[{'user_id': '1037987041986863104', 'username': 'ROBRAIPUR'}]",,,,
1277847808167444480,1277847808167444480,1593497633000,2020-06-30,11:43:53,IST,1037987041986863104,robraipur,"Regional Outreach Bureau Raipur, Chattisgarh",,"#IndiaFightsCorona

हमारे स्वास्थ्यकर्मी निःस्वार्थ रूप से #COVID19 लड़ाई को अग्रिम पंक्ति पर खड़े होकर लड़ रहे हैं। 

#TogetherAgainstCovid19 #HealthForAll #SwasthaBharat #CoronaOutbreak #Unlock1  pic.twitter.com/wBRPQrdwBG",[],[],['https://pbs.twimg.com/media/EbvTzJ6WoAEipf0.jpg'],0,10,9,"['#indiafightscorona', '#covid19', '#togetheragainstcovid19', '#healthforall', '#swasthabharat', '#coronaoutbreak', '#unlock1']",[],https://twitter.com/ROBRAIPUR/status/1277847808167444480,False,,0,,,,,,,"[{'user_id': '1037987041986863104', 'username': 'ROBRAIPUR'}]",,,,
1277847710964436993,1277847710964436993,1593497610000,2020-06-30,11:43:30,IST,1037987041986863104,robraipur,"Regional Outreach Bureau Raipur, Chattisgarh",,"#IndiaFightsCoronavirus 

कोरोना वारियर्स से भेदभाव न करें, उन्हें  सम्मान दें। 

#TogetherAgainstCovid19 #HealthForAll #SwasthaBharat #CoronaOutbreak #Unlock1  pic.twitter.com/Wh2yivksnj",[],[],['https://pbs.twimg.com/media/EbvTtcEXkAMv6VB.jpg'],0,10,10,"['#indiafightscoronavirus', '#togetheragainstcovid19', '#healthforall', '#swasthabharat', '#coronaoutbreak', '#unlock1']",[],https://twitter.com/ROBRAIPUR/status/1277847710964436993,False,,0,,,,,,,"[{'user_id': '1037987041986863104', 'username': 'ROBRAIPUR'}]",,,,
1277847607587426304,1277847607587426304,1593497585000,2020-06-30,11:43:05,IST,1037987041986863104,robraipur,"Regional Outreach Bureau Raipur, Chattisgarh",,"#IndiaFightsCorona 

स्वस्थ रहें, सुरक्षित रहें। ख़ुद की और दूसरों की सुरक्षा के लिए मास्क पहनें। बदलकर अपना व्यवहार, करें कोरोना पर वार। 

#TogetherAgainstCovid19 #HealthForAll #SwasthaBharat #CoronaOutbreak #Unlock1  pic.twitter.com/qM3mbmifYr",[],[],['https://pbs.twimg.com/media/EbvTndtXgAAcX5D.jpg'],0,9,9,"['#indiafightscorona', '#togetheragainstcovid19', '#healthforall', '#swasthabharat', '#coronaoutbreak', '#unlock1']",[],https://twitter.com/ROBRAIPUR/status/1277847607587426304,False,,0,,,,,,,"[{'user_id': '1037987041986863104', 'username': 'ROBRAIPUR'}]",,,,
1277847289898258434,1277847289898258434,1593497509000,2020-06-30,11:41:49,IST,1037987041986863104,robraipur,"Regional Outreach Bureau Raipur, Chattisgarh",,"#IndiaFightsCorona 

अपने हाथों को नियमित रूप से साबुन और पानी से धोएं या अल्कोहल-आधारित हैंड सैनिटाइज़र का प्रयोग करें। बदलकर अपना व्यवहार, करें कोरोना पर वार। 

#TogetherAgainstCovid19 #HealthForAll #SwasthaBharat #CoronaOutbreak #Unlock1  pic.twitter.com/ia1l315Vp1",[],[],['https://pbs.twimg.com/media/EbvTU9pXYAEnJRd.jpg'],0,9,9,"['#indiafightscorona', '#togetheragainstcovid19', '#healthforall', '#swasthabharat', '#coronaoutbreak', '#unlock1']",[],https://twitter.com/ROBRAIPUR/status/1277847289898258434,False,,0,,,,,,,"[{'user_id': '1037987041986863104', 'username': 'ROBRAIPUR'}]",,,,
1277533375360675840,1277533375360675840,1593422666000,2020-06-29,14:54:26,IST,185577582,goldy_nist,kundan kumar,,@PiyushGoyal @IRCTCofficial @IndianRailMedia Kindly run special train for patna from Raipur ( South Bihar express) and make necessary arrangement for stopage  of special train HOWRAH MUMBAI at TATANAGAR .There is no means to connect these two states #Unlock1,"['piyushgoyal', 'irctcofficial', 'indianrailmedia']",[],[],0,0,0,['#unlock1'],[],https://twitter.com/goldy_nist/status/1277533375360675840,False,,0,,,,,,,"[{'user_id': '185577582', 'username': 'goldy_nist'}, {'user_id': '1324334436', 'username': 'PiyushGoyal'}, {'user_id': '141176075', 'username': 'IRCTCofficial'}, {'user_id': '2397304789', 'username': 'IndianRailMedia'}]",,,,
1277511195067510784,1277511195067510784,1593417378000,2020-06-29,13:26:18,IST,1037987041986863104,robraipur,"Regional Outreach Bureau Raipur, Chattisgarh",,"पूजा धीवर #मध्यप्रदेश जबलपुर के रांची उपनगरीय इलाके में रहती हैं. वह प्राइवेट जॉब करती हैं, उनके घर में मिठाई का बिजनेस भी है. वे #अनलॉक_1 से हुए आर्थिक राहत के बारे में अपना अनुभव साझा कर रहीं हैं.
#Unlock1
#IndiaFightsCorona
@BOC_MIB pic.twitter.com/bOoGo1To2w",['boc_mib'],[],[],0,9,10,"['#मध्यप्रदेश', '#अनलॉक_1', '#unlock1', '#indiafightscorona']",[],https://twitter.com/ROBRAIPUR/status/1277511195067510784,False,,1,,,,,,,"[{'user_id': '1037987041986863104', 'username': 'ROBRAIPUR'}, {'user_id': '2586283550', 'username': 'BOC_MIB'}]",,,,
1277499671439523840,1277499671439523840,1593414631000,2020-06-29,12:40:31,IST,1037987041986863104,robraipur,"Regional Outreach Bureau Raipur, Chattisgarh",,"#छत्तीसगढ़ जिला सूरजपुर के ANM एवं पैरामेडिकल स्टाफ द्वारा #अनलॉक_1 में टीकाकरण का कार्य नियमित रूप से जारी है. वे बच्चों एवं गर्भवती महिलाओं का सम्पूर्ण टीकाकरण कर रहीं हैं.

#Unlock1
#IndiaFightsCorona
@BOC_MIB pic.twitter.com/FthCif9M9R",['boc_mib'],[],"['https://pbs.twimg.com/media/EbqXJEsWoAALaHX.jpg', 'https://pbs.twimg.com/media/EbqXJVCWkAEWAkl.jpg', 'https://pbs.twimg.com/media/EbqXKGKXkAIM4zG.jpg', 'https://pbs.twimg.com/media/EbqXK3UX0AA1i8L.jpg']",0,10,9,"['#छत्तीसगढ़', '#अनलॉक_1', '#unlock1', '#indiafightscorona']",[],https://twitter.com/ROBRAIPUR/status/1277499671439523840,False,,0,,,,,,,"[{'user_id': '1037987041986863104', 'username': 'ROBRAIPUR'}, {'user_id': '2586283550', 'username': 'BOC_MIB'}]",,,,
1276452423045795841,1276452423045795841,1593164947000,2020-06-26,15:19:07,IST,1037987041986863104,robraipur,"Regional Outreach Bureau Raipur, Chattisgarh",,"#IndiaFightsCorona

अपने हाथों को नियमित रूप से और अच्छे से साबुन और पानी से धोएं या अल्कोहल-आधारित हैंड सैनिटाइज़र का प्रयोग करें। स्वच्छ हाथ, सुरक्षित हाथ। बदलकर अपना व्यवहार, करें कोरोना पर वार।

  #TogetherAgainstCovid19 #HealthForAll #SwasthaBharat #CoronaOutbreak #Unlock1  pic.twitter.com/v2tk33iSkw",[],[],['https://pbs.twimg.com/media/EbbetJuVcAALkR6.jpg'],0,14,13,"['#indiafightscorona', '#togetheragainstcovid19', '#healthforall', '#swasthabharat', '#coronaoutbreak', '#unlock1']",[],https://twitter.com/ROBRAIPUR/status/1276452423045795841,False,,0,,,,,,,"[{'user_id': '1037987041986863104', 'username': 'ROBRAIPUR'}]",,,,
1276157602167169025,1276157602167169025,1593094656000,2020-06-25,19:47:36,IST,1037987041986863104,robraipur,"Regional Outreach Bureau Raipur, Chattisgarh",,"#IndiaFightsCorona

जो निःस्वार्थ भाव से हमारी सेवा में लगे हुए हैं, यह देश उन सभी का हमेशा आभारी रहेगा। 

#TogetherAgainstCovid19 #HealthForAll #SwasthaBharat #CoronaOutbreak #Unlock1  pic.twitter.com/luAoAYyyk4",[],[],['https://pbs.twimg.com/media/EbXSkYxX0AAnMQj.jpg'],0,13,13,"['#indiafightscorona', '#togetheragainstcovid19', '#healthforall', '#swasthabharat', '#coronaoutbreak', '#unlock1']",[],https://twitter.com/ROBRAIPUR/status/1276157602167169025,False,,0,,,,,,,"[{'user_id': '1037987041986863104', 'username': 'ROBRAIPUR'}]",,,,
1276055645637079040,1276055645637079040,1593070348000,2020-06-25,13:02:28,IST,1037987041986863104,robraipur,"Regional Outreach Bureau Raipur, Chattisgarh",,"#अनलॉक_1 से जिला जबलपुर के सुदूर आदिवासी ग्राम चरगवां के राजमिस्त्री श्री राजकुमार कुलस्ते काफी प्रसन्न हैं. वे सुरक्षा मानक अपना कर काम करने जाते हैं.

#Unlock1
#IndiaFightsCorona
@BOC_MIB pic.twitter.com/Us7iSko0GY",['boc_mib'],[],[],0,11,9,"['#अनलॉक_1', '#unlock1', '#indiafightscorona']",[],https://twitter.com/ROBRAIPUR/status/1276055645637079040,False,,1,,,,,,,"[{'user_id': '1037987041986863104', 'username': 'ROBRAIPUR'}, {'user_id': '2586283550', 'username': 'BOC_MIB'}]",,,,
1275681293347565569,1275681293347565569,1592981096000,2020-06-24,12:14:56,IST,1037987041986863104,robraipur,"Regional Outreach Bureau Raipur, Chattisgarh",,"#छत्तीसगढ़/ जिला-बस्तर, ब्लॉक-जगदलपुर, बलीराम कश्यप वार्ड में किराना स्टोर्स मालिक हितेश कुमार बांगर ने बताया कि #अनलॉक_1 में उनका व्यवसाय ठीक चल रहा है । वह शासन के निर्देशों का पालन कर व्यवसाय कर रहे हैं। उन्होंने सरकार को धन्यवाद दिया है।
#Unlock1
#IndiaFightsCorona
@BOC_MIB pic.twitter.com/kMfVkf0LAC",['boc_mib'],[],[],0,17,14,"['#छत्तीसगढ़', '#अनलॉक_1', '#unlock1', '#indiafightscorona']",[],https://twitter.com/ROBRAIPUR/status/1275681293347565569,False,,1,,,,,,,"[{'user_id': '1037987041986863104', 'username': 'ROBRAIPUR'}, {'user_id': '2586283550', 'username': 'BOC_MIB'}]",,,,
1275414711127826434,1275414711127826434,1592917537000,2020-06-23,18:35:37,IST,106972578,ibc24news,IBC24 News,,"#Raipur: @aiims_rpr  की बड़ी चूक, #CivilSurgeon को बताया था #CoronaPositive
#COVID2019 #IndiaFightsCoronavirus #Lockdownextention #UNLOCK1 #CGNews 

फॉलो करें : @jyotisingh10101 
LIVETV :  http://ibc24.in/livetv  https://www.youtube.com/watch?v=605iPEojQdQ …","['aiims_rpr', 'jyotisingh10101']","['http://ibc24.in/livetv', 'https://www.youtube.com/watch?v=605iPEojQdQ']",[],0,1,7,"['#raipur', '#civilsurgeon', '#coronapositive', '#covid2019', '#indiafightscoronavirus', '#lockdownextention', '#unlock1', '#cgnews']",[],https://twitter.com/IBC24News/status/1275414711127826434,False,,0,,,,,,,"[{'user_id': '106972578', 'username': 'IBC24News'}, {'user_id': '810792966927347718', 'username': 'aiims_rpr'}, {'user_id': '831844851641638912', 'username': 'jyotisingh10101'}]",,,,
1275409535830638594,1275409535830638594,1592916303000,2020-06-23,18:15:03,IST,106972578,ibc24news,IBC24 News,,"#Flight से #Raipur आने वाले 2 यात्री पाए गए #CoronaPositive,  अलग-अलग विमानों से पहुंचे थे दोनों शख्स

#COVID2019 #IndiaFightsCoronavirus #Lockdownextention #UNLOCK1 #CGNews 

फॉलो करें : @AkankshaaPande1 
LIVETV :  http://ibc24.in/livetv  https://www.youtube.com/watch?v=f2WuxzWqnA4 …",['akankshaapande1'],"['http://ibc24.in/livetv', 'https://www.youtube.com/watch?v=f2WuxzWqnA4']",[],0,0,3,"['#flight', '#raipur', '#coronapositive', '#covid2019', '#indiafightscoronavirus', '#lockdownextention', '#unlock1', '#cgnews']",[],https://twitter.com/IBC24News/status/1275409535830638594,False,,0,,,,,,,"[{'user_id': '106972578', 'username': 'IBC24News'}, {'user_id': '1222838548237176834', 'username': 'AkankshaaPande1'}]",,,,
1275382458746191872,1275382458746191872,1592909848000,2020-06-23,16:27:28,IST,902114498437275648,pibraipur,PIB in Chhattisgarh,,"#IndiaFightsCorona
#COVID19 के संक्रमण से बचने के लिए इन दिशानिर्देशों का हर समय पालन करें और खुद को एवं दूसरों को सुरक्षित रखें। बदलकर अपना व्यवहार, करें कोरोना पर वार।

 #TogetherAgainstCOVID19 #HealthForAll #SwasthaBharat #CoronaOutbreak #Unlock1  pic.twitter.com/ktwvVCYt1O pic.twitter.com/lCbe2clfr6",[],[],"['https://pbs.twimg.com/media/EbMRk5kU8AEjL4F.jpg', 'https://pbs.twimg.com/media/EbLjlVKUEAYncSH.jpg']",0,12,13,"['#indiafightscorona', '#covid19', '#togetheragainstcovid19', '#healthforall', '#swasthabharat', '#coronaoutbreak', '#unlock1']",[],https://twitter.com/PIBRaipur/status/1275382458746191872,False,,0,,,,,,,"[{'user_id': '902114498437275648', 'username': 'PIBRaipur'}]",,,,
1275348280109527042,1275348280109527042,1592901699000,2020-06-23,14:11:39,IST,106972578,ibc24news,IBC24 News,,"#Raipur में मिले 3 नए पॉजिटिव मरीज, पुरानी बस्ती थाने को किया गया सील

#COVID2019 #IndiaFightsCoronavirus #Lockdownextention #UNLOCK1 #CGNews 

फॉलो करें : @Rachana_Nitesh 
LIVETV :  http://ibc24.in/livetv  https://www.youtube.com/watch?v=wK50DHGN4HM …",['rachana_nitesh'],"['http://ibc24.in/livetv', 'https://www.youtube.com/watch?v=wK50DHGN4HM']",[],1,1,4,"['#raipur', '#covid2019', '#indiafightscoronavirus', '#lockdownextention', '#unlock1', '#cgnews']",[],https://twitter.com/IBC24News/status/1275348280109527042,False,,0,,,,,,,"[{'user_id': '106972578', 'username': 'IBC24News'}, {'user_id': '2849638807', 'username': 'Rachana_Nitesh'}]",,,,
1272771796563972096,1272771796563972096,1592287417000,2020-06-16,11:33:37,IST,106972578,ibc24news,IBC24 News,,"#Raipur:  नए मरीज मिलने के बाद राजधानी रायपुर के ये इलाके कंटेनमेंट जोन घोषित, अब तक यहां 70 जोन संक्रमण की चपेट में

#COVID2019 #IndiaFightsCoronavirus #Lockdownextention #UNLOCK1 #CGNews 

फॉलो करें : @triptisoni6194 
LIVETV :  http://ibc24.in/livetv  pic.twitter.com/RH8p4aIWpA",['triptisoni6194'],['http://ibc24.in/livetv'],[],1,1,6,"['#raipur', '#covid2019', '#indiafightscoronavirus', '#lockdownextention', '#unlock1', '#cgnews']",[],https://twitter.com/IBC24News/status/1272771796563972096,False,,1,,,,,,,"[{'user_id': '106972578', 'username': 'IBC24News'}, {'user_id': '2858081263', 'username': 'triptisoni6194'}]",,,,
1271386284229943298,1271386284229943298,1591957086000,2020-06-12,15:48:06,IST,106972578,ibc24news,IBC24 News,,"#Raipur: #ENT डॉक्टर राकेश गुप्ता की कोरोना को लेकर सलाह, 3 हफ्ते का पूर्ण लॉकडाउन हो

#COVID2019 #IndiaFightsCoronavirus #Lockdown5 #Lockdownextention #UNLOCK1 #CGNews 

फॉलो करें : @jyotisingh10101 
LIVETV :  http://ibc24.in/livetv  pic.twitter.com/g0SDPJXtqd",['jyotisingh10101'],['http://ibc24.in/livetv'],[],0,2,9,"['#raipur', '#ent', '#covid2019', '#indiafightscoronavirus', '#lockdown5', '#lockdownextention', '#unlock1', '#cgnews']",[],https://twitter.com/IBC24News/status/1271386284229943298,False,,1,,,,,,,"[{'user_id': '106972578', 'username': 'IBC24News'}, {'user_id': '831844851641638912', 'username': 'jyotisingh10101'}]",,,,
1271363691875729414,1271363691875729414,1591951699000,2020-06-12,14:18:19,IST,106972578,ibc24news,IBC24 News,,"#Raipur: #AIIMS से भागे मरीज की तलाश जारी, संपर्क में आए सभी लोगों को क्वारंटाइन रहने के निर्देश

@aiims_rpr #COVID2019 #IndiaFightsCoronavirus #Lockdown5 #Lockdownextention #UNLOCK1 #CGNews 

फॉलो करें : @SHRAWAN_TAMBOLI 
LIVETV :  http://ibc24.in/livetv  pic.twitter.com/3BkERxwgk5","['aiims_rpr', 'shrawan_tamboli']",['http://ibc24.in/livetv'],[],0,1,5,"['#raipur', '#aiims', '#covid2019', '#indiafightscoronavirus', '#lockdown5', '#lockdownextention', '#unlock1', '#cgnews']",[],https://twitter.com/IBC24News/status/1271363691875729414,False,,1,,,,,,,"[{'user_id': '106972578', 'username': 'IBC24News'}, {'user_id': '810792966927347718', 'username': 'aiims_rpr'}, {'user_id': '806092886', 'username': 'SHRAWAN_TAMBOLI'}]",,,,
1271335623287115777,1271335623287115777,1591945007000,2020-06-12,12:26:47,IST,106972578,ibc24news,IBC24 News,,"#Raipur: पूरे हफ्ते खुली रहेंगी दुकाने, एक भी दिन बंद करने भारत सरकार या राज्य सरकार का आदेश नहीं

@bhupeshbaghel @ChhattisgarhCMO #COVID2019 #IndiaFightsCoronavirus #Lockdown5 #Lockdownextention #UNLOCK1 #CGNews 

फॉलो करें : @SHRAWAN_TAMBOLI 
LIVETV :  http://ibc24.in/livetv  pic.twitter.com/0leXHLJdiF","['bhupeshbaghel', 'chhattisgarhcmo', 'shrawan_tamboli']",['http://ibc24.in/livetv'],[],1,1,13,"['#raipur', '#covid2019', '#indiafightscoronavirus', '#lockdown5', '#lockdownextention', '#unlock1', '#cgnews']",[],https://twitter.com/IBC24News/status/1271335623287115777,False,,1,,,,,,,"[{'user_id': '106972578', 'username': 'IBC24News'}, {'user_id': '731388034244055040', 'username': 'bhupeshbaghel'}, {'user_id': '2599676406', 'username': 'ChhattisgarhCMO'}, {'user_id': '806092886', 'username': 'SHRAWAN_TAMBOLI'}]",,,,
1270621697583001605,1270621697583001605,1591774794000,2020-06-10,13:09:54,IST,2164403707,nai_dunia,NaiDunia,,"Raipur Unlock1 Update : बेटी की शादी में ज्यादा मेहमान बुलाना पड़ा भारी, दुल्हन के पिता पर केस दर्ज
 https://www.naidunia.com/chhattisgarh/raipur-more-people-had-to-call-in-daughters-wedding-case-filed-against-brides-father-5609214 …
#Chhattisgarh #ChhattisgarhNews #CGNews #Coronavirus #Coronavirusinindia",[],['https://www.naidunia.com/chhattisgarh/raipur-more-people-had-to-call-in-daughters-wedding-case-filed-against-brides-father-5609214'],[],0,0,1,"['#chhattisgarh', '#chhattisgarhnews', '#cgnews', '#coronavirus', '#coronavirusinindia']",[],https://twitter.com/Nai_Dunia/status/1270621697583001605,False,,0,,,,,,,"[{'user_id': '2164403707', 'username': 'Nai_Dunia'}]",,,,
1270315813510111236,1270315813510111236,1591701865000,2020-06-09,16:54:25,IST,106972578,ibc24news,IBC24 News,,"#Raipur: #AIIMS प्रबंधन ने राज्य सरकार से की अपील, 10 दिनों तक कोरोना सैंपल नहीं भेजने की अपील

@bhupeshbaghel @ChhattisgarhCMO @aiims_rpr #IndiaFightsCoronavirus #Lockdown5 #Lockdownextention #UNLOCK1 #CGNews 

फॉलो करें : @vijaypandya07 
LIVETV :  http://ibc24.in/livetv  pic.twitter.com/Bun3h9i2hx","['bhupeshbaghel', 'chhattisgarhcmo', 'aiims_rpr', 'vijaypandya07']",['http://ibc24.in/livetv'],[],1,3,8,"['#raipur', '#aiims', '#indiafightscoronavirus', '#lockdown5', '#lockdownextention', '#unlock1', '#cgnews']",[],https://twitter.com/IBC24News/status/1270315813510111236,False,,1,,,,,,,"[{'user_id': '106972578', 'username': 'IBC24News'}, {'user_id': '731388034244055040', 'username': 'bhupeshbaghel'}, {'user_id': '2599676406', 'username': 'ChhattisgarhCMO'}, {'user_id': '810792966927347718', 'username': 'aiims_rpr'}, {'user_id': '569772937', 'username': 'vijaypandya07'}]",,,,
1270303742458380288,1270303742458380288,1591698987000,2020-06-09,16:06:27,IST,498925035,ijaivalbhatt,Jaival Bhushan Bhatt,Raipur Bhajia House,"After a long time with safety world famous “Raipur’s Bhajiya House Start! 

#Ahmedabad #foodie #Raipur #Khadia #Unlock1  pic.twitter.com/qAXuhgHlGU – at Raipur Bhajia House",[],[],['https://pbs.twimg.com/media/EaEGg2gXgAAQ-8L.jpg'],10,9,121,"['#ahmedabad', '#foodie', '#raipur', '#khadia', '#unlock1']",[],https://twitter.com/ijaivalbhatt/status/1270303742458380288,False,,0,,,,,,,"[{'user_id': '498925035', 'username': 'ijaivalbhatt'}]",,,,
1270215538778574849,1270215538778574849,1591677958000,2020-06-09,10:15:58,IST,106972578,ibc24news,IBC24 News,,"#Raipur: राजधानी में कोरोना संक्रमित युवती की मौत, दुर्ग की युवती का #AIIMS में चल रहा था इलाज

#COVID2019 #IndiaFightsCoronavirus #Lockdown5 #Lockdownextention #UNLOCK1 #CGNews 

फॉलो करें : @triptisoni6194 
LIVETV :  http://ibc24.in/livetv  pic.twitter.com/bddSVotlPN",['triptisoni6194'],['http://ibc24.in/livetv'],[],0,0,11,"['#raipur', '#aiims', '#covid2019', '#indiafightscoronavirus', '#lockdown5', '#lockdownextention', '#unlock1', '#cgnews']",[],https://twitter.com/IBC24News/status/1270215538778574849,False,,1,,,,,,,"[{'user_id': '106972578', 'username': 'IBC24News'}, {'user_id': '2858081263', 'username': 'triptisoni6194'}]",,,,
1270209718552653824,1270209718552653824,1591676570000,2020-06-09,09:52:50,IST,1268127742941442048,cg_channel,CG News Channel,,Raipur Unlock1 Update : फ्लाइट की आवाजाही बढ़ी दूसरे हफ्ते 40 फीसद बढ़े हवाई यात्री  https://cgnewschannel.com/raipur-unlock1-update-%e0%a4%ab%e0%a5%8d%e0%a4%b2%e0%a4%be%e0%a4%87%e0%a4%9f-%e0%a4%95%e0%a5%80-%e0%a4%86%e0%a4%b5%e0%a4%be%e0%a4%9c%e0%a4%be%e0%a4%b9%e0%a5%80-%e0%a4%ac%e0%a5%9d%e0%a5%80-%e0%a4%a6/ …,[],['https://cgnewschannel.com/raipur-unlock1-update-%e0%a4%ab%e0%a5%8d%e0%a4%b2%e0%a4%be%e0%a4%87%e0%a4%9f-%e0%a4%95%e0%a5%80-%e0%a4%86%e0%a4%b5%e0%a4%be%e0%a4%9c%e0%a4%be%e0%a4%b9%e0%a5%80-%e0%a4%ac%e0%a5%9d%e0%a5%80-%e0%a4%a6/'],[],0,0,0,[],[],https://twitter.com/cg_channel/status/1270209718552653824,False,,0,,,,,,,"[{'user_id': '1268127742941442048', 'username': 'cg_channel'}]",,,,
1269988904712548352,1269988904712548352,1591623924000,2020-06-08,19:15:24,IST,106972578,ibc24news,IBC24 News,,"Unlock- 1 में बढ़े हवाई यात्री | #Raipur से हवाई यात्रियों में हुआ इजाफा

#CoronavirusIndia #CoronaUpdatesInIndia #COVID19India #COVID__19 #COVID19 #Unlock1 

फॉलो करें : @Rahulsinha1810 pic.twitter.com/w5oIcHRI71",['rahulsinha1810'],[],[],0,1,8,"['#raipur', '#coronavirusindia', '#coronaupdatesinindia', '#covid19india', '#covid__19', '#covid19', '#unlock1']",[],https://twitter.com/IBC24News/status/1269988904712548352,False,,1,,,,,,,"[{'user_id': '106972578', 'username': 'IBC24News'}, {'user_id': '903126355818119170', 'username': 'Rahulsinha1810'}]",,,,
1269959475508572160,1269959475508572160,1591616908000,2020-06-08,17:18:28,IST,1215943404426629120,hindustannewsd1,Hindustan News Daily,,"Chhattisgarh:की राजधानी Raipur में थानेदार ने जनता से करी मारपीट Videoहो...  https://youtu.be/Vx8xtcXymOw  via @YouTube #Uttarakhand #LivePoojaदेखेपूरीVideo
#unlock1 #Coronavirus #Uttrakhand #WorshipatMata #Vaishno Devi #Coronavirus",['youtube'],['https://youtu.be/Vx8xtcXymOw'],[],0,0,0,"['#uttarakhand', '#livepoojaदेखेपूरीvideo', '#unlock1', '#coronavirus', '#uttrakhand', '#worshipatmata', '#vaishno', '#coronavirus']",[],https://twitter.com/HindustanNewsD1/status/1269959475508572160,False,,0,,,,,,,"[{'user_id': '1215943404426629120', 'username': 'HindustanNewsD1'}, {'user_id': '10228272', 'username': 'YouTube'}]",,,,
1269955668141735936,1269955668141735936,1591616000000,2020-06-08,17:03:20,IST,106972578,ibc24news,IBC24 News,,"#Raipur: मंदिरों में आज से पूजा शुरू, सीएम भूपेश के निर्णय की जमकर सराहना, 21 पुजारियों ने किया CM का स्वागत

@bhupeshbaghel @INCChhattisgarh #IndiaFightsCoronavirus #Lockdown5 #Lockdownextention #UNLOCK1 #CGNews 

फॉलो करें : @SHRAWAN_TAMBOLI 
LIVETV :  http://ibc24.in/livetv  pic.twitter.com/MXollnK7E2","['bhupeshbaghel', 'incchhattisgarh', 'shrawan_tamboli']",['http://ibc24.in/livetv'],[],1,1,5,"['#raipur', '#indiafightscoronavirus', '#lockdown5', '#lockdownextention', '#unlock1', '#cgnews']",[],https://twitter.com/IBC24News/status/1269955668141735936,False,,1,,,,,,,"[{'user_id': '106972578', 'username': 'IBC24News'}, {'user_id': '731388034244055040', 'username': 'bhupeshbaghel'}, {'user_id': '2912029974', 'username': 'INCChhattisgarh'}, {'user_id': '806092886', 'username': 'SHRAWAN_TAMBOLI'}]",,,,
1269908675755249665,1269908675755249665,1591604796000,2020-06-08,13:56:36,IST,106972578,ibc24news,IBC24 News,,"#Raipur : #Unlock को लेकर #Confusion,  शहर के कई #Park, #WalkingStreet नहीं खुले

#COVID2019 #IndiaFightsCoronavirus #Lockdown5 #Lockdownextention #UNLOCK1 #CGNews 

फॉलो करें : @jyotisingh10101 
LIVETV :  http://ibc24.in/livetv  https://www.youtube.com/watch?v=nTyn_9jpJ8w …",['jyotisingh10101'],"['http://ibc24.in/livetv', 'https://www.youtube.com/watch?v=nTyn_9jpJ8w']",[],0,1,6,"['#raipur', '#unlock', '#confusion', '#park', '#walkingstreet', '#covid2019', '#indiafightscoronavirus', '#lockdown5', '#lockdownextention', '#unlock1', '#cgnews']",[],https://twitter.com/IBC24News/status/1269908675755249665,False,,0,,,,,,,"[{'user_id': '106972578', 'username': 'IBC24News'}, {'user_id': '831844851641638912', 'username': 'jyotisingh10101'}]",,,,
1269892130991861760,1269892130991861760,1591600852000,2020-06-08,12:50:52,IST,106972578,ibc24news,IBC24 News,,"#Raipur : मेकाहारा में #COVID19 अस्पताल हुआ शुरु,  वर्तमान में इतने बिस्तरों की है सुविधा, देखिए 

 #COVID2019 #IndiaFightsCoronavirus #Lockdown5 #Lockdownextention #UNLOCK1 #CGNews 

फॉलो करें : @triptisoni6194 
LIVETV :  http://ibc24.in/livetv  pic.twitter.com/i7xgMwHIJY",['triptisoni6194'],['http://ibc24.in/livetv'],[],0,3,11,"['#raipur', '#covid19', '#covid2019', '#indiafightscoronavirus', '#lockdown5', '#lockdownextention', '#unlock1', '#cgnews']",[],https://twitter.com/IBC24News/status/1269892130991861760,False,,1,,,,,,,"[{'user_id': '106972578', 'username': 'IBC24News'}, {'user_id': '2858081263', 'username': 'triptisoni6194'}]",,,,
1269864178715463682,1269864178715463682,1591594187000,2020-06-08,10:59:47,IST,106972578,ibc24news,IBC24 News,,"#Raipur:  प्रदेश में कोरोना के 5 और मरीज मिले, #WRSColony, #Telibandha #Devpuri से मिले मरीज

@bhupeshbaghel @TS_SinghDeo #Lockdown5 #Lockdownextention #UNLOCK1 #CGNews 

फॉलो करें : @SHRAWAN_TAMBOLI 
LIVETV :  http://ibc24.in/livetv  https://www.youtube.com/watch?v=W22bIcY7pNY …","['bhupeshbaghel', 'ts_singhdeo', 'shrawan_tamboli']","['http://ibc24.in/livetv', 'https://www.youtube.com/watch?v=W22bIcY7pNY']",[],0,1,6,"['#raipur', '#wrscolony', '#telibandha', '#devpuri', '#lockdown5', '#lockdownextention', '#unlock1', '#cgnews']",[],https://twitter.com/IBC24News/status/1269864178715463682,False,,0,,,,,,,"[{'user_id': '106972578', 'username': 'IBC24News'}, {'user_id': '731388034244055040', 'username': 'bhupeshbaghel'}, {'user_id': '470241578', 'username': 'TS_SinghDeo'}, {'user_id': '806092886', 'username': 'SHRAWAN_TAMBOLI'}]",,,,
1269852922231189504,1269852922231189504,1591591504000,2020-06-08,10:15:04,IST,106972578,ibc24news,IBC24 News,,"#Raipur #Bilaspur में बंद है बड़े #Park, पार्क नहीं खुलने से लोगों में निराशा, देखिए

#COVID2019 #IndiaFightsCoronavirus #Lockdown5 #Lockdownextention #UNLOCK1 #CGNews 

फॉलो करें : @triptisoni6194 
LIVETV :  http://ibc24.in/livetv  https://www.youtube.com/watch?v=s_AS7vnjwU8 …",['triptisoni6194'],"['http://ibc24.in/livetv', 'https://www.youtube.com/watch?v=s_AS7vnjwU8']",[],0,0,2,"['#raipur', '#bilaspur', '#park', '#covid2019', '#indiafightscoronavirus', '#lockdown5', '#lockdownextention', '#unlock1', '#cgnews']",[],https://twitter.com/IBC24News/status/1269852922231189504,False,,0,,,,,,,"[{'user_id': '106972578', 'username': 'IBC24News'}, {'user_id': '2858081263', 'username': 'triptisoni6194'}]",,,,
1269844184237654021,1269844184237654021,1591589420000,2020-06-08,09:40:20,IST,106972578,ibc24news,IBC24 News,,"#Raipur:  बढ़ते संक्रमण के चलते #HotSpot बना #Birgoan, बेवजह घूम रहे लोगों को पुलिस ने लगाई फटकार, देखिए

#COVID2019 #IndiaFightsCoronavirus #Lockdown5 #Lockdownextention #UNLOCK1 #CGNews 

फॉलो करें : @triptisoni6194 
LIVETV :  http://ibc24.in/livetv  pic.twitter.com/nMzz0bnkWS",['triptisoni6194'],['http://ibc24.in/livetv'],[],1,2,12,"['#raipur', '#hotspot', '#birgoan', '#covid2019', '#indiafightscoronavirus', '#lockdown5', '#lockdownextention', '#unlock1', '#cgnews']",[],https://twitter.com/IBC24News/status/1269844184237654021,False,,1,,,,,,,"[{'user_id': '106972578', 'username': 'IBC24News'}, {'user_id': '2858081263', 'username': 'triptisoni6194'}]",,,,
1269513258186297344,1269513258186297344,1591510521000,2020-06-07,11:45:21,IST,2164403707,nai_dunia,NaiDunia,,"Unlock 1.0 in Raipur : रायपुर में कल से शुरू होंगे होटल, इस तरह परोसा जाएगा खाना #Unlock1 #Raipur
 https://www.naidunia.com/chhattisgarh/raipur-unlock-10-in-raipur-hotel-will-start-in-raipur-from-8june-food-will-be-served-like-hot-and-fresh-5602196 …",[],['https://www.naidunia.com/chhattisgarh/raipur-unlock-10-in-raipur-hotel-will-start-in-raipur-from-8june-food-will-be-served-like-hot-and-fresh-5602196'],[],0,0,0,"['#unlock1', '#raipur']",[],https://twitter.com/Nai_Dunia/status/1269513258186297344,False,,0,,,,,,,"[{'user_id': '2164403707', 'username': 'Nai_Dunia'}]",,,,
1269231194677276677,1269231194677276677,1591443272000,2020-06-06,17:04:32,IST,106972578,ibc24news,IBC24 News,,"#Raipur में मिले 4 नए कोरोना पॉजिटिव मरीज, 34 वर्षीय व्यक्ति की रायपुर #AIIMS में मौत 

#COVID2019 #IndiaFightsCoronavirus #Lockdown5 #Lockdownextention #UNLOCK1 #CGNews 

फॉलो करें : @AkankshaaPande1 
LIVETV :  http://ibc24.in/livetv  https://www.youtube.com/watch?v=Qoh6lKDfp_k …",['akankshaapande1'],"['http://ibc24.in/livetv', 'https://www.youtube.com/watch?v=Qoh6lKDfp_k']",[],2,0,5,"['#raipur', '#aiims', '#covid2019', '#indiafightscoronavirus', '#lockdown5', '#lockdownextention', '#unlock1', '#cgnews']",[],https://twitter.com/IBC24News/status/1269231194677276677,False,,0,,,,,,,"[{'user_id': '106972578', 'username': 'IBC24News'}, {'user_id': '1222838548237176834', 'username': 'AkankshaaPande1'}]",,,,
1269150910678102018,1269150910678102018,1591424131000,2020-06-06,11:45:31,IST,106972578,ibc24news,IBC24 News,,"#Chhattisgarh में #Corona से तीसरी मौत, #Raipur #AIIMS में #Admit लड़की की इलाज के दौरान मौत

@bhupeshbaghel @TS_SinghDeo #Lockdown5 #Lockdownextention #UNLOCK1 #CGNews 

फॉलो करें : @SHRAWAN_TAMBOLI 
LIVETV :  http://ibc24.in/livetv  https://www.youtube.com/watch?v=6W5rxsf0RoM …","['bhupeshbaghel', 'ts_singhdeo', 'shrawan_tamboli']","['http://ibc24.in/livetv', 'https://www.youtube.com/watch?v=6W5rxsf0RoM']",[],1,3,7,"['#chhattisgarh', '#corona', '#raipur', '#aiims', '#admit', '#lockdown5', '#lockdownextention', '#unlock1', '#cgnews']",[],https://twitter.com/IBC24News/status/1269150910678102018,False,,0,,,,,,,"[{'user_id': '106972578', 'username': 'IBC24News'}, {'user_id': '731388034244055040', 'username': 'bhupeshbaghel'}, {'user_id': '470241578', 'username': 'TS_SinghDeo'}, {'user_id': '806092886', 'username': 'SHRAWAN_TAMBOLI'}]",,,,
1268859413646864384,1268859413646864384,1591354633000,2020-06-05,16:27:13,IST,106972578,ibc24news,IBC24 News,,"#Raipur:  कोरोना सहायता सूचना पटल का लोकार्पण, सीएम बघेल ने किया लोकार्पण

@bhupeshbaghel @TS_SinghDeo @ChhattisgarhCMO #IndiaFightsCoronavirus #Lockdown5 #Lockdownextention #UNLOCK1 #CGNews 

फॉलो करें : @SHRAWAN_TAMBOLI pic.twitter.com/xu8e4YcmfW","['bhupeshbaghel', 'ts_singhdeo', 'chhattisgarhcmo', 'shrawan_tamboli']",[],[],0,1,7,"['#raipur', '#indiafightscoronavirus', '#lockdown5', '#lockdownextention', '#unlock1', '#cgnews']",[],https://twitter.com/IBC24News/status/1268859413646864384,False,,1,,,,,,,"[{'user_id': '106972578', 'username': 'IBC24News'}, {'user_id': '731388034244055040', 'username': 'bhupeshbaghel'}, {'user_id': '470241578', 'username': 'TS_SinghDeo'}, {'user_id': '2599676406', 'username': 'ChhattisgarhCMO'}, {'user_id': '806092886', 'username': 'SHRAWAN_TAMBOLI'}]",,,,
1268753503876341761,1268753503876341761,1591329382000,2020-06-05,09:26:22,IST,106972578,ibc24news,IBC24 News,,"आज विशेष विमान से #Hyderabad से #Raipur लौटेंगे 174 मजदूर,  बसों से गृह जिलों में किया जाएगा रवाना

#LockdownIsLifeline #COVID2019 #IndiaFightsCoronavirus #Lockdown5 #Lockdownextention #UNLOCK1 

फॉलो करें : @triptisoni6194 
LIVETV :  http://ibc24.in/livetv  pic.twitter.com/RLqb6exY2c",['triptisoni6194'],['http://ibc24.in/livetv'],[],0,4,9,"['#hyderabad', '#raipur', '#lockdownislifeline', '#covid2019', '#indiafightscoronavirus', '#lockdown5', '#lockdownextention', '#unlock1']",[],https://twitter.com/IBC24News/status/1268753503876341761,False,,1,,,,,,,"[{'user_id': '106972578', 'username': 'IBC24News'}, {'user_id': '2858081263', 'username': 'triptisoni6194'}]",,,,
1268519079893037057,1268519079893037057,1591273491000,2020-06-04,17:54:51,IST,106972578,ibc24news,IBC24 News,,"#Raipur: शहर में कोरोना के तीन नए मरीज मिले,  छत्तीसगढ़ में एक्टिव मरीजों की संख्या 492

#LockdownIsLifeline #IndiaFightsCoronavirus #Lockdown5 #Lockdownextention #UNLOCK1 #CGNews 

फॉलो करें : @Rachana_Nitesh 
LIVETV :  http://ibc24.in/livetv  https://www.youtube.com/watch?v=BD92ZtsWnBo …",['rachana_nitesh'],"['http://ibc24.in/livetv', 'https://www.youtube.com/watch?v=BD92ZtsWnBo']",[],0,2,6,"['#raipur', '#lockdownislifeline', '#indiafightscoronavirus', '#lockdown5', '#lockdownextention', '#unlock1', '#cgnews']",[],https://twitter.com/IBC24News/status/1268519079893037057,False,,0,,,,,,,"[{'user_id': '106972578', 'username': 'IBC24News'}, {'user_id': '2849638807', 'username': 'Rachana_Nitesh'}]",,,,
1268057795938541568,1268057795938541568,1591163512000,2020-06-03,11:21:52,IST,106972578,ibc24news,IBC24 News,,"#Raipur : सिटी बसों का संचालन आज से शुरु, बिलासपुर में भी आज से सिटी बसों का संचालन

#LockdownIsLifeline #COVID2019 #IndiaFightsCoronavirus #Lockdown5 #Lockdownextention #UNLOCK1 #CGNews 

फॉलो करें : @SHRAWAN_TAMBOLI 
LIVETV :  http://ibc24.in/livetv  https://www.youtube.com/watch?v=wu6P0kRDgsQ …",['shrawan_tamboli'],"['http://ibc24.in/livetv', 'https://www.youtube.com/watch?v=wu6P0kRDgsQ']",[],0,1,9,"['#raipur', '#lockdownislifeline', '#covid2019', '#indiafightscoronavirus', '#lockdown5', '#lockdownextention', '#unlock1', '#cgnews']",[],https://twitter.com/IBC24News/status/1268057795938541568,False,,0,,,,,,,"[{'user_id': '106972578', 'username': 'IBC24News'}, {'user_id': '806092886', 'username': 'SHRAWAN_TAMBOLI'}]",,,,
1267381559549587459,1267381559549587459,1591002285000,2020-06-01,14:34:45,IST,1188061723082678272,ihh_website,Industries Helping Hands.Com,,"Industries Helping Hands on #Google  https://local.google.com/place?id=4593700190247757542&use=posts&lpsid=5134943594527333714 …
#raipur #durg #bhilai @chhattisgarh #firstjob #jobopportunity #locdown5 #unlock1 #backtonormal #freshers #letsfighttogether #mondayenthusiasm #Industries_Helping_Hands pic.twitter.com/pzhJN9tpHh",['chhattisgarh'],['https://local.google.com/place?id=4593700190247757542&use=posts&lpsid=5134943594527333714'],['https://pbs.twimg.com/media/EZajyKTUMAYOCnv.jpg'],0,0,0,"['#google', '#raipur', '#durg', '#bhilai', '#firstjob', '#jobopportunity', '#locdown5', '#unlock1', '#backtonormal', '#freshers', '#letsfighttogether', '#mondayenthusiasm', '#industries_helping_hands']",[],https://twitter.com/ihh_website/status/1267381559549587459,False,,0,,,,,,,"[{'user_id': '1188061723082678272', 'username': 'ihh_website'}, {'user_id': '950792248307826688', 'username': 'Chhattisgarh'}]",,,,
1267148367869730818,1267148362899501056,1590946688000,2020-05-31,23:08:08,IST,893276509615665152,someshpatel00,Somesh Patel,,#Locust#migrant_labour #coronavirus #covid_19 #bjp #congress #rahulgandhi #chattisgarh #raipur # #Unlock1 #IndiaThatIsBharat #unlockone #MetroRail #LockdownExtended #MannKiBaat #OneYearofHate #BoycottChineseProducts #ContainmentZones #Lockdownextention,[],[],[],0,2,2,"['#coronavirus', '#covid_19', '#bjp', '#congress', '#rahulgandhi', '#chattisgarh', '#raipur', '#unlock1', '#indiathatisbharat', '#unlockone', '#metrorail', '#lockdownextended', '#mannkibaat', '#oneyearofhate', '#boycottchineseproducts', '#containmentzones', '#lockdownextention']",[],https://twitter.com/Someshpatel00/status/1267148367869730818,False,,0,,,,,,,"[{'user_id': '893276509615665152', 'username': 'Someshpatel00'}]",,,,
1267076815106879490,1267076815106879490,1590929628000,2020-05-31,18:23:48,IST,106972578,ibc24news,IBC24 News,,"#Raipur: शहर में मिला एक और कोरोना पॉजिटिव मरीज, आज कुल 33 कोरोना मरीज आए सामने

#LockdownIsLifeline #COVID2019 #IndiaFightsCoronavirus #Lockdown5 #Lockdownextention #UNLOCK1 #CGNews 

फॉलो करें : @jyotisingh10101 
LIVETV :  http://ibc24.in/livetv  https://www.youtube.com/watch?v=5KsbTEMWTbU …",['jyotisingh10101'],"['http://ibc24.in/livetv', 'https://www.youtube.com/watch?v=5KsbTEMWTbU']",[],0,2,10,"['#raipur', '#lockdownislifeline', '#covid2019', '#indiafightscoronavirus', '#lockdown5', '#lockdownextention', '#unlock1', '#cgnews']",[],https://twitter.com/IBC24News/status/1267076815106879490,False,,0,,,,,,,"[{'user_id': '106972578', 'username': 'IBC24News'}, {'user_id': '831844851641638912', 'username': 'jyotisingh10101'}]",,,,
1267062416912855041,1267062416912855041,1590926195000,2020-05-31,17:26:35,IST,1253350294907428865,harshil_goyal,Harshil Goyal,,"#Unlock1 @#Marinedrive #Raipur
#Redtwitter. pic.twitter.com/Z09KPu9EUT",[],[],['https://pbs.twimg.com/media/EZWCi6AXkAAbLOW.jpg'],0,0,0,"['#unlock1', '#marinedrive', '#raipur', '#redtwitter']",[],https://twitter.com/harshil_goyal/status/1267062416912855041,False,,0,,,,,,,"[{'user_id': '1253350294907428865', 'username': 'harshil_goyal'}]",,,,
1267051060327100416,1267051060327100416,1590923488000,2020-05-31,16:41:28,IST,106972578,ibc24news,IBC24 News,,"#Raipur: शहर में मिला एक और कोरोना पॉजिटिव, देवेंद्र नगर में रहने वाली महिला कोरोना पॉजिटिव

#LockdownIsLifeline #COVID2019 #IndiaFightsCoronavirus #Lockdown5 #Lockdownextention #UNLOCK1 #CGNews 

फॉलो करें : @SHRAWAN_TAMBOLI
LIVETV :  http://ibc24.in/livetv  pic.twitter.com/vePjVY38kv",['shrawan_tamboli'],['http://ibc24.in/livetv'],[],0,1,16,"['#raipur', '#lockdownislifeline', '#covid2019', '#indiafightscoronavirus', '#lockdown5', '#lockdownextention', '#unlock1', '#cgnews']",[],https://twitter.com/IBC24News/status/1267051060327100416,False,,1,,,,,,,"[{'user_id': '106972578', 'username': 'IBC24News'}, {'user_id': '806092886', 'username': 'SHRAWAN_TAMBOLI'}]",,,,
1266927848998277120,1266927845198172161,1590894112000,2020-05-31,08:31:52,IST,893276509615665152,someshpatel00,Somesh Patel,,#migrant_labour  #coronavirus #covid_19 #bjp #congress #rahulgandhi #chattisgarh #raipur #indianrailway #bilaspur #Unlock1 #IndiaThatIsBharat #unlockone #MetroRail #LockdownExtended #MannKiBaat #OneYearofHate #BoycottChineseProducts #ContainmentZones #Lockdownextention,[],[],[],1,0,3,"['#migrant_labour', '#coronavirus', '#covid_19', '#bjp', '#congress', '#rahulgandhi', '#chattisgarh', '#raipur', '#indianrailway', '#bilaspur', '#unlock1', '#indiathatisbharat', '#unlockone', '#metrorail', '#lockdownextended', '#mannkibaat', '#oneyearofhate', '#boycottchineseproducts', '#containmentzones', '#lockdownextention']",[],https://twitter.com/Someshpatel00/status/1266927848998277120,False,,0,,,,,,,"[{'user_id': '893276509615665152', 'username': 'Someshpatel00'}]",,,,
