id,conversation_id,created_at,date,time,timezone,user_id,username,name,place,tweet,mentions,urls,photos,replies_count,retweets_count,likes_count,hashtags,cashtags,link,retweet,quote_url,video,near,geo,source,user_rt_id,user_rt,retweet_id,reply_to,retweet_date,translate,trans_src,trans_dest
1276776827445534720,1276765047172128768,1593242291000,2020-06-27,12:48:11,IST,2375710308,kaps319,Kapil,,This is how #Unlock1 looks like in #NewDelhi  pic.twitter.com/pbHkzWZWoJ,['arvindkejriwal'],[],['https://pbs.twimg.com/media/EbgFwAVXYAAj3UE.jpg'],0,0,0,"['#unlock1', '#newdelhi']",[],https://twitter.com/Kaps319/status/1276776827445534720,False,,0,,,,,,,"[{'user_id': '2375710308', 'username': 'Kaps319'}, {'user_id': '405427035', 'username': 'ArvindKejriwal'}]",,,,
1275390653040640002,1275390653040640002,1592911801000,2020-06-23,17:00:01,IST,934069377493737477,justwokit_delhi,Just Wok It,,"Yes! The wait is about to get over!
Soon you will be able to enjoy the delectable and authentic Asian flavors from Just Wok it at the comfort of your home! We are Re-Opening Sooner than you think!

#JustWokIt #newdelhi #reopening #unlock1 #fooddelivery #asianfood #flavors #food pic.twitter.com/cfYa4NQcGb",[],[],['https://pbs.twimg.com/media/EbMZCY-XgAAgYyf.jpg'],0,1,1,"['#justwokit', '#newdelhi', '#reopening', '#unlock1', '#fooddelivery', '#asianfood', '#flavors', '#food']",[],https://twitter.com/justwokit_delhi/status/1275390653040640002,False,,0,,,,,,,"[{'user_id': '934069377493737477', 'username': 'justwokit_delhi'}]",,,,
1272596528331460609,1272596528331460609,1592245630000,2020-06-15,23:57:10,IST,22769148,sociablecity,Responsible Hospitality Institute,,"As part of #Unlock1 plan, #NewDelhi, India's Central Gov't reopened restaurants outside of #ContainmentZones using Standard Operating Procedures #SOPs to enforce mandatory #ThermalScreening, #SanitizerDispenser, #FaceMasks & #6FeetApart. https://bit.ly/delhisops ",[],['https://bit.ly/delhisops'],[],0,0,1,"['#unlock1', '#newdelhi', '#containmentzones', '#sops', '#thermalscreening', '#sanitizerdispenser', '#facemasks', '#6feetapart']",[],https://twitter.com/sociablecity/status/1272596528331460609,False,,0,,,,,,,"[{'user_id': '22769148', 'username': 'sociablecity'}]",,,,
1272211563764543488,1272211563764543488,1592153848000,2020-06-14,22:27:28,IST,1262392780569149442,itvbharat,iTV Bharat,,#Covid_19 #coronavirus #UttarPradeshFightsCorona #June14th #BreakingNews #COVID19India #IndiaFightsCOVID19 #NewDelhi #Breaking_News #Lockdown5 #Unlock1 #Lockdownextention pic.twitter.com/LeOwDNqFSy,[],[],['https://pbs.twimg.com/media/EafNqs9U4AAcxZ0.jpg'],0,1,1,"['#covid_19', '#coronavirus', '#uttarpradeshfightscorona', '#june14th', '#breakingnews', '#covid19india', '#indiafightscovid19', '#newdelhi', '#breaking_news', '#lockdown5', '#unlock1', '#lockdownextention']",[],https://twitter.com/ItvBharat/status/1272211563764543488,False,,0,,,,,,,"[{'user_id': '1262392780569149442', 'username': 'ItvBharat'}]",,,,
1272210993465028610,1272210993465028610,1592153712000,2020-06-14,22:25:12,IST,1262392780569149442,itvbharat,iTV Bharat,,#Covid_19 #coronavirus #BiharFightsCorona #June9 #BreakingNews #Bihar #IndiaFightsCOVID19 #NewDelhi #Breaking_News #Lockdown5 #Unlock1 #Lockdownextention pic.twitter.com/KC8RClaNpN,[],[],['https://pbs.twimg.com/media/EafNJk4UEAA-Rik.jpg'],0,1,2,"['#covid_19', '#coronavirus', '#biharfightscorona', '#june9', '#breakingnews', '#bihar', '#indiafightscovid19', '#newdelhi', '#breaking_news', '#lockdown5', '#unlock1', '#lockdownextention']",[],https://twitter.com/ItvBharat/status/1272210993465028610,False,,0,,,,,,,"[{'user_id': '1262392780569149442', 'username': 'ItvBharat'}]",,,,
1272210579277484032,1272210579277484032,1592153613000,2020-06-14,22:23:33,IST,1262392780569149442,itvbharat,iTV Bharat,,#Covid_19 #coronavirus #Mumbai #June9 #MaharashtraFightsCorona #IndiaFightsCOVID19 #NewDelhi #Breaking_News #Lockdown5 #Unlock1 #Lockdownextention pic.twitter.com/LGahL5fzU4,[],[],['https://pbs.twimg.com/media/EafMxWJUEAAfzXg.jpg'],0,1,2,"['#covid_19', '#coronavirus', '#mumbai', '#june9', '#maharashtrafightscorona', '#indiafightscovid19', '#newdelhi', '#breaking_news', '#lockdown5', '#unlock1', '#lockdownextention']",[],https://twitter.com/ItvBharat/status/1272210579277484032,False,,0,,,,,,,"[{'user_id': '1262392780569149442', 'username': 'ItvBharat'}]",,,,
1272210021518962689,1272210021518962689,1592153480000,2020-06-14,22:21:20,IST,1262392780569149442,itvbharat,iTV Bharat,,#Covid_19 #coronavirus #Delhi #June9 #delhiFightsCorona #IndiaFightsCOVID19 #NewDelhi #Breaking_News #Lockdown5 #Unlock1 #Lockdownextention pic.twitter.com/rAdDq2HIwl,[],[],['https://pbs.twimg.com/media/EafMQuMU4AE-nJ_.jpg'],0,1,1,"['#covid_19', '#coronavirus', '#delhi', '#june9', '#delhifightscorona', '#indiafightscovid19', '#newdelhi', '#breaking_news', '#lockdown5', '#unlock1', '#lockdownextention']",[],https://twitter.com/ItvBharat/status/1272210021518962689,False,,0,,,,,,,"[{'user_id': '1262392780569149442', 'username': 'ItvBharat'}]",,,,
1271865537258237953,1271865537258237953,1592071348000,2020-06-13,23:32:28,IST,1262392780569149442,itvbharat,iTV Bharat,,#Covid_19 #coronavirus #Delhi #June9 #delhiFightsCorona #IndiaFightsCOVID19 #NewDelhi #Breaking_News #Lockdown5 #Unlock1  pic.twitter.com/yMrPvXw16L,[],[],['https://pbs.twimg.com/media/EaaS9VvUwAAGlih.jpg'],0,0,0,"['#covid_19', '#coronavirus', '#delhi', '#june9', '#delhifightscorona', '#indiafightscovid19', '#newdelhi', '#breaking_news', '#lockdown5', '#unlock1']",[],https://twitter.com/ItvBharat/status/1271865537258237953,False,,0,,,,,,,"[{'user_id': '1262392780569149442', 'username': 'ItvBharat'}]",,,,
1270767104728285184,1270767104728285184,1591809462000,2020-06-10,22:47:42,IST,1262392780569149442,itvbharat,iTV Bharat,,#Covid_19 #coronavirus #Delhi #June9 #delhiFightsCorona #IndiaFightsCOVID19 #NewDelhi #Breaking_News #Lockdown5 #Unlock1  pic.twitter.com/ejI05t30qi pic.twitter.com/Tx9J2c3JIh,[],[],"['https://pbs.twimg.com/media/EaKr8Q-X0AAw_S-.jpg', 'https://pbs.twimg.com/media/EaFh1ZrUcAANTTZ.jpg']",0,0,0,"['#covid_19', '#coronavirus', '#delhi', '#june9', '#delhifightscorona', '#indiafightscovid19', '#newdelhi', '#breaking_news', '#lockdown5', '#unlock1']",[],https://twitter.com/ItvBharat/status/1270767104728285184,False,,0,,,,,,,"[{'user_id': '1262392780569149442', 'username': 'ItvBharat'}]",,,,
1270404151814631427,1270404151814631427,1591722927000,2020-06-09,22:45:27,IST,1262392780569149442,itvbharat,iTV Bharat,,#Covid_19 #coronavirus #Delhi #June9 #delhiFightsCorona #IndiaFightsCOVID19 #NewDelhi #Breaking_News #Lockdown5 #Unlock1  pic.twitter.com/ejI05t30qi,[],[],['https://pbs.twimg.com/media/EaFh1ZrUcAANTTZ.jpg'],0,0,0,"['#covid_19', '#coronavirus', '#delhi', '#june9', '#delhifightscorona', '#indiafightscovid19', '#newdelhi', '#breaking_news', '#lockdown5', '#unlock1']",[],https://twitter.com/ItvBharat/status/1270404151814631427,False,,0,,,,,,,"[{'user_id': '1262392780569149442', 'username': 'ItvBharat'}]",,,,
1270284854752501760,1270284854752501760,1591694484000,2020-06-09,14:51:24,IST,736106427064799232,chandanmedia,Chandan Rai,,"#newdelhi

भाजपा नेता ज्योतिरादित्य सिंधिया और उनकी मां को हुआ #कोरोना !
ज्योतिरादित्य सिंधिया मैक्स अस्पताल में भर्ती। 
#CoronaVirus #BJP @JM_Scindia #कोरोना_वायरस #Lockdown4 #Unlock1 #ArvindKejriwal",['jm_scindia'],[],[],0,0,1,"['#newdelhi', '#कोरोना', '#coronavirus', '#bjp', '#कोरोना_वायरस', '#lockdown4', '#unlock1', '#arvindkejriwal']",[],https://twitter.com/chandanmedia/status/1270284854752501760,False,,0,,,,,,,"[{'user_id': '736106427064799232', 'username': 'chandanmedia'}, {'user_id': '2892809359', 'username': 'JM_Scindia'}]",,,,
1270272385564979201,1270272385564979201,1591691511000,2020-06-09,14:01:51,IST,2945007206,jammukashmir5,JammuKashmir5,,"Religious institutions across #India reopened Monday in line with #Unlock1 guidelines, but the Hazrat Nizamuddin dargah in #NewDelhi, an Islamic religious institution that attracts visitors of all faiths, remains shut.  pic.twitter.com/GBctVcEozH",[],[],['https://pbs.twimg.com/media/EaDp1rUWoAAO2Mf.jpg'],1,1,3,"['#india', '#unlock1', '#newdelhi']",[],https://twitter.com/JammuKashmir5/status/1270272385564979201,False,,0,,,,,,,"[{'user_id': '2945007206', 'username': 'JammuKashmir5'}]",,,,
1270269502727417856,1270269502727417856,1591690824000,2020-06-09,13:50:24,IST,1283444592,kashmirfocus,Kashmir Focus,,"Religious institutions across #India reopened Monday in line with #Unlock1 guidelines, but the #HazratNizamuddin dargah in New Delhi, an Islamic religious institution that attracts visitors of all faiths, remains shut.
@AartiTikoo @MajorPoonia pic.twitter.com/yeNW6OhoRv","['aartitikoo', 'majorpoonia']",[],['https://pbs.twimg.com/media/EaDnSFaU0AAaYI9.png'],1,0,0,"['#india', '#unlock1', '#hazratnizamuddin']",[],https://twitter.com/KashmirFocus/status/1270269502727417856,False,,0,,,,,,,"[{'user_id': '1283444592', 'username': 'KashmirFocus'}, {'user_id': '2933823062', 'username': 'AartiTikoo'}, {'user_id': '769108935726997504', 'username': 'MajorPoonia'}]",,,,
1269985180418101249,1269985180418101249,1591623036000,2020-06-08,19:00:36,IST,694761870373187584,dcpnewdelhi,DCP New Delhi,,"Sufficient Police arrangements have been made in New Delhi District to ensure social distancing norms at all religious places after the UNLOCK 1.0 on 08.06.2020
@DelhiPolice @CPDelhi @LtGovDelhi @HMOIndia @PMOIndia #Unlock1 #SocialDistanacing pic.twitter.com/hZz5IpJ6kY","['delhipolice', 'cpdelhi', 'ltgovdelhi', 'hmoindia', 'pmoindia']",[],"['https://pbs.twimg.com/media/EZ_kvmbUYAIByUj.jpg', 'https://pbs.twimg.com/media/EZ_kwmCUEAI7_yH.jpg', 'https://pbs.twimg.com/media/EZ_kxb3UMAA28ku.jpg', 'https://pbs.twimg.com/media/EZ_kyHxU4AAvH7m.jpg']",2,23,159,"['#unlock1', '#socialdistanacing']",[],https://twitter.com/DCPNewDelhi/status/1269985180418101249,False,,0,,,,,,,"[{'user_id': '694761870373187584', 'username': 'DCPNewDelhi'}, {'user_id': '1850705408', 'username': 'DelhiPolice'}, {'user_id': '626218913', 'username': 'CPDelhi'}, {'user_id': '815473030868545537', 'username': 'LtGovDelhi'}, {'user_id': '2541363451', 'username': 'HMOIndia'}, {'user_id': '471741741', 'username': 'PMOIndia'}]",,,,
1269965951027445760,1269965951027445760,1591618452000,2020-06-08,17:44:12,IST,2262532860,newsmobileindia,NewsMobile,,"#WATCH | #NewsMobileGroundCheck | Day 1 of #Unlock1  

Ground report by @journo_abheet from Hanuman mandir, CP, #NewDelhi
#coronavirus #COVID19 https://bit.ly/378NTcf ",['journo_abheet'],['https://bit.ly/378NTcf'],[],0,5,3,"['#watch', '#newsmobilegroundcheck', '#unlock1', '#newdelhi', '#coronavirus', '#covid19']",[],https://twitter.com/NewsMobileIndia/status/1269965951027445760,False,,0,,,,,,,"[{'user_id': '2262532860', 'username': 'NewsMobileIndia'}, {'user_id': '1108409233', 'username': 'journo_abheet'}]",,,,
1269947278300766211,1269947278300766211,1591614000000,2020-06-08,16:30:00,IST,22205952,forbes_india,Forbes India,,"Photo of the day: A car is sanitised at the entrance of a mall as part of a demonstrated sanitisation procedure by the authorities ahead of its reopening in New Delhi, India June 7, 2020  https://www.forbesindia.com/article/photo-of-the-day/photo-of-the-day-malls-prep-to-reopen/59923/1 … | 📸:@anu_fadnavis
#Unlock1
#COVID_19 pic.twitter.com/9Ft9cKR2Sr",['anu_fadnavis'],['https://www.forbesindia.com/article/photo-of-the-day/photo-of-the-day-malls-prep-to-reopen/59923/1'],['https://pbs.twimg.com/media/EZ95HzqXkAERi6n.jpg'],0,0,3,"['#unlock1', '#covid_19']",[],https://twitter.com/forbes_india/status/1269947278300766211,False,,0,,,,,,,"[{'user_id': '22205952', 'username': 'forbes_india'}, {'user_id': '71223488', 'username': 'anu_fadnavis'}]",,,,
1269943737527840768,1269943737527840768,1591613156000,2020-06-08,16:15:56,IST,225012752,etnowlive,ET NOW,,"#Unlock1 | Tune in as ET NOW's @tyagi_parisha & @abhhimanyus bring you a comprehensive ground report

#IndiaFightsCOVID19 #UnlockIndia #CoronavirusPandemic #Jaipur #NewDelhi  pic.twitter.com/vetE8b1sod","['tyagi_parisha', 'abhhimanyus']",[],[],1,2,5,"['#unlock1', '#indiafightscovid19', '#unlockindia', '#coronaviruspandemic', '#jaipur', '#newdelhi']",[],https://twitter.com/ETNOWlive/status/1269943737527840768,False,,1,,,,,,,"[{'user_id': '225012752', 'username': 'ETNOWlive'}, {'user_id': '3195654722', 'username': 'tyagi_parisha'}, {'user_id': '1291114728', 'username': 'abhhimanyus'}]",,,,
1269925019984920576,1269925019984920576,1591608693000,2020-06-08,15:01:33,IST,43855487,bsindia,Business Standard,,"Unlock 0.1 LIVE: People seen at Select City Walk after authorities permit reopening malls in New Delhi
#unlock1 #COVID19

Get #CoronavirusOutbreak updates here:  https://mybs.in/2YNu6ft  pic.twitter.com/ppA5q0W4r5",[],['https://mybs.in/2YNu6ft'],['https://pbs.twimg.com/media/EZ-t46KVcAAj5Aa.jpg'],0,1,16,"['#unlock1', '#covid19', '#coronavirusoutbreak']",[],https://twitter.com/bsindia/status/1269925019984920576,False,,0,,,,,,,"[{'user_id': '43855487', 'username': 'bsindia'}]",,,,
1269896785549381632,1269896785549381632,1591601961000,2020-06-08,13:09:21,IST,161634802,nistula,Nistula Hebbar,,Customers being served food at Saravana Bhavan at Connaught place in New Delhi on Monday. Photo @rvmoorthyhindu @the_hindu #COVID19 #Unlock1  pic.twitter.com/8d3p8ORKij,"['rvmoorthyhindu', 'the_hindu']",[],['https://pbs.twimg.com/media/EZ-UYSfUEAAwjWy.jpg'],38,68,632,"['#covid19', '#unlock1']",[],https://twitter.com/nistula/status/1269896785549381632,False,,0,,,,,,,"[{'user_id': '161634802', 'username': 'nistula'}, {'user_id': '142623132', 'username': 'rvmoorthyhindu'}, {'user_id': '20751449', 'username': 'the_hindu'}]",,,,
1269888794209267713,1269888794209267713,1591600056000,2020-06-08,12:37:36,IST,1202292197892079616,24x7_khabar,24X7Khabar,,"Unlock 1.0 in Delhi: दिल्लीवाले ध्यान दें, आज 8 जून है और ये चीजें खोल दी गई हैं
#UnlockDelhi #Unlock1 #UnlockIndia #NewDelhi
 http://24x7khabar.com/unlock-1-0-in-delhi-unlock-guidelines-malls-temple-church-are-opening-in-delhi/ …",[],['http://24x7khabar.com/unlock-1-0-in-delhi-unlock-guidelines-malls-temple-church-are-opening-in-delhi/'],[],0,1,1,"['#unlockdelhi', '#unlock1', '#unlockindia', '#newdelhi']",[],https://twitter.com/24x7_Khabar/status/1269888794209267713,False,,0,,,,,,,"[{'user_id': '1202292197892079616', 'username': '24x7_Khabar'}]",,,,
1269866651366961152,1269866651366961152,1591594777000,2020-06-08,11:09:37,IST,22205952,forbes_india,Forbes India,,"Photo of the day: A car is sanitised at the entrance of a mall as part of a demonstrated sanitisation procedure by the authorities ahead of its reopening in New Delhi, India June 7, 2020  https://www.forbesindia.com/article/photo-of-the-day/photo-of-the-day-malls-prep-to-reopen/59923/1 … | 📸:@anu_fadnavis
#Unlock1
#COVID_19 pic.twitter.com/UxJKYgUkmU",['anu_fadnavis'],['https://www.forbesindia.com/article/photo-of-the-day/photo-of-the-day-malls-prep-to-reopen/59923/1'],['https://pbs.twimg.com/media/EZ949_oWsAEQu1J.jpg'],1,2,3,"['#unlock1', '#covid_19']",[],https://twitter.com/forbes_india/status/1269866651366961152,False,,0,,,,,,,"[{'user_id': '22205952', 'username': 'forbes_india'}, {'user_id': '71223488', 'username': 'anu_fadnavis'}]",,,,
1269861303318794240,1269861303318794240,1591593502000,2020-06-08,10:48:22,IST,161634802,nistula,Nistula Hebbar,,Devotees offering prayer at the famous Bangla Sahib Gurdwara in New Delhi on Monday as religious places reopen for the public. Photo @rvmoorthyhindu @the_hindu #Unlock1  pic.twitter.com/01c8aRIdXR,"['rvmoorthyhindu', 'the_hindu']",[],['https://pbs.twimg.com/media/EZ90G_1U4Acdnen.jpg'],3,6,52,['#unlock1'],[],https://twitter.com/nistula/status/1269861303318794240,False,,0,,,,,,,"[{'user_id': '161634802', 'username': 'nistula'}, {'user_id': '142623132', 'username': 'rvmoorthyhindu'}, {'user_id': '20751449', 'username': 'the_hindu'}]",,,,
1269266746931728385,1269266746931728385,1591451748000,2020-06-06,19:25:48,IST,124093709,vivek_bhaskar,Vivek Bhaskar,,"Korona ki dawaai. 
 
#gurgaon #NewDelhi #Noida #Amul #babygate #CycloneNisarg #DCProtests #FailedLockdown #gautamgambhir #BabaRamdev @adgpi @SapnaMalik_ @ZeeNews #DataAnalytics #MeToo #MannKiBaat #Trending #NewWorld #PositiveEnergy #COVIDUpdates #Unlock1 #PizzaGate #COVIDー19 pic.twitter.com/lo2gnsPDOs","['adgpi', 'sapnamalik_', 'zeenews']",[],['https://pbs.twimg.com/media/EZ1XXYfXQAAH0Zk.jpg'],0,0,0,"['#gurgaon', '#newdelhi', '#noida', '#amul', '#babygate', '#cyclonenisarg', '#dcprotests', '#failedlockdown', '#gautamgambhir', '#babaramdev', '#dataanalytics', '#metoo', '#mannkibaat', '#trending', '#newworld', '#positiveenergy', '#covidupdates', '#unlock1', '#pizzagate', '#covidー19']",[],https://twitter.com/vivek_bhaskar/status/1269266746931728385,False,,0,,,,,,,"[{'user_id': '124093709', 'username': 'vivek_bhaskar'}, {'user_id': '1227253801', 'username': 'adgpi'}, {'user_id': '882537144660525057', 'username': 'SapnaMalik_'}, {'user_id': '461841349', 'username': 'ZeeNews'}]",,,,
1269141128973922304,1269141128973922304,1591421799000,2020-06-06,11:06:39,IST,1039041439223635974,amankau16682582,Aman Kaur,,"Batra Hospital Doctors List New Delhi

Check Online doctors and teleconsultation is available now...+918010994994.
Web:-  https://www.credihealth.com/hospital/batra-hospital-delhi/doctors …
#Telecommunications #hospital
#doctor #health #medical #onlineconsultation #doctors #COVID19 #Unlock1  pic.twitter.com/wUjiaBFl2o",[],['https://www.credihealth.com/hospital/batra-hospital-delhi/doctors'],['https://pbs.twimg.com/media/EZzlDzDVAAUh9tg.jpg'],0,0,1,"['#telecommunications', '#hospital', '#doctor', '#health', '#medical', '#onlineconsultation', '#doctors', '#covid19', '#unlock1']",[],https://twitter.com/AmanKau16682582/status/1269141128973922304,False,,0,,,,,,,"[{'user_id': '1039041439223635974', 'username': 'AmanKau16682582'}]",,,,
1268928502415233028,1267149112199258112,1591371105000,2020-06-05,21:01:45,IST,2472585180,fastnewsdelhi,Sanjay Kumar Mishra 🔱,,"Look at how Maharashtra & New Delhi have messed up totally with Coronavirus management. 
@OfficeofUT & @ArvindKejriwal are busy doing politics in the backdrop of miseries of Coronavirus inflected people. Shame & disgusting.

#Unlock1  pic.twitter.com/1Tlq1Zx7TP","['kanimozhi', 'kapilmishra_ind', 'nsitharaman', 'rajeshtamret', 'sri9011', 'kush07', 'saru81589968', 'windowview9', 'madhukishwar', 'd_roopa_ips', 'officeofut', 'arvindkejriwal']",[],['https://pbs.twimg.com/media/EZwjvOhWsAQr6k6.jpg'],3,18,25,['#unlock1'],[],https://twitter.com/FastNewsDelhi/status/1268928502415233028,False,,0,,,,,,,"[{'user_id': '2472585180', 'username': 'FastNewsDelhi'}, {'user_id': '8818742', 'username': 'kanimozhi'}, {'user_id': '31656892', 'username': 'KapilMishra_IND'}, {'user_id': '58243368', 'username': 'nsitharaman'}, {'user_id': '2184256248', 'username': 'RajeshTamret'}, {'user_id': '144044740', 'username': 'sri9011'}, {'user_id': '19059502', 'username': 'kush07'}, {'user_id': '889071323837681666', 'username': 'Saru81589968'}, {'user_id': '831909023272153088', 'username': 'windowview9'}, {'user_id': '258283931', 'username': 'madhukishwar'}, {'user_id': '734751240047853568', 'username': 'D_Roopa_IPS'}, {'user_id': '1144169755672113155', 'username': 'OfficeofUT'}, {'user_id': '405427035', 'username': 'ArvindKejriwal'}]",,,,
1268592905003786242,1268592905003786242,1591291092000,2020-06-04,22:48:12,IST,43289403,akshay_khanna,Akshay Khanna,,#ConnaughtPlace at 8:30 PM today. Took my car for a spin for the first time since the lockdown was announced. #unlock1 #delhi #newdelhi #COVIDー19 #COVID19India #iphoneography #shotoniphone #bnw #blackandwhite #photography pic.twitter.com/7reU2aV5Gd,[],[],"['https://pbs.twimg.com/media/EZrygCrVAAAOVxe.jpg', 'https://pbs.twimg.com/media/EZrygCsUEAAdZz2.jpg', 'https://pbs.twimg.com/media/EZrygCtUwAAvKH7.jpg', 'https://pbs.twimg.com/media/EZrygCvU4AAnNmM.jpg']",0,1,3,"['#connaughtplace', '#unlock1', '#delhi', '#newdelhi', '#covidー19', '#covid19india', '#iphoneography', '#shotoniphone', '#bnw', '#blackandwhite', '#photography']",[],https://twitter.com/akshay_khanna/status/1268592905003786242,False,,0,,,,,,,"[{'user_id': '43289403', 'username': 'akshay_khanna'}]",,,,
1268396843836125184,1268396843836125184,1591244347000,2020-06-04,09:49:07,IST,1039041439223635974,amankau16682582,Aman Kaur,,"Batra Hospital New Delhi - #askcredihealth

Check doctor list and online consultation available now +918010994994...
Web:-  https://www.credihealth.com/hospital/batra-hospital-delhi/doctors …
#Telecommunications #hospital
#doctor #health #medical #onlineconsultation #doctors #COVID19 #Unlock1  pic.twitter.com/6pp7yDAABE",[],['https://www.credihealth.com/hospital/batra-hospital-delhi/doctors'],['https://pbs.twimg.com/media/EZpALEeUcAAeVX5.jpg'],0,0,1,"['#askcredihealth', '#telecommunications', '#hospital', '#doctor', '#health', '#medical', '#onlineconsultation', '#doctors', '#covid19', '#unlock1']",[],https://twitter.com/AmanKau16682582/status/1268396843836125184,False,,0,,,,,,,"[{'user_id': '1039041439223635974', 'username': 'AmanKau16682582'}]",,,,
1268107662375284736,1268107662375284736,1591175401000,2020-06-03,14:40:01,IST,310095002,pankaju17,Pankaj Upadhyay,,Life of news reporters ! Sister's Ist selfie with new Delhi BJP chief @adeshguptabjp @RachnaUpadhya @BJP4Delhi #Unlock1 #BJP pic.twitter.com/jnhpCA0WZu,"['adeshguptabjp', 'rachnaupadhya', 'bjp4delhi']",[],['https://pbs.twimg.com/media/EZk5MCiVAAAV3qs.jpg'],2,1,15,"['#unlock1', '#bjp']",[],https://twitter.com/pankaju17/status/1268107662375284736,False,,0,,,,,,,"[{'user_id': '310095002', 'username': 'pankaju17'}, {'user_id': '804003606001106944', 'username': 'adeshguptabjp'}, {'user_id': '2963514759', 'username': 'RachnaUpadhya'}, {'user_id': '337065278', 'username': 'BJP4Delhi'}]",,,,
1267820766101475328,1267820766101475328,1591107000000,2020-06-02,19:40:00,IST,69506712,yahooindia,Yahoo India,,"Ground Report: New Delhi Railway Station on Day 1 of ‘Unlock 1’

 https://in.news.yahoo.com/ground-report-delhi-railway-station-141119416.html …
#Railway #UnlockIndia #UNLOCK1",[],['https://in.news.yahoo.com/ground-report-delhi-railway-station-141119416.html'],[],0,0,2,"['#railway', '#unlockindia', '#unlock1']",[],https://twitter.com/YahooIndia/status/1267820766101475328,False,,0,,,,,,,"[{'user_id': '69506712', 'username': 'YahooIndia'}]",,,,
1267471083105476610,1267471083105476610,1591023629000,2020-06-01,20:30:29,IST,2982269822,thequint,The Quint,,".@NandyAsmita embarked on a journey from New Delhi to Agra to assess the situation and preparedness at the railway station as well as in the trains on the first day of #Unlock1.
 https://www.thequint.com/news/india/exclusive-passenger-train-journey-delhi-agra-unlock-1-lockdown-coronavirus-new-delhi-railway-station …",['nandyasmita'],['https://www.thequint.com/news/india/exclusive-passenger-train-journey-delhi-agra-unlock-1-lockdown-coronavirus-new-delhi-railway-station'],[],0,1,6,['#unlock1'],[],https://twitter.com/TheQuint/status/1267471083105476610,False,,0,,,,,,,"[{'user_id': '2982269822', 'username': 'TheQuint'}, {'user_id': '3010080824', 'username': 'NandyAsmita'}]",,,,
1267467511269748739,1267467511269748739,1591022777000,2020-06-01,20:16:17,IST,2982269822,thequint,The Quint,,"With #Unlock1, the resumption of 200 passenger trains from New Delhi Railway Station has also begun. @NandyAsmita embarked on a journey from New Delhi to Agra to assess the situation at the railway station as well as in the trains.
Read more here:  https://bit.ly/2XQciPp  pic.twitter.com/ce0Isq7Ef9",['nandyasmita'],['https://bit.ly/2XQciPp'],[],0,3,11,['#unlock1'],[],https://twitter.com/TheQuint/status/1267467511269748739,False,,1,,,,,,,"[{'user_id': '2982269822', 'username': 'TheQuint'}, {'user_id': '3010080824', 'username': 'NandyAsmita'}]",,,,
1267427754687029248,1267427754687029248,1591013299000,2020-06-01,17:38:19,IST,1079402310428549125,shivalikjournal,Shivalik Journal,,"Delhi borders are getting sealed for a week: Kejriwal

#Delhi #NewDelhi #ArvindKejriwal #ArvindKejariwal #delhiborders #coronavirus #Covid_19 #Unlock1 #mondaythoughts https://www.shivalikjournal.com/news/national/delhi-seals-its-borders-for-1-week-only-allows-essential-services …",[],['https://www.shivalikjournal.com/news/national/delhi-seals-its-borders-for-1-week-only-allows-essential-services'],[],0,1,0,"['#delhi', '#newdelhi', '#arvindkejriwal', '#arvindkejariwal', '#delhiborders', '#coronavirus', '#covid_19', '#unlock1', '#mondaythoughts']",[],https://twitter.com/ShivalikJournal/status/1267427754687029248,False,,0,,,,,,,"[{'user_id': '1079402310428549125', 'username': 'ShivalikJournal'}]",,,,
1267399467512160257,1267399467512160257,1591006554000,2020-06-01,15:45:54,IST,3690561734,connectgujarat,ConnectGujarat,,"Jan Shatabdi train leaves from New Delhi railway station for Una in Himachal Pradesh, as services of 200 passenger trains resumed in the country today. #UNLOCK1
#JanShatabdi #HimachalPradesh #CGNews pic.twitter.com/f2GpkYLTO8",[],[],"['https://pbs.twimg.com/media/EZa1FFFUwAEiD-7.jpg', 'https://pbs.twimg.com/media/EZa1FFFUYAI-ENH.jpg', 'https://pbs.twimg.com/media/EZa1FFGUEAgrl2p.jpg']",0,0,1,"['#unlock1', '#janshatabdi', '#himachalpradesh', '#cgnews']",[],https://twitter.com/ConnectGujarat/status/1267399467512160257,False,,0,,,,,,,"[{'user_id': '3690561734', 'username': 'ConnectGujarat'}]",,,,
1267398236785881088,1267398236785881088,1591006261000,2020-06-01,15:41:01,IST,2262532860,newsmobileindia,NewsMobile,,"Jan Shatabdi train leaves from New Delhi railway station for Una in Himachal Pradesh, as services of 200 passenger trains resumed in the country today. #Unlock1
@RailMinIndia pic.twitter.com/gm9rt9BYrg",['railminindia'],[],['https://pbs.twimg.com/media/EZaz93rU0AAUcmy.jpg'],0,2,0,['#unlock1'],[],https://twitter.com/NewsMobileIndia/status/1267398236785881088,False,,0,,,,,,,"[{'user_id': '2262532860', 'username': 'NewsMobileIndia'}, {'user_id': '2602959463', 'username': 'RailMinIndia'}]",,,,
1267398162655989761,1267398162655989761,1591006243000,2020-06-01,15:40:43,IST,134758540,timesofindia,The Times Of India,,"Jan Shatabdi train leaves from New Delhi railway station for Una in Himachal Pradesh, as services of 200 passenger trains resumed in the country today. 

#Unlock1  

(Photos: ANI)  pic.twitter.com/l24NxsCSTM",[],[],"['https://pbs.twimg.com/media/EZaz0KfWoAIq2Er.jpg', 'https://pbs.twimg.com/media/EZaz0qlXsAAvvHh.jpg', 'https://pbs.twimg.com/media/EZaz0qtWkAIGTOV.jpg']",1,6,74,['#unlock1'],[],https://twitter.com/timesofindia/status/1267398162655989761,False,,0,,,,,,,"[{'user_id': '134758540', 'username': 'timesofindia'}]",,,,
1267397542884470784,1267397542884470784,1591006095000,2020-06-01,15:38:15,IST,355989081,ani,ANI,,"Jan Shatabdi train leaves from New Delhi railway station for Una in Himachal Pradesh, as services of 200 passenger trains resumed in the country today. #UNLOCK1  pic.twitter.com/NgW6NdseFy",[],[],"['https://pbs.twimg.com/media/EZazMX7UEAM5_Lo.jpg', 'https://pbs.twimg.com/media/EZazMYPUMAEPqNU.jpg', 'https://pbs.twimg.com/media/EZazMYcVAAE7NMX.jpg']",0,28,371,['#unlock1'],[],https://twitter.com/ANI/status/1267397542884470784,False,,0,,,,,,,"[{'user_id': '355989081', 'username': 'ANI'}]",,,,
1267378997945495552,1267378997945495552,1591001674000,2020-06-01,14:24:34,IST,633485882,news9tweets,NEWS9,,#BIGNEWS: Passengers arriving at #NewDelhi Railway station made to maintain social distancing. 200 trains have resumed services in the country today on the first day of #Unlock1.  pic.twitter.com/waVZsafcoO,[],[],"['https://pbs.twimg.com/media/EZaia9_UYAU6YIy.jpg', 'https://pbs.twimg.com/media/EZaieL-U4AAyvPJ.jpg']",0,0,0,"['#bignews', '#newdelhi', '#unlock1']",[],https://twitter.com/NEWS9TWEETS/status/1267378997945495552,False,,0,,,,,,,"[{'user_id': '633485882', 'username': 'NEWS9TWEETS'}]",,,,
1267374895098462208,1267374895098462208,1591000696000,2020-06-01,14:08:16,IST,979613149442736128,electionfactsin,ELECTIONFACTS,,Social distancing norms being followed by passengers at New #Delhi Railway station as services of 200 trains resumed in the country today. #UNLOCK1  pic.twitter.com/dt4DXsD5pl,[],[],"['https://pbs.twimg.com/media/EZaeulKWAAYsD3h.jpg', 'https://pbs.twimg.com/media/EZaeulOX0AAxYS8.jpg']",0,0,0,"['#delhi', '#unlock1']",[],https://twitter.com/electionfactsin/status/1267374895098462208,False,,0,,,,,,,"[{'user_id': '979613149442736128', 'username': 'electionfactsin'}]",,,,
1267370857736757248,1267370857736757248,1590999733000,2020-06-01,13:52:13,IST,30859883,toidelhi,TOI Delhi,,"Social distancing norms being followed by passengers at New Delhi Railway station

#DelhiUnlock1
#Unlock1  pic.twitter.com/8NLzDFcN4R",[],[],"['https://pbs.twimg.com/media/EZabDu5U8AAxK1P.jpg', 'https://pbs.twimg.com/media/EZabDzoVcAIKt__.jpg', 'https://pbs.twimg.com/media/EZabDzoUYAIgIT5.jpg', 'https://pbs.twimg.com/media/EZabDzoU4AEDxHE.jpg']",0,1,4,"['#delhiunlock1', '#unlock1']",[],https://twitter.com/TOIDelhi/status/1267370857736757248,False,,0,,,,,,,"[{'user_id': '30859883', 'username': 'TOIDelhi'}]",,,,
1267370046126342146,1267370046126342146,1590999540000,2020-06-01,13:49:00,IST,355989081,ani,ANI,,Social distancing norms being followed by passengers at New #Delhi Railway station as services of 200 trains resumed in the country today. #UNLOCK1  pic.twitter.com/sJr7BCCoZv,[],[],"['https://pbs.twimg.com/media/EZaaMy8UYAcyeoE.jpg', 'https://pbs.twimg.com/media/EZaaOFHU4AIk-_3.jpg', 'https://pbs.twimg.com/media/EZaaOrXUEAE-47N.jpg', 'https://pbs.twimg.com/media/EZaaQTnU0AAarvD.jpg']",10,31,378,"['#delhi', '#unlock1']",[],https://twitter.com/ANI/status/1267370046126342146,False,,0,,,,,,,"[{'user_id': '355989081', 'username': 'ANI'}]",,,,
1267354743178792960,1267354743178792960,1590995891000,2020-06-01,12:48:11,IST,897880239346302976,20pratyush,Pratyush Anand,,"Just when #Lockdown was easing and everything was opening up, #Delhi govt. has decided to close its borders!
STRANGE!
Mr #Kejriwal was the first person who suggested living with the virus instead of fighting it!

@ArvindKejriwal #NewDelhi #COVID19 #malls #Unlock1 @Nidhi","['arvindkejriwal', 'nidhi']",[],[],0,0,4,"['#lockdown', '#delhi', '#kejriwal', '#newdelhi', '#covid19', '#malls', '#unlock1']",[],https://twitter.com/20pratyush/status/1267354743178792960,False,,0,,,,,,,"[{'user_id': '897880239346302976', 'username': '20pratyush'}, {'user_id': '405427035', 'username': 'ArvindKejriwal'}, {'user_id': '3184454384', 'username': 'Nidhi'}]",,,,
1267343332235259913,1267343332235259913,1590993171000,2020-06-01,12:02:51,IST,1064102493662044160,themornstandard,TheMorningStandard,,"As New Delhi's malls gear up to re-open on June 8, they are leaving no stone unturned to ensure safety, taking all precautions for employees and customers along with the best shopping experience.
#Unlock1
 https://www.newindianexpress.com/cities/delhi/2020/jun/01/covid-19-lockdown-delhi-malls-gear-up-to-reopen-assure-all-social-distancing-rules-in-place-2150652.html …",[],['https://www.newindianexpress.com/cities/delhi/2020/jun/01/covid-19-lockdown-delhi-malls-gear-up-to-reopen-assure-all-social-distancing-rules-in-place-2150652.html'],[],0,0,0,['#unlock1'],[],https://twitter.com/TheMornStandard/status/1267343332235259913,False,,0,,,,,,,"[{'user_id': '1064102493662044160', 'username': 'TheMornStandard'}]",,,,
1267319755007946752,1267319755007946752,1590987549000,2020-06-01,10:29:09,IST,1043029241258901505,tweet_aneri,Aneri Shah,,"After two months of wait, First Train Service from #Hyderabad - #NewDelhi #SpecialTrain started from #Secunderabad Rly Station, ensuring #SocialDistanacing wearing of #Masks
@RailMinIndia @SCRailwayIndia #IndianRailways #NewNormal #Unlock1  pic.twitter.com/HSbWBJXfsS","['railminindia', 'scrailwayindia']",[],[],1,0,5,"['#hyderabad', '#newdelhi', '#specialtrain', '#secunderabad', '#socialdistanacing', '#masks', '#indianrailways', '#newnormal', '#unlock1']",[],https://twitter.com/tweet_aneri/status/1267319755007946752,False,,1,,,,,,,"[{'user_id': '1043029241258901505', 'username': 'tweet_aneri'}, {'user_id': '2602959463', 'username': 'RailMinIndia'}, {'user_id': '3037969260', 'username': 'SCRailwayIndia'}]",,,,
1267314384419737600,1267314384419737600,1590986269000,2020-06-01,10:07:49,IST,18159588,oneindia,Oneindia News,,"The @UPGovt allowed interstate travel but left it to the district administrations of Ghaziabad and Noida to take a call on the movement of people from adjoining New Delhi.

#Unlock1 #Lockdown5 #COVID19 #StaySafe #InterstateTravel http://oneindia.com/india/up-lifts-ban-on-inter-intra-state-travel-3097507.html …",['upgovt'],['http://oneindia.com/india/up-lifts-ban-on-inter-intra-state-travel-3097507.html'],[],0,0,0,"['#unlock1', '#lockdown5', '#covid19', '#staysafe', '#interstatetravel']",[],https://twitter.com/Oneindia/status/1267314384419737600,False,,0,,,,,,,"[{'user_id': '18159588', 'username': 'Oneindia'}, {'user_id': '2588841246', 'username': 'UPGovt'}]",,,,
1267312615820103680,1267312615820103680,1590985847000,2020-06-01,10:00:47,IST,1039041439223635974,amankau16682582,Aman Kaur,,"Batra Hospital New Delhi - Book Online 

Tele  Consultation is Available Now on Credihealth.+918010994994...
Web:-  https://www.credihealth.com/hospital/batra-hospital-delhi/doctors …
#Telecommunications #hospital
#doctor #health #medical #onlineconsultation #doctors #COVID19 #Unlock1  pic.twitter.com/lUBLtH0JlF",[],['https://www.credihealth.com/hospital/batra-hospital-delhi/doctors'],['https://pbs.twimg.com/media/EZZmCaTUwAEiVPI.jpg'],0,0,1,"['#telecommunications', '#hospital', '#doctor', '#health', '#medical', '#onlineconsultation', '#doctors', '#covid19', '#unlock1']",[],https://twitter.com/AmanKau16682582/status/1267312615820103680,False,,0,,,,,,,"[{'user_id': '1039041439223635974', 'username': 'AmanKau16682582'}]",,,,
1267143595804332032,1267143595804332032,1590945550000,2020-05-31,22:49:10,IST,2359466293,stalinsrinavsee,Stalin Ayadoure,,"#UPDATE
@GCTCWORLD brings you brand new Webinar titled ""The New World Order: Post Covid19"".

@aditya_tikoo @GabaRidhi @GrivaRaval @himanshuxp @ARanganathan72 @ShefVaidya @_ishaverma @MEAIndia @PMOIndia @HMOIndia
#NewDelhi #samosa #WorldMeditates
#Unlock1 #UnlockingIndia pic.twitter.com/IFH7cWWmjL","['gctcworld', 'aditya_tikoo', 'gabaridhi', 'grivaraval', 'himanshuxp', 'aranganathan72', 'shefvaidya', '_ishaverma', 'meaindia', 'pmoindia', 'hmoindia']",[],['https://pbs.twimg.com/media/EZXMX9iU8AEUVDh.jpg'],0,3,5,"['#update', '#newdelhi', '#samosa', '#worldmeditates', '#unlock1', '#unlockingindia']",[],https://twitter.com/StalinSrinavSee/status/1267143595804332032,False,,0,,,,,,,"[{'user_id': '2359466293', 'username': 'StalinSrinavSee'}, {'user_id': '756017825345568768', 'username': 'GCTCWORLD'}, {'user_id': '84246228', 'username': 'aditya_tikoo'}, {'user_id': '1008223704483028992', 'username': 'GabaRidhi'}, {'user_id': '1243176031239970816', 'username': 'GrivaRaval'}, {'user_id': '1244235874738438146', 'username': 'himanshuxp'}, {'user_id': '1344897174', 'username': 'ARanganathan72'}, {'user_id': '1934388686', 'username': 'ShefVaidya'}, {'user_id': '958139481416196096', 'username': '_ishaverma'}, {'user_id': '441636351', 'username': 'MEAIndia'}, {'user_id': '471741741', 'username': 'PMOIndia'}, {'user_id': '2541363451', 'username': 'HMOIndia'}]",,,,
1267006941185769473,1267006941185769473,1590912969000,2020-05-31,13:46:09,IST,1250050071057424385,chandrakodi3,Chandra💞,,"Lets us wait and the covid score after 1st June, unlock1.
New Delhi is trying for  break the record, from 4th highest covid19 patients place now moved to 2nd, after Maharashtra.
New Delhi is capital of India. Must have such recognition.
MERA BHARAT MAHAN
JAI HIND",[],[],[],1,0,2,[],[],https://twitter.com/ChandraKodi3/status/1267006941185769473,False,,0,,,,,,,"[{'user_id': '1250050071057424385', 'username': 'ChandraKodi3'}]",,,,
