id,conversation_id,created_at,date,time,timezone,user_id,username,name,place,tweet,mentions,urls,photos,replies_count,retweets_count,likes_count,hashtags,cashtags,link,retweet,quote_url,video,near,geo,source,user_rt_id,user_rt,retweet_id,reply_to,retweet_date,translate,trans_src,trans_dest
1267394630158614530,1267394630158614530,1591005401000,2020-06-01,15:26:41,IST,104521047,divya_bhaskar,Divya Bhaskar,,"રાજકોટ-જૂનાગઢ ST બસ રદ થતા મુસાફરો રઝળી પડતા હોબાળો મચાવ્યો, રદ થયાના મેસેજ ન આવ્યાનો આક્ષેપ
 https://www.divyabhaskar.co.in/local/gujarat/rajkot/news/rajkot-to-junagadh-st-bus-cancel-so-passenger-angry-on-bus-stand-127362665.html?ref=fbo …
#Rajkot #Junagadh #Unlock1",[],['https://www.divyabhaskar.co.in/local/gujarat/rajkot/news/rajkot-to-junagadh-st-bus-cancel-so-passenger-angry-on-bus-stand-127362665.html?ref=fbo'],[],0,0,4,"['#rajkot', '#junagadh', '#unlock1']",[],https://twitter.com/Divya_Bhaskar/status/1267394630158614530,False,,0,,,,,,,"[{'user_id': '104521047', 'username': 'Divya_Bhaskar'}]",,,,
1267089058607493121,1267089058607493121,1590932547000,2020-05-31,19:12:27,IST,876712534799138816,collectorjunag,Collector Junagadh,,Updated Notification for #Unlock1 in line with GoI and State government notifications. @pkumarias @SP_Junagadh @TusharSumeraIAS @DdoJunagadh @GogJunagadh @docsourabh pic.twitter.com/Ay2kfuTKfz,"['pkumarias', 'sp_junagadh', 'tusharsumeraias', 'ddojunagadh', 'gogjunagadh', 'docsourabh']",[],"['https://pbs.twimg.com/media/EZWatNwVcAAHPSV.jpg', 'https://pbs.twimg.com/media/EZWatNvU4AERi_u.jpg', 'https://pbs.twimg.com/media/EZWatNvVcAEENGJ.jpg', 'https://pbs.twimg.com/media/EZWatNuU8AMvixZ.jpg']",19,71,620,['#unlock1'],[],https://twitter.com/collectorjunag/status/1267089058607493121,False,,0,,,,,,,"[{'user_id': '876712534799138816', 'username': 'collectorjunag'}, {'user_id': '1945894908', 'username': 'pkumarias'}, {'user_id': '955768835298045953', 'username': 'SP_Junagadh'}, {'user_id': '4849487375', 'username': 'TusharSumeraIAS'}, {'user_id': '985155865861918720', 'username': 'DdoJunagadh'}, {'user_id': '1143449912404672513', 'username': 'GogJunagadh'}, {'user_id': '1374517884', 'username': 'docsourabh'}]",,,,
