id,conversation_id,created_at,date,time,timezone,user_id,username,name,place,tweet,mentions,urls,photos,replies_count,retweets_count,likes_count,hashtags,cashtags,link,retweet,quote_url,video,near,geo,source,user_rt_id,user_rt,retweet_id,reply_to,retweet_date,translate,trans_src,trans_dest
1277618411791671296,1277618411791671296,1593442941000,2020-06-29,20:32:21,IST,4831970031,natpurnews,NatpurNews NADIAD,,"#NATPUR_NEWS
#CORONA_UPDATE #UNLOCK1
#GUJARAT
CORONA UPDATE: છેલ્લા 24 કલાકમાં ગુજરાતમાં કોરોનાના વધુ 626 કેસ પોઝિટિવ, કુલ આંકડો 32023 પર..  https://www.instagram.com/p/CCBfcuzjJnT/?igshid=kd746qh2x8l9 …",[],['https://www.instagram.com/p/CCBfcuzjJnT/?igshid=kd746qh2x8l9'],[],0,0,0,"['#natpur_news', '#corona_update', '#unlock1', '#gujarat']",[],https://twitter.com/natpurnews/status/1277618411791671296,False,,0,,,,,,,"[{'user_id': '4831970031', 'username': 'natpurnews'}]",,,,
1277246943484416000,1277246943484416000,1593354376000,2020-06-28,19:56:16,IST,4831970031,natpurnews,NatpurNews NADIAD,,"#NATPUR_NEWS
#CORONA_UPDATE #UNLOCK1
#GUJARAT
CORONA UPDATE: છેલ્લા 24 કલાકમાં ગુજરાતમાં કોરોનાના વધુ 624 કેસ પોઝિટિવ, કુલ આંકડો 31397 પર..  https://www.instagram.com/p/CB-2hdmjhIV/?igshid=i9k527qz8o5t …",[],['https://www.instagram.com/p/CB-2hdmjhIV/?igshid=i9k527qz8o5t'],[],0,0,0,"['#natpur_news', '#corona_update', '#unlock1', '#gujarat']",[],https://twitter.com/natpurnews/status/1277246943484416000,False,,0,,,,,,,"[{'user_id': '4831970031', 'username': 'natpurnews'}]",,,,
1276537087928524801,1276537087928524801,1593185133000,2020-06-26,20:55:33,IST,4831970031,natpurnews,NatpurNews NADIAD,,"#NATPUR_NEWS
#CORONA_UPDATE #UNLOCK1
#GUJARAT
CORONA UPDATE: છેલ્લા 24 કલાકમાં ગુજરાતમાં કોરોનાના વધુ 580 કેસ પોઝિટિવ, કુલ આંકડો 30158 પર..  https://www.instagram.com/p/CB5zuBQjX77/?igshid=v6u4zeh5twv7 …",[],['https://www.instagram.com/p/CB5zuBQjX77/?igshid=v6u4zeh5twv7'],[],0,0,1,"['#natpur_news', '#corona_update', '#unlock1', '#gujarat']",[],https://twitter.com/natpurnews/status/1276537087928524801,False,,0,,,,,,,"[{'user_id': '4831970031', 'username': 'natpurnews'}]",,,,
1276155286433169408,1276155286433169408,1593094104000,2020-06-25,19:38:24,IST,4831970031,natpurnews,NatpurNews NADIAD,,"#NATPUR_NEWS
#CORONA_UPDATE #UNLOCK1
#GUJARAT
CORONA UPDATE: છેલ્લા 24 કલાકમાં ગુજરાતમાં કોરોનાના વધુ 577 કેસ પોઝિટિવ, કુલ આંકડો 29578 પર..  https://www.instagram.com/p/CB3GGJIjiAU/?igshid=4i3xyw33iven …",[],['https://www.instagram.com/p/CB3GGJIjiAU/?igshid=4i3xyw33iven'],[],0,0,1,"['#natpur_news', '#corona_update', '#unlock1', '#gujarat']",[],https://twitter.com/natpurnews/status/1276155286433169408,False,,0,,,,,,,"[{'user_id': '4831970031', 'username': 'natpurnews'}]",,,,
1275803291444809728,1275803291444809728,1593010182000,2020-06-24,20:19:42,IST,4831970031,natpurnews,NatpurNews NADIAD,,"#NATPUR_NEWS
#CORONA_UPDATE #UNLOCK1
#GUJARAT
CORONA UPDATE: છેલ્લા 24 કલાકમાં ગુજરાતમાં કોરોનાના વધુ 572 કેસ પોઝિટિવ, કુલ આંકડો 29001 પર..  https://www.instagram.com/p/CB0mBwDD2JR/?igshid=t2m5guh6bqrf …",[],['https://www.instagram.com/p/CB0mBwDD2JR/?igshid=t2m5guh6bqrf'],[],0,0,0,"['#natpur_news', '#corona_update', '#unlock1', '#gujarat']",[],https://twitter.com/natpurnews/status/1275803291444809728,False,,0,,,,,,,"[{'user_id': '4831970031', 'username': 'natpurnews'}]",,,,
1275435633238896640,1275435633238896640,1592922526000,2020-06-23,19:58:46,IST,4831970031,natpurnews,NatpurNews NADIAD,,"#NATPUR_NEWS
#CORONA_UPDATE #UNLOCK1
#GUJARAT
CORONA UPDATE: છેલ્લા 24 કલાકમાં ગુજરાતમાં કોરોનાના વધુ 549 કેસ પોઝિટિવ, કુલ આંકડો 28,429 પર..  https://www.instagram.com/p/CBx-1ccjO-X/?igshid=fo31q3n9lhu7 …",[],['https://www.instagram.com/p/CBx-1ccjO-X/?igshid=fo31q3n9lhu7'],[],0,0,1,"['#natpur_news', '#corona_update', '#unlock1', '#gujarat']",[],https://twitter.com/natpurnews/status/1275435633238896640,False,,0,,,,,,,"[{'user_id': '4831970031', 'username': 'natpurnews'}]",,,,
