id,conversation_id,created_at,date,time,timezone,user_id,username,name,place,tweet,mentions,urls,photos,replies_count,retweets_count,likes_count,hashtags,cashtags,link,retweet,quote_url,video,near,geo,source,user_rt_id,user_rt,retweet_id,reply_to,retweet_date,translate,trans_src,trans_dest
1277299948137132033,1277299948137132033,1593367013000,2020-06-28,23:26:53,IST,47885400,anandaditya,Aditya Anand,,"As #Mumbai #local #suburban #railway gets more services from June 29 for #essential #services staff, #Central #Government employees, Income Tax, #GST, Customs and #Postal department staff will also be allowed to travel #Unlock1 #MissionBeginAgain pic.twitter.com/IcU8bCXMVQ",[],[],['https://pbs.twimg.com/media/EbnhhwOUEAAbP23.jpg'],0,5,4,"['#mumbai', '#local', '#suburban', '#railway', '#essential', '#services', '#central', '#government', '#gst', '#postal', '#unlock1', '#missionbeginagain']",[],https://twitter.com/anandaditya/status/1277299948137132033,False,,0,,,,,,,"[{'user_id': '47885400', 'username': 'anandaditya'}]",,,,
1276866725196095496,1276866725196095496,1593263724000,2020-06-27,18:45:24,IST,780369736378880001,anandrekhibjp,Anand V Rekhi,,#Unlock1 समाप्त होने के लिये 3 दिन बाक़ी है क्या आप समजते है हम इसमे सफल हुवे है? मुझे पूछोगे तो नही #कोरोना_पॉज़िटिव की संख्या जादा बढ़ गई है हमें ही सोचना होगा आगे क्या करना है #Unlock रखना है या दुबारा #lockdown को अपनाना है मा पीएम श्री @narendramodi जी आदेश हमे मानना होगा pic.twitter.com/qTcejUZvOz,['narendramodi'],[],['https://pbs.twimg.com/media/EbhXg0EVAAA1YGm.jpg'],0,15,18,"['#unlock1', '#कोरोना_पॉज़िटिव', '#unlock', '#lockdown']",[],https://twitter.com/AnandRekhiBJP/status/1276866725196095496,False,,0,,,,,,,"[{'user_id': '780369736378880001', 'username': 'AnandRekhiBJP'}, {'user_id': '18839785', 'username': 'narendramodi'}]",,,,
1275388340037009413,1275388340037009413,1592911250000,2020-06-23,16:50:50,IST,1031795251063742464,iamvadodara,I am vadodara,,"3 persons of a #Vadodara-based family die on the spot while 3 others got severely injured after two cars collided in #Anand district on Tuesday. The deceased include father, mother and a 14-year-old son .

Source :TOI

#road #Accidents #safety #Iav #iamvadodara #Unlock1  pic.twitter.com/k9Dk33iDUy",[],[],"['https://pbs.twimg.com/media/EbMW6_0UwAEvoKE.jpg', 'https://pbs.twimg.com/media/EbMW7dmUEAAswMM.jpg', 'https://pbs.twimg.com/media/EbMW74TUcAAiY6q.jpg']",0,1,2,"['#vadodara', '#anand', '#road', '#accidents', '#safety', '#iav', '#iamvadodara', '#unlock1']",[],https://twitter.com/iamVadodara/status/1275388340037009413,False,,0,,,,,,,"[{'user_id': '1031795251063742464', 'username': 'iamVadodara'}]",,,,
1275369519159013385,1275369519159013385,1592906763000,2020-06-23,15:36:03,IST,890390973955674112,anandsamrat,Anand Samrat,,"#IndiaFightsCorona

Learn about the proper way of wearing home-made reusable face-cover/mask. Share this information and help us to help you.
 #BadalkarApnaVyavaharKareinCoronaParVaar #HealthForAll #SwasthaBharat #CoronaOutbreak #Unlock1 #TogetherAgainstCOVID19 pic.twitter.com/d3Jv9ANCsO",[],[],['https://pbs.twimg.com/media/EbMFxTPUcAsqLb_.jpg'],0,0,2,"['#indiafightscorona', '#badalkarapnavyavaharkareincoronaparvaar', '#healthforall', '#swasthabharat', '#coronaoutbreak', '#unlock1', '#togetheragainstcovid19']",[],https://twitter.com/AnandSamrat/status/1275369519159013385,False,,0,,,,,,,"[{'user_id': '890390973955674112', 'username': 'AnandSamrat'}]",,,,
1275066378983051265,1275066378983051265,1592834488000,2020-06-22,19:31:28,IST,781508922771329024,anand_author,Anand Choudhary,,"New article on assessing “The Corona Challenge in Unlock 1.0”. 

 https://anandchoudhary1.wordpress.com/2020/06/22/the-corona-challenge-in-unlock-1-0/ …
#COVID19India
#Unlock1
#coronavirus pic.twitter.com/RT2cLTLwVD",[],['https://anandchoudhary1.wordpress.com/2020/06/22/the-corona-challenge-in-unlock-1-0/'],['https://pbs.twimg.com/media/EbHx0ZGU4AIRvS0.jpg'],0,0,1,"['#covid19india', '#unlock1', '#coronavirus']",[],https://twitter.com/anand_author/status/1275066378983051265,False,,0,,,,,,,"[{'user_id': '781508922771329024', 'username': 'anand_author'}]",,,,
1273679833197711361,1273679833197711361,1592503910000,2020-06-18,23:41:50,IST,889300789390430208,hmp2122,Harsh Patel,,"But dear sir India cross 3lakh case,the no of🛏in🏥are reducing daybyday. Now gujarat has highest death rates and from last 4days Anand having new cases. Since the #Unlock1 the cases are increasing. And situation is getting worse.does we are in perfect position for hosting exams?  https://twitter.com/HMP2122/status/1273679396637835269 …",[],['https://twitter.com/HMP2122/status/1273679396637835269'],[],0,1,8,['#unlock1'],[],https://twitter.com/HMP2122/status/1273679833197711361,False,https://twitter.com/HMP2122/status/1273679396637835269,0,,,,,,,"[{'user_id': '889300789390430208', 'username': 'HMP2122'}]",,,,
1273679532642402305,1271378872651505664,1592503839000,2020-06-18,23:40:39,IST,1267514056275083265,patelda29746424,PATEL Darshil,,"But dear sir India cross 3lakh case,the no of🛏in🏥are reducing daybyday. Now gujarat has highest death rates and from last 4days Anand having new cases. Since the #Unlock1 the cases are increasing. And situation is getting worse.does we are in perfect position for hosting exams?","['hmp2122', 'shirish41178356', 'vijayrupanibjp', 'imbhupendrasinh', 'alpeshpurohit1']",[],[],0,1,3,['#unlock1'],[],https://twitter.com/PATELDa29746424/status/1273679532642402305,False,,0,,,,,,,"[{'user_id': '1267514056275083265', 'username': 'PATELDa29746424'}, {'user_id': '889300789390430208', 'username': 'HMP2122'}, {'user_id': '1052909580911603713', 'username': 'SHIRISH41178356'}, {'user_id': '627355202', 'username': 'vijayrupanibjp'}, {'user_id': '613537399', 'username': 'imBhupendrasinh'}, {'user_id': '635366982', 'username': 'AlpeshPurohit1'}]",,,,
1273300994747625474,1273300994747625474,1592413588000,2020-06-17,22:36:28,IST,249596404,coffeeculturein,Coffee Culture,,"Swipe Karo Aur Jano CC Unlock 1.0 ! 

🖐 Things To Try ! Experience It to believe it 🤝

Now Open : Surat : Sargam & Adajan, Silvassa, Vapi, Valsad, NH8, Anand, Udaipur, Bhilwara, Bhavnagar 

#unlock1.0 #ccrocks…  https://www.instagram.com/p/CBi0GlqBlKR/?igshid=3sypprau0fu2 …",[],['https://www.instagram.com/p/CBi0GlqBlKR/?igshid=3sypprau0fu2'],[],0,0,0,"['#unlock1', '#ccrocks']",[],https://twitter.com/coffeeculturein/status/1273300994747625474,False,,0,,,,,,,"[{'user_id': '249596404', 'username': 'coffeeculturein'}]",,,,
1272448847977934848,1272448847977934848,1592210420000,2020-06-15,14:10:20,IST,1192408270301872128,newsencender,News Encender,,"From Monday, the Railways will not run trains from Anand Vihar and all the platforms will be reserved for isolation coaches that the centre will provide to Delhi to meet the demands for hospital beds for Covid19 patients. #DelhiFightsCorona #Delhi #Unlock1  pic.twitter.com/LyLD3mFDj3",[],[],['https://pbs.twimg.com/media/EaileY2VAAEtnh5.jpg'],0,1,1,"['#delhifightscorona', '#delhi', '#unlock1']",[],https://twitter.com/newsencender/status/1272448847977934848,False,,0,,,,,,,"[{'user_id': '1192408270301872128', 'username': 'newsencender'}]",,,,
1271681464489275392,1271378872651505664,1592027462000,2020-06-13,11:21:02,IST,889300789390430208,hmp2122,Harsh Patel,,"But dear sir India cross 3lakh case,the no of🛏in🏥are reducing daybyday. Now gujarat has highest death rates and from last 4days Anand having new cases. Since the #Unlock1 the cases are increasing. And situation is getting worse.does we are in perfect position for hosting exams?","['shirish41178356', 'vijayrupanibjp', 'imbhupendrasinh', 'alpeshpurohit1']",[],[],1,0,2,['#unlock1'],[],https://twitter.com/HMP2122/status/1271681464489275392,False,,0,,,,,,,"[{'user_id': '889300789390430208', 'username': 'HMP2122'}, {'user_id': '1052909580911603713', 'username': 'SHIRISH41178356'}, {'user_id': '627355202', 'username': 'vijayrupanibjp'}, {'user_id': '613537399', 'username': 'imBhupendrasinh'}, {'user_id': '635366982', 'username': 'AlpeshPurohit1'}]",,,,
1270650792140140545,1252548032807215105,1591781731000,2020-06-10,15:05:31,IST,2266221108,pnjoshiacm,PiyushJoshi🇮🇳Unity #Growth NewNormal #COVID19,,"#CoronaVirus #COVID19 

Now, as the #Unlock1 has started, Corona positive cases have started appearing in local Anand area also. Earlier it was mainly in Khambhat.

It's going to increase in all congested lane areas.
Surprisingly, it hasn't appeared in poor unclean locality/slums",[],[],[],1,0,2,"['#coronavirus', '#covid19', '#unlock1']",[],https://twitter.com/PNJoshiACM/status/1270650792140140545,False,,0,,,,,,,"[{'user_id': '2266221108', 'username': 'PNJoshiACM'}]",,,,
1269951334045761537,1269951334045761537,1591614967000,2020-06-08,16:46:07,IST,140798905,zeebusiness,Zee Business,,"आज से देश के कुछ राज्यों में खुले मंदिर मॉल, जानिए क्या है दिल्ली का हाल?

#Unlock1 @Daanish_Anand  pic.twitter.com/qjQHfN9IMV",['daanish_anand'],[],[],1,0,11,['#unlock1'],[],https://twitter.com/ZeeBusiness/status/1269951334045761537,False,,1,,,,,,,"[{'user_id': '140798905', 'username': 'ZeeBusiness'}, {'user_id': '82568285', 'username': 'Daanish_Anand'}]",,,,
1269841978872623110,1269841978872623110,1591588894000,2020-06-08,09:31:34,IST,424226560,kalyanray30,Kalyan Ray,,"The new normal sets in with #Unlock1 as India embarks on a journey to defeat the fear of #COVID19, my report in @DeccanHerald
 https://www.deccanherald.com/national/covid-19-with-unlock-10-a-new-normal-sets-in-from-today-846832.html …
@anand_journo @Ashtripathi13 @shemin_joy @AnirbanDHdel @coolcarni @a2n1n1a2 @ajithathrady","['deccanherald', 'anand_journo', 'ashtripathi13', 'shemin_joy', 'anirbandhdel', 'coolcarni', 'a2n1n1a2', 'ajithathrady']",['https://www.deccanherald.com/national/covid-19-with-unlock-10-a-new-normal-sets-in-from-today-846832.html'],[],0,2,0,"['#unlock1', '#covid19']",[],https://twitter.com/kalyanray30/status/1269841978872623110,False,,0,,,,,,,"[{'user_id': '424226560', 'username': 'kalyanray30'}, {'user_id': '268201193', 'username': 'DeccanHerald'}, {'user_id': '75813755', 'username': 'anand_journo'}, {'user_id': '428907946', 'username': 'Ashtripathi13'}, {'user_id': '75507420', 'username': 'shemin_joy'}, {'user_id': '267613427', 'username': 'AnirbanDHdel'}, {'user_id': '17753311', 'username': 'coolcarni'}, {'user_id': '2219261431', 'username': 'a2n1n1a2'}, {'user_id': '1044514573401808896', 'username': 'ajithathrady'}]",,,,
1268957268214640640,1268955790116655104,1591377963000,2020-06-05,22:56:03,IST,1151119970446635010,jr_indiafirst,Janaardhan R,,"@saagar_anand bhai, It's your Unlock1.0 offer from @Twitter 😉","['saagar_anand', 'twitter']",[],[],0,0,1,[],[],https://twitter.com/jr_IndiaFirst/status/1268957268214640640,False,,0,,,,,,,"[{'user_id': '1151119970446635010', 'username': 'jr_IndiaFirst'}, {'user_id': '2857680696', 'username': 'saagar_anand'}, {'user_id': '783214', 'username': 'Twitter'}]",,,,
1268765315178983424,1268765315178983424,1591332198000,2020-06-05,10:13:18,IST,2222126041,vijayanand_11,vijay anand,,"#trendingnews
#Unlock1
#lockdown2020
#Lockdown5
#IndiaThatIsBharat

Following of Constitution & Respect Of Constitution. Can only bring life & hope in crawling Indian System & Democracy.. 
Vijay Anand
 https://m.facebook.com/story.php?story_fbid=10213050404655261&id=1847276861&sfnsn=wiwspmo&extid=1NBCoHCLjAs1YwYY …",[],['https://m.facebook.com/story.php?story_fbid=10213050404655261&id=1847276861&sfnsn=wiwspmo&extid=1NBCoHCLjAs1YwYY'],[],0,0,0,"['#trendingnews', '#unlock1', '#lockdown2020', '#lockdown5', '#indiathatisbharat']",[],https://twitter.com/vijayanand_11/status/1268765315178983424,False,,0,,,,,,,"[{'user_id': '2222126041', 'username': 'vijayanand_11'}]",,,,
1267355452742012930,1267355452742012930,1590996060000,2020-06-01,12:51:00,IST,135145288,anand_choubey,Anand Chaturvedi ആനന്ദ് ചതുർവേദി,,"🔸Barber Shops, Salon to open in Delhi #Unlock1
🔸All shops to open without Odd-Even restriction.
🔸No restriction for movement within the National Capital.
🔸Night Curfew from 9pm till 5am.",[],[],[],0,0,0,['#unlock1'],[],https://twitter.com/anand_choubey/status/1267355452742012930,False,,0,,,,,,,"[{'user_id': '135145288', 'username': 'anand_choubey'}]",,,,
1267334872034496513,1267334872034496513,1590991154000,2020-06-01,11:29:14,IST,1148506840759599104,sumchit_anand,Sumchit Anand,,"@dmgbnagar @myogiadityanath    Its 3rd month running without work, job will be lost, can not run home without job please #opendelhinoidaborder, so that we can resume our job   #Unlock1 #DelhiNoidaBorder pic.twitter.com/tWvwU4NRiO","['dmgbnagar', 'myogiadityanath']",[],['https://pbs.twimg.com/media/EZZ6OzEUcAMXmKV.jpg'],2,2,3,"['#opendelhinoidaborder', '#unlock1', '#delhinoidaborder']",[],https://twitter.com/Sumchit_Anand/status/1267334872034496513,False,,0,,,,,,,"[{'user_id': '1148506840759599104', 'username': 'Sumchit_Anand'}, {'user_id': '874516907256197120', 'username': 'dmgbnagar'}, {'user_id': '3437532637', 'username': 'myogiadityanath'}]",,,,
1267093704147337217,1267093704147337217,1590933655000,2020-05-31,19:30:55,IST,30123318,anand_luhar,Anand Luhar,,"#panner
#naan
#Sunday #special
#lockdown
#Unlock1
Naan is difficult at home but after 2 attempts got it
@ArjunB9591 @CAtLarge @CAPratik_INDIAN @Amar_D1 pic.twitter.com/kP3UIz420T","['arjunb9591', 'catlarge', 'capratik_indian', 'amar_d1']",[],"['https://pbs.twimg.com/media/EZWe-4gWkAAtMAA.jpg', 'https://pbs.twimg.com/media/EZWe_5zXgAUqBTk.jpg']",10,0,26,"['#panner', '#naan', '#sunday', '#special', '#lockdown', '#unlock1']",[],https://twitter.com/anand_luhar/status/1267093704147337217,False,,0,,,,,,,"[{'user_id': '30123318', 'username': 'anand_luhar'}, {'user_id': '781461107156353024', 'username': 'ArjunB9591'}, {'user_id': '99453864', 'username': 'CAtLarge'}, {'user_id': '901857208375271424', 'username': 'CAPratik_INDIAN'}, {'user_id': '1059758047327854593', 'username': 'Amar_D1'}]",,,,
1266884920468738053,1266769274301005835,1590883877000,2020-05-31,05:41:17,IST,1075284092998934529,kaushal_rjn,कौशल कुमार™💬,,"#SpaceX
#BLACK_LIVES_MATTER
#BoycottChineseProducts
#BoycottMadeInChina #Unlock1 
@Kaushal83680087
#Follow करे 💯% #Followback मिलेगा 
🌀👥💙🌀👥💙","['meenaksh786', 'brand_anand']",[],[],0,1,0,"['#spacex', '#black_lives_matter', '#boycottchineseproducts', '#boycottmadeinchina', '#unlock1', '#follow', '#followback']",[],https://twitter.com/Kaushal_rjn/status/1266884920468738053,False,,0,,,,,,,"[{'user_id': '1075284092998934529', 'username': 'Kaushal_rjn'}, {'user_id': '1189119670437023744', 'username': 'Meenaksh786'}, {'user_id': '900314384290922496', 'username': 'Brand_Anand'}]",,,,
1266808283513458688,1266807515280560128,1590865605000,2020-05-31,00:36:45,IST,72919562,umakantsingh_in,Uma Kant Singh,,"For Anand Vihar episodes of migrants.. Then son of Uddhav Thackeray in Mumbai.... It was opportunity to kick out migrants.... And Piyush Goyal their Man Friday, even their partners... ...Rahul Gandhi and Priyanka Gandhi.... #unlock1 #unlock #lockdownextension Amit Shah",[],[],[],1,0,0,"['#unlock1', '#unlock', '#lockdownextension']",[],https://twitter.com/umakantsingh_IN/status/1266808283513458688,False,,0,,,,,,,"[{'user_id': '72919562', 'username': 'umakantsingh_IN'}]",,,,
1266768569012031488,1266768569012031488,1590856136000,2020-05-30,21:58:56,IST,171519316,anand_nitin999,tunakpapa,,In continuation to my previous tweet I would like to back out. No lipsticks will not be out of fashion. People will not be scared and will not use mask n all after six months or so. So things may continue as before. #unlock #unlock1,[],[],[],0,0,1,"['#unlock', '#unlock1']",[],https://twitter.com/anand_nitin999/status/1266768569012031488,False,,0,,,,,,,"[{'user_id': '171519316', 'username': 'anand_nitin999'}]",,,,
1266756771512754184,1266756771512754184,1590853324000,2020-05-30,21:12:04,IST,135145288,anand_choubey,Anand Chaturvedi ആനന്ദ് ചതുർവേദി,,"I think it should be called as #Unlock1.0 rather than #Lockdown5.0
#IndiaFightsCorona",[],[],[],0,0,0,"['#unlock1', '#lockdown5', '#indiafightscorona']",[],https://twitter.com/anand_choubey/status/1266756771512754184,False,,0,,,,,,,"[{'user_id': '135145288', 'username': 'anand_choubey'}]",,,,
1266748915128217600,1266748915128217600,1590851451000,2020-05-30,20:40:51,IST,4678283149,_anand_yadav_,Anand yadav,,"Decision of opening places of worship will be biggest disaster.

Sorry to say but Modi government approaching footsteps of Iranian goverment . 

#Lockdown5 #unlock1 #Unlock #CoronavirusPandemic",[],[],[],1,0,0,"['#lockdown5', '#unlock1', '#unlock', '#coronaviruspandemic']",[],https://twitter.com/_Anand_yadav_/status/1266748915128217600,False,,0,,,,,,,"[{'user_id': '4678283149', 'username': '_Anand_yadav_'}]",,,,
1266735251092635650,1266735251092635650,1590848193000,2020-05-30,19:46:33,IST,92093071,apurv_anand,Apurv Anand,,"Govt just implemented Atmanirbharta through this #Lockdown5 #LockdownExtended #unlock1 

Basically, ab sab Apna Apna dekh lo..",[],[],[],1,2,4,"['#lockdown5', '#lockdownextended', '#unlock1']",[],https://twitter.com/apurv_anand/status/1266735251092635650,False,,0,,,,,,,"[{'user_id': '92093071', 'username': 'apurv_anand'}]",,,,
