id,conversation_id,created_at,date,time,timezone,user_id,username,name,place,tweet,mentions,urls,photos,replies_count,retweets_count,likes_count,hashtags,cashtags,link,retweet,quote_url,video,near,geo,source,user_rt_id,user_rt,retweet_id,reply_to,retweet_date,translate,trans_src,trans_dest
1273300994747625474,1273300994747625474,1592413588000,2020-06-17,22:36:28,IST,249596404,coffeeculturein,Coffee Culture,,"Swipe Karo Aur Jano CC Unlock 1.0 ! 

🖐 Things To Try ! Experience It to believe it 🤝

Now Open : Surat : Sargam & Adajan, Silvassa, Vapi, Valsad, NH8, Anand, Udaipur, Bhilwara, Bhavnagar
#unlock1.0 #ccrocks…  https://www.instagram.com/p/CBi0GlqBlKR/?igshid=3sypprau0fu2 …",[],['https://www.instagram.com/p/CBi0GlqBlKR/?igshid=3sypprau0fu2'],[],0,0,0,"['#unlock1', '#ccrocks']",[],https://twitter.com/coffeeculturein/status/1273300994747625474,False,,0,,,,,,,"[{'user_id': '249596404', 'username': 'coffeeculturein'}]",,,,
1268476275536076800,1268476275536076800,1591263285000,2020-06-04,15:04:45,IST,104521047,divya_bhaskar,Divya Bhaskar,,"કોરોના રાજકોટ : ભાવનગરમાં બે, બોટાદમાં એક, રાજકોટ ગ્રામ્યમાં બે પોઝિટિવ કેસ નોંધાયા
 https://www.divyabhaskar.co.in/local/gujarat/rajkot/news/corona-rajkot-live-positive-and-negative-cases-in-saurshtra-city-and-rural-127373335.html?ref=fbo …
#Bhavnagar #GujaratFightsCovid19 #Unlock1",[],['https://www.divyabhaskar.co.in/local/gujarat/rajkot/news/corona-rajkot-live-positive-and-negative-cases-in-saurshtra-city-and-rural-127373335.html?ref=fbo'],[],0,1,5,"['#bhavnagar', '#gujaratfightscovid19', '#unlock1']",[],https://twitter.com/Divya_Bhaskar/status/1268476275536076800,False,,0,,,,,,,"[{'user_id': '104521047', 'username': 'Divya_Bhaskar'}]",,,,
