id,conversation_id,created_at,date,time,timezone,user_id,username,name,place,tweet,mentions,urls,photos,replies_count,retweets_count,likes_count,hashtags,cashtags,link,retweet,quote_url,video,near,geo,source,user_rt_id,user_rt,retweet_id,reply_to,retweet_date,translate,trans_src,trans_dest
1275729398675709954,1275729398675709954,1592992565000,2020-06-24,15:26:05,IST,1194117293350871041,mohitbhatt1323,MOHIT BHATT,,"રાજકોટ જિલ્લા કલેક્ટર કચેરી બહાર યુવાનોએ કરતબ બતાવ્યા,આ યુવાનો જીમ શરૂ કરવાની માંગ કરવા આવ્યા હતા..જેવી જેની પ્રોફાઇલ તેવો તેનો વિરોધ..#rajkot #Corona
#Unlock1
@CollectorRjt @mesachinpatil @kinjalmishra211 @baldevsuthartv9 @nayanpatel_tv pic.twitter.com/SSgkCZHKPt","['collectorrjt', 'mesachinpatil', 'kinjalmishra211', 'baldevsuthartv9', 'nayanpatel_tv']",[],[],1,0,9,"['#rajkot', '#corona', '#unlock1']",[],https://twitter.com/MOHITBHATT1323/status/1275729398675709954,False,,1,,,,,,,"[{'user_id': '1194117293350871041', 'username': 'MOHITBHATT1323'}, {'user_id': '876723502643945473', 'username': 'CollectorRjt'}, {'user_id': '57324263', 'username': 'mesachinpatil'}, {'user_id': '1702174141', 'username': 'kinjalmishra211'}, {'user_id': '2676542528', 'username': 'baldevsuthartv9'}, {'user_id': '703519140162633728', 'username': 'nayanpatel_tv'}]",,,,
1275693416647704577,1275693416647704577,1592983986000,2020-06-24,13:03:06,IST,104521047,divya_bhaskar,Divya Bhaskar,,"રાજકોટમાં જિલ્લામાં 6, દીવમાં 1, અમરેલીમાં 1, જામનગરમાં 10 અને ભાવનગરમાં 5 કેસ નોંધાયા, એકનું મોત
 https://www.divyabhaskar.co.in/local/gujarat/rajkot/news/corona-case-increase-in-all-saurashtra-127438794.html?ref=fbo …
#Covid19InRajkot #Rajkot #Unlock1  pic.twitter.com/Q4xVD8wJ10",[],['https://www.divyabhaskar.co.in/local/gujarat/rajkot/news/corona-case-increase-in-all-saurashtra-127438794.html?ref=fbo'],[],0,1,10,"['#covid19inrajkot', '#rajkot', '#unlock1']",[],https://twitter.com/Divya_Bhaskar/status/1275693416647704577,False,,1,,,,,,,"[{'user_id': '104521047', 'username': 'Divya_Bhaskar'}]",,,,
1273847383533580289,1273847383533580289,1592543857000,2020-06-19,10:47:37,IST,1137432138,ravipatel5004,RAVI PATEL ( પત્રકાર ),,"સૌરાષ્ટ્રમાં કોરોના વાયરસ દાવાનળની જેમ ફેલાઈ રહ્યો છે, ગોંડલમાં એક પરિવારના 4 કેસ #rajkot #coronavirus #Unlock1",[],[],[],0,0,0,"['#rajkot', '#coronavirus', '#unlock1']",[],https://twitter.com/ravipatel5004/status/1273847383533580289,False,,0,,,,,,,"[{'user_id': '1137432138', 'username': 'ravipatel5004'}]",,,,
1273830362091667457,1273830362091667457,1592539799000,2020-06-19,09:39:59,IST,861560902260281344,zee24kalak,Zee 24 Kalak,,"સૌરાષ્ટ્રમાં કોરોના વાયરસ દાવાનળની જેમ ફેલાઈ રહ્યો છે, ગોંડલમાં એક પરિવારના 4 કેસ #rajkot #coronavirus #Unlock1
 https://zeenews.india.com/gujarati/gujarat/corona-cases-increasing-in-many-gondal-jamnagar-junagadh-rajkot-98985 …",[],['https://zeenews.india.com/gujarati/gujarat/corona-cases-increasing-in-many-gondal-jamnagar-junagadh-rajkot-98985'],[],1,3,26,"['#rajkot', '#coronavirus', '#unlock1']",[],https://twitter.com/Zee24Kalak/status/1273830362091667457,False,,0,,,,,,,"[{'user_id': '861560902260281344', 'username': 'Zee24Kalak'}]",,,,
1273569819812458496,1273569819812458496,1592477681000,2020-06-18,16:24:41,IST,104521047,divya_bhaskar,Divya Bhaskar,,"રાજકોટ : મનહરપરામાં કુખ્યાત શખ્સનો સાગરીતો સાથે મળી યુવાન પર જીવલેણ હુમલો, હવામાં ફાયરિંગ, 8 વાહનમાં તોડફોડ, 4ની ધરપકડ
 https://www.divyabhaskar.co.in/local/gujarat/rajkot/news/8-person-attack-and-firing-on-one-person-at-rajkot-127422331.html?ref=fbo …
#Rajkot #Unlock1",[],['https://www.divyabhaskar.co.in/local/gujarat/rajkot/news/8-person-attack-and-firing-on-one-person-at-rajkot-127422331.html?ref=fbo'],[],0,0,6,"['#rajkot', '#unlock1']",[],https://twitter.com/Divya_Bhaskar/status/1273569819812458496,False,,0,,,,,,,"[{'user_id': '104521047', 'username': 'Divya_Bhaskar'}]",,,,
1269926288707420160,1269922812111785984,1591608995000,2020-06-08,15:06:35,IST,4317858382,bansirajput111,Bansi Rajput,,"બોલો રાજકોટ હાઈવે ઓથોરીટીના અધિકારીઓએ કહ્યું કે ઉંદરોએ કોરી ખાધો. 
Seriously?? #Unlock1 #lockdown ની નવરી ઉધઈઓએ કોરી ખાધો હશે નહીં કદાચ ! 
જ્યાં જુઓ ત્યાં ફક્ત ભોપાળા ને છબરડા બસ.  ભોગવે  ફક્ત પ્રજા.  @CollectorRjt @CP_RajkotCity @CMOGuj #rajkot #highway #gujrat","['collectorrjt', 'cp_rajkotcity', 'cmoguj']",[],[],2,0,9,"['#unlock1', '#lockdown', '#rajkot', '#highway', '#gujrat']",[],https://twitter.com/BansiRajput111/status/1269926288707420160,False,,0,,,,,,,"[{'user_id': '4317858382', 'username': 'BansiRajput111'}, {'user_id': '876723502643945473', 'username': 'CollectorRjt'}, {'user_id': '957951018259636224', 'username': 'CP_RajkotCity'}, {'user_id': '765535468104585217', 'username': 'CMOGuj'}]",,,,
1269909668123402240,1269909668123402240,1591605033000,2020-06-08,14:00:33,IST,1031795251063742464,iamvadodara,I am vadodara,,"રાજકોટ આજીડેમ ચોકડી પાસેના ઓવરબ્રિજ  ની દિવાલ થઈ ધરાશય

 ધરાશાયી થયાના સીસીટીવી ફૂટેજ આવ્યા સામે : દિવાલ નીચે બે સ્કૂટર ચાલક દબાયા.

#Iav #Rajkot
#collapse
#iamvadodara #UNLOCK1  pic.twitter.com/lxUSj6mJgO",[],[],[],0,0,1,"['#iav', '#rajkot', '#collapse', '#iamvadodara', '#unlock1']",[],https://twitter.com/iamVadodara/status/1269909668123402240,False,,1,,,,,,,"[{'user_id': '1031795251063742464', 'username': 'iamVadodara'}]",,,,
1269894558449532931,1269894558449532931,1591601430000,2020-06-08,13:00:30,IST,104521047,divya_bhaskar,Divya Bhaskar,,"રાજકોટ : લોકો એક પ્રકારના માસ્કથી કંટાળ્યા, ટેઇલરે કાર્ટુન, સ્પોર્ટસ, કપલ, બેબી, મ્યુઝિક થીમ માસ્ક બનાવ્યા, પત્ની અને પુત્રી માસ્કમાં પેઇન્ટિંગ કરે
 https://www.divyabhaskar.co.in/local/gujarat/rajkot/news/rajkot-tailor-create-different-type-mask-127387716.html?ref=fbo …
#Rajkot #Masks #Unlock1",[],['https://www.divyabhaskar.co.in/local/gujarat/rajkot/news/rajkot-tailor-create-different-type-mask-127387716.html?ref=fbo'],[],0,0,25,"['#rajkot', '#masks', '#unlock1']",[],https://twitter.com/Divya_Bhaskar/status/1269894558449532931,False,,0,,,,,,,"[{'user_id': '104521047', 'username': 'Divya_Bhaskar'}]",,,,
1269479905915334657,1269479905915334657,1591502570000,2020-06-07,09:32:50,IST,590038006,brijdoshi,Brijesh Doshi,,"@INCGujarat ના ધારાસભ્યો #Rajkot ના રિસોર્ટમાં
ગાંધીગ્રામ પોલીસે નીલસીટી રિસોર્ટના મેનેજર, માલિક વિરુદ્ધ ગુનો નોંધ્યો
#Unlock1 માં હોટેલ/ક્લબ/રિસોર્ટ ને ખોલવાની મજૂરી ના હોવા છતાં ખોલતા ગુનો નોંધ્યો
કલમ 188 અને કલમ 135 મુજબ ગુનો નોંધી તપાસ હાથ ધરી

@Zee24Kalak pic.twitter.com/wFxtG6XKOe","['incgujarat', 'zee24kalak']",[],['https://pbs.twimg.com/media/EZ4ZPotUcAEjEey.jpg'],2,1,10,"['#rajkot', '#unlock1']",[],https://twitter.com/brijdoshi/status/1269479905915334657,False,,0,,,,,,,"[{'user_id': '590038006', 'username': 'brijdoshi'}, {'user_id': '23918402', 'username': 'INCGujarat'}, {'user_id': '861560902260281344', 'username': 'Zee24Kalak'}]",,,,
1268474809714970624,1268474809714970624,1591262936000,2020-06-04,14:58:56,IST,3150331574,bhumiksoni_py,Bhumik Soni,,"જેટલી છૂટ માં લોકો
એટલી છૂટ માં #Virus
#Unlock1
#GujaratFightsCovid19
#Rajkot
#Ahmedabad",[],[],[],0,0,0,"['#virus', '#unlock1', '#gujaratfightscovid19', '#rajkot', '#ahmedabad']",[],https://twitter.com/bhumiksoni_py/status/1268474809714970624,False,,0,,,,,,,"[{'user_id': '3150331574', 'username': 'bhumiksoni_py'}]",,,,
1267680559918170113,1267680559918170113,1591073572000,2020-06-02,10:22:52,IST,1199292046676119553,mokshiabrasives,Mokshi Abrasives,,"Be Careful UNLOCK 1
Happy Because Of Unlock 1 But We Need All Precaution For Our Safety.
.
#carefiul #unlock1 #precaution #safety #becareful #mokshi #mokshiGrindingwheel #wheel #grindingwheel #rajkot #gujarat #srompl #TuesdayTasting #TuesdayShoesday #GoodNewsTues #TuesdayTunes pic.twitter.com/yYJkwWlAJI",[],[],['https://pbs.twimg.com/media/EZe0q2SWsAEld7w.jpg'],0,0,2,"['#carefiul', '#unlock1', '#precaution', '#safety', '#becareful', '#mokshi', '#mokshigrindingwheel', '#wheel', '#grindingwheel', '#rajkot', '#gujarat', '#srompl', '#tuesdaytasting', '#tuesdayshoesday', '#goodnewstues', '#tuesdaytunes']",[],https://twitter.com/MokshiAbrasives/status/1267680559918170113,False,,0,,,,,,,"[{'user_id': '1199292046676119553', 'username': 'MokshiAbrasives'}]",,,,
1267640567950970885,1267640567950970885,1591064037000,2020-06-02,07:43:57,IST,861560902260281344,zee24kalak,Zee 24 Kalak,,રાજકોટ રેલવેએ એક જ વિકમાં મુસાફરોના 2.22 કરોડ રિફંડ કર્યાં #rajkot #Unlock1 #IndianRailways https://zeenews.india.com/gujarati/gujarat/rajkot-railway-pay-2-22-crore-refund-after-unlock-1-to-passengers-96700 …,[],['https://zeenews.india.com/gujarati/gujarat/rajkot-railway-pay-2-22-crore-refund-after-unlock-1-to-passengers-96700'],[],0,0,13,"['#rajkot', '#unlock1', '#indianrailways']",[],https://twitter.com/Zee24Kalak/status/1267640567950970885,False,,0,,,,,,,"[{'user_id': '861560902260281344', 'username': 'Zee24Kalak'}]",,,,
1267406739747401729,1267406739747401729,1591008288000,2020-06-01,16:14:48,IST,588218513,vtvgujarati,VTV Gujarati News and Beyond,,"વાઇનશોપ ખુલતા જ રાજકોટમાં દારૂ લેવા માટે પડાપડી, લોકો આખી પેટી લઇને જતા નજરે પડ્યાં

#Rajkot #Coronavirus #Lockdown #Unlock1 #LiquorShop https://www.vtvgujarati.com/news-details/coronavirus-lockdown-unlock-gujarat-open-liquor-shops-june-1-rajkot …",[],['https://www.vtvgujarati.com/news-details/coronavirus-lockdown-unlock-gujarat-open-liquor-shops-june-1-rajkot'],[],1,6,35,"['#rajkot', '#coronavirus', '#lockdown', '#unlock1', '#liquorshop']",[],https://twitter.com/VtvGujarati/status/1267406739747401729,False,,0,,,,,,,"[{'user_id': '588218513', 'username': 'VtvGujarati'}]",,,,
1267394630158614530,1267394630158614530,1591005401000,2020-06-01,15:26:41,IST,104521047,divya_bhaskar,Divya Bhaskar,,"રાજકોટ-જૂનાગઢ ST બસ રદ થતા મુસાફરો રઝળી પડતા હોબાળો મચાવ્યો, રદ થયાના મેસેજ ન આવ્યાનો આક્ષેપ
 https://www.divyabhaskar.co.in/local/gujarat/rajkot/news/rajkot-to-junagadh-st-bus-cancel-so-passenger-angry-on-bus-stand-127362665.html?ref=fbo …
#Rajkot #Junagadh #Unlock1",[],['https://www.divyabhaskar.co.in/local/gujarat/rajkot/news/rajkot-to-junagadh-st-bus-cancel-so-passenger-angry-on-bus-stand-127362665.html?ref=fbo'],[],0,0,4,"['#rajkot', '#junagadh', '#unlock1']",[],https://twitter.com/Divya_Bhaskar/status/1267394630158614530,False,,0,,,,,,,"[{'user_id': '104521047', 'username': 'Divya_Bhaskar'}]",,,,
1267357906581680128,1267357906581680128,1590996645000,2020-06-01,13:00:45,IST,588218513,vtvgujarati,VTV Gujarati News and Beyond,,"અનલોક-1માં સરકારે છૂટછાટ આપતાં આ શહેરોમાં બજારો થયાં ધમધમતાં, જોવા મળી લોકોની ભીડ

 https://www.vtvgujarati.com/news-details/gujarat-unlock1-lockdown5-people-ahmedabad-surat-rajkot-vadodara …
#Ahmedabad #Vadodara #Surat #Rajkot #Unlock1 #Lockdown5 #Gujarat",[],['https://www.vtvgujarati.com/news-details/gujarat-unlock1-lockdown5-people-ahmedabad-surat-rajkot-vadodara'],[],0,2,13,"['#ahmedabad', '#vadodara', '#surat', '#rajkot', '#unlock1', '#lockdown5', '#gujarat']",[],https://twitter.com/VtvGujarati/status/1267357906581680128,False,,0,,,,,,,"[{'user_id': '588218513', 'username': 'VtvGujarati'}]",,,,
1266962801911672832,1266962801911672832,1590902445000,2020-05-31,10:50:45,IST,588218513,vtvgujarati,VTV Gujarati News and Beyond,,"LOCKDOWN / ગુજરાત ભલે UNLOCK પણ આ વિસ્તારોમાં તો નહીં જ મળે છૂટછાટ

#unlock1 #unlockgujarat #COVID19 #CMRupani #Ahmedabad #surat #rajkot
 https://www.vtvgujarati.com/news-details/coronavirus-in-gujarat-unlock-1-contentment-zone-may-not-open-in-lockdown …",[],['https://www.vtvgujarati.com/news-details/coronavirus-in-gujarat-unlock-1-contentment-zone-may-not-open-in-lockdown'],[],1,4,11,"['#unlock1', '#unlockgujarat', '#covid19', '#cmrupani', '#ahmedabad', '#surat', '#rajkot']",[],https://twitter.com/VtvGujarati/status/1266962801911672832,False,,0,,,,,,,"[{'user_id': '588218513', 'username': 'VtvGujarati'}]",,,,
1266944628697313281,1266944628697313281,1590898112000,2020-05-31,09:38:32,IST,866671119352385536,aapnu_vadodara,vadodara sanskari nagari,,"ગુજરાત સરકારે #unlock1 માટે જાહેરકરેલી નવી માર્ગદર્શિકા

#unlockone #Lockdown5
#Lockdownextention
#lockdownindia #gujarat #surat #vadodara #rajkot #Ahmedabad pic.twitter.com/OiunQmYqT4",[],[],"['https://pbs.twimg.com/media/EZUXZPUWoAEv7r6.jpg', 'https://pbs.twimg.com/media/EZUXap1XgAE3A2m.jpg']",0,0,1,"['#unlock1', '#unlockone', '#lockdown5', '#lockdownextention', '#lockdownindia', '#gujarat', '#surat', '#vadodara', '#rajkot', '#ahmedabad']",[],https://twitter.com/Aapnu_vadodara/status/1266944628697313281,False,,0,,,,,,,"[{'user_id': '866671119352385536', 'username': 'Aapnu_vadodara'}]",,,,
