id,conversation_id,created_at,date,time,timezone,user_id,username,name,place,tweet,mentions,urls,photos,replies_count,retweets_count,likes_count,hashtags,cashtags,link,retweet,quote_url,video,near,geo,source,user_rt_id,user_rt,retweet_id,reply_to,retweet_date,translate,trans_src,trans_dest
1275606640742379520,1275606640742379520,1592963297000,2020-06-24,07:18:17,IST,1246775058560716802,patelkeval278,Patel Keval #AarogyaSetu 📲,,"ગાંધીનગર: અનલૉક 2 અંગે આવતીકાલે કેબિનટેની બેઠક મળશે, સુરત અને અમદાવાદમાં વધતાં જતાં કેસ અંગેની સમીક્ષા કરાશે

#gandhinagar #Unlock1 #Ahmedabad #CoronaUpdates",[],[],[],0,0,0,"['#gandhinagar', '#unlock1', '#ahmedabad', '#coronaupdates']",[],https://twitter.com/PatelKeval278/status/1275606640742379520,False,,0,,,,,,,"[{'user_id': '1246775058560716802', 'username': 'PatelKeval278'}]",,,,
1275483710813376514,1275483710813376514,1592933988000,2020-06-23,23:09:48,IST,725353170109521920,vramanuj,Vishal Ramanuj,,"ગાંધીનગર: અનલૉક 2 અંગે આવતીકાલે કેબિનટેની બેઠક મળશે, સુરત અને અમદાવાદમાં વધતાં જતાં કેસ અંગેની સમીક્ષા કરાશે

#gandhinagar #Unlock1 #Ahmedabad #CoronaUpdates",[],[],[],0,5,18,"['#gandhinagar', '#unlock1', '#ahmedabad', '#coronaupdates']",[],https://twitter.com/VRamanuj/status/1275483710813376514,False,,0,,,,,,,"[{'user_id': '725353170109521920', 'username': 'VRamanuj'}]",,,,
1275483412053147648,1275483412053147648,1592933917000,2020-06-23,23:08:37,IST,588218513,vtvgujarati,VTV Gujarati News and Beyond,,"ગાંધીનગર: અનલૉક 2 અંગે આવતીકાલે કેબિનટેની બેઠક મળશે, સુરત અને અમદાવાદમાં વધતાં જતાં કેસ અંગેની સમીક્ષા કરાશે

#gandhinagar #Unlock1 #Ahmedabad #CoronaUpdates",[],[],[],4,6,123,"['#gandhinagar', '#unlock1', '#ahmedabad', '#coronaupdates']",[],https://twitter.com/VtvGujarati/status/1275483412053147648,False,,0,,,,,,,"[{'user_id': '588218513', 'username': 'VtvGujarati'}]",,,,
1271151329931431936,1271151329931431936,1591901068000,2020-06-12,00:14:28,IST,357341716,bhavintwit,Bhavin,,"@OurSMC @CP_SuratCity @MySuratMySMC My parents are in surat. I am living in gandhinagar. If i am going to meet them by car, Do SMC quarantine me for 14 days in surat?
#Surat #Unlock1","['oursmc', 'cp_suratcity', 'mysuratmysmc']",[],[],0,0,0,"['#surat', '#unlock1']",[],https://twitter.com/Bhavintwit/status/1271151329931431936,False,,0,,,,,,,"[{'user_id': '357341716', 'username': 'Bhavintwit'}, {'user_id': '809996458913103877', 'username': 'OurSMC'}, {'user_id': '713285748393259008', 'username': 'CP_SuratCity'}, {'user_id': '941554182036905984', 'username': 'MySuratMySMC'}]",,,,
1270627443930542080,1270627443930542080,1591776164000,2020-06-10,13:32:44,IST,973080382991097857,ddnewsgujarati,DD News Gujarati,,"#Unlock1 અંતર્ગત 1 જૂનથી સરકારી કચેરીઓ અને મંત્રીઓની કચેરીઓમાં કાર્યારંભ ફરી પૂર્વવત થયા બાદ આજે મુખ્યમંત્રી 
 @vijayrupanibjp ના અધ્યક્ષ સ્થાને રાજ્ય મંત્રીમંડળની બીજી કેબિનેટ બેઠક સંપૂર્ણ #SocialDistancing ના નિયમોના પાલન સાથે નર્મદા હોલ-સ્વર્ણિમ સંકુલ, #Gandhinagar ખાતે મળી  pic.twitter.com/fpnaVKa0oF",['vijayrupanibjp'],[],[],0,3,26,"['#unlock1', '#socialdistancing', '#gandhinagar']",[],https://twitter.com/DDNewsGujarati/status/1270627443930542080,False,,1,,,,,,,"[{'user_id': '973080382991097857', 'username': 'DDNewsGujarati'}, {'user_id': '627355202', 'username': 'vijayrupanibjp'}]",,,,
1268742491685044226,1268742491685044226,1591326756000,2020-06-05,08:42:36,IST,992781577859018752,allgujaratnews,All GUJARAT NEWS,,"ગાંધીનગર જિલ્લામાં ૧૬,૧૨૪ વ્યક્તિઓનો નવા જાહેર કરેલા કન્ટેન્ટમેન્ટ ઝોનમાં સમાવેશ કરાયો
 https://allgujaratnews.in/gj/in-gandhinagar-district-1817-persons-were-included-in-the-newly-declared-containment-zone/ …
#AllGujaratNews #Gandhinagar #Unlock1 #Lockdown5 #lockdown5guidelines #COVIDー19 #coronavirus #IndiaFightsCOVID19 #news #dailynews #ContainmentZones #containment",[],['https://allgujaratnews.in/gj/in-gandhinagar-district-1817-persons-were-included-in-the-newly-declared-containment-zone/'],[],0,0,0,"['#allgujaratnews', '#gandhinagar', '#unlock1', '#lockdown5', '#lockdown5guidelines', '#covidー19', '#coronavirus', '#indiafightscovid19', '#news', '#dailynews', '#containmentzones', '#containment']",[],https://twitter.com/allgujaratnews/status/1268742491685044226,False,,0,,,,,,,"[{'user_id': '992781577859018752', 'username': 'allgujaratnews'}]",,,,
1268409561473482754,1268409561473482754,1591247380000,2020-06-04,10:39:40,IST,104521047,divya_bhaskar,Divya Bhaskar,,"ગાંધીનગરમાં એક જ દિવસમાં 39 પોઝિટિવ કેસ, એકનું મોત
 https://www.divyabhaskar.co.in/local/gujarat/gandhinagar/news/39-positive-cases-one-death-in-a-single-day-in-gandhinagar-127370829.html?ref=fbo …
#Gandhinagar #GandhinagarFightsCorona #Unlock1",[],['https://www.divyabhaskar.co.in/local/gujarat/gandhinagar/news/39-positive-cases-one-death-in-a-single-day-in-gandhinagar-127370829.html?ref=fbo'],[],1,0,35,"['#gandhinagar', '#gandhinagarfightscorona', '#unlock1']",[],https://twitter.com/Divya_Bhaskar/status/1268409561473482754,False,,0,,,,,,,"[{'user_id': '104521047', 'username': 'Divya_Bhaskar'}]",,,,
1267704529916551174,1267704529916551174,1591079287000,2020-06-02,11:58:07,IST,752630641,hello_gnagar,Hello_gandhinagar,,"Important News from Gandhinagar District. (2nd June, 2020)

#hello_gandhinagar #HG18News #gandhinagar #gujarat #news #update #newsupdate #city #capital #coronaupdate #covid_19 #lockdown #Unlock1  pic.twitter.com/2ycJzrCfDL",[],[],['https://pbs.twimg.com/media/EZfKiFuVAAIT4Eq.jpg'],0,0,4,"['#hello_gandhinagar', '#hg18news', '#gandhinagar', '#gujarat', '#news', '#update', '#newsupdate', '#city', '#capital', '#coronaupdate', '#covid_19', '#lockdown', '#unlock1']",[],https://twitter.com/Hello_Gnagar/status/1267704529916551174,False,,0,,,,,,,"[{'user_id': '752630641', 'username': 'Hello_Gnagar'}]",,,,
1267101699501633536,1267101699501633536,1590935561000,2020-05-31,20:02:41,IST,916923497368109058,marugandhinagar,Maru Gandhinagar,,"આવતીકાલથી ગુજરાત સરકારની ગાઈડલાઈન મુજબ Unlock 0.1 શરૂ થશે. વિવિધ ક્ષેત્રોમાં તબક્કાવાર મંજૂરી આપવામાં આવશે.
#marugandhinagar #LockdownEnd #Unlock1 #gandhinagar  pic.twitter.com/qq8wLr1G7y",[],[],"['https://pbs.twimg.com/media/EZWmQ2SX0AUIVVp.jpg', 'https://pbs.twimg.com/media/EZWmRiLXkAETBfX.jpg']",1,3,16,"['#marugandhinagar', '#lockdownend', '#unlock1', '#gandhinagar']",[],https://twitter.com/MaruGandhinagar/status/1267101699501633536,False,,0,,,,,,,"[{'user_id': '916923497368109058', 'username': 'MaruGandhinagar'}]",,,,
1266736546092208130,1266736546092208130,1590848502000,2020-05-30,19:51:42,IST,916923497368109058,marugandhinagar,Maru Gandhinagar,,"સરકારની ગાઈડલાઈન મુજબ ત્રણ તબક્કામાં છૂટ અપાશે. લોકડાઉન 5 ને અનલોક - 1 નામ આપવામાં આવ્યું.
#marugandhinagar #gandhinagar #greencity #greengandhinagar #ourgandhinagar #mygandhinagar #capitalofgujarat #gujarat #unlock1 #lockdown pic.twitter.com/5vBnsEET0S",[],[],['https://pbs.twimg.com/media/EZRaKXKWAAAPtmk.jpg'],1,2,17,"['#marugandhinagar', '#gandhinagar', '#greencity', '#greengandhinagar', '#ourgandhinagar', '#mygandhinagar', '#capitalofgujarat', '#gujarat', '#unlock1', '#lockdown']",[],https://twitter.com/MaruGandhinagar/status/1266736546092208130,False,,0,,,,,,,"[{'user_id': '916923497368109058', 'username': 'MaruGandhinagar'}]",,,,
