id,conversation_id,created_at,date,time,timezone,user_id,username,name,place,tweet,mentions,urls,photos,replies_count,retweets_count,likes_count,hashtags,cashtags,link,retweet,quote_url,video,near,geo,source,user_rt_id,user_rt,retweet_id,reply_to,retweet_date,translate,trans_src,trans_dest
1276174078907265025,1276174078907265025,1593098585000,2020-06-25,20:53:05,IST,1129897342402826240,aapdujamnagar,Aapdu Jamnagar,,"Unlock1 રાત્રીના 9 વાગ્યાથી સવારનાં 5 વાગ્યા દરમ્યાન હાઈવે પર ગુડ્ઝ ટ્રક તેમજ પેસેન્જર વાહનો ને રોકવામાં આવશે નહી. - ગૃહ મંત્રાલય 

#Jamnagar #AapduJamnagar #AJNews #Gujarat #Unlock1 #Curfew pic.twitter.com/RN335JeJA6",[],[],['https://pbs.twimg.com/media/EbXhjj3UEAE37U1.jpg'],0,1,5,"['#jamnagar', '#aapdujamnagar', '#ajnews', '#gujarat', '#unlock1', '#curfew']",[],https://twitter.com/AapduJamnagar/status/1276174078907265025,False,,0,,,,,,,"[{'user_id': '1129897342402826240', 'username': 'AapduJamnagar'}]",,,,
1274266934326919168,1274266934326919168,1592643886000,2020-06-20,14:34:46,IST,370276832,vpmehta_jam,Vishal Mehta🇮🇳,,"I urge administration to curb unnecessary relaxation given in #Unlock1 ..made half day open ..growing corona case will make hell of a life for everyone..mostly it will make hell of situation for #CoronaWarriors
@CollectorJamngr @SP_Jamnagar @CMOGuj @Bjpjamnagar @PO_JAMCITY_JAM","['collectorjamngr', 'sp_jamnagar', 'cmoguj', 'bjpjamnagar', 'po_jamcity_jam']",[],[],0,0,1,"['#unlock1', '#coronawarriors']",[],https://twitter.com/vpmehta_jam/status/1274266934326919168,False,,0,,,,,,,"[{'user_id': '370276832', 'username': 'vpmehta_jam'}, {'user_id': '877155433089187840', 'username': 'CollectorJamngr'}, {'user_id': '728541506953461760', 'username': 'SP_Jamnagar'}, {'user_id': '765535468104585217', 'username': 'CMOGuj'}, {'user_id': '897750370775998464', 'username': 'Bjpjamnagar'}, {'user_id': '887562744248979457', 'username': 'PO_JAMCITY_JAM'}]",,,,
1272589636150280192,1272589636150280192,1592243987000,2020-06-15,23:29:47,IST,104521047,divya_bhaskar,Divya Bhaskar,,"જામનગરમાં અનલોક બાદ લગ્નની પ્રથમ સિઝન, જાનૈયા-માનૈયાઓ સેનેટાઇઝ, સ્ક્રિનીંગ કરાયું 
 https://www.divyabhaskar.co.in/local/gujarat/jamnagar/news/the-first-season-of-the-wedding-after-unlocking-in-jamnagar-janaiya-manaiyao-sanitized-screened-127410035.html?ref=fbo …
#Jamnagar #Marriage #Unlock1",[],['https://www.divyabhaskar.co.in/local/gujarat/jamnagar/news/the-first-season-of-the-wedding-after-unlocking-in-jamnagar-janaiya-manaiyao-sanitized-screened-127410035.html?ref=fbo'],[],0,0,16,"['#jamnagar', '#marriage', '#unlock1']",[],https://twitter.com/Divya_Bhaskar/status/1272589636150280192,False,,0,,,,,,,"[{'user_id': '104521047', 'username': 'Divya_Bhaskar'}]",,,,
1272245669840007168,1272245545264992258,1592161979000,2020-06-15,00:42:59,IST,1129897342402826240,aapdujamnagar,Aapdu Jamnagar,,"હાલ જામનગરમાં વધુ ૭ કોરોના પોઝિટિવ કેસ આવેલ છે.જેમાં:-
(૫) ૨૪ વર્ષીય સ્ત્રી, એમ.પી.શાહ ઉદ્યોગનગર.
(૬) ૫૫ વર્ષીય સ્ત્રી, કુંવરબાઇ ધર્મશાળા વિસ્તાર.
(૭) ૩૨ વર્ષીય પુરુષ કુંવરબાઇ ધર્મશાળા વિસ્તારના રહીશો છે.

#Jamnagar #AJNews #AapduJamnagar #COVID19 #CoronaVirus #Unlock1",[],[],[],0,0,3,"['#jamnagar', '#ajnews', '#aapdujamnagar', '#covid19', '#coronavirus', '#unlock1']",[],https://twitter.com/AapduJamnagar/status/1272245669840007168,False,,0,,,,,,,"[{'user_id': '1129897342402826240', 'username': 'AapduJamnagar'}]",,,,
1269303130123952128,1269303130123952128,1591460423000,2020-06-06,21:50:23,IST,1129897342402826240,aapdujamnagar,Aapdu Jamnagar,,"જામનગરનું પ્રસિધ્ધ બાલા હનુમાન મંદિર જાહેર જનતા માટે આગામી ૧૫-૦૬ થી દર્શનાર્થે ખોલવામા આવશે - ટ્રસ્ટી વિનુભાઈ તન્ના.

#Jamnagar #AapduJamnagar #AJNews #BalaHanumanTemple #BalaHamuman #Unlock1  pic.twitter.com/mHEafkeBJI",[],[],['https://pbs.twimg.com/media/EZ14dF-WkAA3adq.jpg'],0,2,7,"['#jamnagar', '#aapdujamnagar', '#ajnews', '#balahanumantemple', '#balahamuman', '#unlock1']",[],https://twitter.com/AapduJamnagar/status/1269303130123952128,False,,0,,,,,,,"[{'user_id': '1129897342402826240', 'username': 'AapduJamnagar'}]",,,,
1269082845382926336,1269073184185184256,1591407903000,2020-06-06,07:15:03,IST,4723304478,nikunjrathod65,Nikunj Rathod ♻️,,"Meanwhile On the other Bank of Arabian Sea...Jamnagar, Gujarat.
Happy To See Filled Playgrounds. 
Happy To Hear Shouts Again Almost After 70 Days of #lockdown. #Unlock1  pic.twitter.com/5lcANeKeRS",['vivekagnihotri'],[],['https://pbs.twimg.com/media/EZywGQ5WkAAHxrP.jpg'],0,0,0,"['#lockdown', '#unlock1']",[],https://twitter.com/nikunjrathod65/status/1269082845382926336,False,,0,,,,,,,"[{'user_id': '4723304478', 'username': 'nikunjrathod65'}, {'user_id': '16404141', 'username': 'vivekagnihotri'}]",,,,
1267704752185528325,1267704752185528325,1591079340000,2020-06-02,11:59:00,IST,1258306787004030976,newskidda,Newskidda,,"PM Modi: Getting growth back has started with Unlock 1.0
 http://newskidda.com/india/pm-modi-getting-growth-back-has-started-with-unlock-1-0/ …
#newskidda #unlock1stindia #unlock1 #modi #technokidda #arshtechnologies #blog #bloggers #jamnagar_gujarat #jamnagar_instagram #jamnagari #jamnagardiaries #tuesday #tuesdaymotivation #tuesdaytips pic.twitter.com/S6X6vSO2ep",[],['http://newskidda.com/india/pm-modi-getting-growth-back-has-started-with-unlock-1-0/'],['https://pbs.twimg.com/media/EZfKvslXQAYV2Rs.jpg'],0,0,0,"['#newskidda', '#unlock1stindia', '#unlock1', '#modi', '#technokidda', '#arshtechnologies', '#blog', '#bloggers', '#jamnagar_gujarat', '#jamnagar_instagram', '#jamnagari', '#jamnagardiaries', '#tuesday', '#tuesdaymotivation', '#tuesdaytips']",[],https://twitter.com/newskidda/status/1267704752185528325,False,,0,,,,,,,"[{'user_id': '1258306787004030976', 'username': 'newskidda'}]",,,,
1267703701474619394,1267703701474619394,1591079089000,2020-06-02,11:54:49,IST,1205361612393046016,arshtechnology,Het Patel,,"PM Modi: Getting growth back has started with Unlock 1.0
 http://newskidda.com/india/pm-modi-getting-growth-back-has-started-with-unlock-1-0/ …
#newskidda #unlock1stindia #unlock1 #modi #technokidda #arshtechnologies #blog #bloggers #jamnagar_gujarat #jamnagar_instagram #jamnagari #jamnagardiaries #tuesday #tuesdaymotivation #tuesdaytips pic.twitter.com/dkqEeCH58u",[],['http://newskidda.com/india/pm-modi-getting-growth-back-has-started-with-unlock-1-0/'],['https://pbs.twimg.com/media/EZfJyYiWoAsJ8ye.jpg'],0,0,0,"['#newskidda', '#unlock1stindia', '#unlock1', '#modi', '#technokidda', '#arshtechnologies', '#blog', '#bloggers', '#jamnagar_gujarat', '#jamnagar_instagram', '#jamnagari', '#jamnagardiaries', '#tuesday', '#tuesdaymotivation', '#tuesdaytips']",[],https://twitter.com/arshtechnology/status/1267703701474619394,False,,0,,,,,,,"[{'user_id': '1205361612393046016', 'username': 'arshtechnology'}]",,,,
1267417398627491840,1267417398627491840,1591010829000,2020-06-01,16:57:09,IST,1129897342402826240,aapdujamnagar,Aapdu Jamnagar,,"જામનગરમાં કન્ટેઈનમેન્ટ ઝોન સિવાયનાં વિસ્તારમાં આ મુજબ શરતો સાથે છુટછાટ આપવામાં આવેલી છે.

#Jamnagar #AapduJamnagar #AJNews #JamnagarNews #Unlock1 #Unlock1Guidelines pic.twitter.com/G7OvMp5AiF",[],[],"['https://pbs.twimg.com/media/EZbFWnFVcAEv5AR.jpg', 'https://pbs.twimg.com/media/EZbFXnJVAAAG_Gu.jpg', 'https://pbs.twimg.com/media/EZbFYaVU8AAYZSt.jpg', 'https://pbs.twimg.com/media/EZbFZVDU0AEFER_.jpg']",1,2,10,"['#jamnagar', '#aapdujamnagar', '#ajnews', '#jamnagarnews', '#unlock1', '#unlock1guidelines']",[],https://twitter.com/AapduJamnagar/status/1267417398627491840,False,,0,,,,,,,"[{'user_id': '1129897342402826240', 'username': 'AapduJamnagar'}]",,,,
1267411311954063361,1267411311954063361,1591009378000,2020-06-01,16:32:58,IST,1129897342402826240,aapdujamnagar,Aapdu Jamnagar,,"જામનગર શહેર અને જિલ્લામાં અનલોક-1 ની ગાઇડલાઇન જાહેર.

#Jamnagar #AapduJamnagar #AJNews #JamnagarNews #Unlock1 #Unlock1Guidelines pic.twitter.com/uFR4tR7oZv",[],[],"['https://pbs.twimg.com/media/EZa_16BUYAIufHE.jpg', 'https://pbs.twimg.com/media/EZa_25xUMAAKDn1.jpg']",0,0,5,"['#jamnagar', '#aapdujamnagar', '#ajnews', '#jamnagarnews', '#unlock1', '#unlock1guidelines']",[],https://twitter.com/AapduJamnagar/status/1267411311954063361,False,,0,,,,,,,"[{'user_id': '1129897342402826240', 'username': 'AapduJamnagar'}]",,,,
1267374604013748230,1267374604013748230,1591000626000,2020-06-01,14:07:06,IST,1249319424546365440,ourjamnagar,Our Jamnagar 😷,,"#Unlock1.0

But remember, we have to be #careful not to get admitted to this #COVIDHospital!

#Jamnagar #OurJamnagar #GGHopital #WashYourHands #WearMask #SocialDistancing #SocialDistance #COVID19 #StayAtHomeSaveLives #COVID19JamnagarUpdate #JamnagarFightsCorona #StaySafe pic.twitter.com/U7qjfRa9d7",[],[],['https://pbs.twimg.com/media/EZac0imXsAcbgIb.jpg'],0,0,5,"['#unlock1', '#careful', '#covidhospital', '#jamnagar', '#ourjamnagar', '#gghopital', '#washyourhands', '#wearmask', '#socialdistancing', '#socialdistance', '#covid19', '#stayathomesavelives', '#covid19jamnagarupdate', '#jamnagarfightscorona', '#staysafe']",[],https://twitter.com/OurJamnagar/status/1267374604013748230,False,,0,,,,,,,"[{'user_id': '1249319424546365440', 'username': 'OurJamnagar'}]",,,,
1267373181922357248,1266753350164414465,1591000287000,2020-06-01,14:01:27,IST,1185374225520943105,ajaybhojani3,Ajay Bhojani,,Haji jamnagar S.T Depot thi outside saurashtra ni Bus chalu nahi thai...No planning about #unlock1 @vijayrupanibjp @jamnagarmunici2 @jamnagarnews pic.twitter.com/MH0mKvzSrd,"['nobatdaily', 'vijayrupanibjp', 'jamnagarmunici2', 'jamnagarnews']",[],['https://pbs.twimg.com/media/EZadLPGXkAQka4r.jpg'],0,0,0,['#unlock1'],[],https://twitter.com/AjayBhojani3/status/1267373181922357248,False,,0,,,,,,,"[{'user_id': '1185374225520943105', 'username': 'AjayBhojani3'}, {'user_id': '3247804160', 'username': 'NobatDaily'}, {'user_id': '627355202', 'username': 'vijayrupanibjp'}, {'user_id': '1243070396108173312', 'username': 'jamnagarmunici2'}, {'user_id': '43151567', 'username': 'jamnagarnews'}]",,,,
1267324657205604352,1267144044670595072,1590988718000,2020-06-01,10:48:38,IST,1185374225520943105,ajaybhojani3,Ajay Bhojani,,"Today #Unlock1 start, As per commitment S.T Bus operation start from 1 Dist. (Jamnagar) to other(Bharuch) , but in Jamnagar No buses start till date, pls do need full regarding this issue  pic.twitter.com/0AwZCNRdC2","['poonambenmaadam', 'mpjamnagaroffic', 'vijayrupanibjp', 'nitinbhai_patel', 'bjp4india', 'bjp4gujarat']",[],['https://pbs.twimg.com/media/EZZxDJeXQAAVMqV.jpg'],0,0,0,['#unlock1'],[],https://twitter.com/AjayBhojani3/status/1267324657205604352,False,,0,,,,,,,"[{'user_id': '1185374225520943105', 'username': 'AjayBhojani3'}, {'user_id': '2447086974', 'username': 'PoonambenMaadam'}, {'user_id': '968524007220957185', 'username': 'MPJamnagaroffic'}, {'user_id': '627355202', 'username': 'vijayrupanibjp'}, {'user_id': '478469228', 'username': 'Nitinbhai_Patel'}, {'user_id': '207809313', 'username': 'BJP4India'}, {'user_id': '385909720', 'username': 'BJP4Gujarat'}]",,,,
1267018014429310976,1267018014429310976,1590915609000,2020-05-31,14:30:09,IST,1129897342402826240,aapdujamnagar,Aapdu Jamnagar,,"Unlock1 અંગે ભારત સરકારની Guidelines.

#Jamnagar #AapduJamnagar #AJNews #Government #CentralGovernment pic.twitter.com/RC1urwX4J4",[],[],"['https://pbs.twimg.com/media/EZVaI1ZXQAE-MgJ.jpg', 'https://pbs.twimg.com/media/EZVaJb1WoAA6TEE.jpg', 'https://pbs.twimg.com/media/EZVaJ_VXQAEnvau.jpg', 'https://pbs.twimg.com/media/EZVaKaIWoAItvIH.jpg']",0,0,3,"['#jamnagar', '#aapdujamnagar', '#ajnews', '#government', '#centralgovernment']",[],https://twitter.com/AapduJamnagar/status/1267018014429310976,False,,0,,,,,,,"[{'user_id': '1129897342402826240', 'username': 'AapduJamnagar'}]",,,,
