id,conversation_id,created_at,date,time,timezone,user_id,username,name,place,tweet,mentions,urls,photos,replies_count,retweets_count,likes_count,hashtags,cashtags,link,retweet,quote_url,video,near,geo,source,user_rt_id,user_rt,retweet_id,reply_to,retweet_date,translate,trans_src,trans_dest
1276766311582924807,1276766311582924807,1593239784000,2020-06-27,12:06:24,IST,1135491428690251776,airrohtak,AIR Rohtak,,"#IndiaFightsCorona

हमारा साथ उनके काम करने के पक्के  इरादे को और मजबूत बनाएगा।

 #TogetherAgainstCovid19 #HealthForAll #SwasthaBharat #CoronaOutbreak #Unlock1  pic.twitter.com/v69g1QRtuP",[],[],['https://pbs.twimg.com/media/Ebf8LtmXkAEsdgn.jpg'],0,0,1,"['#indiafightscorona', '#togetheragainstcovid19', '#healthforall', '#swasthabharat', '#coronaoutbreak', '#unlock1']",[],https://twitter.com/AirRohtak/status/1276766311582924807,False,,0,,,,,,,"[{'user_id': '1135491428690251776', 'username': 'AirRohtak'}]",,,,
1275660787558813697,1275660787558813697,1592976207000,2020-06-24,10:53:27,IST,1135491428690251776,airrohtak,AIR Rohtak,,"#IndiaFightsCorona

Learn about the proper way of wearing home-made reusable face-cover/mask. Share this information and help us to help you.
 #BadalkarApnaVyavaharKareinCoronaParVaar #HealthForAll #SwasthaBharat #CoronaOutbreak #Unlock1 #TogetherAgainstCovid19 pic.twitter.com/fVXZXi4z9Y",[],[],['https://pbs.twimg.com/media/EbQOtyUWkAA1LOK.jpg'],0,1,0,"['#indiafightscorona', '#badalkarapnavyavaharkareincoronaparvaar', '#healthforall', '#swasthabharat', '#coronaoutbreak', '#unlock1', '#togetheragainstcovid19']",[],https://twitter.com/AirRohtak/status/1275660787558813697,False,,0,,,,,,,"[{'user_id': '1135491428690251776', 'username': 'AirRohtak'}]",,,,
1274939482345631744,1274939482345631744,1592804234000,2020-06-22,11:07:14,IST,1135491428690251776,airrohtak,AIR Rohtak,,"#IndiaFightsCorona

Follow these COVID appropriate behaviours to keep yourself and your loved ones safe.

 #TogetherAgainstCovid19 #BadalkarApnaVyavaharKareinCoronaParVaar #HealthForAll #SwasthaBharat #CoronaOutbreak #Unlock1  pic.twitter.com/4Tm3l4brh1",[],[],['https://pbs.twimg.com/media/EbF-sEFXQAAP4fc.jpg'],1,0,0,"['#indiafightscorona', '#togetheragainstcovid19', '#badalkarapnavyavaharkareincoronaparvaar', '#healthforall', '#swasthabharat', '#coronaoutbreak', '#unlock1']",[],https://twitter.com/AirRohtak/status/1274939482345631744,False,,0,,,,,,,"[{'user_id': '1135491428690251776', 'username': 'AirRohtak'}]",,,,
1274939361910419456,1274939361910419456,1592804205000,2020-06-22,11:06:45,IST,1135491428690251776,airrohtak,AIR Rohtak,,"#IndiaFightsCorona
#COVID19 से बचने के लिए इन दिशानिर्देशों का पालन करें और खुद को एवं अपने प्रियजनों को सुरक्षित रखें। बदलकर अपना व्यवहार, करें कोरोना पर वार। 

#TogetherAgainstCovid19 #SwasthaBharat #HealthForAll #CoronaOutbreak #Unlock1  pic.twitter.com/xfBLRXLAJj",[],[],['https://pbs.twimg.com/media/EbF-k-iWoAEmDbX.jpg'],0,0,0,"['#indiafightscorona', '#covid19', '#togetheragainstcovid19', '#swasthabharat', '#healthforall', '#coronaoutbreak', '#unlock1']",[],https://twitter.com/AirRohtak/status/1274939361910419456,False,,0,,,,,,,"[{'user_id': '1135491428690251776', 'username': 'AirRohtak'}]",,,,
1273832851083898882,1273832851083898882,1592540393000,2020-06-19,09:49:53,IST,1211291550241570818,newsphh,News PHH (PunjabHaryanaHimachal),,"क्या देश आत्मनिर्भरता की ओर बढ़ रहा है ?
#NewsPHH #Punjab #Haryana #Himachal #Chandigarh #Amritsar #Jalandhar #Patiala #Mansa #Mohali #Karnal #Faridabad #Hisar #Rohtak #Sirsa #Bhiwani #Shimla #Solan #Kangra #Mandi #Kullu #Unlock1 #FridayMorning",[],[],[],0,3,1,"['#newsphh', '#punjab', '#haryana', '#himachal', '#chandigarh', '#amritsar', '#jalandhar', '#patiala', '#mansa', '#mohali', '#karnal', '#faridabad', '#hisar', '#rohtak', '#sirsa', '#bhiwani', '#shimla', '#solan', '#kangra', '#mandi', '#kullu', '#unlock1', '#fridaymorning']",[],https://twitter.com/newsphh/status/1273832851083898882,False,,0,,,,,,,"[{'user_id': '1211291550241570818', 'username': 'newsphh'}]",,,,
1273462606259347457,1273462606259347457,1592452119000,2020-06-18,09:18:39,IST,1211291550241570818,newsphh,News PHH (PunjabHaryanaHimachal),,"क्या भारतीय नागरिकों को भी चीनी सामान का बॉयकॉट कर चीन के खिलाफ लड़ाई में अपना योगदान देना चाहिए ?
#NewsPHH #Punjab #Haryana #Himachal #Chandigarh #Amritsar #Patiala @Mansa #Karnal #Rohtak #Hisar #Shimla #Solan #Kangra #Unlock1 #Stayathome",['mansa'],[],[],0,3,1,"['#newsphh', '#punjab', '#haryana', '#himachal', '#chandigarh', '#amritsar', '#patiala', '#karnal', '#rohtak', '#hisar', '#shimla', '#solan', '#kangra', '#unlock1', '#stayathome']",[],https://twitter.com/newsphh/status/1273462606259347457,False,,0,,,,,,,"[{'user_id': '1211291550241570818', 'username': 'newsphh'}, {'user_id': '18859370', 'username': 'Mansa'}]",,,,
1271400558239248386,1271400558239248386,1591960489000,2020-06-12,16:44:49,IST,567278796,pibchandigarh,PIB in Chandigarh,,"ਸੁਪਰਮਾਰਟ ਸਟੋਰਾਂ ਨੇ #Haryana ਦੇ ਰੋਹਤਕ ਵਿੱਚ ਫਿਰ ਤੋਂ ਕੰਮ ਕਰਨਾ ਸ਼ੁਰੂ ਕਰ ਦਿੱਤਾ ਹੈ ਕਿਉਂਕਿ ਸਰਕਾਰ #Unlock1 ਦੇ ਪਹਿਲੇ ਪੜਾਅ ਦੇ ਹਿੱਸੇ ਵਜੋਂ ਮੌਲ ਖੋਲ੍ਹਣ ਦੀ ਆਗਿਆ ਦਿੰਦੀ ਹੈ।
#IndiaMoves
@PIB_India
@MIB_India
@cmohry
@DC_Rohtak
@AirRohtak
@ddnewshisar1 https://twitter.com/PIBChandigarh/status/1271316834516533248 …","['pib_india', 'mib_india', 'cmohry', 'dc_rohtak', 'airrohtak', 'ddnewshisar1']",['https://twitter.com/PIBChandigarh/status/1271316834516533248'],[],0,1,1,"['#haryana', '#unlock1', '#indiamoves']",[],https://twitter.com/PIBChandigarh/status/1271400558239248386,False,https://twitter.com/PIBChandigarh/status/1271316834516533248,0,,,,,,,"[{'user_id': '567278796', 'username': 'PIBChandigarh'}, {'user_id': '231033118', 'username': 'PIB_India'}, {'user_id': '920488039', 'username': 'MIB_India'}, {'user_id': '2919390704', 'username': 'cmohry'}, {'user_id': '1103674846183972865', 'username': 'DC_Rohtak'}, {'user_id': '1135491428690251776', 'username': 'AirRohtak'}, {'user_id': '736867482825199616', 'username': 'ddnewshisar1'}]",,,,
1271318327349047297,1271318327349047297,1591940883000,2020-06-12,11:18:03,IST,902151402964738051,pibshimla,PIB in Himachal Pradesh,,"Supermart stores resumes operation in  Rohtak, #Haryana as the government permits opening of malls as part of the first phase of #Unlock1.

#IndiaMoves
@PIB_India @MIB_India @cmohry @DiprHaryana pic.twitter.com/ANN1Xhn8V1","['pib_india', 'mib_india', 'cmohry', 'diprharyana']",[],[],0,1,0,"['#haryana', '#unlock1', '#indiamoves']",[],https://twitter.com/PIBShimla/status/1271318327349047297,False,,1,,,,,,,"[{'user_id': '902151402964738051', 'username': 'PIBShimla'}, {'user_id': '231033118', 'username': 'PIB_India'}, {'user_id': '920488039', 'username': 'MIB_India'}, {'user_id': '2919390704', 'username': 'cmohry'}, {'user_id': '1212968650304446464', 'username': 'DiprHaryana'}]",,,,
1271316834516533248,1271316834516533248,1591940527000,2020-06-12,11:12:07,IST,567278796,pibchandigarh,PIB in Chandigarh,,"Supermart stores resumes operation in  Rohtak, #Haryana as the government permits opening of malls as part of the first phase of #Unlock1.

#IndiaMoves
@PIB_India @MIB_India @cmohry @DC_Rohtak @AirRohtak @ddnewshisar1 pic.twitter.com/wMp3v0T4RA","['pib_india', 'mib_india', 'cmohry', 'dc_rohtak', 'airrohtak']",[],[],0,1,0,"['#haryana', '#unlock1', '#indiamoves']",[],https://twitter.com/PIBChandigarh/status/1271316834516533248,False,,1,,,,,,,"[{'user_id': '567278796', 'username': 'PIBChandigarh'}, {'user_id': '231033118', 'username': 'PIB_India'}, {'user_id': '920488039', 'username': 'MIB_India'}, {'user_id': '2919390704', 'username': 'cmohry'}, {'user_id': '1103674846183972865', 'username': 'DC_Rohtak'}, {'user_id': '1135491428690251776', 'username': 'AirRohtak'}]",,,,
1271280575823769603,1271280575823769603,1591931883000,2020-06-12,08:48:03,IST,4752707640,robchandigarh,ROB Chandigarh,,"Supermart resumes operation in  Rohtak, #Haryana as the government permits opening of malls  as part of the first phase of #Unlock1
#IndiaMoves
@PIB_India @MIB_India @BOC_MIB @cmohry @DC_Rohtak @AirRohtak @ddnewshisar1 pic.twitter.com/RjvKjxLz1u","['pib_india', 'mib_india', 'boc_mib', 'cmohry', 'dc_rohtak', 'airrohtak', 'ddnewshisar1']",[],[],0,9,9,"['#haryana', '#unlock1', '#indiamoves']",[],https://twitter.com/ROBChandigarh/status/1271280575823769603,False,,1,,,,,,,"[{'user_id': '4752707640', 'username': 'ROBChandigarh'}, {'user_id': '231033118', 'username': 'PIB_India'}, {'user_id': '920488039', 'username': 'MIB_India'}, {'user_id': '2586283550', 'username': 'BOC_MIB'}, {'user_id': '2919390704', 'username': 'cmohry'}, {'user_id': '1103674846183972865', 'username': 'DC_Rohtak'}, {'user_id': '1135491428690251776', 'username': 'AirRohtak'}, {'user_id': '736867482825199616', 'username': 'ddnewshisar1'}]",,,,
1267770084224884738,1267770084224884738,1591094916000,2020-06-02,16:18:36,IST,567278796,pibchandigarh,PIB in Chandigarh,,"#Unlock1 ਦੇ ਚਲਦਿਆਂ, #Haryana ਰੋਹਤਕ ਦੇ ਰੇਲਵੇ ਰੋਡ ਬਜ਼ਾਰ ਵਿੱਚ ਲਗਭਗ ਸਾਰੀਆਂ ਦੁਕਾਨਾਂ ਖੁੱਲ੍ਹ ਗਈਆਂ ਹਨ ਅਤੇ ਲੋਕ ਵੱਡੀ ਗਿਣਤੀ ਵਿੱਚ ਸੜਕਾਂ ਤੇ ਵਾਪਸ ਆ ਗਏ। #IndiaMoves
@PIB_India
@MIB_India
@cmohry
@DiprHaryana
@DC_Rohtak
@RohtakPolice
@AirRohtak https://twitter.com/PIBChandigarh/status/1267769993934012416 …","['pib_india', 'mib_india', 'cmohry', 'diprharyana', 'dc_rohtak', 'rohtakpolice', 'airrohtak']",['https://twitter.com/PIBChandigarh/status/1267769993934012416'],[],0,0,0,"['#unlock1', '#haryana', '#indiamoves']",[],https://twitter.com/PIBChandigarh/status/1267770084224884738,False,https://twitter.com/PIBChandigarh/status/1267769993934012416,0,,,,,,,"[{'user_id': '567278796', 'username': 'PIBChandigarh'}, {'user_id': '231033118', 'username': 'PIB_India'}, {'user_id': '920488039', 'username': 'MIB_India'}, {'user_id': '2919390704', 'username': 'cmohry'}, {'user_id': '1212968650304446464', 'username': 'DiprHaryana'}, {'user_id': '1103674846183972865', 'username': 'DC_Rohtak'}, {'user_id': '3312751550', 'username': 'RohtakPolice'}, {'user_id': '1135491428690251776', 'username': 'AirRohtak'}]",,,,
1267769993934012416,1267769993934012416,1591094895000,2020-06-02,16:18:15,IST,567278796,pibchandigarh,PIB in Chandigarh,,"#Unlock1 ਦੇ ਚਲਦਿਆਂ, #Haryana ਰੋਹਤਕ ਦੇ ਰੇਲਵੇ ਰੋਡ ਬਜ਼ਾਰ ਵਿੱਚ ਲਗਭਗ ਸਾਰੀਆਂ ਦੁਕਾਨਾਂ ਖੁੱਲ੍ਹ ਗਈਆਂ ਹਨ ਅਤੇ ਲੋਕ ਵੱਡੀ ਗਿਣਤੀ ਵਿੱਚ ਸੜਕਾਂ ਤੇ ਵਾਪਸ ਆ ਗਏ। #IndiaMoves
@PIB_India
@MIB_India
@cmohry
@DiprHaryana
@DC_Rohtak
@RohtakPolice
@AirRohtak https://twitter.com/PIBChandigarh/status/1267688373264584704 …","['pib_india', 'mib_india', 'cmohry', 'diprharyana', 'dc_rohtak', 'rohtakpolice', 'airrohtak']",['https://twitter.com/PIBChandigarh/status/1267688373264584704'],[],0,0,0,"['#unlock1', '#haryana', '#indiamoves']",[],https://twitter.com/PIBChandigarh/status/1267769993934012416,False,https://twitter.com/PIBChandigarh/status/1267688373264584704,0,,,,,,,"[{'user_id': '567278796', 'username': 'PIBChandigarh'}, {'user_id': '231033118', 'username': 'PIB_India'}, {'user_id': '920488039', 'username': 'MIB_India'}, {'user_id': '2919390704', 'username': 'cmohry'}, {'user_id': '1212968650304446464', 'username': 'DiprHaryana'}, {'user_id': '1103674846183972865', 'username': 'DC_Rohtak'}, {'user_id': '3312751550', 'username': 'RohtakPolice'}, {'user_id': '1135491428690251776', 'username': 'AirRohtak'}]",,,,
1267752162915872769,1267752162915872769,1591090643000,2020-06-02,15:07:23,IST,4752707640,robchandigarh,ROB Chandigarh,,"As #Unlock1 unravels, almost all shops open up in the Railway Road market in Rohtak, #Haryana and people are back on the roads in sizeable numbers.

#IndiaMoves
@PIB_India @MIB_India @cmohry @DiprHaryana @BOC_MIB pic.twitter.com/zikmpJPazK","['pib_india', 'mib_india', 'cmohry', 'diprharyana', 'boc_mib']",[],[],0,8,10,"['#unlock1', '#haryana', '#indiamoves']",[],https://twitter.com/ROBChandigarh/status/1267752162915872769,False,,1,,,,,,,"[{'user_id': '4752707640', 'username': 'ROBChandigarh'}, {'user_id': '231033118', 'username': 'PIB_India'}, {'user_id': '920488039', 'username': 'MIB_India'}, {'user_id': '2919390704', 'username': 'cmohry'}, {'user_id': '1212968650304446464', 'username': 'DiprHaryana'}, {'user_id': '2586283550', 'username': 'BOC_MIB'}]",,,,
1267698641235398657,1267698641235398657,1591077883000,2020-06-02,11:34:43,IST,902151402964738051,pibshimla,PIB in Himachal Pradesh,,"As #Unlock1 unravels, almost all shops open up in the Railway Road market in Rohtak, #Haryana and people are back on the roads in sizeable numbers.

#IndiaMoves
@PIB_India @MIB_India @cmohry @DiprHaryana pic.twitter.com/bHCDDobbra","['pib_india', 'mib_india', 'cmohry', 'diprharyana']",[],[],0,0,0,"['#unlock1', '#haryana', '#indiamoves']",[],https://twitter.com/PIBShimla/status/1267698641235398657,False,,1,,,,,,,"[{'user_id': '902151402964738051', 'username': 'PIBShimla'}, {'user_id': '231033118', 'username': 'PIB_India'}, {'user_id': '920488039', 'username': 'MIB_India'}, {'user_id': '2919390704', 'username': 'cmohry'}, {'user_id': '1212968650304446464', 'username': 'DiprHaryana'}]",,,,
1267688373264584704,1267688373264584704,1591075435000,2020-06-02,10:53:55,IST,567278796,pibchandigarh,PIB in Chandigarh,,"As #Unlock1 unravels, almost all shops open up in the Railway Road market in Rohtak, #Haryana and people are back on the roads in sizeable numbers.

#IndiaMoves
@PIB_India @MIB_India @cmohry @DiprHaryana @DC_Rohtak @RohtakPolice @AirRohtak pic.twitter.com/nd1Pyt4xP2","['pib_india', 'mib_india', 'cmohry', 'diprharyana', 'dc_rohtak', 'rohtakpolice', 'airrohtak']",[],[],4,15,73,"['#unlock1', '#haryana', '#indiamoves']",[],https://twitter.com/PIBChandigarh/status/1267688373264584704,False,,1,,,,,,,"[{'user_id': '567278796', 'username': 'PIBChandigarh'}, {'user_id': '231033118', 'username': 'PIB_India'}, {'user_id': '920488039', 'username': 'MIB_India'}, {'user_id': '2919390704', 'username': 'cmohry'}, {'user_id': '1212968650304446464', 'username': 'DiprHaryana'}, {'user_id': '1103674846183972865', 'username': 'DC_Rohtak'}, {'user_id': '3312751550', 'username': 'RohtakPolice'}, {'user_id': '1135491428690251776', 'username': 'AirRohtak'}]",,,,
1266929372163764224,1266929372163764224,1590894475000,2020-05-31,08:37:55,IST,1211291550241570818,newsphh,News PHH (PunjabHaryanaHimachal),,"क्या देश में मौजूदा स्थिति में #Unlock1 जरुरी था ?
#NewsPHH #Punjab #Haryana #Himachal #Chandigarh #Amritsar #GurdashPur #Patiala #Jalandhar #Bathinda #Rohtak #Panipat #Sirsa #Jind #Hisar #Gurugram #Shimla #Chamba #Solan #Una #Kangra #Dharamshala",[],[],[],0,2,4,"['#unlock1', '#newsphh', '#punjab', '#haryana', '#himachal', '#chandigarh', '#amritsar', '#gurdashpur', '#patiala', '#jalandhar', '#bathinda', '#rohtak', '#panipat', '#sirsa', '#jind', '#hisar', '#gurugram', '#shimla', '#chamba', '#solan', '#una', '#kangra', '#dharamshala']",[],https://twitter.com/newsphh/status/1266929372163764224,False,,0,,,,,,,"[{'user_id': '1211291550241570818', 'username': 'newsphh'}]",,,,
