id,conversation_id,created_at,date,time,timezone,user_id,username,name,place,tweet,mentions,urls,photos,replies_count,retweets_count,likes_count,hashtags,cashtags,link,retweet,quote_url,video,near,geo,source,user_rt_id,user_rt,retweet_id,reply_to,retweet_date,translate,trans_src,trans_dest
1277580323161702401,1277580323161702401,1593433859000,2020-06-29,18:00:59,IST,881425760690479105,zyppelectric,ZyppElectric,,"Get sanitized scooters delivered at your doorstep! 
Ensure your safety with just a tap📲  http://bit.ly/2GFkv29 
#safetyfirst, #stayhome
#safetyfirst #Unlock1 #rentalbikes #bikeonrent #electricbike #gurugram #gurgaon #zypp #ZyppElectricSale pic.twitter.com/c5bJ451zoY",[],['http://bit.ly/2GFkv29'],['https://pbs.twimg.com/media/Ebrgho8XYAEDYF-.jpg'],0,0,2,"['#safetyfirst', '#stayhome', '#safetyfirst', '#unlock1', '#rentalbikes', '#bikeonrent', '#electricbike', '#gurugram', '#gurgaon', '#zypp', '#zyppelectricsale']",[],https://twitter.com/ZyppElectric/status/1277580323161702401,False,,0,,,,,,,"[{'user_id': '881425760690479105', 'username': 'ZyppElectric'}]",,,,
1276467445163626496,1276467445163626496,1593168529000,2020-06-26,16:18:49,IST,2512460383,toigurgaon,TOI Gurgaon,,Covid-19: Malls to open in #Gurugram next week. #Unlock1 #CoronavirusOutbreak,[],[],[],1,2,9,"['#gurugram', '#unlock1', '#coronavirusoutbreak']",[],https://twitter.com/TOIGurgaon/status/1276467445163626496,False,,0,,,,,,,"[{'user_id': '2512460383', 'username': 'TOIGurgaon'}]",,,,
1276440958285107201,1276440958285107201,1593162214000,2020-06-26,14:33:34,IST,82140587,ritusamhaara,Ritu (ऋतु),,@dtptraffic Is e-pass required to cross over from #Delhi to #Gurgaon? #coronavirus #Unlock1,['dtptraffic'],[],[],0,0,0,"['#delhi', '#gurgaon', '#coronavirus', '#unlock1']",[],https://twitter.com/ritusamhaara/status/1276440958285107201,False,,0,,,,,,,"[{'user_id': '82140587', 'username': 'ritusamhaara'}, {'user_id': '143766231', 'username': 'dtptraffic'}]",,,,
1276418156056043520,1276418156056043520,1593156777000,2020-06-26,13:02:57,IST,82140587,ritusamhaara,Ritu (ऋतु),,Is e-pass required to cross over from #Delhi to #Gurgaon? @Dist_Admin_Ggm @DC_Gurugram @cmohry #coronavirus #Unlock1,"['dist_admin_ggm', 'dc_gurugram', 'cmohry']",[],[],0,0,0,"['#delhi', '#gurgaon', '#coronavirus', '#unlock1']",[],https://twitter.com/ritusamhaara/status/1276418156056043520,False,,0,,,,,,,"[{'user_id': '82140587', 'username': 'ritusamhaara'}, {'user_id': '1097427693656776704', 'username': 'Dist_Admin_Ggm'}, {'user_id': '904450515240599552', 'username': 'DC_Gurugram'}, {'user_id': '2919390704', 'username': 'cmohry'}]",,,,
1275727287133048835,1275727287133048835,1592992061000,2020-06-24,15:17:41,IST,4777942698,ziffyhomes,ZiffyHomes,,"Millennials can't imagine their life without any of these now. Do you agree with me?

#ZiffyHomes #Lifeatziffy #AlwaysHome #Lockdown #essential #millennials #gurgaon #Noida #DelhiNCR #India #lockdownmeme #Unlock1  pic.twitter.com/ulukzFKrYj",[],[],"['https://pbs.twimg.com/media/EbRLNQqWsAsLqwY.jpg', 'https://pbs.twimg.com/media/EbRLNIBWkAAu3XJ.jpg', 'https://pbs.twimg.com/media/EbRLM8jWsAAFX4H.jpg', 'https://pbs.twimg.com/media/EbRLNA_X0AIeh6c.jpg']",1,0,2,"['#ziffyhomes', '#lifeatziffy', '#alwayshome', '#lockdown', '#essential', '#millennials', '#gurgaon', '#noida', '#delhincr', '#india', '#lockdownmeme', '#unlock1']",[],https://twitter.com/ZiffyHomes/status/1275727287133048835,False,,0,,,,,,,"[{'user_id': '4777942698', 'username': 'ZiffyHomes'}]",,,,
1275680269341806599,1275680269341806599,1592980851000,2020-06-24,12:10:51,IST,792319352846426118,delhitimestweet,Delhi Times,,"Actress @Rakulpreet, who reunited with her family in #Gurgaon, on June 11, after almost three months of #lockdown, says, ""It’s nice to be home without an agenda""

#RakulPreet #RakulPreetSingh #Bollywood #Unlock1
 https://mumbaimirror.indiatimes.com/entertainment/bollywood/rakul-preet-singh-i-am-being-pampered-like-a-child/articleshow/76516804.cms …",['rakulpreet'],['https://mumbaimirror.indiatimes.com/entertainment/bollywood/rakul-preet-singh-i-am-being-pampered-like-a-child/articleshow/76516804.cms'],[],3,11,159,"['#gurgaon', '#lockdown', '#rakulpreet', '#rakulpreetsingh', '#bollywood', '#unlock1']",[],https://twitter.com/DelhiTimesTweet/status/1275680269341806599,False,,0,,,,,,,"[{'user_id': '792319352846426118', 'username': 'DelhiTimesTweet'}, {'user_id': '111860799', 'username': 'Rakulpreet'}]",,,,
1275085449699004416,1275071668919001106,1592839035000,2020-06-22,20:47:15,IST,109528465,sandy_dhariwal,Sandeep,,"Thanks for sharing these graphs, indeed a +ve sign... I suggest two cities Gurgaon & Noida because both are in close proximity of Delhi & a lot of influx/Outflux daily & Gurgaon is particular is jeopardizing whole Haryana figures since Unlock1.0","['dataguyredux', 'dss51471097', 'askatyal', 'bibekdebroy', 'pmoindia', 'ash_rokzz23', 'amitranjan', 'szarabi', 'sriram_et', 'prasannavishy', 'kiranks', 'rijomjohn']",[],[],1,0,3,[],[],https://twitter.com/sandy_dhariwal/status/1275085449699004416,False,,0,,,,,,,"[{'user_id': '109528465', 'username': 'sandy_dhariwal'}, {'user_id': '1625470994', 'username': 'DataGuyRedux'}, {'user_id': '1265183107721957377', 'username': 'DSS51471097'}, {'user_id': '1165275380', 'username': 'ASKatyal'}, {'user_id': '47543773', 'username': 'bibekdebroy'}, {'user_id': '471741741', 'username': 'PMOIndia'}, {'user_id': '2732391594', 'username': 'Ash_Rokzz23'}, {'user_id': '10735392', 'username': 'amitranjan'}, {'user_id': '119048275', 'username': 'szarabi'}, {'user_id': '31360609', 'username': 'sriram_ET'}, {'user_id': '29398579', 'username': 'prasannavishy'}, {'user_id': '75610842', 'username': 'KiranKS'}, {'user_id': '587800768', 'username': 'RijoMJohn'}]",,,,
1275025476235358209,1275025476235358209,1592824737000,2020-06-22,16:48:57,IST,735383320536715266,derrindo,Pooja Pande,,#lockdown #Unlock1 was/is also creative ground. My piece for the series @htTweets  https://hindustantimes.com/books/unlockdown-diaries-the-death-of-fomo-by-pooja-pande/story-JGsOpZxFmp36WoiD1VJd3L.htm … #MondayMotivation #mondaythoughts #Delhi #Noida #Gurgaon  pic.twitter.com/1eM8eFXTBV,['httweets'],['https://hindustantimes.com/books/unlockdown-diaries-the-death-of-fomo-by-pooja-pande/story-JGsOpZxFmp36WoiD1VJd3L.htm'],['https://pbs.twimg.com/media/EbHM1piVAAErRnz.png'],0,1,1,"['#lockdown', '#unlock1', '#mondaymotivation', '#mondaythoughts', '#delhi', '#noida', '#gurgaon']",[],https://twitter.com/derrindo/status/1275025476235358209,False,,0,,,,,,,"[{'user_id': '735383320536715266', 'username': 'derrindo'}, {'user_id': '36327407', 'username': 'htTweets'}]",,,,
1273278309212680192,1273278309212680192,1592408179000,2020-06-17,21:06:19,IST,864216751,marvelsuraj,Suraj Kumar,,"#CoronaUpdatesInIndia #COVID19India #Unlock1 Can we travel Gurgaon to Jharkhand with total 4 person by own car.
Someone saying 3 allowed or someone saying 4 allowed.
Can anyone confirm the travel guidelines.
@JharkhandCMO",['jharkhandcmo'],[],[],0,0,0,"['#coronaupdatesinindia', '#covid19india', '#unlock1']",[],https://twitter.com/marvelsuraj/status/1273278309212680192,False,,0,,,,,,,"[{'user_id': '864216751', 'username': 'marvelsuraj'}, {'user_id': '875581330037198848', 'username': 'JharkhandCMO'}]",,,,
1273240884029485056,1273240884029485056,1592399257000,2020-06-17,18:37:37,IST,881425760690479105,zyppelectric,ZyppElectric,,"Smile ensured when you ride your personal scooter with no fear of infection.  Affordable price, Rent today by sending us a query at help@zypp.app or  http://bit.ly/ZyppRentals 
#safetyfirst #Unlock1 #rentalbikes #bikeonrent #electricbike #gurugram #gurgaon #zypp #office pic.twitter.com/xhpUtZHvmm",[],['http://bit.ly/ZyppRentals'],['https://pbs.twimg.com/media/Eat10ujXQAASlo1.jpg'],0,0,2,"['#safetyfirst', '#unlock1', '#rentalbikes', '#bikeonrent', '#electricbike', '#gurugram', '#gurgaon', '#zypp', '#office']",[],https://twitter.com/ZyppElectric/status/1273240884029485056,False,,0,,,,,,,"[{'user_id': '881425760690479105', 'username': 'ZyppElectric'}]",,,,
1272803431707631616,1272803431707631616,1592294960000,2020-06-16,13:39:20,IST,141570032,raghavseth001,राघव बुंदेलखंडी बनिया,,"@DC_Gurugram @gurgaonpolice @ggncommcircle @cmohry 

Do we need to apply for any pass to travel from Gurgaon(HR) to Uttar Pradesh- Jhansi by personal vehicle.

Please update urgently , Require due to some urgency.

#Unlock1","['dc_gurugram', 'gurgaonpolice', 'ggncommcircle', 'cmohry']",[],[],1,0,0,['#unlock1'],[],https://twitter.com/raghavseth001/status/1272803431707631616,False,,0,,,,,,,"[{'user_id': '141570032', 'username': 'raghavseth001'}, {'user_id': '904450515240599552', 'username': 'DC_Gurugram'}, {'user_id': '2538968462', 'username': 'gurgaonpolice'}, {'user_id': '3273018098', 'username': 'ggncommcircle'}, {'user_id': '2919390704', 'username': 'cmohry'}]",,,,
1272493465100845058,1272493465100845058,1592221058000,2020-06-15,17:07:38,IST,4777942698,ziffyhomes,ZiffyHomes,,"Please raise your hand if you are also missing him badly 

#ZiffyHomes #LifeatZiffy #Noida #India #Gurgaon #Lockdownupdate #Covid19 #Coronavirus #WFH #WFHlife #WorkfromZiffy #StayatZiffy #coffeeholic #coffeeshots #coffeebreak #creativepost #unlock1 #trendingnow #Officedays pic.twitter.com/q0dh71XkTN",[],[],['https://pbs.twimg.com/media/EajOEBEXQAEoutv.jpg'],0,0,1,"['#ziffyhomes', '#lifeatziffy', '#noida', '#india', '#gurgaon', '#lockdownupdate', '#covid19', '#coronavirus', '#wfh', '#wfhlife', '#workfromziffy', '#stayatziffy', '#coffeeholic', '#coffeeshots', '#coffeebreak', '#creativepost', '#unlock1', '#trendingnow', '#officedays']",[],https://twitter.com/ZiffyHomes/status/1272493465100845058,False,,0,,,,,,,"[{'user_id': '4777942698', 'username': 'ZiffyHomes'}]",,,,
1272115731153346562,1271871145931796480,1592130999000,2020-06-14,16:06:39,IST,114510371,lambavivek,Vivek【विवेक लाम्बा】,,"Ishana Lamba
Age - 7 years
School- DAV Gurgaon
#Unlock1.0Challenge

 https://youtu.be/kT04cz8B6iM ",['ddnewslive'],['https://youtu.be/kT04cz8B6iM'],[],0,0,0,['#unlock1'],[],https://twitter.com/lambavivek/status/1272115731153346562,False,,0,,,,,,,"[{'user_id': '114510371', 'username': 'lambavivek'}, {'user_id': '1100927498', 'username': 'DDNewslive'}]",,,,
1271850328812634112,1271850328812634112,1592067722000,2020-06-13,22:32:02,IST,881425760690479105,zyppelectric,ZyppElectric,,"Safety can be at stake, Don't risk it , Ride solo | Ride Safe | Ride Zypp. To rent affordable e-scooters, email us at help@zypp.app or  https://zypp.app/escooter-rental.php …… for more information. #safetyfirst #Unlock1 #rentalbikes #bikeonrent #electricbike #gurugram #gurgaon #zypp pic.twitter.com/UEc01oW1Ps",[],['https://zypp.app/escooter-rental.php'],['https://pbs.twimg.com/media/EaaFGwzWAAA5GOp.jpg'],0,0,1,"['#safetyfirst', '#unlock1', '#rentalbikes', '#bikeonrent', '#electricbike', '#gurugram', '#gurgaon', '#zypp']",[],https://twitter.com/ZyppElectric/status/1271850328812634112,False,,0,,,,,,,"[{'user_id': '881425760690479105', 'username': 'ZyppElectric'}]",,,,
1271777338716557312,1271777338716557312,1592050320000,2020-06-13,17:42:00,IST,4777942698,ziffyhomes,ZiffyHomes,,"2020 mein report card sirf aur sirf Corona aur Suraj ka hi accha ayaa hai, they have consistently improved their report cards this year

#ZiffyHomes #LifeatZiffy #AlwaysHome #Gurgaon #DelhiNCR #Noida #summerdays☀️ #Lockdownupdate #Covid19 #Coronavirus #indiamemesdaily #Unlock1  pic.twitter.com/RhrBEOb5Cw",[],[],['https://pbs.twimg.com/media/EaZCwAbWsAEYc5Y.jpg'],3,1,4,"['#ziffyhomes', '#lifeatziffy', '#alwayshome', '#gurgaon', '#delhincr', '#noida', '#summerdays', '#lockdownupdate', '#covid19', '#coronavirus', '#indiamemesdaily', '#unlock1']",[],https://twitter.com/ZiffyHomes/status/1271777338716557312,False,,0,,,,,,,"[{'user_id': '4777942698', 'username': 'ZiffyHomes'}]",,,,
1271445475862786048,1271445475862786048,1591971198000,2020-06-12,19:43:18,IST,881425760690479105,zyppelectric,ZyppElectric,,"Responsibility is not just by saying but doing, #Zypp supports a bright future and against child labour.
#stopchildlabourday #stopchildlabour #safetyfirst #Unlock1 #rentalbikes #bikeonrent #electricbike #gurugram #gurgaon #zypp pic.twitter.com/UWaOCc5UfH",[],[],['https://pbs.twimg.com/media/EaUU6akVcAAlawc.jpg'],0,0,3,"['#zypp', '#stopchildlabourday', '#stopchildlabour', '#safetyfirst', '#unlock1', '#rentalbikes', '#bikeonrent', '#electricbike', '#gurugram', '#gurgaon', '#zypp']",[],https://twitter.com/ZyppElectric/status/1271445475862786048,False,,0,,,,,,,"[{'user_id': '881425760690479105', 'username': 'ZyppElectric'}]",,,,
1271314519533342720,1271314519533342720,1591939975000,2020-06-12,11:02:55,IST,797786062739357696,bluetreelakes,BlueTreeLakes,,"What is #HomeQuarantine 👇
#Mumbai #Delhi #Lucknow
#Chennai #Bengaluru #Indore
#India #Rajasthan #haryana
#Indians #lockdownindia 🔒
#Unlock1 #Modi #Mumbaikar
#Pune #TamilNadu #Jaipur
#Kolkata #UP #Ahmedabad
#Gujarat #Maharashtra #thane #Indian #chembur #navimumbai #Gurgaon  pic.twitter.com/hTFHSL5FlN",[],[],"['https://pbs.twimg.com/media/EaSdxZaUcAgHK-O.jpg', 'https://pbs.twimg.com/media/EaSdzecU4AEBlYH.jpg', 'https://pbs.twimg.com/media/EaSd0OoUYAING_9.jpg']",0,0,0,"['#homequarantine', '#mumbai', '#delhi', '#lucknow', '#chennai', '#bengaluru', '#indore', '#india', '#rajasthan', '#haryana', '#indians', '#lockdownindia', '#unlock1', '#modi', '#mumbaikar', '#pune', '#tamilnadu', '#jaipur', '#kolkata', '#up', '#ahmedabad', '#gujarat', '#maharashtra', '#thane', '#indian', '#chembur', '#navimumbai', '#gurgaon']",[],https://twitter.com/bluetreelakes/status/1271314519533342720,False,,0,,,,,,,"[{'user_id': '797786062739357696', 'username': 'bluetreelakes'}]",,,,
1271091722689208320,1271091722689208320,1591886857000,2020-06-11,20:17:37,IST,881425760690479105,zyppelectric,ZyppElectric,,"Increasing cases is alarming and safety is priority. To rent sanitized e-scooters, email us at help@zypp.app or  https://zypp.app/escooter-rental.php …… for more information. #safetyfirst #Unlock1 #rentalbikes #bikeonrent #electricbike #gurugram #gurgaon #zypp pic.twitter.com/UfuzC4qg6F",[],['https://zypp.app/escooter-rental.php'],['https://pbs.twimg.com/media/EaPTKtFXYAApUZq.jpg'],0,1,2,"['#safetyfirst', '#unlock1', '#rentalbikes', '#bikeonrent', '#electricbike', '#gurugram', '#gurgaon', '#zypp']",[],https://twitter.com/ZyppElectric/status/1271091722689208320,False,,0,,,,,,,"[{'user_id': '881425760690479105', 'username': 'ZyppElectric'}]",,,,
1270978293836193792,1270978293836193792,1591859813000,2020-06-11,12:46:53,IST,386014627,ashishdua_inc,Ashish Dua,,"#MSMEs in #Gurgaon find themselves crunched between #lockdown5 & #Unlock1 as ill-planned, ill-implemented, ill-executed #lockdown failed to contain #COVID & now a surge of infections hits another firewall of ill-preparedness of #BJP .#Haryana govt... https://indianexpress.com/article/cities/chandigarh/labour-crunch-puts-gurgaon-industries-in-a-tight-spot-6452199/ …",[],['https://indianexpress.com/article/cities/chandigarh/labour-crunch-puts-gurgaon-industries-in-a-tight-spot-6452199/'],[],0,2,3,"['#msmes', '#gurgaon', '#lockdown5', '#unlock1', '#lockdown', '#covid', '#bjp', '#haryana']",[],https://twitter.com/ashishdua_INC/status/1270978293836193792,False,,0,,,,,,,"[{'user_id': '386014627', 'username': 'ashishdua_INC'}]",,,,
1270975156622516225,1270975156622516225,1591859065000,2020-06-11,12:34:25,IST,1189467051452063744,draruneshkumar,Dr. Arunesh Kumar,,#Unlock1 #WashYourHands #SocialDistanacing #unlock #eyecontact #Gurgaon #gurugram #parashospital #india #government #rules #CoronavirusIndia #CoronaOutbreak #coronavirus pic.twitter.com/WBRoVKyZja,[],[],['https://pbs.twimg.com/media/EaNoiHpUcAEFXs8.jpg'],0,0,1,"['#unlock1', '#washyourhands', '#socialdistanacing', '#unlock', '#eyecontact', '#gurgaon', '#gurugram', '#parashospital', '#india', '#government', '#rules', '#coronavirusindia', '#coronaoutbreak', '#coronavirus']",[],https://twitter.com/DrAruneshKumar/status/1270975156622516225,False,,0,,,,,,,"[{'user_id': '1189467051452063744', 'username': 'DrAruneshKumar'}]",,,,
1270763096345317378,1270763096345317378,1591808506000,2020-06-10,22:31:46,IST,565462327,aayushgoel83,Aayush,,"#BreakingNews #BREAKING
#Gurgaon CMO Dr JS Punia transferred as #Gurugram reports 1709 #coronavirus cases in last 10 days.
217 fresh #COVIDー19 today.
@cmohry
@gurgaonpolice
@DC_Gurugram
@Dist_Admin_Ggm
#LockdownFailed
#Unlock1
#GurugramCoronaBulletin https://www.theweek.in/news/india/2020/06/10/gurgaon-cmo-shunted-out-as-covid-19-cases-keep-rising.html …","['cmohry', 'gurgaonpolice', 'dc_gurugram', 'dist_admin_ggm']",['https://www.theweek.in/news/india/2020/06/10/gurgaon-cmo-shunted-out-as-covid-19-cases-keep-rising.html'],[],0,0,2,"['#breakingnews', '#breaking', '#gurgaon', '#gurugram', '#coronavirus', '#covidー19', '#lockdownfailed', '#unlock1', '#gurugramcoronabulletin']",[],https://twitter.com/aayushgoel83/status/1270763096345317378,False,,0,,,,,,,"[{'user_id': '565462327', 'username': 'aayushgoel83'}, {'user_id': '2919390704', 'username': 'cmohry'}, {'user_id': '2538968462', 'username': 'gurgaonpolice'}, {'user_id': '904450515240599552', 'username': 'DC_Gurugram'}, {'user_id': '1097427693656776704', 'username': 'Dist_Admin_Ggm'}]",,,,
1270731132166905856,1270731132166905856,1591800885000,2020-06-10,20:24:45,IST,1169347162318106624,zyppapp,Zypp.app,,"Less on your pocket and high on savings , Ride solo | Ride Safe | Ride Zypp. To rent affordable e-scooters, email us at help@zypp.app or  https://zypp.app/escooter-rental.php …… for more information. #safetyfirst #Unlock1 #rentalbikes #bikeonrent #electricbike #gurugram #gurgaon #zypp pic.twitter.com/KUmJ5BYnDR",[],['https://zypp.app/escooter-rental.php'],['https://pbs.twimg.com/media/EaKLNrXWsAAy-eW.jpg'],0,0,0,"['#safetyfirst', '#unlock1', '#rentalbikes', '#bikeonrent', '#electricbike', '#gurugram', '#gurgaon', '#zypp']",[],https://twitter.com/ZyppApp/status/1270731132166905856,False,,0,,,,,,,"[{'user_id': '1169347162318106624', 'username': 'ZyppApp'}]",,,,
1270731063258734593,1270731063258734593,1591800869000,2020-06-10,20:24:29,IST,881425760690479105,zyppelectric,ZyppElectric,,"Less on your pocket and high on savings , Ride solo | Ride Safe | Ride Zypp. To rent affordable e-scooters, email us at help@zypp.app or  https://zypp.app/escooter-rental.php …… for more information. #safetyfirst #Unlock1 #rentalbikes #bikeonrent #electricbike #gurugram #gurgaon #zypp pic.twitter.com/pzg7pGBU8r",[],['https://zypp.app/escooter-rental.php'],['https://pbs.twimg.com/media/EaKLJvaWkAAd6Ye.jpg'],0,0,1,"['#safetyfirst', '#unlock1', '#rentalbikes', '#bikeonrent', '#electricbike', '#gurugram', '#gurgaon', '#zypp']",[],https://twitter.com/ZyppElectric/status/1270731063258734593,False,,0,,,,,,,"[{'user_id': '881425760690479105', 'username': 'ZyppElectric'}]",,,,
1270588369257533441,1270588369257533441,1591766848000,2020-06-10,10:57:28,IST,1264577187333713929,environflow,Environflow Technologies & Services,,"Using top quality, certified, and lab-tested disinfectants, Enviroflow provides sanitization services across Delhi NCR at very optimal market rates. Call us now to avail our services!

#covid19 #disinfectant #sanitization #fightagainstcorona #unlock1 #delhi #gurgaon #noida #NCR pic.twitter.com/xQf5rywLu5",[],[],['https://pbs.twimg.com/media/EaIJWl0XQAE8vy0.jpg'],0,0,0,"['#covid19', '#disinfectant', '#sanitization', '#fightagainstcorona', '#unlock1', '#delhi', '#gurgaon', '#noida', '#ncr']",[],https://twitter.com/environflow/status/1270588369257533441,False,,0,,,,,,,"[{'user_id': '1264577187333713929', 'username': 'environflow'}]",,,,
1270175113959235585,1270175113959235585,1591668320000,2020-06-09,07:35:20,IST,1174378753025142785,thegurugramnews,Gurugram News,,"#Gurugram में अब तक एक दिन में सबसे ज़्यादा #कोरोना के मामले बढ़े, 243 मामलों की लिस्ट ये रही ।
#Gurgaon #CoronaUpdate #CovidUpdate #Unlock1 #Lockdown5 pic.twitter.com/akhx58rA6z",[],[],"['https://pbs.twimg.com/media/EaCRfKqWsAUlwwv.jpg', 'https://pbs.twimg.com/media/EaCRgVNXsAI41uZ.jpg', 'https://pbs.twimg.com/media/EaCRhY3X0AA2U6A.jpg']",0,0,7,"['#gurugram', '#कोरोना', '#gurgaon', '#coronaupdate', '#covidupdate', '#unlock1', '#lockdown5']",[],https://twitter.com/TheGurugramNews/status/1270175113959235585,False,,0,,,,,,,"[{'user_id': '1174378753025142785', 'username': 'TheGurugramNews'}]",,,,
1270028303571791875,1270028303571791875,1591633318000,2020-06-08,21:51:58,IST,1074880546910715905,ramshar65360739,Ramsharan,,"@cmohry 
Dear sir ab is unlock1 me Gurgaon se bahar Jane ke Liye Kisi pass ya permission ki jarurat to nhi hogi.
Please confirm me.",['cmohry'],[],[],0,0,0,[],[],https://twitter.com/Ramshar65360739/status/1270028303571791875,False,,0,,,,,,,"[{'user_id': '1074880546910715905', 'username': 'Ramshar65360739'}, {'user_id': '2919390704', 'username': 'cmohry'}]",,,,
1270025794379583489,1270025794379583489,1591632719000,2020-06-08,21:41:59,IST,3853679416,_aakashsingh,AAKASH,,"243 new cases reported in #gurugram today ,  unfortunately 5 people also died . @mlkhattar @anilvijminister #Haryana #HaryanaPolice #Gurgaon #GurugramNews #CoronavirusIndia #Unlock1 #Unlock pic.twitter.com/axO850tCpa","['mlkhattar', 'anilvijminister']",[],['https://pbs.twimg.com/media/EaAJtOuU4AAuDU1.jpg'],0,1,0,"['#gurugram', '#haryana', '#haryanapolice', '#gurgaon', '#gurugramnews', '#coronavirusindia', '#unlock1', '#unlock']",[],https://twitter.com/_AAKASHSINGH/status/1270025794379583489,False,,0,,,,,,,"[{'user_id': '3853679416', 'username': '_AAKASHSINGH'}, {'user_id': '295833852', 'username': 'mlkhattar'}, {'user_id': '317832990', 'username': 'anilvijminister'}]",,,,
1270016394030178314,1270016394030178314,1591630478000,2020-06-08,21:04:38,IST,1440919153,sahanienterpris,Sahani Enterprises,,#estateagency #propertybusiness #propertymarket #property #gurugram #gurgaon #covidmarketing #covidlockdown #unlockpossibilities #unlock1 #unlockyourpotential #ludhiana #chandigarh #newyork @FitBharat pic.twitter.com/9yH4yL8Xxe,['fitbharat'],[],['https://pbs.twimg.com/media/EaABKuDUEAE-BLO.jpg'],0,0,1,"['#estateagency', '#propertybusiness', '#propertymarket', '#property', '#gurugram', '#gurgaon', '#covidmarketing', '#covidlockdown', '#unlockpossibilities', '#unlock1', '#unlockyourpotential', '#ludhiana', '#chandigarh', '#newyork']",[],https://twitter.com/Sahanienterpris/status/1270016394030178314,False,,0,,,,,,,"[{'user_id': '1440919153', 'username': 'Sahanienterpris'}, {'user_id': '1169506909684039680', 'username': 'FitBharat'}]",,,,
1269981094574731264,1269981094574731264,1591622062000,2020-06-08,18:44:22,IST,881425760690479105,zyppelectric,ZyppElectric,,"Why share ride, when you can go solo with pride , Ride solo | Ride Safe | Ride Zypp. To rent affordable e-scooters, email us at help@zypp.app or  https://zypp.app/escooter-rental.php …… for more information. #safetyfirst #Unlock1 #rentalbikes #bikeonrent #electricbike #gurugram #gurgaon #zypp pic.twitter.com/eCXFj884CO",[],['https://zypp.app/escooter-rental.php'],['https://pbs.twimg.com/media/EZ_hC4DXkAEycpS.jpg'],0,0,1,"['#safetyfirst', '#unlock1', '#rentalbikes', '#bikeonrent', '#electricbike', '#gurugram', '#gurgaon', '#zypp']",[],https://twitter.com/ZyppElectric/status/1269981094574731264,False,,0,,,,,,,"[{'user_id': '881425760690479105', 'username': 'ZyppElectric'}]",,,,
1269980935791009792,1269980935791009792,1591622024000,2020-06-08,18:43:44,IST,1169347162318106624,zyppapp,Zypp.app,,"Why share ride, when you can go solo with pride , Ride solo | Ride Safe | Ride Zypp. To rent affordable e-scooters, email us at help@zypp.app or  https://zypp.app/escooter-rental.php …… for more information. #safetyfirst #Unlock1 #rentalbikes #bikeonrent #electricbike #gurugram #gurgaon #zypp pic.twitter.com/IzPk9FhAbL",[],['https://zypp.app/escooter-rental.php'],['https://pbs.twimg.com/media/EZ_g6iOWkAIlaBo.jpg'],1,0,0,"['#safetyfirst', '#unlock1', '#rentalbikes', '#bikeonrent', '#electricbike', '#gurugram', '#gurgaon', '#zypp']",[],https://twitter.com/ZyppApp/status/1269980935791009792,False,,0,,,,,,,"[{'user_id': '1169347162318106624', 'username': 'ZyppApp'}]",,,,
1269963620600946689,1269963620600946689,1591617896000,2020-06-08,17:34:56,IST,748801729,bagishjhatoi,Bagish K Jha,,Gurgaon has 1900 big or small industrial units and most of them are now operational with around 50% work force. #unlock2 #Unlock1  pic.twitter.com/HL3Lp7J2sx,[],[],"['https://pbs.twimg.com/media/EZ_RKBFU4AIqjzG.jpg', 'https://pbs.twimg.com/media/EZ_RK3QU0AAEYoy.jpg']",0,2,7,"['#unlock2', '#unlock1']",[],https://twitter.com/bagishjhaTOI/status/1269963620600946689,False,,0,,,,,,,"[{'user_id': '748801729', 'username': 'bagishjhaTOI'}]",,,,
1269729991052292096,1269729991052292096,1591562194000,2020-06-08,02:06:34,IST,211424253,amarvanee,Amar,,"Gurgaon is open now.

Glaria market khul gayi hai.

What's Covid?

#markets #Unlock1",[],[],[],0,0,0,"['#markets', '#unlock1']",[],https://twitter.com/amarvanee/status/1269729991052292096,False,,0,,,,,,,"[{'user_id': '211424253', 'username': 'amarvanee'}]",,,,
1269657668874051584,1269657668874051584,1591544952000,2020-06-07,21:19:12,IST,178652062,0001sudarshan,Sudarshan Jha,,"#Gurgaon में रविवार को 230 कोरोना संक्रमित ,कुल 1922, बुलेटिन के अनुसार अब तक 4 मौत।
कल कोरोना संक्रमितों की संख्या 2000 के पार जा सकती है।
#COVIDー19 #lockdown #Unlock1  pic.twitter.com/ciGBdXZ2r0",[],[],['https://pbs.twimg.com/media/EZ665leVcAEp3lq.jpg'],0,1,8,"['#gurgaon', '#covidー19', '#lockdown', '#unlock1']",[],https://twitter.com/0001sudarshan/status/1269657668874051584,False,,0,,,,,,,"[{'user_id': '178652062', 'username': '0001sudarshan'}]",,,,
1269506125591789568,1269506125591789568,1591508821000,2020-06-07,11:17:01,IST,748801729,bagishjhatoi,Bagish K Jha,,"Religious places, hotels & malls in Gurgaon & Faridabad will continue to remain shut, after June 8, in view of rising number of #Covid19 cases. Other districts of Haryana to open these establishments under #Unlock1",[],[],[],0,2,3,"['#covid19', '#unlock1']",[],https://twitter.com/bagishjhaTOI/status/1269506125591789568,False,,0,,,,,,,"[{'user_id': '748801729', 'username': 'bagishjhaTOI'}]",,,,
1269477100659957760,1269477100659957760,1591501901000,2020-06-07,09:21:41,IST,896740409346371584,editorji,editorji,,Malls and temples will not reopen in Gurgaon and Faridabad from June 8 #Unlock1 #Covid_19  https://www.edtr.ai/nfb ,[],['https://www.edtr.ai/nfb'],[],0,5,8,"['#unlock1', '#covid_19']",[],https://twitter.com/editorji/status/1269477100659957760,False,,0,,,,,,,"[{'user_id': '896740409346371584', 'username': 'editorji'}]",,,,
1269306811494039553,1269306811494039553,1591461301000,2020-06-06,22:05:01,IST,22763833,outlookindia,Outlook Magazine,,"Shopping malls and places of worship will not reopen for the public in #Gurgaon and #Faridabad districts of Haryana, which have been worst-hit by #COVID19. 
#Unlock1  https://www.outlookindia.com/website/story/india-news-malls-religious-places-not-to-open-in-gurgaon-faridabad-haryana-minister-anil-vij/354277 …",[],['https://www.outlookindia.com/website/story/india-news-malls-religious-places-not-to-open-in-gurgaon-faridabad-haryana-minister-anil-vij/354277'],[],0,0,3,"['#gurgaon', '#faridabad', '#covid19', '#unlock1']",[],https://twitter.com/Outlookindia/status/1269306811494039553,False,,0,,,,,,,"[{'user_id': '22763833', 'username': 'Outlookindia'}]",,,,
1269266746931728385,1269266746931728385,1591451748000,2020-06-06,19:25:48,IST,124093709,vivek_bhaskar,Vivek Bhaskar,,"Korona ki dawaai. 
 
#gurgaon #NewDelhi #Noida #Amul #babygate #CycloneNisarg #DCProtests #FailedLockdown #gautamgambhir #BabaRamdev @adgpi @SapnaMalik_ @ZeeNews #DataAnalytics #MeToo #MannKiBaat #Trending #NewWorld #PositiveEnergy #COVIDUpdates #Unlock1 #PizzaGate #COVIDー19 pic.twitter.com/lo2gnsPDOs","['adgpi', 'sapnamalik_', 'zeenews']",[],['https://pbs.twimg.com/media/EZ1XXYfXQAAH0Zk.jpg'],0,0,0,"['#gurgaon', '#newdelhi', '#noida', '#amul', '#babygate', '#cyclonenisarg', '#dcprotests', '#failedlockdown', '#gautamgambhir', '#babaramdev', '#dataanalytics', '#metoo', '#mannkibaat', '#trending', '#newworld', '#positiveenergy', '#covidupdates', '#unlock1', '#pizzagate', '#covidー19']",[],https://twitter.com/vivek_bhaskar/status/1269266746931728385,False,,0,,,,,,,"[{'user_id': '124093709', 'username': 'vivek_bhaskar'}, {'user_id': '1227253801', 'username': 'adgpi'}, {'user_id': '882537144660525057', 'username': 'SapnaMalik_'}, {'user_id': '461841349', 'username': 'ZeeNews'}]",,,,
1269258211606970369,1269258211606970369,1591449713000,2020-06-06,18:51:53,IST,881425760690479105,zyppelectric,ZyppElectric,,"Still, messing up your DO's and Don'ts? , Ride solo | Ride Safe | Ride Zypp.
To rent affordable e-scooters, email us at help@zypp.app or  https://zypp.app/escooter-rental.php … for more information.
#safetyfirst #Unlock1 #rentalbikes #bikeonrent #electricbike #gurugram #gurgaon #zypp pic.twitter.com/CaXmdlT9ku",[],['https://zypp.app/escooter-rental.php'],['https://pbs.twimg.com/media/EZ1PklDVAAIKes-.jpg'],0,0,2,"['#safetyfirst', '#unlock1', '#rentalbikes', '#bikeonrent', '#electricbike', '#gurugram', '#gurgaon', '#zypp']",[],https://twitter.com/ZyppElectric/status/1269258211606970369,False,,0,,,,,,,"[{'user_id': '881425760690479105', 'username': 'ZyppElectric'}]",,,,
1269107001792925697,1269107001792925697,1591413662000,2020-06-06,08:51:02,IST,1174378753025142785,thegurugramnews,Gurugram News,,"#शुक्रवार को #गुरुग्राम में आये 153 नए कोरोना के मामलों की लिस्ट 
#StayHomeStaySafe
#CoronaVirus
#Unlock1
#GurugramCoronaBulletin
#Gurgaon  pic.twitter.com/VDcL7sCrod",[],[],"['https://pbs.twimg.com/media/EZzGDIkXkAIR3B4.jpg', 'https://pbs.twimg.com/media/EZzGEJvXgAA3R6b.jpg', 'https://pbs.twimg.com/media/EZzGFOPX0AE_rEX.jpg']",0,1,3,"['#शुक्रवार', '#गुरुग्राम', '#stayhomestaysafe', '#coronavirus', '#unlock1', '#gurugramcoronabulletin', '#gurgaon']",[],https://twitter.com/TheGurugramNews/status/1269107001792925697,False,,0,,,,,,,"[{'user_id': '1174378753025142785', 'username': 'TheGurugramNews'}]",,,,
1268902695613739010,1268902695613739010,1591364952000,2020-06-05,19:19:12,IST,748801729,bagishjhatoi,Bagish K Jha,,"Another 153 #Covid19 positive cases in Gurgaon. Total count crosses 1500. #StaySafeStayHealthy #GurugramCoronaBulletin
#ChineseVirus #Unlock1",[],[],[],0,0,2,"['#covid19', '#staysafestayhealthy', '#gurugramcoronabulletin', '#chinesevirus', '#unlock1']",[],https://twitter.com/bagishjhaTOI/status/1268902695613739010,False,,0,,,,,,,"[{'user_id': '748801729', 'username': 'bagishjhaTOI'}]",,,,
1268483436714459136,1267727939908571137,1591264993000,2020-06-04,15:33:13,IST,1245939117168320512,ranjeet_k9,RanjeetVarmaUnderdogK9,,"🚨
We in #Delhi & #NCR #Gurgaon #Noida #Ghaziabad should be careful of this too in #Corona #Lockdown #Unlock1 #NisargaCyclone tough times
🚨
Experts fear MAJOR #earthquake
 http://shr.gs/wG5QFbN 
@drharshvardhan @PMOIndia @HMOIndia @ArvindKejriwal @ndmaindia @NDRFHQ @BJP4India pic.twitter.com/ZPVDCDGIre","['mohfw_india', 'pmoindia', 'drharshvardhan', 'ashwinikchoubey', 'pib_india', 'covidnewsbymib', 'covidindiaseva', 'hmoindia', 'arvindkejriwal', 'ndmaindia', 'ndrfhq', 'bjp4india']",['http://shr.gs/wG5QFbN'],"['https://pbs.twimg.com/media/EZqOxWAUEAEd_TH.jpg', 'https://pbs.twimg.com/media/EZqOxWCUYAEymBU.jpg']",0,0,3,"['#delhi', '#ncr', '#gurgaon', '#noida', '#ghaziabad', '#corona', '#lockdown', '#unlock1', '#nisargacyclone', '#earthquake']",[],https://twitter.com/ranjeet_k9/status/1268483436714459136,False,,0,,,,,,,"[{'user_id': '1245939117168320512', 'username': 'ranjeet_k9'}, {'user_id': '2596143056', 'username': 'MoHFW_INDIA'}, {'user_id': '471741741', 'username': 'PMOIndia'}, {'user_id': '77732185', 'username': 'drharshvardhan'}, {'user_id': '706963995', 'username': 'AshwiniKChoubey'}, {'user_id': '231033118', 'username': 'PIB_India'}, {'user_id': '1244892413262311425', 'username': 'COVIDNewsByMIB'}, {'user_id': '1243227921726066688', 'username': 'CovidIndiaSeva'}, {'user_id': '2541363451', 'username': 'HMOIndia'}, {'user_id': '405427035', 'username': 'ArvindKejriwal'}, {'user_id': '2611134289', 'username': 'ndmaindia'}, {'user_id': '2791137282', 'username': 'NDRFHQ'}, {'user_id': '207809313', 'username': 'BJP4India'}]",,,,
1268457579807682560,1268444883494342656,1591258828000,2020-06-04,13:50:28,IST,3853679416,_aakashsingh,AAKASH,,"Interesting article, must read . #CoronavirusinIndia #Gurgaon #gurugram #aiimsdirector #AIIMS #Delhi #IndiaFightsCorona #ModiGovt #Unlock1 #कोविड19 #aap pic.twitter.com/DNRMCC4wUL","['healthcheck_in', 'indiaspend']",[],"['https://pbs.twimg.com/media/EZp3bfwWoAAgoi6.jpg', 'https://pbs.twimg.com/media/EZp3bgGWAAAriB6.jpg']",0,0,1,"['#coronavirusinindia', '#gurgaon', '#gurugram', '#aiimsdirector', '#aiims', '#delhi', '#indiafightscorona', '#modigovt', '#unlock1', '#कोविड19', '#aap']",[],https://twitter.com/_AAKASHSINGH/status/1268457579807682560,False,,0,,,,,,,"[{'user_id': '3853679416', 'username': '_AAKASHSINGH'}, {'user_id': '924711342338064385', 'username': 'HealthCheck_in'}, {'user_id': '274606076', 'username': 'IndiaSpend'}]",,,,
1268226040205377540,1268226040205377540,1591203625000,2020-06-03,22:30:25,IST,565462327,aayushgoel83,Aayush,,"#BreakingNews #BREAKING
#Haryana minister @chkanwarpal to open schools, leave parents upset. 
@Gurgaonparents1 @Praveenmalik86 @ParentsGurgaon @Faridabadparen1 @RGSparents #NoSchoolsTillCovid
#COVID19 #Lockdown5 #Unlock1 #unlockone #Covid_19 #Gurgaon
 https://www.theweek.in/news/india/2020/06/03/haryana-parents-upset-over-govt-move-to-open-schools-even-as-covid-19-cases-go-up.html …","['chkanwarpal', 'gurgaonparents1', 'praveenmalik86', 'parentsgurgaon', 'faridabadparen1', 'rgsparents']",['https://www.theweek.in/news/india/2020/06/03/haryana-parents-upset-over-govt-move-to-open-schools-even-as-covid-19-cases-go-up.html'],[],0,0,3,"['#breakingnews', '#breaking', '#haryana', '#noschoolstillcovid', '#covid19', '#lockdown5', '#unlock1', '#unlockone', '#covid_19', '#gurgaon']",[],https://twitter.com/aayushgoel83/status/1268226040205377540,False,,0,,,,,,,"[{'user_id': '565462327', 'username': 'aayushgoel83'}, {'user_id': '2821451574', 'username': 'chkanwarpal'}, {'user_id': '1116301610336997376', 'username': 'Gurgaonparents1'}, {'user_id': '906897847601176577', 'username': 'Praveenmalik86'}, {'user_id': '1249052737070698496', 'username': 'ParentsGurgaon'}, {'user_id': '1256933086534696962', 'username': 'Faridabadparen1'}, {'user_id': '728919117957201920', 'username': 'RGSparents'}]",,,,
1268215917957218308,1268215917957218308,1591201211000,2020-06-03,21:50:11,IST,4777942698,ziffyhomes,ZiffyHomes,,"Things that we should keep in as we are in the 1st Phase of #Unlock1
#ZiffyHomes #LifeatZiffy #AlwaysHome #Lockdownupdate #Lockdown5 #Gurgaon #DelhiNCR #Noida #governmentofindia #India #narendramodi #indiawillbeatcorona #pmoindia #Socialdistancing #Indialockdown #COVID19 pic.twitter.com/cXjp32lKFt",[],[],['https://pbs.twimg.com/media/EZmbqBLX0AIHSf2.jpg'],0,1,2,"['#unlock1', '#ziffyhomes', '#lifeatziffy', '#alwayshome', '#lockdownupdate', '#lockdown5', '#gurgaon', '#delhincr', '#noida', '#governmentofindia', '#india', '#narendramodi', '#indiawillbeatcorona', '#pmoindia', '#socialdistancing', '#indialockdown', '#covid19']",[],https://twitter.com/ZiffyHomes/status/1268215917957218308,False,,0,,,,,,,"[{'user_id': '4777942698', 'username': 'ZiffyHomes'}]",,,,
1267905645505888256,1267733757458436097,1591127237000,2020-06-03,01:17:17,IST,1252999994409283585,revieweryuvraj,Yuvraj The Reviewer,,"Sir cant we open gyms in the society premises where only society members can come at one time only 5 to 10  People will be allowed for 45 to 60 mins workout then 15 min of santizion spray in whole gym and them second batch can resume their workout. 
#Unlock1 #Gurgaon #Delhi",['dc_gurugram'],[],[],0,0,0,"['#unlock1', '#gurgaon', '#delhi']",[],https://twitter.com/ReviewerYuvraj/status/1267905645505888256,False,,0,,,,,,,"[{'user_id': '1252999994409283585', 'username': 'ReviewerYuvraj'}, {'user_id': '904450515240599552', 'username': 'DC_Gurugram'}]",,,,
1267873812789383168,1267873812789383168,1591119647000,2020-06-02,23:10:47,IST,178652062,0001sudarshan,Sudarshan Jha,,"#Gurgaon में आदेशों की अवहेलना कर खुला ओल्ड रेलवे रोड स्थित प्रेम मंदिर, पूजा करने पहुचें श्रद्धालु।
@DC_Gurugram @gurgaonpolice @PMOIndia @cmohry @anilvijminister @AmitShah @sudhirsinglabjp @ArvindKejriwal @police_haryana #coronavirus #Unlock1 #COVID19 pic.twitter.com/ePFbd5hZGn","['dc_gurugram', 'gurgaonpolice', 'pmoindia', 'cmohry', 'anilvijminister', 'amitshah', 'sudhirsinglabjp', 'arvindkejriwal', 'police_haryana']",[],"['https://pbs.twimg.com/media/EZhkeSPVAAIPq1q.jpg', 'https://pbs.twimg.com/media/EZhkgMKVcAA97kJ.jpg']",1,5,11,"['#gurgaon', '#coronavirus', '#unlock1', '#covid19']",[],https://twitter.com/0001sudarshan/status/1267873812789383168,False,,0,,,,,,,"[{'user_id': '178652062', 'username': '0001sudarshan'}, {'user_id': '904450515240599552', 'username': 'DC_Gurugram'}, {'user_id': '2538968462', 'username': 'gurgaonpolice'}, {'user_id': '471741741', 'username': 'PMOIndia'}, {'user_id': '2919390704', 'username': 'cmohry'}, {'user_id': '317832990', 'username': 'anilvijminister'}, {'user_id': '1447949844', 'username': 'AmitShah'}, {'user_id': '1179745556324728833', 'username': 'sudhirsinglabjp'}, {'user_id': '405427035', 'username': 'ArvindKejriwal'}, {'user_id': '887564756629966848', 'username': 'police_haryana'}]",,,,
1267837277046177801,1267837277046177801,1591110936000,2020-06-02,20:45:36,IST,841207656,sumedhasharma86,Sumedha Sharma,,"#BreakingNews passes mandatory at Delhi Gurgaon borders. @Dist_Admin_Ggm providing easy quick weekly and one time passes.#Unlock1 @thetribunechd
#DelhiBorderSeal","['dist_admin_ggm', 'thetribunechd']",[],[],0,3,5,"['#breakingnews', '#unlock1', '#delhiborderseal']",[],https://twitter.com/sumedhasharma86/status/1267837277046177801,False,,0,,,,,,,"[{'user_id': '841207656', 'username': 'sumedhasharma86'}, {'user_id': '1097427693656776704', 'username': 'Dist_Admin_Ggm'}, {'user_id': '3046490198', 'username': 'thetribunechd'}]",,,,
1267768865611628544,1267768865611628544,1591094626000,2020-06-02,16:13:46,IST,1402952624,swetakaushal,Sweta Kaushal,,"#Haryana closes borders, centre opens all state borders, #Haryana opens borders, #Delhi closes them. 
So what is the final update this hour? If a person has an e-pass for private, non-essential job, will he be allowed entry from #Gurgaon? Asking for a friend
#Lockdown5 / #Unlock1",[],[],[],1,0,0,"['#haryana', '#haryana', '#delhi', '#gurgaon', '#lockdown5', '#unlock1']",[],https://twitter.com/SwetaKaushal/status/1267768865611628544,False,,0,,,,,,,"[{'user_id': '1402952624', 'username': 'SwetaKaushal'}]",,,,
1267716065590730753,1267472716954820608,1591082037000,2020-06-02,12:43:57,IST,386014627,ashishdua_inc,Ashish Dua,,"#Gurgaon / .#Gurugram
#Lockdown5 / #Unlock1
Yes / No
Free/ Sealed
Open/ Closed
Allowed/ Not allowed
Locked/ Unlocked
Stop/ Start
Move/ Freeze
Review, Maybe/ May not be
God knows/ No one knows... at least, not @BJP4Haryana govt!  https://twitter.com/ashishdua_INC/status/1267353226871025664 … pic.twitter.com/FY1OpcDbtK",['bjp4haryana'],['https://twitter.com/ashishdua_INC/status/1267353226871025664'],"['https://pbs.twimg.com/media/EZfU4fBWkAAia-r.jpg', 'https://pbs.twimg.com/media/EZfU-DRXYAELT59.jpg', 'https://pbs.twimg.com/media/EZfU_jCXgAEDMgj.jpg', 'https://pbs.twimg.com/media/EZfVBVMWoAAH4Zx.jpg']",0,0,0,"['#gurgaon', '#gurugram', '#lockdown5', '#unlock1']",[],https://twitter.com/ashishdua_INC/status/1267716065590730753,False,,0,,,,,,,"[{'user_id': '386014627', 'username': 'ashishdua_INC'}, {'user_id': '287602729', 'username': 'BJP4Haryana'}]",,,,
1267642873547292672,1267642873547292672,1591064587000,2020-06-02,07:53:07,IST,18753090,mohitoz,Mohit Hira,,"With #Gurgaon, #Delhi and #Noida sealing and unsealing their borders unpredictably during the #lockdown and even #Unlock1, the concept of the #NCR has changed. NCR now stands for No Crossingover Regularly. #confusion",[],[],[],1,0,3,"['#gurgaon', '#delhi', '#noida', '#lockdown', '#unlock1', '#ncr', '#confusion']",[],https://twitter.com/mohitoz/status/1267642873547292672,False,,0,,,,,,,"[{'user_id': '18753090', 'username': 'mohitoz'}]",,,,
1267505175159160835,1267505175159160835,1591031757000,2020-06-01,22:45:57,IST,178652062,0001sudarshan,Sudarshan Jha,,"हरियाणा-दिल्ली सरकार के वर्चस्व की लड़ाई में पिस रही जनता और पुलिस, #Gurgaon सरहौल बॉर्डर सील करने पर लगा जाम।
@PMOIndia @cmohry @anilvijminister @ArvindKejriwal @gurgaonpolice @mlkhattar #Unlock1 #lockdown #COVID19 #CovidWarriors pic.twitter.com/A2EahENWeO","['pmoindia', 'cmohry', 'anilvijminister', 'arvindkejriwal', 'gurgaonpolice', 'mlkhattar']",[],"['https://pbs.twimg.com/media/EZcVKpTVAAAYXQF.jpg', 'https://pbs.twimg.com/media/EZcVMs8UwAM6NIU.jpg']",3,6,26,"['#gurgaon', '#unlock1', '#lockdown', '#covid19', '#covidwarriors']",[],https://twitter.com/0001sudarshan/status/1267505175159160835,False,,0,,,,,,,"[{'user_id': '178652062', 'username': '0001sudarshan'}, {'user_id': '471741741', 'username': 'PMOIndia'}, {'user_id': '2919390704', 'username': 'cmohry'}, {'user_id': '317832990', 'username': 'anilvijminister'}, {'user_id': '405427035', 'username': 'ArvindKejriwal'}, {'user_id': '2538968462', 'username': 'gurgaonpolice'}, {'user_id': '295833852', 'username': 'mlkhattar'}]",,,,
1267495588666499076,1267495588666499076,1591029471000,2020-06-01,22:07:51,IST,34206701,news24tvchannel,News24,,"दिल्ली में 13 हजार बेड केंद्र के और दिल्ली सरकार के 11 हजार बेड है. केंद्र के अस्पताल में Noida और Gurgaon का हक क्यों नहीं है ? @SupriyaShrinate

देखिए @manakgupta के साथ पूरा शो- https://youtu.be/0YbWA8E54Js 
#RashtraKiBaat #Unlock1 #Delhi pic.twitter.com/joAQ11kOc8","['supriyashrinate', 'manakgupta']",['https://youtu.be/0YbWA8E54Js'],[],4,14,74,"['#rashtrakibaat', '#unlock1', '#delhi']",[],https://twitter.com/news24tvchannel/status/1267495588666499076,False,,1,,,,,,,"[{'user_id': '34206701', 'username': 'news24tvchannel'}, {'user_id': '342096051', 'username': 'SupriyaShrinate'}, {'user_id': '202772126', 'username': 'manakgupta'}]",,,,
1267482168877387777,1267482168877387777,1591026272000,2020-06-01,21:14:32,IST,129541448,vaibhavjain_ca,CA Vaibhav Jain,,"Thanks to Our Super Intelligent Cheif Minister @ArvindKejriwal ji, those who live in/work in Delhi and work in/live in Gurgaon cannot cross border while people living far away can come in Delhi from Flights and Trains.
#Unlock1 #DramaAlert
@narendramodi @PMOIndia #Help","['arvindkejriwal', 'narendramodi', 'pmoindia']",[],[],0,5,11,"['#unlock1', '#dramaalert', '#help']",[],https://twitter.com/vaibhavjain_ca/status/1267482168877387777,False,,0,,,,,,,"[{'user_id': '129541448', 'username': 'vaibhavjain_ca'}, {'user_id': '405427035', 'username': 'ArvindKejriwal'}, {'user_id': '18839785', 'username': 'narendramodi'}, {'user_id': '471741741', 'username': 'PMOIndia'}]",,,,
1267473892714545153,1267473892714545153,1591024299000,2020-06-01,20:41:39,IST,75236611,sp_leo21,Shilpi Pandey,,"Please guide the passes or pre-requisite to travel from gurgaon to allahabad by elderly parents by taxi. @DC_Gurugram @myogiadityanath @ArvindKejriwal #Unlock1 is confusing  for travel between gurgaon, delhi and UP #travel #covid19 #bordersealing","['dc_gurugram', 'myogiadityanath', 'arvindkejriwal']",[],[],1,1,1,"['#unlock1', '#travel', '#covid19', '#bordersealing']",[],https://twitter.com/sp_leo21/status/1267473892714545153,False,,0,,,,,,,"[{'user_id': '75236611', 'username': 'sp_leo21'}, {'user_id': '904450515240599552', 'username': 'DC_Gurugram'}, {'user_id': '3437532637', 'username': 'myogiadityanath'}, {'user_id': '405427035', 'username': 'ArvindKejriwal'}]",,,,
1267472716954820608,1267472716954820608,1591024018000,2020-06-01,20:36:58,IST,386014627,ashishdua_inc,Ashish Dua,,"Its not one day of #Unlock1 but 5 days of nightmarish 550+ rise in #Covid_19 numbers in the City of Negligence #Gurgaon ruled by #BJP .#Haryana Govt of Overconfidence whose scientifically ignorant view, obliviousness to Good Governance & uncoordinated approach is to be blamed... https://twitter.com/sumedhasharma86/status/1267454156798939137 …",[],['https://twitter.com/sumedhasharma86/status/1267454156798939137'],[],2,4,3,"['#unlock1', '#covid_19', '#gurgaon', '#bjp', '#haryana']",[],https://twitter.com/ashishdua_INC/status/1267472716954820608,False,https://twitter.com/sumedhasharma86/status/1267454156798939137,0,,,,,,,"[{'user_id': '386014627', 'username': 'ashishdua_INC'}]",,,,
1267387802477572104,1267387802477572104,1591003773000,2020-06-01,14:59:33,IST,565462327,aayushgoel83,Aayush,,"#BreakingNews #BREAKING #TrendingNow
#Gurgaon new #COVID19 #hotspot of NCR, 400 cases in last three days. 48 cases reported today morning.

@anilvijminister @cmohry @DC_Gurugram @Dist_Admin_Ggm @gurgaonpolice @MoHFW_INDIA @COVIDNewsByMIB #Lockdown5 #Unlock1 @TheWeekLive #live pic.twitter.com/UzzHCvWvsO","['anilvijminister', 'cmohry', 'dc_gurugram', 'dist_admin_ggm', 'gurgaonpolice', 'mohfw_india', 'covidnewsbymib', 'theweeklive']",[],['https://pbs.twimg.com/media/EZaqeeoWAAEa5b_.jpg'],0,0,2,"['#breakingnews', '#breaking', '#trendingnow', '#gurgaon', '#covid19', '#hotspot', '#lockdown5', '#unlock1', '#live']",[],https://twitter.com/aayushgoel83/status/1267387802477572104,False,,0,,,,,,,"[{'user_id': '565462327', 'username': 'aayushgoel83'}, {'user_id': '317832990', 'username': 'anilvijminister'}, {'user_id': '2919390704', 'username': 'cmohry'}, {'user_id': '904450515240599552', 'username': 'DC_Gurugram'}, {'user_id': '1097427693656776704', 'username': 'Dist_Admin_Ggm'}, {'user_id': '2538968462', 'username': 'gurgaonpolice'}, {'user_id': '2596143056', 'username': 'MoHFW_INDIA'}, {'user_id': '1244892413262311425', 'username': 'COVIDNewsByMIB'}, {'user_id': '400630125', 'username': 'TheWeekLive'}]",,,,
1267378090621251592,1267364852638466048,1591001458000,2020-06-01,14:20:58,IST,1241644657961922562,pramodk25785009,Pramod Kumar,,"No body is trying to understand the problems faced by NCR residents.When Delhi allow movement then Noida & Gurgaon put the restriction & now vice versa.
#Unlock1
#COVIDー19
#DelhiNoidaBorder",['aajtak'],[],[],0,0,2,"['#unlock1', '#covidー19', '#delhinoidaborder']",[],https://twitter.com/PramodK25785009/status/1267378090621251592,False,,0,,,,,,,"[{'user_id': '1241644657961922562', 'username': 'PramodK25785009'}, {'user_id': '42606652', 'username': 'aajtak'}]",,,,
1267375102116589568,1267375102116589568,1591000745000,2020-06-01,14:09:05,IST,3251528191,tanmoymitra01, Tanmoy Mitra,,"On #day1 of #Unlock1 .0 
#Dehi - #UP ( #UttarPradesh #ghaziabad #noida ) - #Haryana ( #Gurgaon #Faridabad) #border seal issues
#June1st
#June1
#Y2020
#coronavirus #Pandemic @ Steel City,…  https://www.instagram.com/p/CA4s94SJLGPHjez0o9wDT76BOR5bu0jRDE9_A00/?igshid=s8zdq24xxba8 …",[],['https://www.instagram.com/p/CA4s94SJLGPHjez0o9wDT76BOR5bu0jRDE9_A00/?igshid=s8zdq24xxba8'],[],0,0,0,"['#day1', '#unlock1', '#dehi', '#up', '#uttarpradesh', '#ghaziabad', '#noida', '#haryana', '#gurgaon', '#faridabad', '#border', '#june1st', '#june1', '#y2020', '#coronavirus', '#pandemic']",[],https://twitter.com/tanmoymitra01/status/1267375102116589568,False,,0,,,,,,,"[{'user_id': '3251528191', 'username': 'tanmoymitra01'}]",,,,
1267372496619274247,1267372496619274247,1591000124000,2020-06-01,13:58:44,IST,67265018,conscienceaprvd,Random Human,,"@mlkhattar @UIDAI @BJP4Haryana @cmohry While all the Govt. offices continue to operate in the state during #lockdown5/ #Unlock1, why are Aadhar offices not yet open in Gurgaon? I drove upto 20 km to get my phn no. updated, but as usual, the office was closed with no info/update.  pic.twitter.com/6d4Ii2EGDr","['mlkhattar', 'uidai', 'bjp4haryana', 'cmohry']",[],['https://pbs.twimg.com/media/EZaci5_UwAECZzz.jpg'],1,0,0,"['#lockdown5', '#unlock1']",[],https://twitter.com/conscienceaprvd/status/1267372496619274247,False,,0,,,,,,,"[{'user_id': '67265018', 'username': 'conscienceaprvd'}, {'user_id': '295833852', 'username': 'mlkhattar'}, {'user_id': '1596415166', 'username': 'UIDAI'}, {'user_id': '287602729', 'username': 'BJP4Haryana'}, {'user_id': '2919390704', 'username': 'cmohry'}]",,,,
1267354924427304960,1267354924427304960,1590995934000,2020-06-01,12:48:54,IST,716520601,4700bcpopcorn,4700BC Popcorn,,"#Delhi #Gurgaon #Bangalore #Hyderabad #Mumbai  
 
With #Unlock1 comes the list of places and outlets from where you can grab your favourite #4700bc #gourmetpopcorn. 

For details, join us on Instagram here -  https://www.instagram.com/4700bcpopcorn ",[],['https://www.instagram.com/4700bcpopcorn'],[],0,0,1,"['#delhi', '#gurgaon', '#bangalore', '#hyderabad', '#mumbai', '#unlock1', '#4700bc', '#gourmetpopcorn']",[],https://twitter.com/4700BCPopcorn/status/1267354924427304960,False,,0,,,,,,,"[{'user_id': '716520601', 'username': '4700BCPopcorn'}]",,,,
1267353226871025664,1267353226871025664,1590995530000,2020-06-01,12:42:10,IST,386014627,ashishdua_inc,Ashish Dua,,"#Haryana is Republic within the Republic...@BJP4Haryana has a govt within a govt while the Govt remains clueless,entangled within itself unable to provide clarity on border confusion whether its #lockdown5 or #Unlock1.#Gurgaon will know once CM & Ministers are able to coordinate  https://twitter.com/journojoseph/status/1267346226216726534 …",['bjp4haryana'],['https://twitter.com/journojoseph/status/1267346226216726534'],[],0,2,1,"['#haryana', '#lockdown5', '#unlock1', '#gurgaon']",[],https://twitter.com/ashishdua_INC/status/1267353226871025664,False,https://twitter.com/journojoseph/status/1267346226216726534,0,,,,,,,"[{'user_id': '386014627', 'username': 'ashishdua_INC'}, {'user_id': '287602729', 'username': 'BJP4Haryana'}]",,,,
1267344662718791680,1267344662718791680,1590993488000,2020-06-01,12:08:08,IST,3417093265,talkcharge,TalkCharge,,"Unlock with care :)
.
#Unlock1 #UnlockIndia #India #IncredibleIndia #Gurgaon #TalkCharge #TakeCare #BeSafe #Coronavirus #Covid19 #SocialSamosa #MadOverMarketing
@officialSocialSamosa @madovermarketing_mom @allaboutmarketing.in @fakeadco @Chaibuoy pic.twitter.com/UobbN3HnJP",['chaibuoy'],[],['https://pbs.twimg.com/media/EZaDHzFWoAAE57Q.jpg'],0,0,1,"['#unlock1', '#unlockindia', '#india', '#incredibleindia', '#gurgaon', '#talkcharge', '#takecare', '#besafe', '#coronavirus', '#covid19', '#socialsamosa', '#madovermarketing']",[],https://twitter.com/TalkCharge/status/1267344662718791680,False,,0,,,,,,,"[{'user_id': '3417093265', 'username': 'TalkCharge'}, {'user_id': '1268822257536831488', 'username': 'chaibuoy'}]",,,,
1267267316506660865,1267267316506660865,1590975047000,2020-06-01,07:00:47,IST,841659472074461186,wigloaman,Aman Singh ✪,,"प्रधान-सेवक जी को भेजो मेल
बिन तैयारी वाला लॉकडाउन हो गया फ़ेल
‘नए भारत’ का नया ही खेल 
मरते मज़दूर, भटकती रेल

@PMOIndia
#unlock1
#icymi
#bundeslig
#mumbairains
#covid19pandemic
#cyclone
#uttarakhand
#constitution
#thalapathymonthbegins
#boycottchineseproducts
#gurgaon",['pmoindia'],[],[],1,1,1,"['#unlock1', '#icymi', '#bundeslig', '#mumbairains', '#covid19pandemic', '#cyclone', '#uttarakhand', '#constitution', '#thalapathymonthbegins', '#boycottchineseproducts', '#gurgaon']",[],https://twitter.com/WigloAman/status/1267267316506660865,False,,0,,,,,,,"[{'user_id': '841659472074461186', 'username': 'WigloAman'}, {'user_id': '471741741', 'username': 'PMOIndia'}]",,,,
1267207931755245568,1267207931755245568,1590960889000,2020-06-01,03:04:49,IST,636714299,gurnoorkbehl,Gurnoor Kaur Behl,,"Is @Olacabs or @Uber running across #Delhi - #Gurgaon/#Gurugram Border?

Please answer this question, anyone.
@Ola_Delhi @UberINSupport
#Lockdown5 #Unlock1","['olacabs', 'uber', 'ola_delhi', 'uberinsupport']",[],[],0,1,0,"['#delhi', '#gurgaon', '#gurugram', '#lockdown5', '#unlock1']",[],https://twitter.com/GurnoorKBehl/status/1267207931755245568,False,,0,,,,,,,"[{'user_id': '636714299', 'username': 'GurnoorKBehl'}, {'user_id': '233973953', 'username': 'Olacabs'}, {'user_id': '19103481', 'username': 'Uber'}, {'user_id': '1701417613', 'username': 'Ola_Delhi'}, {'user_id': '794125504357900289', 'username': 'UberINSupport'}]",,,,
1267168252494524417,1267168252494524417,1590951428000,2020-06-01,00:27:08,IST,565462327,aayushgoel83,Aayush,,"#BreakingNews #BREAKING
#Haryana government allows inter-state movement. Now, people can cross from #Delhi to #Gurgaon without e-pass.

@cmohry @mlkhattar @anilvijminister @police_haryana @BJP4Haryana @AamAadmiParty @ArvindKejriwal
#COVID19 #Lockdown5 #Unlock1 #unlockone pic.twitter.com/yLvTQPAVU6","['cmohry', 'mlkhattar', 'anilvijminister', 'police_haryana', 'bjp4haryana', 'aamaadmiparty', 'arvindkejriwal']",[],['https://pbs.twimg.com/media/EZXizAuWAAEn8Qj.jpg'],0,1,0,"['#breakingnews', '#breaking', '#haryana', '#delhi', '#gurgaon', '#covid19', '#lockdown5', '#unlock1', '#unlockone']",[],https://twitter.com/aayushgoel83/status/1267168252494524417,False,,0,,,,,,,"[{'user_id': '565462327', 'username': 'aayushgoel83'}, {'user_id': '2919390704', 'username': 'cmohry'}, {'user_id': '295833852', 'username': 'mlkhattar'}, {'user_id': '317832990', 'username': 'anilvijminister'}, {'user_id': '887564756629966848', 'username': 'police_haryana'}, {'user_id': '287602729', 'username': 'BJP4Haryana'}, {'user_id': '711694309', 'username': 'AamAadmiParty'}, {'user_id': '405427035', 'username': 'ArvindKejriwal'}]",,,,
1266992796457566208,1266992796457566208,1590909596000,2020-05-31,12:49:56,IST,703497770468945921,kbadrinath7,K Badrinath,,Sir when will you declare the specific guidelines for Gurgaon of Unlock1.0  https://twitter.com/PIBHomeAffairs/status/1266723964015050752 …,[],['https://twitter.com/PIBHomeAffairs/status/1266723964015050752'],[],0,1,0,[],[],https://twitter.com/KBadrinath7/status/1266992796457566208,False,https://twitter.com/PIBHomeAffairs/status/1266723964015050752,0,,,,,,,"[{'user_id': '703497770468945921', 'username': 'KBadrinath7'}]",,,,
1266790442504523777,1266790442504523777,1590861351000,2020-05-30,23:25:51,IST,1106474861126279168,damini44948789,Damini,,"ये कैसा अनलॉक है? पासवर्ड तो बताया नहीं!
#Unlock1
Metro chal ni rahi hai to Delhi to Noida, Delhi to Gurgaon office wale kese jayeinge, cab ka kharcha kaun pay krega? Wese hi salary puri nahin mil rahi hai! please answer!!!! @aajtak @AamAadmiParty @narendramodi @ZeeNews @ABPNews","['aajtak', 'aamaadmiparty', 'narendramodi', 'zeenews', 'abpnews']",[],[],1,0,1,['#unlock1'],[],https://twitter.com/Damini44948789/status/1266790442504523777,False,,0,,,,,,,"[{'user_id': '1106474861126279168', 'username': 'Damini44948789'}, {'user_id': '42606652', 'username': 'aajtak'}, {'user_id': '711694309', 'username': 'AamAadmiParty'}, {'user_id': '18839785', 'username': 'narendramodi'}, {'user_id': '461841349', 'username': 'ZeeNews'}, {'user_id': '39240673', 'username': 'ABPNews'}]",,,,
1266776320534446080,1266776320534446080,1590857985000,2020-05-30,22:29:45,IST,3579314131,raojsinghtoi,Rao Jaswant Singh,,Unlock 1.0 Highlights @cmohry @anilvijminister @MunCorpGurugram @DC_Gurugram #lockdown #coronavirusinindia #Unlock1 #Gurgaon  pic.twitter.com/VquSJpnFAJ,"['cmohry', 'anilvijminister', 'muncorpgurugram', 'dc_gurugram']",[],['https://pbs.twimg.com/media/EZR-V9tXgAEXX5V.jpg'],1,0,4,"['#lockdown', '#coronavirusinindia', '#unlock1', '#gurgaon']",[],https://twitter.com/RaoJSinghTOI/status/1266776320534446080,False,,0,,,,,,,"[{'user_id': '3579314131', 'username': 'RaoJSinghTOI'}, {'user_id': '2919390704', 'username': 'cmohry'}, {'user_id': '317832990', 'username': 'anilvijminister'}, {'user_id': '731485513484541956', 'username': 'MunCorpGurugram'}, {'user_id': '904450515240599552', 'username': 'DC_Gurugram'}]",,,,
1266740891970043906,1266740891970043906,1590849538000,2020-05-30,20:08:58,IST,157269879,thegagandeep,GD,,All L-1 thekas in Gurgaon after today's announcement of #Unlock1  pic.twitter.com/QDlhGSvKvn,[],[],[],0,0,0,['#unlock1'],[],https://twitter.com/thegagandeep/status/1266740891970043906,False,,1,,,,,,,"[{'user_id': '157269879', 'username': 'thegagandeep'}]",,,,
1266727999543472128,1266727999543472128,1590846464000,2020-05-30,19:17:44,IST,124145811,dksaharan,Deepkamal Saharan,,"202 new cases in Haryana today... 157 in Gurgaon only. 
1 more death today takes the count to 20.

And #unlock1 begins....",[],[],[],2,1,21,['#unlock1'],[],https://twitter.com/DKSaharan/status/1266727999543472128,False,,0,,,,,,,"[{'user_id': '124145811', 'username': 'DKSaharan'}]",,,,
