id,conversation_id,created_at,date,time,timezone,user_id,username,name,place,tweet,mentions,urls,photos,replies_count,retweets_count,likes_count,hashtags,cashtags,link,retweet,quote_url,video,near,geo,source,user_rt_id,user_rt,retweet_id,reply_to,retweet_date,translate,trans_src,trans_dest
1270604671904669696,1270604671904669696,1591770735000,2020-06-10,12:02:15,IST,567278796,pibchandigarh,PIB in Chandigarh,,"The Mansa Devi temple in Panchkula, #Haryana has also been thrown open to the devotees after the government permitted opening of religious places in the first phase of #Unlock1.

@PIB_India @MIB_India @cmohry @DiprHaryana @DDNewslive @ddnewshisar1 pic.twitter.com/EZrr8MFkhW","['pib_india', 'mib_india', 'cmohry', 'diprharyana', 'ddnewslive']",[],['https://pbs.twimg.com/media/EaIYNG2UcAAPtAC.jpg'],3,15,96,"['#haryana', '#unlock1']",[],https://twitter.com/PIBChandigarh/status/1270604671904669696,False,,0,,,,,,,"[{'user_id': '567278796', 'username': 'PIBChandigarh'}, {'user_id': '231033118', 'username': 'PIB_India'}, {'user_id': '920488039', 'username': 'MIB_India'}, {'user_id': '2919390704', 'username': 'cmohry'}, {'user_id': '1212968650304446464', 'username': 'DiprHaryana'}, {'user_id': '1100927498', 'username': 'DDNewslive'}]",,,,
1269940902048534531,1269940902048534531,1591612480000,2020-06-08,16:04:40,IST,1266379925294133248,mondmoumita,Moumita Mondal,,"Haryana: Devotees offer prayers at Ancient Mahadev Temple in Saketri area of Panchkula, as temples and other religious places reopened in the district. #Unlock1  pic.twitter.com/FjSk6gfZCQ",[],[],"['https://pbs.twimg.com/media/EZ-8WbGWoAU2grQ.jpg', 'https://pbs.twimg.com/media/EZ-8Y83X0AAEOWj.jpg', 'https://pbs.twimg.com/media/EZ-8cxbWsAAM7WC.jpg', 'https://pbs.twimg.com/media/EZ-8flmWAAIpCQn.jpg']",0,0,0,['#unlock1'],[],https://twitter.com/MondMoumita/status/1269940902048534531,False,,0,,,,,,,"[{'user_id': '1266379925294133248', 'username': 'MondMoumita'}]",,,,
1269939320875479040,1269939320875479040,1591612103000,2020-06-08,15:58:23,IST,1180810352373559296,janastranewseng,Jan Astra,,"Haryana: Devotees offer prayers at Ancient Mahadev Temple in Saketri area of Panchkula, as temples and other religious places reopened in the district. #Unlock1  pic.twitter.com/MZJm5sP6Z6",[],[],"['https://pbs.twimg.com/media/EZ-mpmUU4AAus2y.jpg', 'https://pbs.twimg.com/media/EZ-mxzCVcAEknoH.jpg', 'https://pbs.twimg.com/media/EZ-m2JOUYAIyhk9.jpg', 'https://pbs.twimg.com/media/EZ-m6m7UMAAWeF1.jpg']",0,0,0,['#unlock1'],[],https://twitter.com/janastranewseng/status/1269939320875479040,False,,0,,,,,,,"[{'user_id': '1180810352373559296', 'username': 'janastranewseng'}]",,,,
1269919511743954946,1269919511743954946,1591607380000,2020-06-08,14:39:40,IST,2262532860,newsmobileindia,NewsMobile,,"Haryana: Devotees offer prayers at Ancient Mahadev Temple in Saketri area of Panchkula, as temples and other religious places reopened in the district. #Unlock1
 http://bit.ly/2MFVWE0  pic.twitter.com/p9KOoWBXi6",[],['http://bit.ly/2MFVWE0'],"['https://pbs.twimg.com/media/EZ-pCjiXQAApYLP.jpg', 'https://pbs.twimg.com/media/EZ-pCjpXsAAABEQ.jpg', 'https://pbs.twimg.com/media/EZ-pCjqWoAI6mNv.jpg']",0,0,0,['#unlock1'],[],https://twitter.com/NewsMobileIndia/status/1269919511743954946,False,,0,,,,,,,"[{'user_id': '2262532860', 'username': 'NewsMobileIndia'}]",,,,
1269919149142220800,1269919149142220800,1591607293000,2020-06-08,14:38:13,IST,3303023034,dynamitenews_,Dynamite News,,"Haryana: Devotees offer prayers at Ancient Mahadev Temple in Saketri area of Panchkula, as temples and other religious places reopened in the district. #Unlock1  pic.twitter.com/MAbZcqlFN2",[],[],['https://pbs.twimg.com/media/EZ-ouJiWoAAt9c3.jpg'],0,0,0,['#unlock1'],[],https://twitter.com/DynamiteNews_/status/1269919149142220800,False,,0,,,,,,,"[{'user_id': '3303023034', 'username': 'DynamiteNews_'}]",,,,
1269919141059854336,1269919141059854336,1591607291000,2020-06-08,14:38:11,IST,134758540,timesofindia,The Times Of India,,"Haryana: Devotees offer prayers at Ancient Mahadev Temple in Saketri area of Panchkula, as temples and other religious places reopened in the district. #Unlock1

(PICS: ANI)  pic.twitter.com/lNRsSqWUzw",[],[],"['https://pbs.twimg.com/media/EZ-onHMWoAEklbc.jpg', 'https://pbs.twimg.com/media/EZ-ooceX0AExuMh.jpg', 'https://pbs.twimg.com/media/EZ-op_9XgAA6CFP.jpg', 'https://pbs.twimg.com/media/EZ-orlQWAAIczLd.jpg']",1,4,57,['#unlock1'],[],https://twitter.com/timesofindia/status/1269919141059854336,False,,0,,,,,,,"[{'user_id': '134758540', 'username': 'timesofindia'}]",,,,
1269918691908415490,1269918691908415490,1591607184000,2020-06-08,14:36:24,IST,355989081,ani,ANI,,"Haryana: Devotees offer prayers at Ancient Mahadev Temple in Saketri area of Panchkula, as temples and other religious places reopened in the district. #Unlock1  pic.twitter.com/JqZ3UEkeyT",[],[],"['https://pbs.twimg.com/media/EZ-mpmUU4AAus2y.jpg', 'https://pbs.twimg.com/media/EZ-mxzCVcAEknoH.jpg', 'https://pbs.twimg.com/media/EZ-m2JOUYAIyhk9.jpg', 'https://pbs.twimg.com/media/EZ-m6m7UMAAWeF1.jpg']",1,28,295,['#unlock1'],[],https://twitter.com/ANI/status/1269918691908415490,False,,0,,,,,,,"[{'user_id': '355989081', 'username': 'ANI'}]",,,,
1268734521563725824,1268734521563725824,1591324856000,2020-06-05,08:10:56,IST,2532654728,rajkverma4,Raj Verma,,"#COVID19 हरियाणा के सबसे कम और सबसे ज्यादा एक्टिव मामलों वाले जिले 👇
😇यमुनानगर - 0
😇पंचकूला - 1
😇जींद - 7
😱गुरुग्राम - 1114
😱फरीदाबाद - 344
😱सोनीपत - 102

#FightAgainstCorona #Unlock1
@cmohry @DC_Jind @DC_Gurugram @DC_Faridabad @DC_PANCHKULA @anilvijminister @Dchautala","['cmohry', 'dc_jind', 'dc_gurugram', 'dc_faridabad', 'dc_panchkula', 'anilvijminister', 'dchautala']",[],[],3,3,12,"['#covid19', '#fightagainstcorona', '#unlock1']",[],https://twitter.com/RajKVerma4/status/1268734521563725824,False,,0,,,,,,,"[{'user_id': '2532654728', 'username': 'RajKVerma4'}, {'user_id': '2919390704', 'username': 'cmohry'}, {'user_id': '867065504296386560', 'username': 'DC_Jind'}, {'user_id': '904450515240599552', 'username': 'DC_Gurugram'}, {'user_id': '925971044728496128', 'username': 'DC_Faridabad'}, {'user_id': '1105817718412894208', 'username': 'DC_PANCHKULA'}, {'user_id': '317832990', 'username': 'anilvijminister'}, {'user_id': '193616873', 'username': 'Dchautala'}]",,,,
1268473320820764673,1268473320820764673,1591262581000,2020-06-04,14:53:01,IST,3251730703,pklsamachar,Panchkula Samachar,,"#NewOrders: Hospitals, Nursing Homes, Clinics all essential services to open 7 days from 9 AM to 8 PM
#Panchkula #Unlock1 @DC_PANCHKULA
 https://www.panchkulasamachar.com/panchkula-essential-services-functional-7-days-9-8-pm/ …",['dc_panchkula'],['https://www.panchkulasamachar.com/panchkula-essential-services-functional-7-days-9-8-pm/'],[],2,0,4,"['#neworders', '#panchkula', '#unlock1']",[],https://twitter.com/pklsamachar/status/1268473320820764673,False,,0,,,,,,,"[{'user_id': '3251730703', 'username': 'pklsamachar'}, {'user_id': '1105817718412894208', 'username': 'DC_PANCHKULA'}]",,,,
1267691041882165249,1267691041882165249,1591076071000,2020-06-02,11:04:31,IST,1004319254919823360,punjabtak,Punjab Tak,,"2nd JUNE 2020 पंजाब, हरियाणा, हिमाचल की 10 बड़ी खबरें @PunjabTak
#PANCHKULA #HARYANA #UNLOCK1
 https://youtu.be/9_J6VbJlZUI ",['punjabtak'],['https://youtu.be/9_J6VbJlZUI'],[],0,0,0,"['#panchkula', '#haryana', '#unlock1']",[],https://twitter.com/PunjabTak/status/1267691041882165249,False,,0,,,,,,,"[{'user_id': '1004319254919823360', 'username': 'PunjabTak'}]",,,,
1267520299962191872,1267520299962191872,1591035363000,2020-06-01,23:46:03,IST,495780767,htpunjab,HT Punjab,,"#Unlock1 | Panchkula  goes beyond Centre’s guidelines to prevent Covid-19 surge

(reports @tanbirdhaliwal) 

 https://www.hindustantimes.com/cities/unlock-1-0-p-kula-goes-beyond-centre-s-guidelines-to-prevent-covid-19-surge/story-dBEhwVXk8vBq9vW6rz1CKJ.html … pic.twitter.com/hr9J3hnGqp",['tanbirdhaliwal'],['https://www.hindustantimes.com/cities/unlock-1-0-p-kula-goes-beyond-centre-s-guidelines-to-prevent-covid-19-surge/story-dBEhwVXk8vBq9vW6rz1CKJ.html'],['https://pbs.twimg.com/media/EZci_BSWAAAaWB5.jpg'],0,1,6,['#unlock1'],[],https://twitter.com/HTPunjab/status/1267520299962191872,False,,0,,,,,,,"[{'user_id': '495780767', 'username': 'HTPunjab'}, {'user_id': '193236600', 'username': 'tanbirdhaliwal'}]",,,,
1267101185581953024,1267101185581953024,1590935438000,2020-05-31,20:00:38,IST,81579153,vishalsehijpal,Vishal Raj Sehijpal,,@DC_Gurugram can someone now visit from Delhi to Panchkula during #Unlock1 without any pass?,['dc_gurugram'],[],[],0,0,0,['#unlock1'],[],https://twitter.com/vishalsehijpal/status/1267101185581953024,False,,0,,,,,,,"[{'user_id': '81579153', 'username': 'vishalsehijpal'}, {'user_id': '904450515240599552', 'username': 'DC_Gurugram'}]",,,,
1267085848450723841,1267085848450723841,1590931782000,2020-05-31,18:59:42,IST,1209732680503291905,shubhkapoor19,Kapoor Ice Cream Company,,"Something New.... PREMIUM ICE CREAM TUBS....
Now Available only @Shubhkapoor19
#Chandigarh #Mohali #panchkula #restaurants #food #FoodieTwitter #Zomato #swiggy #UberEats #icecream #Unlock1 #unlockone #UnlockIndia pic.twitter.com/0bHCToQyDN",['shubhkapoor19'],[],['https://pbs.twimg.com/media/EZWX2WAUYAAI334.jpg'],0,0,0,"['#chandigarh', '#mohali', '#panchkula', '#restaurants', '#food', '#foodietwitter', '#zomato', '#swiggy', '#ubereats', '#icecream', '#unlock1', '#unlockone', '#unlockindia']",[],https://twitter.com/Shubhkapoor19/status/1267085848450723841,False,,0,,,,,,,"[{'user_id': '1209732680503291905', 'username': 'Shubhkapoor19'}]",,,,
