id,conversation_id,created_at,date,time,timezone,user_id,username,name,place,tweet,mentions,urls,photos,replies_count,retweets_count,likes_count,hashtags,cashtags,link,retweet,quote_url,video,near,geo,source,user_rt_id,user_rt,retweet_id,reply_to,retweet_date,translate,trans_src,trans_dest
1273832851083898882,1273832851083898882,1592540393000,2020-06-19,09:49:53,IST,1211291550241570818,newsphh,News PHH (PunjabHaryanaHimachal),,"क्या देश आत्मनिर्भरता की ओर बढ़ रहा है ?
#NewsPHH #Punjab #Haryana #Himachal #Chandigarh #Amritsar #Jalandhar #Patiala #Mansa #Mohali #Karnal #Faridabad #Hisar #Rohtak #Sirsa #Bhiwani #Shimla #Solan #Kangra #Mandi #Kullu #Unlock1 #FridayMorning",[],[],[],0,3,1,"['#newsphh', '#punjab', '#haryana', '#himachal', '#chandigarh', '#amritsar', '#jalandhar', '#patiala', '#mansa', '#mohali', '#karnal', '#faridabad', '#hisar', '#rohtak', '#sirsa', '#bhiwani', '#shimla', '#solan', '#kangra', '#mandi', '#kullu', '#unlock1', '#fridaymorning']",[],https://twitter.com/newsphh/status/1273832851083898882,False,,0,,,,,,,"[{'user_id': '1211291550241570818', 'username': 'newsphh'}]",,,,
1273462606259347457,1273462606259347457,1592452119000,2020-06-18,09:18:39,IST,1211291550241570818,newsphh,News PHH (PunjabHaryanaHimachal),,"क्या भारतीय नागरिकों को भी चीनी सामान का बॉयकॉट कर चीन के खिलाफ लड़ाई में अपना योगदान देना चाहिए ?
#NewsPHH #Punjab #Haryana #Himachal #Chandigarh #Amritsar #Patiala @Mansa #Karnal #Rohtak #Hisar #Shimla #Solan #Kangra #Unlock1 #Stayathome",['mansa'],[],[],0,3,1,"['#newsphh', '#punjab', '#haryana', '#himachal', '#chandigarh', '#amritsar', '#patiala', '#karnal', '#rohtak', '#hisar', '#shimla', '#solan', '#kangra', '#unlock1', '#stayathome']",[],https://twitter.com/newsphh/status/1273462606259347457,False,,0,,,,,,,"[{'user_id': '1211291550241570818', 'username': 'newsphh'}, {'user_id': '18859370', 'username': 'Mansa'}]",,,,
1272732653037383680,1272732653037383680,1592278085000,2020-06-16,08:58:05,IST,1211291550241570818,newsphh,News PHH (PunjabHaryanaHimachal),,"क्या कोरोना काल में लोगों को तनाव मुक्त रखने के लिए भी कैंपेन चलानी चाहिए ?
#NewsPHH #Punjab #Haryana #Himachal #Chandigarh #Amritsar #Jalandhar #Muktsar #Mansa #Karnal #Sirsa #Hisar #Gurgram #Shimla #Solan #Chamba #Kangra #Mandi #Unlock1 #TuesdayMorning",[],[],[],0,5,1,"['#newsphh', '#punjab', '#haryana', '#himachal', '#chandigarh', '#amritsar', '#jalandhar', '#muktsar', '#mansa', '#karnal', '#sirsa', '#hisar', '#gurgram', '#shimla', '#solan', '#chamba', '#kangra', '#mandi', '#unlock1', '#tuesdaymorning']",[],https://twitter.com/newsphh/status/1272732653037383680,False,,0,,,,,,,"[{'user_id': '1211291550241570818', 'username': 'newsphh'}]",,,,
1271009121710424065,1271009121710424065,1591867163000,2020-06-11,14:49:23,IST,4752707640,robchandigarh,ROB Chandigarh,,"In #Haryana, Four-laning work of the Karnal-Jind National Highway has resumed after most of the #lockdown restrictions are lifted by the government.

#Unlock1
#IndiaFightsCOVID19 pic.twitter.com/lPx42My90h",[],[],"['https://pbs.twimg.com/media/EaOIB24UwAE0r6E.jpg', 'https://pbs.twimg.com/media/EaOIDBSUYAIFF1V.jpg']",0,12,21,"['#haryana', '#lockdown', '#unlock1', '#indiafightscovid19']",[],https://twitter.com/ROBChandigarh/status/1271009121710424065,False,,0,,,,,,,"[{'user_id': '4752707640', 'username': 'ROBChandigarh'}]",,,,
1270959537873289222,1270959537873289222,1591855341000,2020-06-11,11:32:21,IST,902151402964738051,pibshimla,PIB in Himachal Pradesh,,"In #Haryana, Four-laning work of the Karnal-Jind National Highway has resumed after most of the #lockdown restrictions are lifted by the government.

#Unlock1
#IndiaFightsCOVID19 pic.twitter.com/KS5HXB8mo3",[],[],"['https://pbs.twimg.com/media/EaNa2PsU4AAiWk1.jpg', 'https://pbs.twimg.com/media/EaNa25qUcAIlCID.jpg']",0,1,0,"['#haryana', '#lockdown', '#unlock1', '#indiafightscovid19']",[],https://twitter.com/PIBShimla/status/1270959537873289222,False,,0,,,,,,,"[{'user_id': '902151402964738051', 'username': 'PIBShimla'}]",,,,
1270949889044672513,1270949889044672513,1591853041000,2020-06-11,10:54:01,IST,567278796,pibchandigarh,PIB in Chandigarh,,"In #Haryana, Four-laning work of the Karnal-Jind National Highway has resumed after most of the #lockdown restrictions are lifted by the government.

#Unlock1
#IndiaFightsCOVID19 pic.twitter.com/eUk32kBulY",[],[],"['https://pbs.twimg.com/media/EaNR-wFUwAEfUkD.jpg', 'https://pbs.twimg.com/media/EaNR-wFUYAEOPNg.jpg']",3,7,73,"['#haryana', '#lockdown', '#unlock1', '#indiafightscovid19']",[],https://twitter.com/PIBChandigarh/status/1270949889044672513,False,,0,,,,,,,"[{'user_id': '567278796', 'username': 'PIBChandigarh'}]",,,,
1266730057575342080,1266730057575342080,1590846955000,2020-05-30,19:25:55,IST,1242758856754651136,emojiwalaman,EmojiMan,,A friend of mine wants to go home back Delhi from Karnal can he go? #unlock1,[],[],[],0,0,0,['#unlock1'],[],https://twitter.com/EmojiwalaMan/status/1266730057575342080,False,,0,,,,,,,"[{'user_id': '1242758856754651136', 'username': 'EmojiwalaMan'}]",,,,
