id,conversation_id,created_at,date,time,timezone,user_id,username,name,place,tweet,mentions,urls,photos,replies_count,retweets_count,likes_count,hashtags,cashtags,link,retweet,quote_url,video,near,geo,source,user_rt_id,user_rt,retweet_id,reply_to,retweet_date,translate,trans_src,trans_dest
1277691480010829829,1277691480010829829,1593460361000,2020-06-30,01:22:41,IST,925971044728496128,dc_faridabad,DC Faridabad,,"📍Supporting each other is important to build a strong community. Let us support, and not stigmatize.

#TogetherAgainstCovid19 #HealthForAll #SwasthaBharat #CoronaOutbreak #Unlock1 #IndiaFightsCorona pic.twitter.com/hFTRn5h1B2",[],[],['https://pbs.twimg.com/media/EbtFfvGWoAAcAfi.jpg'],1,7,22,"['#togetheragainstcovid19', '#healthforall', '#swasthabharat', '#coronaoutbreak', '#unlock1', '#indiafightscorona']",[],https://twitter.com/DC_Faridabad/status/1277691480010829829,False,,0,,,,,,,"[{'user_id': '925971044728496128', 'username': 'DC_Faridabad'}]",,,,
1277516290677182464,1277516290677182464,1593418593000,2020-06-29,13:46:33,IST,925971044728496128,dc_faridabad,DC Faridabad,,"Always remember and follow these COVID Appropriate Behaviours. Share this information and help us to help you.

#BadalkarApnaVyavaharKareinCoronaParVar #TogetherAgainstCovid19 #HealthForAll #SwasthaBharat #CoronaOutbreak #Unlock1 #IndiaFightsCorona pic.twitter.com/fQUQ1XazeE",[],[],['https://pbs.twimg.com/media/EbqmSQ1WsAALtob.jpg'],0,4,19,"['#badalkarapnavyavaharkareincoronaparvar', '#togetheragainstcovid19', '#healthforall', '#swasthabharat', '#coronaoutbreak', '#unlock1', '#indiafightscorona']",[],https://twitter.com/DC_Faridabad/status/1277516290677182464,False,,0,,,,,,,"[{'user_id': '925971044728496128', 'username': 'DC_Faridabad'}]",,,,
1277277226434736129,1277277226434736129,1593361596000,2020-06-28,21:56:36,IST,925971044728496128,dc_faridabad,DC Faridabad,,"✅ Say “NO” to handshake, hugs and high-fives to stay protected from #COVID19.

#BadalkarApnaVyavaharKareinCoronaParVaar #TogetherAgainstCovid19 #HealthForAll #SwasthaBharat #CoronaOutbreak #Unlock1 #IndiaFightsCorona pic.twitter.com/YQJ4mwpNrR",[],[],['https://pbs.twimg.com/media/EbnM2z7WAAANVe_.jpg'],0,10,22,"['#covid19', '#badalkarapnavyavaharkareincoronaparvaar', '#togetheragainstcovid19', '#healthforall', '#swasthabharat', '#coronaoutbreak', '#unlock1', '#indiafightscorona']",[],https://twitter.com/DC_Faridabad/status/1277277226434736129,False,,0,,,,,,,"[{'user_id': '925971044728496128', 'username': 'DC_Faridabad'}]",,,,
1277189866262913024,1277189866262913024,1593340767000,2020-06-28,16:09:27,IST,3989159413,zee_hindustan,ZEE HINDUSTAN,,"केंद्र सरकार द्वारा जारी मानक संचालन प्रक्रिया (SOP) के बाद 1 July से #Gurugram और #Faridabad जिलों में शॉपिंग मॉल फिर से खुलेंगे: Haryana government 

#CoronavirusPandemic #Unlock1
@cmohry @mlkhattar @PMOIndia @BJP4Haryana","['cmohry', 'mlkhattar', 'pmoindia', 'bjp4haryana']",[],[],0,0,0,"['#gurugram', '#faridabad', '#coronaviruspandemic', '#unlock1']",[],https://twitter.com/Zee_Hindustan/status/1277189866262913024,False,,0,,,,,,,"[{'user_id': '3989159413', 'username': 'Zee_Hindustan'}, {'user_id': '2919390704', 'username': 'cmohry'}, {'user_id': '295833852', 'username': 'mlkhattar'}, {'user_id': '471741741', 'username': 'PMOIndia'}, {'user_id': '287602729', 'username': 'BJP4Haryana'}]",,,,
1277157285505175553,1277157285505175553,1593332999000,2020-06-28,13:59:59,IST,925971044728496128,dc_faridabad,DC Faridabad,,"📌 Maintain safe distance from each other. Share this information and help us to help you.

#BadalkarApnaVyavaharKareinCoronaParVaar #TogetherAgainstCovid19 #HealthForAll #SwasthaBharat #CoronaOutbreak #Unlock1 #IndiaFightsCorona pic.twitter.com/HtbknSDCnY",[],[],['https://pbs.twimg.com/media/EblfxihXQAEtSPS.jpg'],1,8,26,"['#badalkarapnavyavaharkareincoronaparvaar', '#togetheragainstcovid19', '#healthforall', '#swasthabharat', '#coronaoutbreak', '#unlock1', '#indiafightscorona']",[],https://twitter.com/DC_Faridabad/status/1277157285505175553,False,,0,,,,,,,"[{'user_id': '925971044728496128', 'username': 'DC_Faridabad'}]",,,,
1276914147129614336,1276914147129614336,1593275031000,2020-06-27,21:53:51,IST,925971044728496128,dc_faridabad,DC Faridabad,,"घर पर बने पुनः उपयोग होने वाले फेस कवर/मास्क का दोबारा इस्तेमाल करने से पहले उसे अच्छे से धोएं। खुद की सुरक्षा के लिए दो फेस कवर/मास्क रखें। बदलकर अपना व्यवहार, करें कोरोना पर वार।

#HealthForAll #SwasthaBharat #CoronaOutbreak #Unlock1 #TogetherAgainstCovid19 #IndiaFightsCorona pic.twitter.com/jTJkuOIh0e",[],[],['https://pbs.twimg.com/media/EbiCokpXsAYbC5v.jpg'],0,7,36,"['#healthforall', '#swasthabharat', '#coronaoutbreak', '#unlock1', '#togetheragainstcovid19', '#indiafightscorona']",[],https://twitter.com/DC_Faridabad/status/1276914147129614336,False,,0,,,,,,,"[{'user_id': '925971044728496128', 'username': 'DC_Faridabad'}]",,,,
1276580187119984648,1276580187119984648,1593195408000,2020-06-26,23:46:48,IST,925971044728496128,dc_faridabad,DC Faridabad,,"📍Take good care of elderly and monitor their health regularly. Call 1075 or 1950 to report in case of any symptoms.

#BadalkarApnaVyavaharKareinCoronaParVaar #HealthForAll #SwasthaBharat #CoronaOutbreak #Unlock1 #TogetherAgainstCovid19 #IndiaFightsCorona pic.twitter.com/2UNvcnGA9C",[],[],['https://pbs.twimg.com/media/EbdS6CWU8AAV_2p.jpg'],2,8,24,"['#badalkarapnavyavaharkareincoronaparvaar', '#healthforall', '#swasthabharat', '#coronaoutbreak', '#unlock1', '#togetheragainstcovid19', '#indiafightscorona']",[],https://twitter.com/DC_Faridabad/status/1276580187119984648,False,,0,,,,,,,"[{'user_id': '925971044728496128', 'username': 'DC_Faridabad'}]",,,,
1276496418199367681,1276496418199367681,1593175436000,2020-06-26,18:13:56,IST,925971044728496128,dc_faridabad,DC Faridabad,,"घर पर बना पुनः उपयोग वाला फेस कवर/मास्क हर समय पहनें। इसे साफ रखें और पुनः उपयोग से पहले अच्छी तरह से धोएं। बदलकर अपना व्यवहार, करें कोरोना पर वार। 

#HealthForAll #SwasthaBharat #CoronaOutbreak #Unlock1 #TogetherAgainstCOVID19 #IndiaFightsCorona pic.twitter.com/2eDnwm35pD",[],[],"['https://pbs.twimg.com/media/EbcGs8qX0AESWW-.jpg', 'https://pbs.twimg.com/media/EbcGt7uWsAAc-hn.jpg']",0,7,29,"['#healthforall', '#swasthabharat', '#coronaoutbreak', '#unlock1', '#togetheragainstcovid19', '#indiafightscorona']",[],https://twitter.com/DC_Faridabad/status/1276496418199367681,False,,0,,,,,,,"[{'user_id': '925971044728496128', 'username': 'DC_Faridabad'}]",,,,
1276228086774677505,1276228086774677505,1593111461000,2020-06-26,00:27:41,IST,978609781782048768,dipro_faridabad,DIPRO Faridabad,,"हर समय इन आवश्यक वस्तुओं को अपने साथ रखें और #COVID19 के संक्रमण से खुद को और दूसरों को सुरक्षित रखें। 

बदलकर अपना व्यवहार, करें कोरोना पर वार।

#HealthForAll #SwasthaBharat #CoronaOutbreak #Unlock1 #TogetherAgainstCovid19 #IndiaFightsCorona pic.twitter.com/OgAHM7Z306",[],[],"['https://pbs.twimg.com/media/EbYSqU7WsAE3YJf.jpg', 'https://pbs.twimg.com/media/EbYSrB4XgAIwwPf.jpg']",0,9,32,"['#covid19', '#healthforall', '#swasthabharat', '#coronaoutbreak', '#unlock1', '#togetheragainstcovid19', '#indiafightscorona']",[],https://twitter.com/DIPRO_Faridabad/status/1276228086774677505,False,,0,,,,,,,"[{'user_id': '978609781782048768', 'username': 'DIPRO_Faridabad'}]",,,,
1275509921782652929,1275509921782652929,1592940237000,2020-06-24,00:53:57,IST,925971044728496128,dc_faridabad,DC Faridabad,,"घर पर बना पुन: उपयोग वाला फेस कवर/मास्क पहनने के सही तरीका के बारे में जानें। इस जानकारी को साझा करें और अपनी सुरक्षा के लिए हमारी मदद करें।

बदलकर अपना व्यवहार, करें कोरोना पर वार।

#HealthForAll #SwasthaBharat #CoronaOutbreak #Unlock1 #TogetherAgainstCovid19 #IndiaFightsCorona pic.twitter.com/z8u27mmhoL",[],[],['https://pbs.twimg.com/media/EbOFgGGXgAIbD_k.jpg'],0,9,34,"['#healthforall', '#swasthabharat', '#coronaoutbreak', '#unlock1', '#togetheragainstcovid19', '#indiafightscorona']",[],https://twitter.com/DC_Faridabad/status/1275509921782652929,False,,0,,,,,,,"[{'user_id': '925971044728496128', 'username': 'DC_Faridabad'}]",,,,
1274724150519554049,1274724150519554049,1592752895000,2020-06-21,20:51:35,IST,925971044728496128,dc_faridabad,DC Faridabad,,"अपने लक्षणों को छिपाएँ नहीं। अगर आपमें इनमें 👇 से कोई लक्षण हैं, तत्काल जानकारी दें।

जिला प्रशासन, फरीदाबाद #COVID हेल्पलाइन 1950 दिन रात आपकी सेवा में है।

#TogetherAgainstCovid19 #HealthForAll #SwasthaBharat #CoronaOutbreak #Unlock1 #IndiaFightsCorona pic.twitter.com/ywXlSZMHKA",[],[],['https://pbs.twimg.com/media/EbC6093X0AACfV8.jpg'],6,17,84,"['#covid', '#togetheragainstcovid19', '#healthforall', '#swasthabharat', '#coronaoutbreak', '#unlock1', '#indiafightscorona']",[],https://twitter.com/DC_Faridabad/status/1274724150519554049,False,,0,,,,,,,"[{'user_id': '925971044728496128', 'username': 'DC_Faridabad'}]",,,,
1274699259984711682,1274699259984711682,1592746961000,2020-06-21,19:12:41,IST,925971044728496128,dc_faridabad,DC Faridabad,,"बुज़ुर्गों की विशेष तौर पर देखभाल करें और उनके स्वास्थ्य पर नियमित रूप से निगरानी रखें। किसी भी तरह के लक्षण महसूस होने पर 1950 या 0129-2221000 पर कॉल करें। बदलकर अपना व्यवहार, करें कोरोना पर वार।

#HealthForAll #SwasthaBharat #CoronaOutbreak #Unlock1 #IndiaFightsCorona pic.twitter.com/NhFhjqJY90",[],[],['https://pbs.twimg.com/media/EbCkNioXkAEZMZE.jpg'],1,7,26,"['#healthforall', '#swasthabharat', '#coronaoutbreak', '#unlock1', '#indiafightscorona']",[],https://twitter.com/DC_Faridabad/status/1274699259984711682,False,,0,,,,,,,"[{'user_id': '925971044728496128', 'username': 'DC_Faridabad'}]",,,,
1273832851083898882,1273832851083898882,1592540393000,2020-06-19,09:49:53,IST,1211291550241570818,newsphh,News PHH (PunjabHaryanaHimachal),,"क्या देश आत्मनिर्भरता की ओर बढ़ रहा है ?
#NewsPHH #Punjab #Haryana #Himachal #Chandigarh #Amritsar #Jalandhar #Patiala #Mansa #Mohali #Karnal #Faridabad #Hisar #Rohtak #Sirsa #Bhiwani #Shimla #Solan #Kangra #Mandi #Kullu #Unlock1 #FridayMorning",[],[],[],0,3,1,"['#newsphh', '#punjab', '#haryana', '#himachal', '#chandigarh', '#amritsar', '#jalandhar', '#patiala', '#mansa', '#mohali', '#karnal', '#faridabad', '#hisar', '#rohtak', '#sirsa', '#bhiwani', '#shimla', '#solan', '#kangra', '#mandi', '#kullu', '#unlock1', '#fridaymorning']",[],https://twitter.com/newsphh/status/1273832851083898882,False,,0,,,,,,,"[{'user_id': '1211291550241570818', 'username': 'newsphh'}]",,,,
1270564465759662081,1270564465759662081,1591761149000,2020-06-10,09:22:29,IST,2532654728,rajkverma4,Raj Verma,,"फरीदाबाद जिला प्रशासन ने भी जिले में सैलून, रेस्टॉरेन्ट और होटल सशर्त खोलने की अनुमति दे दी है । इस से पहले इन पर पाबंदी रखी गई थी । फरीदाबाद में भी तेजी से बढ़ रहा है #COVID__19
#Unlock1 #StayAlert
@indianews_hr @SavalRohit @DC_Faridabad @yashpalmurar pic.twitter.com/ojHT3SfNvc","['indianews_hr', 'savalrohit', 'dc_faridabad', 'yashpalmurar']",[],['https://pbs.twimg.com/media/EaHzo5tU8AAVOz3.jpg'],0,1,8,"['#covid__19', '#unlock1', '#stayalert']",[],https://twitter.com/RajKVerma4/status/1270564465759662081,False,,0,,,,,,,"[{'user_id': '2532654728', 'username': 'RajKVerma4'}, {'user_id': '2958363234', 'username': 'indianews_hr'}, {'user_id': '4924555812', 'username': 'SavalRohit'}, {'user_id': '925971044728496128', 'username': 'DC_Faridabad'}, {'user_id': '2454512305', 'username': 'yashpalmurar'}]",,,,
1270448402472599553,1270448402472599553,1591733477000,2020-06-10,01:41:17,IST,925971044728496128,dc_faridabad,DC Faridabad,,"Here are the #NewNormal etiquettes for students at schools/colleges to follow during #Unlock1. Follow these & Stay Safe...!!

#IndiaFightsCorona pic.twitter.com/hQ5C0JKwEJ",[],[],"['https://pbs.twimg.com/media/EaGKD7HWkAM6sro.jpg', 'https://pbs.twimg.com/media/EaGKE9CXsAEBuJi.jpg']",8,5,36,"['#newnormal', '#unlock1', '#indiafightscorona']",[],https://twitter.com/DC_Faridabad/status/1270448402472599553,False,,0,,,,,,,"[{'user_id': '925971044728496128', 'username': 'DC_Faridabad'}]",,,,
1270211716136173568,1270211716136173568,1591677047000,2020-06-09,10:00:47,IST,2532654728,rajkverma4,Raj Verma,,"जरूरत पड़ने पर फिर सील किए जा सकते है इंटरस्टेट बॉर्डर - @anilvijminister 
गुरुग्राम सहित हरियाणा में तेजी से पैर पसार रहा है #Covid_19
👉आप अपनी राय जरूर दें...

#InterStateBorder #Unlock1
@cmohry @DC_Gurugram @DC_Faridabad @Dchautala","['anilvijminister', 'cmohry', 'dc_gurugram', 'dc_faridabad', 'dchautala']",[],[],20,6,45,"['#covid_19', '#interstateborder', '#unlock1']",[],https://twitter.com/RajKVerma4/status/1270211716136173568,False,,0,,,,,,,"[{'user_id': '2532654728', 'username': 'RajKVerma4'}, {'user_id': '317832990', 'username': 'anilvijminister'}, {'user_id': '2919390704', 'username': 'cmohry'}, {'user_id': '904450515240599552', 'username': 'DC_Gurugram'}, {'user_id': '925971044728496128', 'username': 'DC_Faridabad'}, {'user_id': '193616873', 'username': 'Dchautala'}]",,,,
1269910097292980229,1269910097292980229,1591605135000,2020-06-08,14:02:15,IST,134007890,siddharth_sss,Siddharth Singh,,"People from Gurugram, Faridabad, Ghaziabad and Noida entering Delhi after CM  #ArvindKejriwal announced opening of Delhi’s border #Unlock1 #unlock2 pic.twitter.com/UHyMB2hje5",[],[],['https://pbs.twimg.com/media/EZ-gfpsU4AAyU5o.jpg'],0,0,6,"['#arvindkejriwal', '#unlock1', '#unlock2']",[],https://twitter.com/Siddharth_sss/status/1269910097292980229,False,,0,,,,,,,"[{'user_id': '134007890', 'username': 'Siddharth_sss'}]",,,,
1269522109535059968,1269522109535059968,1591512632000,2020-06-07,12:20:32,IST,718866714969055233,sabkuchgyan,sabkuchgyan,,"अनलॉक 1: 8 जून से हरियाणा में शॉपिंग मॉल और होटल में इन दो बड़ी जगहों पर नहीं मिलेगी छूट
#Unlock1 #Gurugram #Faridabad #Haryana https://www.sabkuchgyan.com/%e0%a4%85%e0%a4%a8%e0%a4%b2%e0%a5%89%e0%a4%95-1-8-%e0%a4%9c%e0%a5%82%e0%a4%a8-%e0%a4%b8%e0%a5%87-%e0%a4%b9%e0%a4%b0%e0%a4%bf%e0%a4%af%e0%a4%be%e0%a4%a3%e0%a4%be-%e0%a4%ae%e0%a5%87%e0%a4%82-%e0%a4%b6/ …",[],['https://www.sabkuchgyan.com/%e0%a4%85%e0%a4%a8%e0%a4%b2%e0%a5%89%e0%a4%95-1-8-%e0%a4%9c%e0%a5%82%e0%a4%a8-%e0%a4%b8%e0%a5%87-%e0%a4%b9%e0%a4%b0%e0%a4%bf%e0%a4%af%e0%a4%be%e0%a4%a3%e0%a4%be-%e0%a4%ae%e0%a5%87%e0%a4%82-%e0%a4%b6/'],[],0,0,0,"['#unlock1', '#gurugram', '#faridabad', '#haryana']",[],https://twitter.com/sabkuchgyan/status/1269522109535059968,False,,0,,,,,,,"[{'user_id': '718866714969055233', 'username': 'sabkuchgyan'}]",,,,
1269520475798925313,1269520475798925313,1591512242000,2020-06-07,12:14:02,IST,1218409320326422529,stvharyananews1,STV Haryana News,,"#बड़ी_बहस : 8 जून से प्रदेश होगा अनलॉक!.. गुरुग्राम और फरीदाबाद में सख्ती जारी ?
#Unlock1
#Lockdown5
#Gurugram
#Faridabad
@gurgaonpolice
@FBDPolice
 https://youtu.be/_WEBZUJtDC0  pic.twitter.com/bS7hcroh7y","['gurgaonpolice', 'fbdpolice']",['https://youtu.be/_WEBZUJtDC0'],['https://pbs.twimg.com/media/EZ4-CRiU4AEaOap.png'],0,0,0,"['#बड़ी_बहस', '#unlock1', '#lockdown5', '#gurugram', '#faridabad']",[],https://twitter.com/StvHaryananews1/status/1269520475798925313,False,,0,,,,,,,"[{'user_id': '1218409320326422529', 'username': 'StvHaryananews1'}, {'user_id': '2538968462', 'username': 'gurgaonpolice'}, {'user_id': '711865629834260480', 'username': 'FBDPolice'}]",,,,
1269506125591789568,1269506125591789568,1591508821000,2020-06-07,11:17:01,IST,748801729,bagishjhatoi,Bagish K Jha,,"Religious places, hotels & malls in Gurgaon & Faridabad will continue to remain shut, after June 8, in view of rising number of #Covid19 cases. Other districts of Haryana to open these establishments under #Unlock1",[],[],[],0,2,3,"['#covid19', '#unlock1']",[],https://twitter.com/bagishjhaTOI/status/1269506125591789568,False,,0,,,,,,,"[{'user_id': '748801729', 'username': 'bagishjhaTOI'}]",,,,
1269483066331930624,1269483066331930624,1591503323000,2020-06-07,09:45:23,IST,36327407,httweets,Hindustan Times,,"#Unlock1 | Shopping malls in Haryana's Gurugram and Faridabad won't open for now. 

Central government has allowed many public places to reopen from June 8 under Unlock 1.  pic.twitter.com/sLFe6sRknM",[],[],[],0,6,46,['#unlock1'],[],https://twitter.com/htTweets/status/1269483066331930624,False,,1,,,,,,,"[{'user_id': '36327407', 'username': 'htTweets'}]",,,,
1269477100659957760,1269477100659957760,1591501901000,2020-06-07,09:21:41,IST,896740409346371584,editorji,editorji,,Malls and temples will not reopen in Gurgaon and Faridabad from June 8 #Unlock1 #Covid_19  https://www.edtr.ai/nfb ,[],['https://www.edtr.ai/nfb'],[],0,5,8,"['#unlock1', '#covid_19']",[],https://twitter.com/editorji/status/1269477100659957760,False,,0,,,,,,,"[{'user_id': '896740409346371584', 'username': 'editorji'}]",,,,
1269306811494039553,1269306811494039553,1591461301000,2020-06-06,22:05:01,IST,22763833,outlookindia,Outlook Magazine,,"Shopping malls and places of worship will not reopen for the public in #Gurgaon and #Faridabad districts of Haryana, which have been worst-hit by #COVID19. 
#Unlock1  https://www.outlookindia.com/website/story/india-news-malls-religious-places-not-to-open-in-gurgaon-faridabad-haryana-minister-anil-vij/354277 …",[],['https://www.outlookindia.com/website/story/india-news-malls-religious-places-not-to-open-in-gurgaon-faridabad-haryana-minister-anil-vij/354277'],[],0,0,3,"['#gurgaon', '#faridabad', '#covid19', '#unlock1']",[],https://twitter.com/Outlookindia/status/1269306811494039553,False,,0,,,,,,,"[{'user_id': '22763833', 'username': 'Outlookindia'}]",,,,
1269305816227573760,1269305816227573760,1591461063000,2020-06-06,22:01:03,IST,2525233441,pcmeenaias,PC Meena IAS,,"#Haryana has decided to open certain activities from 8 June in regulated &restricted manner with all public health measures.
▫️Hotel/Restaurants/Hospitality services in state. Restaurant with 50 % capacity.
▫️Shopping Malls & Religious places except Gurugram & Faridabad
#Unlock1",[],[],[],4,8,67,"['#haryana', '#unlock1']",[],https://twitter.com/pcmeenaIAS/status/1269305816227573760,False,,0,,,,,,,"[{'user_id': '2525233441', 'username': 'pcmeenaIAS'}]",,,,
1269303028588244994,1269283893707804673,1591460399000,2020-06-06,21:49:59,IST,3853679416,_aakashsingh,AAKASH,,"So much for #Unlock1,@ArvindKejriwal @msisodia you are responsible for this mess,do something or this is going to get worse. #Haryana learn from #Delhi #mumbai mistakes before it gets worse. @anilvijminister @mlkhattar @Rao_InderjitS #Gurugram #Delhi @sudhirsinglabjp #Faridabad","['rajkverma4', 'aamaadmiparty', 'arvindkejriwal', 'msisodia', 'anilvijminister', 'mlkhattar', 'rao_inderjits', 'sudhirsinglabjp']",[],[],0,0,1,"['#unlock1', '#haryana', '#delhi', '#mumbai', '#gurugram', '#delhi', '#faridabad']",[],https://twitter.com/_AAKASHSINGH/status/1269303028588244994,False,,0,,,,,,,"[{'user_id': '3853679416', 'username': '_AAKASHSINGH'}, {'user_id': '2532654728', 'username': 'RajKVerma4'}, {'user_id': '711694309', 'username': 'AamAadmiParty'}, {'user_id': '405427035', 'username': 'ArvindKejriwal'}, {'user_id': '30417501', 'username': 'msisodia'}, {'user_id': '317832990', 'username': 'anilvijminister'}, {'user_id': '295833852', 'username': 'mlkhattar'}, {'user_id': '2383466154', 'username': 'Rao_InderjitS'}, {'user_id': '1179745556324728833', 'username': 'sudhirsinglabjp'}]",,,,
1269277581271916544,1269277581271916544,1591454332000,2020-06-06,20:08:52,IST,39240673,abpnews,ABP News,,"#Unlock1: #Haryana Govt Allows Shopping Malls, Except In Gurugram And Faridabad, To Reopen From June 8

Details:  https://news.abplive.com/news/india/unlock-1-haryana-govt-allows-shopping-malls-except-in-gurugram-and-faridabad-to-reopen-from-june-8-1253891 … pic.twitter.com/SmuTdKpOCY",[],['https://news.abplive.com/news/india/unlock-1-haryana-govt-allows-shopping-malls-except-in-gurugram-and-faridabad-to-reopen-from-june-8-1253891'],['https://pbs.twimg.com/media/EZ1hOf4UwAE_Orm.jpg'],4,8,130,"['#unlock1', '#haryana']",[],https://twitter.com/ABPNews/status/1269277581271916544,False,,0,,,,,,,"[{'user_id': '39240673', 'username': 'ABPNews'}]",,,,
1269238227392593923,1269238227392593923,1591444949000,2020-06-06,17:32:29,IST,2512460383,toigurgaon,TOI Gurgaon,,"Religious places, malls not to be opened in Gurugram and Faridabad. #Unlock1 #CoronavirusOutbreak #Haryana",[],[],[],12,35,98,"['#unlock1', '#coronavirusoutbreak', '#haryana']",[],https://twitter.com/TOIGurgaon/status/1269238227392593923,False,,0,,,,,,,"[{'user_id': '2512460383', 'username': 'TOIGurgaon'}]",,,,
1269236812121206785,1269236812121206785,1591444611000,2020-06-06,17:26:51,IST,1174378753025142785,thegurugramnews,Gurugram News,,"#Gurugram #Faridabad में 8 जून से नहीं खुलेंगे मॉल, मंदिर और मस्जिद । रेस्तरां को भी खुलने की इजाज़त नहीं । @cmohry और @Dchautala के साथ बैठक में लिया गया फैसला ।

#unlockone
#Unlock1 #StayHome #Lockdown5 pic.twitter.com/e00tBTORFf","['cmohry', 'dchautala']",[],['https://pbs.twimg.com/media/EZ08JF9U0AEqmlc.jpg'],2,1,6,"['#gurugram', '#faridabad', '#unlockone', '#unlock1', '#stayhome', '#lockdown5']",[],https://twitter.com/TheGurugramNews/status/1269236812121206785,False,,0,,,,,,,"[{'user_id': '1174378753025142785', 'username': 'TheGurugramNews'}, {'user_id': '2919390704', 'username': 'cmohry'}, {'user_id': '193616873', 'username': 'Dchautala'}]",,,,
1269234596807241730,1269234596807241730,1591444083000,2020-06-06,17:18:03,IST,140761905,dharamvirnews,Dharamvir Sharma,,#Gurugram #Faridabad में #Unlock1 में 8 जून से मिलने वाली छूट में धार्मिक संस्थान और शॉपिंग मॉल नही खुलेंगे -#दुष्यंत चौटाला @DC_Gurugram @diprogurugram1 @DiprHaryana @Dchautala @mlkhattar @DC_Faridabad @yashpalmurar @News18Haryana @sonalgoelias,"['dc_gurugram', 'diprogurugram1', 'diprharyana', 'dchautala', 'mlkhattar', 'dc_faridabad', 'yashpalmurar', 'news18haryana', 'sonalgoelias']",[],[],3,6,23,"['#gurugram', '#faridabad', '#unlock1', '#दुष्यंत']",[],https://twitter.com/DharamvirNews/status/1269234596807241730,False,,0,,,,,,,"[{'user_id': '140761905', 'username': 'DharamvirNews'}, {'user_id': '904450515240599552', 'username': 'DC_Gurugram'}, {'user_id': '1728051986', 'username': 'diprogurugram1'}, {'user_id': '1212968650304446464', 'username': 'DiprHaryana'}, {'user_id': '193616873', 'username': 'Dchautala'}, {'user_id': '295833852', 'username': 'mlkhattar'}, {'user_id': '925971044728496128', 'username': 'DC_Faridabad'}, {'user_id': '2454512305', 'username': 'yashpalmurar'}, {'user_id': '2470573591', 'username': 'News18Haryana'}, {'user_id': '356367350', 'username': 'sonalgoelias'}]",,,,
1268734521563725824,1268734521563725824,1591324856000,2020-06-05,08:10:56,IST,2532654728,rajkverma4,Raj Verma,,"#COVID19 हरियाणा के सबसे कम और सबसे ज्यादा एक्टिव मामलों वाले जिले 👇
😇यमुनानगर - 0
😇पंचकूला - 1
😇जींद - 7
😱गुरुग्राम - 1114
😱फरीदाबाद - 344
😱सोनीपत - 102

#FightAgainstCorona #Unlock1
@cmohry @DC_Jind @DC_Gurugram @DC_Faridabad @DC_PANCHKULA @anilvijminister @Dchautala","['cmohry', 'dc_jind', 'dc_gurugram', 'dc_faridabad', 'dc_panchkula', 'anilvijminister', 'dchautala']",[],[],3,3,12,"['#covid19', '#fightagainstcorona', '#unlock1']",[],https://twitter.com/RajKVerma4/status/1268734521563725824,False,,0,,,,,,,"[{'user_id': '2532654728', 'username': 'RajKVerma4'}, {'user_id': '2919390704', 'username': 'cmohry'}, {'user_id': '867065504296386560', 'username': 'DC_Jind'}, {'user_id': '904450515240599552', 'username': 'DC_Gurugram'}, {'user_id': '925971044728496128', 'username': 'DC_Faridabad'}, {'user_id': '1105817718412894208', 'username': 'DC_PANCHKULA'}, {'user_id': '317832990', 'username': 'anilvijminister'}, {'user_id': '193616873', 'username': 'Dchautala'}]",,,,
1268217921383337984,1268217921383337984,1591201689000,2020-06-03,21:58:09,IST,565462327,aayushgoel83,Aayush,,"#BreakingNews #BREAKING
#Haryana reports highest again spike in #coronavirus cases with 302,
269 #COVID19 in NCR districts of which 132 in #Gurugram, 69 in #Faridabad 29 in #Sonipat
#GurugramCoronaBulletin @DC_Gurugram
@MunCorpGurugram @DC_Faridabad @anilvijminister #Unlock1  pic.twitter.com/aJLLIaPc0J","['dc_gurugram', 'muncorpgurugram', 'dc_faridabad', 'anilvijminister']",[],"['https://pbs.twimg.com/media/EZmddDVWoAIeiNJ.jpg', 'https://pbs.twimg.com/media/EZmdd9zWsAEbSMD.jpg']",0,0,0,"['#breakingnews', '#breaking', '#haryana', '#coronavirus', '#covid19', '#gurugram', '#faridabad', '#sonipat', '#gurugramcoronabulletin', '#unlock1']",[],https://twitter.com/aayushgoel83/status/1268217921383337984,False,,0,,,,,,,"[{'user_id': '565462327', 'username': 'aayushgoel83'}, {'user_id': '904450515240599552', 'username': 'DC_Gurugram'}, {'user_id': '731485513484541956', 'username': 'MunCorpGurugram'}, {'user_id': '925971044728496128', 'username': 'DC_Faridabad'}, {'user_id': '317832990', 'username': 'anilvijminister'}]",,,,
1267867328286535683,1267867328286535683,1591118101000,2020-06-02,22:45:01,IST,1266744879071125504,sumit125125,.sumit125125.,,"Faridabad Corona list today cases incres 69 total Case 485
#unlockone #Unlock1 #Faridabad #aajtak #Covid_19 #COVIDIOT pic.twitter.com/KOuXZUkoSS",[],[],['https://pbs.twimg.com/media/EZhemzdUwAE7y3N.jpg'],0,0,2,"['#unlockone', '#unlock1', '#faridabad', '#aajtak', '#covid_19', '#covidiot']",[],https://twitter.com/sumit125125/status/1267867328286535683,False,,0,,,,,,,"[{'user_id': '1266744879071125504', 'username': 'sumit125125'}]",,,,
1267475300558032896,1267475300558032896,1591024634000,2020-06-01,20:47:14,IST,2532654728,rajkverma4,Raj Verma,,"फरीदाबाद में #Unlock1 के दौरान बाजार और अन्य दुकानों को खोलने में नही मिलेगी अतिरिक्त छूट #Lockdown4 में तय किए गए नियम ही रहेंगे लागू । 

#Lockdown5 #StaySafeStayHealthy
@Inkhabar @indianews_hr @SavalRohit @yashpalmurar @DC_Faridabad @FBDPolice @mukki181 @moolchandbjphry","['inkhabar', 'indianews_hr', 'savalrohit', 'yashpalmurar', 'dc_faridabad', 'fbdpolice', 'mukki181', 'moolchandbjphry']",[],[],0,1,17,"['#unlock1', '#lockdown4', '#lockdown5', '#staysafestayhealthy']",[],https://twitter.com/RajKVerma4/status/1267475300558032896,False,,0,,,,,,,"[{'user_id': '2532654728', 'username': 'RajKVerma4'}, {'user_id': '291630681', 'username': 'Inkhabar'}, {'user_id': '2958363234', 'username': 'indianews_hr'}, {'user_id': '4924555812', 'username': 'SavalRohit'}, {'user_id': '2454512305', 'username': 'yashpalmurar'}, {'user_id': '925971044728496128', 'username': 'DC_Faridabad'}, {'user_id': '711865629834260480', 'username': 'FBDPolice'}, {'user_id': '984599558708695041', 'username': 'mukki181'}, {'user_id': '1200759318817042432', 'username': 'moolchandbjphry'}]",,,,
1267472221536018432,1267472221536018432,1591023900000,2020-06-01,20:35:00,IST,2386800769,faihaider,Faizan Haidar ET,,Malls and hotels to remain closed in Faridabad too. Restaurant an open for delivery only. #Unlock1  https://twitter.com/yashpalmurar/status/1267457751090819072 …,[],['https://twitter.com/yashpalmurar/status/1267457751090819072'],[],0,0,2,['#unlock1'],[],https://twitter.com/FaiHaider/status/1267472221536018432,False,https://twitter.com/yashpalmurar/status/1267457751090819072,0,,,,,,,"[{'user_id': '2386800769', 'username': 'FaiHaider'}]",,,,
1267375102116589568,1267375102116589568,1591000745000,2020-06-01,14:09:05,IST,3251528191,tanmoymitra01, Tanmoy Mitra,,"On #day1 of #Unlock1 .0 
#Dehi - #UP ( #UttarPradesh #ghaziabad #noida ) - #Haryana ( #Gurgaon #Faridabad) #border seal issues
#June1st
#June1
#Y2020
#coronavirus #Pandemic @ Steel City,…  https://www.instagram.com/p/CA4s94SJLGPHjez0o9wDT76BOR5bu0jRDE9_A00/?igshid=s8zdq24xxba8 …",[],['https://www.instagram.com/p/CA4s94SJLGPHjez0o9wDT76BOR5bu0jRDE9_A00/?igshid=s8zdq24xxba8'],[],0,0,0,"['#day1', '#unlock1', '#dehi', '#up', '#uttarpradesh', '#ghaziabad', '#noida', '#haryana', '#gurgaon', '#faridabad', '#border', '#june1st', '#june1', '#y2020', '#coronavirus', '#pandemic']",[],https://twitter.com/tanmoymitra01/status/1267375102116589568,False,,0,,,,,,,"[{'user_id': '3251528191', 'username': 'tanmoymitra01'}]",,,,
1267374810092494848,1267374810092494848,1591000676000,2020-06-01,14:07:56,IST,131177766,savingdelhincr,SavingDelhiNCR,,"Delhi Faridabad border

badarpur sarai border today...Long jam for entry checking Id and ES pass
No entry to Delhi and vice versa 

#delhilockdown #Unlock1 #Lockdown5 #Delhi #Faridabad #badarpur pic.twitter.com/Kj3mj7sfdj",[],[],[],1,0,0,"['#delhilockdown', '#unlock1', '#lockdown5', '#delhi', '#faridabad', '#badarpur']",[],https://twitter.com/savingdelhincr/status/1267374810092494848,False,,1,,,,,,,"[{'user_id': '131177766', 'username': 'savingdelhincr'}]",,,,
1266909460188008455,1266909460188008455,1590889728000,2020-05-31,07:18:48,IST,2852865362,saurabhk_verma,saurabh verma,,"Centre allowed inter-state, intra-state movement of people but gave power to States to decide. Economic activities in Delhi-NCR are linked with people living in Noida, Ghaziabad, Gurugram, Faridabad.
Will they open up roads to #Delhi? 

#Unlock1
 pic.twitter.com/W0LvF4ORdm",[],[],"['https://pbs.twimg.com/media/EZTunVtU4AAea1O.jpg', 'https://pbs.twimg.com/media/EZTurDbU4AMm_Kb.jpg', 'https://pbs.twimg.com/media/EZTus4oU8AEUcXE.jpg']",0,0,0,"['#delhi', '#unlock1']",[],https://twitter.com/saurabhk_verma/status/1266909460188008455,False,,0,,,,,,,"[{'user_id': '2852865362', 'username': 'saurabhk_verma'}]",,,,
1266753089454788609,1266753089454788609,1590852446000,2020-05-30,20:57:26,IST,530975008,pun0ti,Pun0ti,,"Gurugram & Faridabad in #unlock1 

Good - Both are in Haryana
Bad - Both share border with Delhi",[],[],[],0,0,0,['#unlock1'],[],https://twitter.com/pun0ti/status/1266753089454788609,False,,0,,,,,,,"[{'user_id': '530975008', 'username': 'pun0ti'}]",,,,
