id,conversation_id,created_at,date,time,timezone,user_id,username,name,place,tweet,mentions,urls,photos,replies_count,retweets_count,likes_count,hashtags,cashtags,link,retweet,quote_url,video,near,geo,source,user_rt_id,user_rt,retweet_id,reply_to,retweet_date,translate,trans_src,trans_dest
1273832851083898882,1273832851083898882,1592540393000,2020-06-19,09:49:53,IST,1211291550241570818,newsphh,News PHH (PunjabHaryanaHimachal),,"क्या देश आत्मनिर्भरता की ओर बढ़ रहा है ?
#NewsPHH #Punjab #Haryana #Himachal #Chandigarh #Amritsar #Jalandhar #Patiala #Mansa #Mohali #Karnal #Faridabad #Hisar #Rohtak #Sirsa #Bhiwani #Shimla #Solan #Kangra #Mandi #Kullu #Unlock1 #FridayMorning",[],[],[],0,3,1,"['#newsphh', '#punjab', '#haryana', '#himachal', '#chandigarh', '#amritsar', '#jalandhar', '#patiala', '#mansa', '#mohali', '#karnal', '#faridabad', '#hisar', '#rohtak', '#sirsa', '#bhiwani', '#shimla', '#solan', '#kangra', '#mandi', '#kullu', '#unlock1', '#fridaymorning']",[],https://twitter.com/newsphh/status/1273832851083898882,False,,0,,,,,,,"[{'user_id': '1211291550241570818', 'username': 'newsphh'}]",,,,
1272732653037383680,1272732653037383680,1592278085000,2020-06-16,08:58:05,IST,1211291550241570818,newsphh,News PHH (PunjabHaryanaHimachal),,"क्या कोरोना काल में लोगों को तनाव मुक्त रखने के लिए भी कैंपेन चलानी चाहिए ?
#NewsPHH #Punjab #Haryana #Himachal #Chandigarh #Amritsar #Jalandhar #Muktsar #Mansa #Karnal #Sirsa #Hisar #Gurgram #Shimla #Solan #Chamba #Kangra #Mandi #Unlock1 #TuesdayMorning",[],[],[],0,5,1,"['#newsphh', '#punjab', '#haryana', '#himachal', '#chandigarh', '#amritsar', '#jalandhar', '#muktsar', '#mansa', '#karnal', '#sirsa', '#hisar', '#gurgram', '#shimla', '#solan', '#chamba', '#kangra', '#mandi', '#unlock1', '#tuesdaymorning']",[],https://twitter.com/newsphh/status/1272732653037383680,False,,0,,,,,,,"[{'user_id': '1211291550241570818', 'username': 'newsphh'}]",,,,
1266929372163764224,1266929372163764224,1590894475000,2020-05-31,08:37:55,IST,1211291550241570818,newsphh,News PHH (PunjabHaryanaHimachal),,"क्या देश में मौजूदा स्थिति में #Unlock1 जरुरी था ?
#NewsPHH #Punjab #Haryana #Himachal #Chandigarh #Amritsar #GurdashPur #Patiala #Jalandhar #Bathinda #Rohtak #Panipat #Sirsa #Jind #Hisar #Gurugram #Shimla #Chamba #Solan #Una #Kangra #Dharamshala",[],[],[],0,2,4,"['#unlock1', '#newsphh', '#punjab', '#haryana', '#himachal', '#chandigarh', '#amritsar', '#gurdashpur', '#patiala', '#jalandhar', '#bathinda', '#rohtak', '#panipat', '#sirsa', '#jind', '#hisar', '#gurugram', '#shimla', '#chamba', '#solan', '#una', '#kangra', '#dharamshala']",[],https://twitter.com/newsphh/status/1266929372163764224,False,,0,,,,,,,"[{'user_id': '1211291550241570818', 'username': 'newsphh'}]",,,,
