id,conversation_id,created_at,date,time,timezone,user_id,username,name,place,tweet,mentions,urls,photos,replies_count,retweets_count,likes_count,hashtags,cashtags,link,retweet,quote_url,video,near,geo,source,user_rt_id,user_rt,retweet_id,reply_to,retweet_date,translate,trans_src,trans_dest
1270277887631912962,1270277887631912962,1591692823000,2020-06-09,14:23:43,IST,709847732496629760,vinayka59670035,VINAY.KAOOR,,"I am ask you very simple question to you

@ashutosh83B @kunalkamra88 @ppbajpai @SChaudharyINC @priyankagandhi @RahulGandhi @DeependerSHooda
#chinaindiaborder #Unlock1 #COVID19 #coronavirus #China Vs.#India #Haryana #Sonipat  https://twitter.com/vinayka59670035/status/1270270106124369921 …","['ashutosh83b', 'kunalkamra88', 'ppbajpai', 'schaudharyinc', 'priyankagandhi', 'rahulgandhi', 'deependershooda']",['https://twitter.com/vinayka59670035/status/1270270106124369921'],[],0,0,1,"['#chinaindiaborder', '#unlock1', '#covid19', '#coronavirus', '#china', '#india', '#haryana', '#sonipat']",[],https://twitter.com/vinayka59670035/status/1270277887631912962,False,https://twitter.com/vinayka59670035/status/1270270106124369921,0,,,,,,,"[{'user_id': '709847732496629760', 'username': 'vinayka59670035'}, {'user_id': '78259714', 'username': 'ashutosh83B'}, {'user_id': '2259895735', 'username': 'kunalkamra88'}, {'user_id': '245218929', 'username': 'ppbajpai'}, {'user_id': '884356292407574528', 'username': 'SChaudharyINC'}, {'user_id': '1094645942735855618', 'username': 'priyankagandhi'}, {'user_id': '3171712086', 'username': 'RahulGandhi'}, {'user_id': '49375859', 'username': 'DeependerSHooda'}]",,,,
1268217921383337984,1268217921383337984,1591201689000,2020-06-03,21:58:09,IST,565462327,aayushgoel83,Aayush,,"#BreakingNews #BREAKING
#Haryana reports highest again spike in #coronavirus cases with 302,
269 #COVID19 in NCR districts of which 132 in #Gurugram, 69 in #Faridabad 29 in #Sonipat
#GurugramCoronaBulletin @DC_Gurugram
@MunCorpGurugram @DC_Faridabad @anilvijminister #Unlock1  pic.twitter.com/aJLLIaPc0J","['dc_gurugram', 'muncorpgurugram', 'dc_faridabad', 'anilvijminister']",[],"['https://pbs.twimg.com/media/EZmddDVWoAIeiNJ.jpg', 'https://pbs.twimg.com/media/EZmdd9zWsAEbSMD.jpg']",0,0,0,"['#breakingnews', '#breaking', '#haryana', '#coronavirus', '#covid19', '#gurugram', '#faridabad', '#sonipat', '#gurugramcoronabulletin', '#unlock1']",[],https://twitter.com/aayushgoel83/status/1268217921383337984,False,,0,,,,,,,"[{'user_id': '565462327', 'username': 'aayushgoel83'}, {'user_id': '904450515240599552', 'username': 'DC_Gurugram'}, {'user_id': '731485513484541956', 'username': 'MunCorpGurugram'}, {'user_id': '925971044728496128', 'username': 'DC_Faridabad'}, {'user_id': '317832990', 'username': 'anilvijminister'}]",,,,
1266919681685766144,1266919681685766144,1590892165000,2020-05-31,07:59:25,IST,721195868188184576,alightint,Alight International,,@dtptraffic sir is the delhi Sonipat border open in unlock1?,['dtptraffic'],[],[],0,0,0,[],[],https://twitter.com/alightint/status/1266919681685766144,False,,0,,,,,,,"[{'user_id': '721195868188184576', 'username': 'alightint'}, {'user_id': '143766231', 'username': 'dtptraffic'}]",,,,
