id,conversation_id,created_at,date,time,timezone,user_id,username,name,place,tweet,mentions,urls,photos,replies_count,retweets_count,likes_count,hashtags,cashtags,link,retweet,quote_url,video,near,geo,source,user_rt_id,user_rt,retweet_id,reply_to,retweet_date,translate,trans_src,trans_dest
1277537893238489088,1277537893238489088,1593423743000,2020-06-29,15:12:23,IST,902151402964738051,pibshimla,PIB in Himachal Pradesh,,"#IndiaFightsCoronavirus 

कोरोना वारियर्स से भेदभाव न करें, उन्हें  सम्मान दें। 

#TogetherAgainstCovid19 #HealthForAll #SwasthaBharat #CoronaOutbreak #Unlock1  pic.twitter.com/IYbKn1sMGo",[],[],['https://pbs.twimg.com/media/Ebq57qTUMAEFyMz.jpg'],0,1,0,"['#indiafightscoronavirus', '#togetheragainstcovid19', '#healthforall', '#swasthabharat', '#coronaoutbreak', '#unlock1']",[],https://twitter.com/PIBShimla/status/1277537893238489088,False,,0,,,,,,,"[{'user_id': '902151402964738051', 'username': 'PIBShimla'}]",,,,
1277498426498809857,1277498426498809857,1593414334000,2020-06-29,12:35:34,IST,902151402964738051,pibshimla,PIB in Himachal Pradesh,,"#IndiaFightsCorona

हमारे स्वास्थ्यकर्मी निःस्वार्थ रूप से #COVID19 लड़ाई को अग्रिम पंक्ति पर खड़े होकर लड़ रहे हैं। 

#TogetherAgainstCovid19 #HealthForAll #SwasthaBharat #CoronaOutbreak #Unlock1  pic.twitter.com/c08IRSz8bj",[],[],['https://pbs.twimg.com/media/EbqWChNU4AAcWtG.jpg'],0,1,0,"['#indiafightscorona', '#covid19', '#togetheragainstcovid19', '#healthforall', '#swasthabharat', '#coronaoutbreak', '#unlock1']",[],https://twitter.com/PIBShimla/status/1277498426498809857,False,,0,,,,,,,"[{'user_id': '902151402964738051', 'username': 'PIBShimla'}]",,,,
1276451892445380610,1276451892445380610,1593164821000,2020-06-26,15:17:01,IST,902151402964738051,pibshimla,PIB in Himachal Pradesh,,"#IndiaFightsCorona

अपने हाथों को नियमित रूप से और अच्छे से साबुन और पानी से धोएं या अल्कोहल-आधारित हैंड सैनिटाइज़र का प्रयोग करें। स्वच्छ हाथ, सुरक्षित हाथ। बदलकर अपना व्यवहार, करें कोरोना पर वार।

#TogetherAgainstCovid19 #HealthForAll #SwasthaBharat #CoronaOutbreak #Unlock1  pic.twitter.com/KFQjDi8MFi",[],[],['https://pbs.twimg.com/media/EbbeN-vU8AALKyL.jpg'],0,1,2,"['#indiafightscorona', '#togetheragainstcovid19', '#healthforall', '#swasthabharat', '#coronaoutbreak', '#unlock1']",[],https://twitter.com/PIBShimla/status/1276451892445380610,False,,0,,,,,,,"[{'user_id': '902151402964738051', 'username': 'PIBShimla'}]",,,,
1276417801557733377,1276417801557733377,1593156693000,2020-06-26,13:01:33,IST,1103900862877855744,firstverdict,First Verdict Media,,"Hamirpur : केंद्र के राहत पैकेज से प्रदेश को मिल रहा लाभ : जयराम ठाकुर
#India #Bharat #Coronawarriors #COVID19 #Unlock1 #unlockone #India #IndiaFightsCOVID19 #HimachalPradesh #Shimla #IndiaLockDown #StayHomeIndia #Covid_19 #News #StayHomeStaySafe #covid https://www.firstverdict.com/--5172 ",[],['https://www.firstverdict.com/--5172'],[],0,1,0,"['#india', '#bharat', '#coronawarriors', '#covid19', '#unlock1', '#unlockone', '#india', '#indiafightscovid19', '#himachalpradesh', '#shimla', '#indialockdown', '#stayhomeindia', '#covid_19', '#news', '#stayhomestaysafe', '#covid']",[],https://twitter.com/FirstVerdict/status/1276417801557733377,False,,0,,,,,,,"[{'user_id': '1103900862877855744', 'username': 'FirstVerdict'}]",,,,
1276075756477546497,1276075756477546497,1593075143000,2020-06-25,14:22:23,IST,902151402964738051,pibshimla,PIB in Himachal Pradesh,,"#IndiaFightsCorona

घर पर बना पुनः उपयोग वाला फेस कवर/मास्क हर समय पहनें। इसे साफ रखें और पुनः उपयोग से पहले अच्छी तरह से धोएं। बदलकर अपना व्यवहार, करें कोरोना पर वार। 

#HealthForAll #SwasthaBharat #CoronaOutbreak #Unlock1 #TogetherAgainstCOVID19 pic.twitter.com/8DosWbKAIM",[],[],['https://pbs.twimg.com/media/EbWIHtrUEAEkJQT.jpg'],0,1,1,"['#indiafightscorona', '#healthforall', '#swasthabharat', '#coronaoutbreak', '#unlock1', '#togetheragainstcovid19']",[],https://twitter.com/PIBShimla/status/1276075756477546497,False,,0,,,,,,,"[{'user_id': '902151402964738051', 'username': 'PIBShimla'}]",,,,
1276075534779203590,1276075534779203590,1593075090000,2020-06-25,14:21:30,IST,902151402964738051,pibshimla,PIB in Himachal Pradesh,,"#IndiaFightsCorona 

हर समय इन आवश्यक वस्तुओं को अपने साथ रखें और #COVID19 के संक्रमण से खुद को और दूसरों को सुरक्षित रखें। बदलकर अपना व्यवहार, करें कोरोना पर वार। 

#HealthForAll #SwasthaBharat #CoronaOutbreak #Unlock1 #TogetherAgainstCovid19 pic.twitter.com/KPEXjT86BZ",[],[],['https://pbs.twimg.com/media/EbWH7JUUcAIqbpP.jpg'],0,1,2,"['#indiafightscorona', '#covid19', '#healthforall', '#swasthabharat', '#coronaoutbreak', '#unlock1', '#togetheragainstcovid19']",[],https://twitter.com/PIBShimla/status/1276075534779203590,False,,0,,,,,,,"[{'user_id': '902151402964738051', 'username': 'PIBShimla'}]",,,,
1275798057611718660,1275798057611718660,1593008934000,2020-06-24,19:58:54,IST,1112276107925962752,sunnnaaoookk,Just Another Guy,,"*Flex game has decreased to a new level in lockdown*

Then: Bro I Went to roadtrip to Shimla (with desi American accent)was so cool.

Now: Bhai kl bahar gya tha Dhaniya lene,katai zeher bheerh thi. Mahamari faili thi.

#Lockdown5
#Unlock1
#memesdaily
#memes2020
#MEMES",[],[],[],0,0,0,"['#lockdown5', '#unlock1', '#memesdaily', '#memes2020', '#memes']",[],https://twitter.com/sunnnaaoookk/status/1275798057611718660,False,,0,,,,,,,"[{'user_id': '1112276107925962752', 'username': 'sunnnaaoookk'}]",,,,
1275674219691606023,1275674219691606023,1592979409000,2020-06-24,11:46:49,IST,1211291550241570818,newsphh,News PHH (PunjabHaryanaHimachal),,"#Shimla में हुई बारिश मौसम हुआ सुहाना
@sdineshaa @jairamthakurbjp @CMOFFICEHP #NewsPHH #Stayathome #Unlock1  pic.twitter.com/EGuk69Ci3F","['sdineshaa', 'jairamthakurbjp', 'cmofficehp']",[],[],1,3,10,"['#shimla', '#newsphh', '#stayathome', '#unlock1']",[],https://twitter.com/newsphh/status/1275674219691606023,False,,1,,,,,,,"[{'user_id': '1211291550241570818', 'username': 'newsphh'}, {'user_id': '59386018', 'username': 'sdineshaa'}, {'user_id': '387410291', 'username': 'jairamthakurbjp'}, {'user_id': '948096542396727296', 'username': 'CMOFFICEHP'}]",,,,
1275311557392560128,1275311557392560128,1592892944000,2020-06-23,11:45:44,IST,902151402964738051,pibshimla,PIB in Himachal Pradesh,,"Even though the number of #COVID19 cases continue to inch up in the country, the roll out of #Unlock1  has infused a sentiment of postivity and hope amongst the businessmen as stated by Shri Sukwinder Singh, a milk dairy owner in #Amritsar
@PIB_India @MIB_India @PunjabGovtIndia pic.twitter.com/oQcDpyLqqQ","['pib_india', 'mib_india', 'punjabgovtindia']",[],[],0,1,0,"['#covid19', '#unlock1', '#amritsar']",[],https://twitter.com/PIBShimla/status/1275311557392560128,False,,1,,,,,,,"[{'user_id': '902151402964738051', 'username': 'PIBShimla'}, {'user_id': '231033118', 'username': 'PIB_India'}, {'user_id': '920488039', 'username': 'MIB_India'}, {'user_id': '2998200620', 'username': 'PunjabGovtIndia'}]",,,,
1274935143543656448,1274935143543656448,1592803200000,2020-06-22,10:50:00,IST,902151402964738051,pibshimla,PIB in Himachal Pradesh,,"#IndiaFightsCorona
#COVID19 से बचने के लिए इन दिशानिर्देशों का पालन करें और खुद को एवं अपने प्रियजनों को सुरक्षित रखें। बदलकर अपना व्यवहार, करें कोरोना पर वार। 

#TogetherAgainstCovid19 #SwasthaBharat #HealthForAll #CoronaOutbreak #Unlock1  pic.twitter.com/eQsRf1jQbm",[],[],['https://pbs.twimg.com/media/EbF6vE-UMAAZ1Jq.jpg'],0,1,4,"['#indiafightscorona', '#covid19', '#togetheragainstcovid19', '#swasthabharat', '#healthforall', '#coronaoutbreak', '#unlock1']",[],https://twitter.com/PIBShimla/status/1274935143543656448,False,,0,,,,,,,"[{'user_id': '902151402964738051', 'username': 'PIBShimla'}]",,,,
1273860485998276609,1273860485998276609,1592546981000,2020-06-19,11:39:41,IST,1103900862877855744,firstverdict,First Verdict Media,,"Shimla : इस योग दिवस पर अपने घर पर रहकर अपने परिवार के साथ करें योगाभ्यास
#Coronawarriors #COVID19 #Unlock1 #unlockone #India #IndiaFightsCOVID19 #IndiaLockDown #StayHomeIndia #Covid_19 #News #StayHomeStaySafe #Himachalnews #Nauni #HimachalPradesh https://www.firstverdict.com/--5030 ",[],['https://www.firstverdict.com/--5030'],[],0,1,0,"['#coronawarriors', '#covid19', '#unlock1', '#unlockone', '#india', '#indiafightscovid19', '#indialockdown', '#stayhomeindia', '#covid_19', '#news', '#stayhomestaysafe', '#himachalnews', '#nauni', '#himachalpradesh']",[],https://twitter.com/FirstVerdict/status/1273860485998276609,False,,0,,,,,,,"[{'user_id': '1103900862877855744', 'username': 'FirstVerdict'}]",,,,
1273832851083898882,1273832851083898882,1592540393000,2020-06-19,09:49:53,IST,1211291550241570818,newsphh,News PHH (PunjabHaryanaHimachal),,"क्या देश आत्मनिर्भरता की ओर बढ़ रहा है ?
#NewsPHH #Punjab #Haryana #Himachal #Chandigarh #Amritsar #Jalandhar #Patiala #Mansa #Mohali #Karnal #Faridabad #Hisar #Rohtak #Sirsa #Bhiwani #Shimla #Solan #Kangra #Mandi #Kullu #Unlock1 #FridayMorning",[],[],[],0,3,1,"['#newsphh', '#punjab', '#haryana', '#himachal', '#chandigarh', '#amritsar', '#jalandhar', '#patiala', '#mansa', '#mohali', '#karnal', '#faridabad', '#hisar', '#rohtak', '#sirsa', '#bhiwani', '#shimla', '#solan', '#kangra', '#mandi', '#kullu', '#unlock1', '#fridaymorning']",[],https://twitter.com/newsphh/status/1273832851083898882,False,,0,,,,,,,"[{'user_id': '1211291550241570818', 'username': 'newsphh'}]",,,,
1273649868012048386,1273649868012048386,1592496766000,2020-06-18,21:42:46,IST,1211291550241570818,newsphh,News PHH (PunjabHaryanaHimachal),,"#Shimla में भी चीन के खिलाफ लोगों में गुस्सा है, लोग चीन के सामान का बहिष्कार करने की बात कर रहे हैं
@sdineshaa @jairamthakurbjp @CMOFFICEHP @AgnihotriLOPHP @himachalpolice #NewsPHH #Stayathome #Unlock1  pic.twitter.com/tAKqSjfusn","['sdineshaa', 'jairamthakurbjp', 'cmofficehp', 'agnihotrilophp', 'himachalpolice']",[],[],0,3,1,"['#shimla', '#newsphh', '#stayathome', '#unlock1']",[],https://twitter.com/newsphh/status/1273649868012048386,False,,1,,,,,,,"[{'user_id': '1211291550241570818', 'username': 'newsphh'}, {'user_id': '59386018', 'username': 'sdineshaa'}, {'user_id': '387410291', 'username': 'jairamthakurbjp'}, {'user_id': '948096542396727296', 'username': 'CMOFFICEHP'}, {'user_id': '841533882721685504', 'username': 'AgnihotriLOPHP'}, {'user_id': '719470301327847424', 'username': 'himachalpolice'}]",,,,
1273462606259347457,1273462606259347457,1592452119000,2020-06-18,09:18:39,IST,1211291550241570818,newsphh,News PHH (PunjabHaryanaHimachal),,"क्या भारतीय नागरिकों को भी चीनी सामान का बॉयकॉट कर चीन के खिलाफ लड़ाई में अपना योगदान देना चाहिए ?
#NewsPHH #Punjab #Haryana #Himachal #Chandigarh #Amritsar #Patiala @Mansa #Karnal #Rohtak #Hisar #Shimla #Solan #Kangra #Unlock1 #Stayathome",['mansa'],[],[],0,3,1,"['#newsphh', '#punjab', '#haryana', '#himachal', '#chandigarh', '#amritsar', '#patiala', '#karnal', '#rohtak', '#hisar', '#shimla', '#solan', '#kangra', '#unlock1', '#stayathome']",[],https://twitter.com/newsphh/status/1273462606259347457,False,,0,,,,,,,"[{'user_id': '1211291550241570818', 'username': 'newsphh'}, {'user_id': '18859370', 'username': 'Mansa'}]",,,,
1272732653037383680,1272732653037383680,1592278085000,2020-06-16,08:58:05,IST,1211291550241570818,newsphh,News PHH (PunjabHaryanaHimachal),,"क्या कोरोना काल में लोगों को तनाव मुक्त रखने के लिए भी कैंपेन चलानी चाहिए ?
#NewsPHH #Punjab #Haryana #Himachal #Chandigarh #Amritsar #Jalandhar #Muktsar #Mansa #Karnal #Sirsa #Hisar #Gurgram #Shimla #Solan #Chamba #Kangra #Mandi #Unlock1 #TuesdayMorning",[],[],[],0,5,1,"['#newsphh', '#punjab', '#haryana', '#himachal', '#chandigarh', '#amritsar', '#jalandhar', '#muktsar', '#mansa', '#karnal', '#sirsa', '#hisar', '#gurgram', '#shimla', '#solan', '#chamba', '#kangra', '#mandi', '#unlock1', '#tuesdaymorning']",[],https://twitter.com/newsphh/status/1272732653037383680,False,,0,,,,,,,"[{'user_id': '1211291550241570818', 'username': 'newsphh'}]",,,,
1272144725093412866,1272144725093412866,1592137912000,2020-06-14,18:01:52,IST,567278796,pibchandigarh,PIB in Chandigarh,,"#Unlock1 ਵਿੱਚ ਬੱਸ ਸੇਵਾਵਾਂ ਦੁਬਾਰਾ ਚਾਲੂ ਹੋਣ ਤੋਂ ਬਾਅਦ, ਇਹ ਚਾਹ ਅਤੇ ਮਿਠਾਈ ਦੀ ਦੁਕਾਨ #Shimla ਦੇ ਪੁਰਾਣੇ ਬੱਸ ਸਟੈਂਡ ਵਿਖੇ ਦੁਬਾਰਾ ਖੁੱਲ੍ਹ ਗਈ ਹੈ,ਜਿੱਥੇ ਇਹ ਸੁਨਿਸ਼ਚਿਤ ਕੀਤਾ ਜਾਂਦਾ ਹੈ ਕਿ ਗਾਹਕ ਸਹੀ #PhysicalDistancingਬਣਾਈ ਰੱਖਣ #IndiaFightsCoronavirus
@PIB_India
@MIB_India
@CMOFFICEHP https://twitter.com/PIBChandigarh/status/1272041192243392514 …","['pib_india', 'mib_india', 'cmofficehp']",['https://twitter.com/PIBChandigarh/status/1272041192243392514'],[],0,3,3,"['#unlock1', '#shimla', '#physicaldistancingਬਣਾਈ', '#indiafightscoronavirus']",[],https://twitter.com/PIBChandigarh/status/1272144725093412866,False,https://twitter.com/PIBChandigarh/status/1272041192243392514,0,,,,,,,"[{'user_id': '567278796', 'username': 'PIBChandigarh'}, {'user_id': '231033118', 'username': 'PIB_India'}, {'user_id': '920488039', 'username': 'MIB_India'}, {'user_id': '948096542396727296', 'username': 'CMOFFICEHP'}]",,,,
1272064581871886336,1272064581871886336,1592118804000,2020-06-14,12:43:24,IST,4752707640,robchandigarh,ROB Chandigarh,,"After the resumption of bus services in #Unlock1, this tea and sweet shop reopens at the #Shimla’s Old Bus Stand while ensuring that customers maintain proper #PhysicalDistancing.

#IndiaFightsCoronavirus pic.twitter.com/eDos81k5oB",[],[],['https://pbs.twimg.com/media/EadH_eGUwAMRFSo.jpg'],0,9,5,"['#unlock1', '#shimla', '#physicaldistancing', '#indiafightscoronavirus']",[],https://twitter.com/ROBChandigarh/status/1272064581871886336,False,,0,,,,,,,"[{'user_id': '4752707640', 'username': 'ROBChandigarh'}]",,,,
1272045928954773504,1272045928954773504,1592114357000,2020-06-14,11:29:17,IST,902151402964738051,pibshimla,PIB in Himachal Pradesh,,"After the resumption of bus services in #Unlock1, this tea and sweet shop reopens at the #Shimla’s Old Bus Stand while ensuring that customers maintain proper #PhysicalDistancing.

#IndiaFightsCoronavirus pic.twitter.com/ZlKC0Mz1LC",[],[],['https://pbs.twimg.com/media/Eac25ojU0AIkdev.jpg'],0,2,0,"['#unlock1', '#shimla', '#physicaldistancing', '#indiafightscoronavirus']",[],https://twitter.com/PIBShimla/status/1272045928954773504,False,,0,,,,,,,"[{'user_id': '902151402964738051', 'username': 'PIBShimla'}]",,,,
1272041192243392514,1272041192243392514,1592113228000,2020-06-14,11:10:28,IST,567278796,pibchandigarh,PIB in Chandigarh,,"After the resumption of bus services in #Unlock1, this tea and sweet shop reopens at the #Shimla’s Old Bus Stand while ensuring that customers maintain proper #PhysicalDistancing.

#IndiaFightsCoronavirus pic.twitter.com/A7zFFRzUug",[],[],['https://pbs.twimg.com/media/EacyodGVAAYWCA3.jpg'],0,4,4,"['#unlock1', '#shimla', '#physicaldistancing', '#indiafightscoronavirus']",[],https://twitter.com/PIBChandigarh/status/1272041192243392514,False,,0,,,,,,,"[{'user_id': '567278796', 'username': 'PIBChandigarh'}]",,,,
1271405870383939584,1271405870383939584,1591961755000,2020-06-12,17:05:55,IST,567278796,pibchandigarh,PIB in Chandigarh,,"#Shimla ਜ਼ਿਲ੍ਹੇ ਦੇ ਪਿੰਡ ਧਾਮੀ ਦਾ ਇੱਕ ਕਿਸਾਨ ਆਪਣੇ ਖੇਤ ਵਿੱਚ ਮੱਕੀ ਦੀ ਫਸਲ ਦੀ ਬਿਜਾਈ ਕਰ ਰਿਹਾ ਹੈ ਕਿਉਂਕਿ ਸਰਕਾਰ ਨੇ #COVID19 ਦੇ ਮੱਦੇਨਜ਼ਰ ਹੋਰ ਪਾਬੰਦੀਆਂ ਦੇ ਬਾਵਜੂਦ ਖੇਤੀਬਾੜੀ ਦੇ ਸਾਰੇ ਕੰਮਾਂ ਦੀ ਸੁਤੰਤਰ ਤੌਰ ਤੇ ਆਗਿਆ ਦਿੱਤੀ ਹੈ।
#Unlock1
@PIB_India
@MIB_India
@CMOFFICEHP https://twitter.com/PIBChandigarh/status/1271317552325517312 …","['pib_india', 'mib_india', 'cmofficehp']",['https://twitter.com/PIBChandigarh/status/1271317552325517312'],[],0,2,0,"['#shimla', '#covid19', '#unlock1']",[],https://twitter.com/PIBChandigarh/status/1271405870383939584,False,https://twitter.com/PIBChandigarh/status/1271317552325517312,0,,,,,,,"[{'user_id': '567278796', 'username': 'PIBChandigarh'}, {'user_id': '231033118', 'username': 'PIB_India'}, {'user_id': '920488039', 'username': 'MIB_India'}, {'user_id': '948096542396727296', 'username': 'CMOFFICEHP'}]",,,,
1271389827548753920,1271389827548753920,1591957930000,2020-06-12,16:02:10,IST,91689439,sreerag_iis,Sreerag Mukundan,,"As #Unlock1 rolls out, it is important that we take sufficient precautions against #COVID19 .
Here is an example by local bus service in Shimla in HP 👇
#IndiaFightsCorona https://twitter.com/BOC_MIB/status/1271387682657071104 …",[],['https://twitter.com/BOC_MIB/status/1271387682657071104'],[],1,0,0,"['#unlock1', '#covid19', '#indiafightscorona']",[],https://twitter.com/Sreerag_IIS/status/1271389827548753920,False,https://twitter.com/BOC_MIB/status/1271387682657071104,0,,,,,,,"[{'user_id': '91689439', 'username': 'Sreerag_IIS'}]",,,,
1271387682657071104,1271387682657071104,1591957419000,2020-06-12,15:53:39,IST,2586283550,boc_mib,Bureau of Outreach & Communication (BOC),,"#IndiaFightsCorona:

As #Unlock1 rolls out, local bus🚍 service in Shimla in HP resumes with operators ensuring that mandated #PhysicalDistancing  norms are followed & number of passengers allowed to board is as per government orders

Via @ROBChandigarh pic.twitter.com/MnhgePQwdr",['robchandigarh'],[],[],0,12,16,"['#indiafightscorona', '#unlock1', '#physicaldistancing']",[],https://twitter.com/BOC_MIB/status/1271387682657071104,False,,1,,,,,,,"[{'user_id': '2586283550', 'username': 'BOC_MIB'}, {'user_id': '4752707640', 'username': 'ROBChandigarh'}]",,,,
1271352494128422913,1271352494128422913,1591949029000,2020-06-12,13:33:49,IST,1103900862877855744,firstverdict,First Verdict Media,,"गंभीर रोगों से पीड़ित रोगियों के परिवारों को दी जाने वाली वित्तीय सहायता में हुई वृद्धि
#CoronaWarriors #Unlock1 #unlockone #India #IndiaFightsCOVID19 #HimachalPradesh #IndiaLockDown #StayHomeIndia #Covid_19 #News #StayHomeStaySafe #Himachalnews #Shimla
 https://www.firstverdict.com/--4895 ",[],['https://www.firstverdict.com/--4895'],[],0,1,0,"['#coronawarriors', '#unlock1', '#unlockone', '#india', '#indiafightscovid19', '#himachalpradesh', '#indialockdown', '#stayhomeindia', '#covid_19', '#news', '#stayhomestaysafe', '#himachalnews', '#shimla']",[],https://twitter.com/FirstVerdict/status/1271352494128422913,False,,0,,,,,,,"[{'user_id': '1103900862877855744', 'username': 'FirstVerdict'}]",,,,
1271317989065764865,1271317989065764865,1591940803000,2020-06-12,11:16:43,IST,902151402964738051,pibshimla,PIB in Himachal Pradesh,,"As #Unlock1 rolls out, local bus service in Shimla, #HimachalPradesh resumes with operators ensuring that mandated #PhysicalDistancing  norms are followed & number of passengers allowed to board is as per government orders.

#IndiaMoves
@PIB_India @CMOFFICEHP @DDNewsShimla pic.twitter.com/3ZBqVHqtw8","['pib_india', 'cmofficehp', 'ddnewsshimla']",[],[],0,3,2,"['#unlock1', '#himachalpradesh', '#physicaldistancing', '#indiamoves']",[],https://twitter.com/PIBShimla/status/1271317989065764865,False,,1,,,,,,,"[{'user_id': '902151402964738051', 'username': 'PIBShimla'}, {'user_id': '231033118', 'username': 'PIB_India'}, {'user_id': '948096542396727296', 'username': 'CMOFFICEHP'}, {'user_id': '2965525518', 'username': 'DDNewsShimla'}]",,,,
1271317552325517312,1271317552325517312,1591940699000,2020-06-12,11:14:59,IST,567278796,pibchandigarh,PIB in Chandigarh,,"Farmer in village Dhami of #Shimla district gets on with sowing maize crop in his field as the government has freely permitted all agricultural activity despite other restrictions in view of #COVID19.

#Unlock1
@PIB_India @MIB_India @CMOFFICEHP pic.twitter.com/UOJgtIAk8A","['pib_india', 'mib_india', 'cmofficehp']",[],[],0,8,5,"['#shimla', '#covid19', '#unlock1']",[],https://twitter.com/PIBChandigarh/status/1271317552325517312,False,,1,,,,,,,"[{'user_id': '567278796', 'username': 'PIBChandigarh'}, {'user_id': '231033118', 'username': 'PIB_India'}, {'user_id': '920488039', 'username': 'MIB_India'}, {'user_id': '948096542396727296', 'username': 'CMOFFICEHP'}]",,,,
1271316042636095488,1271316042636095488,1591940339000,2020-06-12,11:08:59,IST,567278796,pibchandigarh,PIB in Chandigarh,,"As #Unlock1 rolls out, local bus service in Shimla, #HimachalPradesh resumes with operators ensuring that mandated #PhysicalDistancing  norms are followed & number of passengers allowed to board is as per government orders.

#IndiaMoves
@PIB_India @MIB_India @CMOFFICEHP pic.twitter.com/40dWJOgJMM","['pib_india', 'mib_india', 'cmofficehp']",[],[],0,4,6,"['#unlock1', '#himachalpradesh', '#physicaldistancing', '#indiamoves']",[],https://twitter.com/PIBChandigarh/status/1271316042636095488,False,,1,,,,,,,"[{'user_id': '567278796', 'username': 'PIBChandigarh'}, {'user_id': '231033118', 'username': 'PIB_India'}, {'user_id': '920488039', 'username': 'MIB_India'}, {'user_id': '948096542396727296', 'username': 'CMOFFICEHP'}]",,,,
1271287225880178694,1271287225880178694,1591933468000,2020-06-12,09:14:28,IST,4752707640,robchandigarh,ROB Chandigarh,,"Farmer in villlage Dhami of Shimla district gets on with sowing maize crop in his fileld as the government has freely permitted all agriculture activity despite other restrictions in view of #COVID19
#Unlock1
@PIB_India @MIB_India @BOC_MIB pic.twitter.com/QgTDLcllKE","['pib_india', 'mib_india', 'boc_mib']",[],[],0,8,9,"['#covid19', '#unlock1']",[],https://twitter.com/ROBChandigarh/status/1271287225880178694,False,,1,,,,,,,"[{'user_id': '4752707640', 'username': 'ROBChandigarh'}, {'user_id': '231033118', 'username': 'PIB_India'}, {'user_id': '920488039', 'username': 'MIB_India'}, {'user_id': '2586283550', 'username': 'BOC_MIB'}]",,,,
1271279216558878720,1271279216558878720,1591931559000,2020-06-12,08:42:39,IST,4752707640,robchandigarh,ROB Chandigarh,,"As #Unlock1 rolls out, local bus🚍 service in Shimla in HP resumes with operators ensuring that mandated #PhysicalDistancing  norms are followed & number of passengers allowed to board is as per government orders

#IndiaMoves🚍
@PIB_India @MIB_India @BOC_MIB @CMOFFICEHP pic.twitter.com/AnWBBe45uV","['pib_india', 'mib_india', 'boc_mib', 'cmofficehp']",[],[],0,7,8,"['#unlock1', '#physicaldistancing', '#indiamoves']",[],https://twitter.com/ROBChandigarh/status/1271279216558878720,False,,1,,,,,,,"[{'user_id': '4752707640', 'username': 'ROBChandigarh'}, {'user_id': '231033118', 'username': 'PIB_India'}, {'user_id': '920488039', 'username': 'MIB_India'}, {'user_id': '2586283550', 'username': 'BOC_MIB'}, {'user_id': '948096542396727296', 'username': 'CMOFFICEHP'}]",,,,
1271069010084298753,1271069010084298753,1591881441000,2020-06-11,18:47:21,IST,1103900862877855744,firstverdict,First Verdict Media,,"बरागटा ने अग्निकांड में प्रभावित परिवार को 1 लाख रुपए राहत राशि की प्रदान 
#Coronawarriors #COVID19 #Unlock1 #unlockone #India #IndiaFightsCOVID19 #HimachalPradesh #IndiaLockDown #StayHomeIndia #Covid_19 #News #StayHomeStaySafe #Himachalnews #Shimla
 https://www.firstverdict.com/-1--4884 ",[],['https://www.firstverdict.com/-1--4884'],[],0,1,0,"['#coronawarriors', '#covid19', '#unlock1', '#unlockone', '#india', '#indiafightscovid19', '#himachalpradesh', '#indialockdown', '#stayhomeindia', '#covid_19', '#news', '#stayhomestaysafe', '#himachalnews', '#shimla']",[],https://twitter.com/FirstVerdict/status/1271069010084298753,False,,0,,,,,,,"[{'user_id': '1103900862877855744', 'username': 'FirstVerdict'}]",,,,
1270658947335065600,1270658947335065600,1591783675000,2020-06-10,15:37:55,IST,4752707640,robchandigarh,ROB Chandigarh,,"The main Shiv Mandir in Hamirpur, #HimachalPradesh has also been opened for the devotees after the first phase of #Unlock1 comes into effect.

#IndiaFightsCOVID19
@PIB_India @MIB_India @CMOFFICEHP @DDNewslive @DDNewsShimla @BOC_MIB @airnews_shimla @dprhp pic.twitter.com/JhJ9H5s9X8","['pib_india', 'mib_india', 'cmofficehp', 'ddnewslive', 'ddnewsshimla', 'boc_mib', 'airnews_shimla', 'dprhp']",[],[],0,7,6,"['#himachalpradesh', '#unlock1', '#indiafightscovid19']",[],https://twitter.com/ROBChandigarh/status/1270658947335065600,False,,1,,,,,,,"[{'user_id': '4752707640', 'username': 'ROBChandigarh'}, {'user_id': '231033118', 'username': 'PIB_India'}, {'user_id': '920488039', 'username': 'MIB_India'}, {'user_id': '948096542396727296', 'username': 'CMOFFICEHP'}, {'user_id': '1100927498', 'username': 'DDNewslive'}, {'user_id': '2965525518', 'username': 'DDNewsShimla'}, {'user_id': '2586283550', 'username': 'BOC_MIB'}, {'user_id': '807154629993603072', 'username': 'airnews_shimla'}, {'user_id': '2599373246', 'username': 'dprhp'}]",,,,
1270234930191032321,1270234930191032321,1591682581000,2020-06-09,11:33:01,IST,902151402964738051,pibshimla,PIB in Himachal Pradesh,,"हमीरपुर, #हिमाचल_प्रदेश के मुख्य मार्केट में दुकाने खुल गई है और गतिविधियां चालू गई है। सभी लोग मास्क 😷 पहनकर घर से बाहर निकले है। #Unlock1
@MIB_Hindi @PIBHindi @DDNewsHindi @CMOFFICEHP @DDNewsShimla @airnews_shimla  pic.twitter.com/Di2pFN0oiC","['mib_hindi', 'pibhindi', 'ddnewshindi', 'cmofficehp', 'ddnewsshimla', 'airnews_shimla']",[],[],0,1,4,"['#हिमाचल_प्रदेश', '#unlock1']",[],https://twitter.com/PIBShimla/status/1270234930191032321,False,,1,,,,,,,"[{'user_id': '902151402964738051', 'username': 'PIBShimla'}, {'user_id': '813345438908620801', 'username': 'MIB_Hindi'}, {'user_id': '3000838099', 'username': 'PIBHindi'}, {'user_id': '1966507722', 'username': 'DDNewsHindi'}, {'user_id': '948096542396727296', 'username': 'CMOFFICEHP'}, {'user_id': '2965525518', 'username': 'DDNewsShimla'}, {'user_id': '807154629993603072', 'username': 'airnews_shimla'}]",,,,
1270234741535473665,1270234741535473665,1591682536000,2020-06-09,11:32:16,IST,902151402964738051,pibshimla,PIB in Himachal Pradesh,,"Though not getting much footfall as yet, malls open up even in smaller places like Hamirpur in #HimachalPradesh  as the next phase of #Unlock1 rolls out. 

@MIB_India @DDNewslive @PIB_India @CMOFFICEHP @DDNewsShimla @airnews_shimla  pic.twitter.com/2mHPX9DqF6","['mib_india', 'ddnewslive', 'pib_india', 'cmofficehp', 'ddnewsshimla', 'airnews_shimla']",[],[],0,3,1,"['#himachalpradesh', '#unlock1']",[],https://twitter.com/PIBShimla/status/1270234741535473665,False,,1,,,,,,,"[{'user_id': '902151402964738051', 'username': 'PIBShimla'}, {'user_id': '920488039', 'username': 'MIB_India'}, {'user_id': '1100927498', 'username': 'DDNewslive'}, {'user_id': '231033118', 'username': 'PIB_India'}, {'user_id': '948096542396727296', 'username': 'CMOFFICEHP'}, {'user_id': '2965525518', 'username': 'DDNewsShimla'}, {'user_id': '807154629993603072', 'username': 'airnews_shimla'}]",,,,
1269967378227638272,1269967378227638272,1591618792000,2020-06-08,17:49:52,IST,2586283550,boc_mib,Bureau of Outreach & Communication (BOC),,"Barbers are back to work!

A barber in Lakkar Bazaar, #Shimla in #HimachalPradesh is taking complete precautions as he gets back to work => masks, gloves, sanitizer
 #Unlock1 

via @ROBChandigarh pic.twitter.com/HhT3ePDRM6",['robchandigarh'],[],[],0,18,13,"['#shimla', '#himachalpradesh', '#unlock1']",[],https://twitter.com/BOC_MIB/status/1269967378227638272,False,,1,,,,,,,"[{'user_id': '2586283550', 'username': 'BOC_MIB'}, {'user_id': '4752707640', 'username': 'ROBChandigarh'}]",,,,
1269952403266252803,1269952403266252803,1591615222000,2020-06-08,16:50:22,IST,567278796,pibchandigarh,PIB in Chandigarh,,"#HimachalPradesh ਵਿੱਚ #Shimla ਦੇ ਲੱਕੜ ਬਜ਼ਾਰ ਵਿੱਚ ਇੱਕ ਨਾਈ, ਸਰਕਾਰ ਦੇ #Unlock1 ਤੋਂ ਬਾਅਦ ਆਪਣੀ ਰੋਜ਼ੀ ਕਮਾਉਣ ਲਈ ਪੂਰੀ ਸਾਵਧਾਨੀ ਵਰਤਦੇ ਹੋਏ ਵਾਪਸ ਕੰਮ ਤੇ।
@PIB_India
@MIB_India
@DDNewslive
@CMOFFICEHP https://twitter.com/PIBChandigarh/status/1269876113850785793 …","['pib_india', 'mib_india', 'ddnewslive', 'cmofficehp']",['https://twitter.com/PIBChandigarh/status/1269876113850785793'],[],0,1,2,"['#himachalpradesh', '#shimla', '#unlock1']",[],https://twitter.com/PIBChandigarh/status/1269952403266252803,False,https://twitter.com/PIBChandigarh/status/1269876113850785793,0,,,,,,,"[{'user_id': '567278796', 'username': 'PIBChandigarh'}, {'user_id': '231033118', 'username': 'PIB_India'}, {'user_id': '920488039', 'username': 'MIB_India'}, {'user_id': '1100927498', 'username': 'DDNewslive'}, {'user_id': '948096542396727296', 'username': 'CMOFFICEHP'}]",,,,
1269925844169916416,1269925844169916416,1591608889000,2020-06-08,15:04:49,IST,802424636801712128,shubham__prasad,Shubham Prasad 🇮🇳,,"Me : Mummy Kya Bana Hai🙄
Mummy : Shimla Mirch 🥗
Me :

#Memes #indianmemes #hindimemes #TheFamilyMan #QuarantineLife #Unlock1 #COVID19 #capsicum #hungry #RetweeetPlease #memer pic.twitter.com/YmJfhee13U",[],[],[],0,1,3,"['#memes', '#indianmemes', '#hindimemes', '#thefamilyman', '#quarantinelife', '#unlock1', '#covid19', '#capsicum', '#hungry', '#retweeetplease', '#memer']",[],https://twitter.com/Shubham__Prasad/status/1269925844169916416,False,,1,,,,,,,"[{'user_id': '802424636801712128', 'username': 'Shubham__Prasad'}]",,,,
1269908916617408512,1269908916617408512,1591604854000,2020-06-08,13:57:34,IST,4752707640,robchandigarh,ROB Chandigarh,,"Back to work...!

A barber in Lakkar Bazaar, #Shimla in #HimachalPradesh taking complete precautions as he gets on with earning his living after the government rolls out #Unlock1
@PIB_India @MIB_India @BOC_MIB @DDNewslive @CMOFFICEHP @DDNewsShimla @airnews_shimla  pic.twitter.com/VAoFcbwsyJ","['pib_india', 'mib_india', 'boc_mib', 'ddnewslive', 'cmofficehp', 'ddnewsshimla', 'airnews_shimla']",[],[],0,12,8,"['#shimla', '#himachalpradesh', '#unlock1']",[],https://twitter.com/ROBChandigarh/status/1269908916617408512,False,,1,,,,,,,"[{'user_id': '4752707640', 'username': 'ROBChandigarh'}, {'user_id': '231033118', 'username': 'PIB_India'}, {'user_id': '920488039', 'username': 'MIB_India'}, {'user_id': '2586283550', 'username': 'BOC_MIB'}, {'user_id': '1100927498', 'username': 'DDNewslive'}, {'user_id': '948096542396727296', 'username': 'CMOFFICEHP'}, {'user_id': '2965525518', 'username': 'DDNewsShimla'}, {'user_id': '807154629993603072', 'username': 'airnews_shimla'}]",,,,
1269879100417601542,1269879100417601542,1591597745000,2020-06-08,11:59:05,IST,902151402964738051,pibshimla,PIB in Himachal Pradesh,,"Back to work...!

A barber in Lakkar Bazaar, #Shimla in #HimachalPradesh taking complete precautions as he gets on with earning his living after the government rolls out #Unlock1.

@PIB_India @MIB_India @DDNewslive @CMOFFICEHP @dprhp @DDNewsShimla @airnews_shimla  pic.twitter.com/mI91QSEgCa","['pib_india', 'mib_india', 'ddnewslive', 'cmofficehp', 'dprhp', 'ddnewsshimla', 'airnews_shimla']",[],[],0,3,6,"['#shimla', '#himachalpradesh', '#unlock1']",[],https://twitter.com/PIBShimla/status/1269879100417601542,False,,1,,,,,,,"[{'user_id': '902151402964738051', 'username': 'PIBShimla'}, {'user_id': '231033118', 'username': 'PIB_India'}, {'user_id': '920488039', 'username': 'MIB_India'}, {'user_id': '1100927498', 'username': 'DDNewslive'}, {'user_id': '948096542396727296', 'username': 'CMOFFICEHP'}, {'user_id': '2599373246', 'username': 'dprhp'}, {'user_id': '2965525518', 'username': 'DDNewsShimla'}, {'user_id': '807154629993603072', 'username': 'airnews_shimla'}]",,,,
1269876113850785793,1269876113850785793,1591597033000,2020-06-08,11:47:13,IST,567278796,pibchandigarh,PIB in Chandigarh,,"Back to work...!

A barber in Lakkar Bazaar, #Shimla in #HimachalPradesh taking complete precautions as he gets on with earning his living after the government rolls out #Unlock1.

@PIB_India @MIB_India @DDNewslive @CMOFFICEHP pic.twitter.com/IIlTYNX36S","['pib_india', 'mib_india', 'ddnewslive', 'cmofficehp']",[],[],0,3,3,"['#shimla', '#himachalpradesh', '#unlock1']",[],https://twitter.com/PIBChandigarh/status/1269876113850785793,False,,1,,,,,,,"[{'user_id': '567278796', 'username': 'PIBChandigarh'}, {'user_id': '231033118', 'username': 'PIB_India'}, {'user_id': '920488039', 'username': 'MIB_India'}, {'user_id': '1100927498', 'username': 'DDNewslive'}, {'user_id': '948096542396727296', 'username': 'CMOFFICEHP'}]",,,,
1269647762355654658,1269647762355654658,1591542590000,2020-06-07,20:39:50,IST,1211291550241570818,newsphh,News PHH (PunjabHaryanaHimachal),,"#Shimla को #Corona से सुरक्षित रखने के लिए आज शिमला के बाजारों को बंद रखा गया, जरुरी वस्तुओं की बिक्री वाली दुकानों को सुबह 11 बजे के बाद बंद कर दिया गया और उसके बाद बाजार को सैनेटाइज किया गया
@sdineshaa @jairamthakurbjp @himachalpolice
#NewsPHH #Unlock1  pic.twitter.com/1Hjh1sMbcK","['sdineshaa', 'jairamthakurbjp', 'himachalpolice']",[],"['https://pbs.twimg.com/media/EZ6x4mmUMAIJHP-.jpg', 'https://pbs.twimg.com/media/EZ6x4mnUMAAyuYE.jpg', 'https://pbs.twimg.com/media/EZ6x4moU4AEVB2j.jpg', 'https://pbs.twimg.com/media/EZ6x4mzUYAIMh83.jpg']",0,3,4,"['#shimla', '#corona', '#newsphh', '#unlock1']",[],https://twitter.com/newsphh/status/1269647762355654658,False,,0,,,,,,,"[{'user_id': '1211291550241570818', 'username': 'newsphh'}, {'user_id': '59386018', 'username': 'sdineshaa'}, {'user_id': '387410291', 'username': 'jairamthakurbjp'}, {'user_id': '719470301327847424', 'username': 'himachalpolice'}]",,,,
1269551373919514624,1267464712117202944,1591519609000,2020-06-07,14:16:49,IST,108930846,deepakgurunath,deepak,,In Unlock 1.0 i Will be going to Shimla with my friend @Rachnasharma1 on a long drive in a car to enjoy cool weather of hill stations and mountains of rivers and snow fall in chilling weather #Unlock1 #weeklycontest #cnbcontest,"['carandbike', 'rachnasharma1']",[],[],0,0,0,"['#unlock1', '#weeklycontest', '#cnbcontest']",[],https://twitter.com/deepakgurunath/status/1269551373919514624,False,,0,,,,,,,"[{'user_id': '108930846', 'username': 'deepakgurunath'}, {'user_id': '2278822326', 'username': 'carandbike'}, {'user_id': '287667866', 'username': 'rachnasharma1'}]",,,,
1269331644499947520,1269331644499947520,1591467221000,2020-06-06,23:43:41,IST,950448826371866624,thefasttalks,FASTTalks #AtmaNirbhar in India 🌍,,"#HimachalPradesh #Tourism #Unlock1 
As the empty roads of Shimla, wait to relive the old busy summer days, the CM Jai Ram Thakur said hotels can reopen from 08 June for locals but no tourists from other states are allowed. Will this opening be of any help to hoteliers we doubt ?  pic.twitter.com/fGr2KDSBhs",[],[],['https://pbs.twimg.com/media/EZ2SY6IUEAAcrqx.jpg'],0,0,0,"['#himachalpradesh', '#tourism', '#unlock1']",[],https://twitter.com/thefasttalks/status/1269331644499947520,False,,0,,,,,,,"[{'user_id': '950448826371866624', 'username': 'thefasttalks'}]",,,,
1269234502511079424,1269234502511079424,1591444061000,2020-06-06,17:17:41,IST,567278796,pibchandigarh,PIB in Chandigarh,,"#Unlock1 ਵਿੱਚ ਜ਼ਿਆਦਾਤਰ ਗਤੀਵਿਧੀਆਂ ਖੁੱਲ੍ਹ ਜਾਣ ਉਪਰੰਤ #Shimla, #HimachalPradesh ਦੇ ਬੜਾਗਾਓਂ ਪਿੰਡ ਵਿੱਚ ਔਰਤਾਂ ਸਬਜ਼ੀਆਂ ਦੀ ਬਿਜਾਈ ਕਰ ਰਹੀਆਂ ਹਨ । #IndiaMoves
@PIB_India
@MIB_India
@CMOFFICEHP
@DDNewsShimla https://twitter.com/PIBChandigarh/status/1269184436949532672 …","['pib_india', 'mib_india', 'cmofficehp', 'ddnewsshimla']",['https://twitter.com/PIBChandigarh/status/1269184436949532672'],[],0,0,1,"['#unlock1', '#shimla', '#himachalpradesh', '#indiamoves']",[],https://twitter.com/PIBChandigarh/status/1269234502511079424,False,https://twitter.com/PIBChandigarh/status/1269184436949532672,0,,,,,,,"[{'user_id': '567278796', 'username': 'PIBChandigarh'}, {'user_id': '231033118', 'username': 'PIB_India'}, {'user_id': '920488039', 'username': 'MIB_India'}, {'user_id': '948096542396727296', 'username': 'CMOFFICEHP'}, {'user_id': '2965525518', 'username': 'DDNewsShimla'}]",,,,
1269191452875206656,1269191452875206656,1591433797000,2020-06-06,14:26:37,IST,4752707640,robchandigarh,ROB Chandigarh,,"In the Badagaon village in #Shimla, #HimachalPradesh, the ladies get on with sowing of vegetables as most of the activity opens up in #Unlock1
#IndiaMoves
@PIB_India @MIB_India @CMOFFICEHP @DDNewsShimla @airnews_shimla @BOC_MIB @DDNewslive pic.twitter.com/e4lDxx8d64","['pib_india', 'mib_india', 'cmofficehp', 'ddnewsshimla', 'airnews_shimla', 'boc_mib', 'ddnewslive']",[],[],0,40,114,"['#shimla', '#himachalpradesh', '#unlock1', '#indiamoves']",[],https://twitter.com/ROBChandigarh/status/1269191452875206656,False,,1,,,,,,,"[{'user_id': '4752707640', 'username': 'ROBChandigarh'}, {'user_id': '231033118', 'username': 'PIB_India'}, {'user_id': '920488039', 'username': 'MIB_India'}, {'user_id': '948096542396727296', 'username': 'CMOFFICEHP'}, {'user_id': '2965525518', 'username': 'DDNewsShimla'}, {'user_id': '807154629993603072', 'username': 'airnews_shimla'}, {'user_id': '2586283550', 'username': 'BOC_MIB'}, {'user_id': '1100927498', 'username': 'DDNewslive'}]",,,,
1269191251083083776,1269191251083083776,1591433749000,2020-06-06,14:25:49,IST,4752707640,robchandigarh,ROB Chandigarh,,"Enabling the workers to earn a living for themselves, construction activity resumes in Shimla region of #HimachalPradesh as government allows a slew of activities  in #Unlock1
#IndiaMoves
@PIB_India @MIB_India @CMOFFICEHP @DDNewsShimla @airnews_shimla @BOC_MIB pic.twitter.com/8mWMCmso7D","['pib_india', 'mib_india', 'cmofficehp', 'ddnewsshimla', 'airnews_shimla', 'boc_mib']",[],[],3,37,118,"['#himachalpradesh', '#unlock1', '#indiamoves']",[],https://twitter.com/ROBChandigarh/status/1269191251083083776,False,,1,,,,,,,"[{'user_id': '4752707640', 'username': 'ROBChandigarh'}, {'user_id': '231033118', 'username': 'PIB_India'}, {'user_id': '920488039', 'username': 'MIB_India'}, {'user_id': '948096542396727296', 'username': 'CMOFFICEHP'}, {'user_id': '2965525518', 'username': 'DDNewsShimla'}, {'user_id': '807154629993603072', 'username': 'airnews_shimla'}, {'user_id': '2586283550', 'username': 'BOC_MIB'}]",,,,
1269191103326171136,1269191103326171136,1591433714000,2020-06-06,14:25:14,IST,4752707640,robchandigarh,ROB Chandigarh,,"#Unlock1 के शुरू होने के बाद, #हिमाचल_प्रदेश के हमीरपुर में सैलून खुलने लगे हैं। सभी लोग अधिकारियों द्वारा निर्धारित निर्देशों के अनुसार पर्याप्त सुरक्षा का पालन कर रहे हैं।

#IndiaFightsCorona
@PIBHindi @MIB_Hindi @DDNewsHindi @CMOFFICEHP @DDNewsShimla @BOC_MIB @airnews_shimla  pic.twitter.com/PL32ZCDLIE","['pibhindi', 'mib_hindi', 'ddnewshindi', 'cmofficehp', 'ddnewsshimla', 'boc_mib', 'airnews_shimla']",[],[],0,13,15,"['#unlock1', '#हिमाचल_प्रदेश', '#indiafightscorona']",[],https://twitter.com/ROBChandigarh/status/1269191103326171136,False,,1,,,,,,,"[{'user_id': '4752707640', 'username': 'ROBChandigarh'}, {'user_id': '3000838099', 'username': 'PIBHindi'}, {'user_id': '813345438908620801', 'username': 'MIB_Hindi'}, {'user_id': '1966507722', 'username': 'DDNewsHindi'}, {'user_id': '948096542396727296', 'username': 'CMOFFICEHP'}, {'user_id': '2965525518', 'username': 'DDNewsShimla'}, {'user_id': '2586283550', 'username': 'BOC_MIB'}, {'user_id': '807154629993603072', 'username': 'airnews_shimla'}]",,,,
1269188926272532481,1269188926272532481,1591433195000,2020-06-06,14:16:35,IST,902151402964738051,pibshimla,PIB in Himachal Pradesh,,"Enabling the workers to earn a living for themselves, construction activity resumes in Shimla region of #HimachalPradesh as government allows a slew of activities  in #Unlock1.

#IndiaMoves
@PIB_India @MIB_India @CMOFFICEHP @DDNewsShimla @airnews_shimla  pic.twitter.com/RjTniPaOav","['pib_india', 'mib_india', 'cmofficehp', 'ddnewsshimla', 'airnews_shimla']",[],[],0,4,2,"['#himachalpradesh', '#unlock1', '#indiamoves']",[],https://twitter.com/PIBShimla/status/1269188926272532481,False,,1,,,,,,,"[{'user_id': '902151402964738051', 'username': 'PIBShimla'}, {'user_id': '231033118', 'username': 'PIB_India'}, {'user_id': '920488039', 'username': 'MIB_India'}, {'user_id': '948096542396727296', 'username': 'CMOFFICEHP'}, {'user_id': '2965525518', 'username': 'DDNewsShimla'}, {'user_id': '807154629993603072', 'username': 'airnews_shimla'}]",,,,
1269188563041566721,1269188563041566721,1591433108000,2020-06-06,14:15:08,IST,902151402964738051,pibshimla,PIB in Himachal Pradesh,,"In the Badagaon village in #Shimla, #HimachalPradesh, the ladies get on with sowing of vegetables as most of the activity opens up in #Unlock1.

#IndiaMoves
@PIB_India @MIB_India @CMOFFICEHP @DDNewsShimla @airnews_shimla  pic.twitter.com/sfCgCk0gke","['pib_india', 'mib_india', 'cmofficehp', 'ddnewsshimla', 'airnews_shimla']",[],[],0,4,6,"['#shimla', '#himachalpradesh', '#unlock1', '#indiamoves']",[],https://twitter.com/PIBShimla/status/1269188563041566721,False,,1,,,,,,,"[{'user_id': '902151402964738051', 'username': 'PIBShimla'}, {'user_id': '231033118', 'username': 'PIB_India'}, {'user_id': '920488039', 'username': 'MIB_India'}, {'user_id': '948096542396727296', 'username': 'CMOFFICEHP'}, {'user_id': '2965525518', 'username': 'DDNewsShimla'}, {'user_id': '807154629993603072', 'username': 'airnews_shimla'}]",,,,
1269186173311709184,1269186173311709184,1591432538000,2020-06-06,14:05:38,IST,902151402964738051,pibshimla,PIB in Himachal Pradesh,,"#Unlock1 के शुरू होने के बाद, #हिमाचल_प्रदेश के हमीरपुर में सैलून खुलने लगे हैं। सभी लोग अधिकारियों द्वारा निर्धारित निर्देशों के अनुसार पर्याप्त सुरक्षा का पालन कर रहे हैं।

#IndiaFightsCorona
@PIBHindi @MIB_Hindi @DDNewsHindi @CMOFFICEHP @dprhp @DDNewsShimla @airnews_shimla  pic.twitter.com/5RrNbAo5bN","['pibhindi', 'mib_hindi', 'ddnewshindi', 'cmofficehp', 'dprhp', 'ddnewsshimla', 'airnews_shimla']",[],[],0,3,3,"['#unlock1', '#हिमाचल_प्रदेश', '#indiafightscorona']",[],https://twitter.com/PIBShimla/status/1269186173311709184,False,,1,,,,,,,"[{'user_id': '902151402964738051', 'username': 'PIBShimla'}, {'user_id': '3000838099', 'username': 'PIBHindi'}, {'user_id': '813345438908620801', 'username': 'MIB_Hindi'}, {'user_id': '1966507722', 'username': 'DDNewsHindi'}, {'user_id': '948096542396727296', 'username': 'CMOFFICEHP'}, {'user_id': '2599373246', 'username': 'dprhp'}, {'user_id': '2965525518', 'username': 'DDNewsShimla'}, {'user_id': '807154629993603072', 'username': 'airnews_shimla'}]",,,,
1269184436949532672,1269184436949532672,1591432124000,2020-06-06,13:58:44,IST,567278796,pibchandigarh,PIB in Chandigarh,,"In the Badagaon village in #Shimla, #HimachalPradesh, the ladies get on with sowing of vegetables as most of the activity opens up in #Unlock1.

#IndiaMoves
@PIB_India @MIB_India @CMOFFICEHP @DDNewslive pic.twitter.com/xn3w1ySRg8","['pib_india', 'mib_india', 'cmofficehp', 'ddnewslive']",[],[],0,1,2,"['#shimla', '#himachalpradesh', '#unlock1', '#indiamoves']",[],https://twitter.com/PIBChandigarh/status/1269184436949532672,False,,1,,,,,,,"[{'user_id': '567278796', 'username': 'PIBChandigarh'}, {'user_id': '231033118', 'username': 'PIB_India'}, {'user_id': '920488039', 'username': 'MIB_India'}, {'user_id': '948096542396727296', 'username': 'CMOFFICEHP'}, {'user_id': '1100927498', 'username': 'DDNewslive'}]",,,,
1269184057314705408,1269184057314705408,1591432034000,2020-06-06,13:57:14,IST,567278796,pibchandigarh,PIB in Chandigarh,,"Enabling the workers to earn a living for themselves, construction activity resumes in Shimla region of #HimachalPradesh as government allows a slew of activities  in #Unlock1.

#IndiaMoves
@PIB_India @MIB_India @CMOFFICEHP @DDNewslive pic.twitter.com/dt8a7IQkia","['pib_india', 'mib_india', 'cmofficehp', 'ddnewslive']",[],[],0,1,2,"['#himachalpradesh', '#unlock1', '#indiamoves']",[],https://twitter.com/PIBChandigarh/status/1269184057314705408,False,,1,,,,,,,"[{'user_id': '567278796', 'username': 'PIBChandigarh'}, {'user_id': '231033118', 'username': 'PIB_India'}, {'user_id': '920488039', 'username': 'MIB_India'}, {'user_id': '948096542396727296', 'username': 'CMOFFICEHP'}, {'user_id': '1100927498', 'username': 'DDNewslive'}]",,,,
1268935345283796999,1267464712117202944,1591372736000,2020-06-05,21:28:56,IST,108930846,deepakgurunath,deepak,,In Unlock 1.0 i Will be going to Shimla with @Rachnasharma163 on a long drive in a car  to enjoy cool weather of hill stations and mountains of rivers and snow fall in chilling weather #Unlock1 #weeklycontest #cnbcontest,"['carandbike', 'rachnasharma163']",[],[],0,0,0,"['#unlock1', '#weeklycontest', '#cnbcontest']",[],https://twitter.com/deepakgurunath/status/1268935345283796999,False,,0,,,,,,,"[{'user_id': '108930846', 'username': 'deepakgurunath'}, {'user_id': '2278822326', 'username': 'carandbike'}, {'user_id': '700791865', 'username': 'Rachnasharma163'}]",,,,
1268865408506818561,1268865408506818561,1591356062000,2020-06-05,16:51:02,IST,1211291550241570818,newsphh,News PHH (PunjabHaryanaHimachal),,"#Shimla में हुई झमाझम बारिश
@sdineshaa @jairamthakurbjp @CMOFFICEHP @AgnihotriLOPHP @ianuragthakur @SBhardwajBJP @govind4betterHP #NewsPHH #Stayathome #Unlock1  pic.twitter.com/0lQ5yqmpvj","['sdineshaa', 'jairamthakurbjp', 'cmofficehp', 'agnihotrilophp', 'ianuragthakur', 'sbhardwajbjp', 'govind4betterhp']",[],[],0,3,4,"['#shimla', '#newsphh', '#stayathome', '#unlock1']",[],https://twitter.com/newsphh/status/1268865408506818561,False,,1,,,,,,,"[{'user_id': '1211291550241570818', 'username': 'newsphh'}, {'user_id': '59386018', 'username': 'sdineshaa'}, {'user_id': '387410291', 'username': 'jairamthakurbjp'}, {'user_id': '948096542396727296', 'username': 'CMOFFICEHP'}, {'user_id': '841533882721685504', 'username': 'AgnihotriLOPHP'}, {'user_id': '381949397', 'username': 'ianuragthakur'}, {'user_id': '758264216373518336', 'username': 'SBhardwajBJP'}, {'user_id': '1022489076652376064', 'username': 'govind4betterHP'}]",,,,
1268635355215024132,1268635355215024132,1591301213000,2020-06-05,01:36:53,IST,1004333645996310528,himchlcrimenews,Himachal Crime News,,"*Unlock1: हिमाचल कैबिनेट मीटिंग का आया फैसला, जानिए अहम फैसले*
👇👇👇👇👇
 https://www.facebook.com/himachalcrimenews/videos/1186931438323428/?app=fbl …
#HimachalNews #Himachal #HimachalPradesh #hamirpur #kangra #dharmshala #shimla #rohru",[],['https://www.facebook.com/himachalcrimenews/videos/1186931438323428/?app=fbl'],[],0,1,0,"['#himachalnews', '#himachal', '#himachalpradesh', '#hamirpur', '#kangra', '#dharmshala', '#shimla', '#rohru']",[],https://twitter.com/himchlcrimenews/status/1268635355215024132,False,,0,,,,,,,"[{'user_id': '1004333645996310528', 'username': 'himchlcrimenews'}]",,,,
1268582527242928128,1267464712117202944,1591288618000,2020-06-04,22:06:58,IST,108930846,deepakgurunath,deepak,,In Unlock 1.0 want to go on a long drive to Shimla with my friend @Rachnasharma163 to enjoy cool weather of hill stations and mountains of rivers and snow fall in chilling weather #Unlock1 #weeklycontest #cnbcontest,"['carandbike', 'rachnasharma163']",[],[],0,1,0,"['#unlock1', '#weeklycontest', '#cnbcontest']",[],https://twitter.com/deepakgurunath/status/1268582527242928128,False,,0,,,,,,,"[{'user_id': '108930846', 'username': 'deepakgurunath'}, {'user_id': '2278822326', 'username': 'carandbike'}, {'user_id': '700791865', 'username': 'Rachnasharma163'}]",,,,
1268580523565215745,1267464712117202944,1591288140000,2020-06-04,21:59:00,IST,108930846,deepakgurunath,deepak,,I want to go on a long drive to Shimla with my friend @Rachnasharma1 to enjoy cool weather of hill stations and mountains of rivers and snow fall in chilling weather #Unlock1 #weeklycontest #cnbcontest,"['carandbike', 'rachnasharma1']",[],[],0,0,0,"['#unlock1', '#weeklycontest', '#cnbcontest']",[],https://twitter.com/deepakgurunath/status/1268580523565215745,False,,0,,,,,,,"[{'user_id': '108930846', 'username': 'deepakgurunath'}, {'user_id': '2278822326', 'username': 'carandbike'}, {'user_id': '287667866', 'username': 'rachnasharma1'}]",,,,
1268532098723348480,1268532098723348480,1591276595000,2020-06-04,18:46:35,IST,1211291550241570818,newsphh,News PHH (PunjabHaryanaHimachal),,"#Shimla/ कोटखाई के हिमरी गांव में अचानक लगी आग, तीन मंजिला मकान हुआ जलकर राख
@sdineshaa @jairamthakurbjp @AgnihotriLOPHP @himachalpolice #NewsPHH #Stayathome #Unlock1 #FireinShimla pic.twitter.com/lDn0RTy9rB","['sdineshaa', 'jairamthakurbjp', 'agnihotrilophp', 'himachalpolice']",[],[],0,3,2,"['#shimla', '#newsphh', '#stayathome', '#unlock1', '#fireinshimla']",[],https://twitter.com/newsphh/status/1268532098723348480,False,,1,,,,,,,"[{'user_id': '1211291550241570818', 'username': 'newsphh'}, {'user_id': '59386018', 'username': 'sdineshaa'}, {'user_id': '387410291', 'username': 'jairamthakurbjp'}, {'user_id': '841533882721685504', 'username': 'AgnihotriLOPHP'}, {'user_id': '719470301327847424', 'username': 'himachalpolice'}]",,,,
1268522535118761987,1268522535118761987,1591274315000,2020-06-04,18:08:35,IST,1211291550241570818,newsphh,News PHH (PunjabHaryanaHimachal),,"#Shimla में लगातार हो रही है बारिश, शिमला के माल्याण धोबी घाट इलाके में गिरी आसमानी बिजली
@sdineshaa @jairamthakurbjp @CMOFFICEHP @AgnihotriLOPHP @himachalpolice #NewsPHH #Unlock1 #IndiafightAgainstCorona pic.twitter.com/CuJQEAxrNw","['sdineshaa', 'jairamthakurbjp', 'cmofficehp', 'agnihotrilophp', 'himachalpolice']",[],[],0,4,6,"['#shimla', '#newsphh', '#unlock1', '#indiafightagainstcorona']",[],https://twitter.com/newsphh/status/1268522535118761987,False,,1,,,,,,,"[{'user_id': '1211291550241570818', 'username': 'newsphh'}, {'user_id': '59386018', 'username': 'sdineshaa'}, {'user_id': '387410291', 'username': 'jairamthakurbjp'}, {'user_id': '948096542396727296', 'username': 'CMOFFICEHP'}, {'user_id': '841533882721685504', 'username': 'AgnihotriLOPHP'}, {'user_id': '719470301327847424', 'username': 'himachalpolice'}]",,,,
1268226337988173824,1267464712117202944,1591203696000,2020-06-03,22:31:36,IST,108930846,deepakgurunath,deepak,,I want to go on a long drive to Shimla with my friend @Joys_world to enjoy cool weather of hill stations and mountains of rivers and snow fall in chilling weather #Unlock1 #weeklycontest #cnbcontest,"['carandbike', 'joys_world']",[],[],0,0,0,"['#unlock1', '#weeklycontest', '#cnbcontest']",[],https://twitter.com/deepakgurunath/status/1268226337988173824,False,,0,,,,,,,"[{'user_id': '108930846', 'username': 'deepakgurunath'}, {'user_id': '2278822326', 'username': 'carandbike'}, {'user_id': '2352648464', 'username': 'Joys_World'}]",,,,
1268140399379353607,1268140399379353607,1591183206000,2020-06-03,16:50:06,IST,1211291550241570818,newsphh,News PHH (PunjabHaryanaHimachal),,"#Himachal के पूर्व मुख्यमंत्री @virbhadrasingh ने कहा सरकार में कमिया हुई हैं
@sdineshaa @jairamthakurbjp @JPNadda @CMOFFICEHP @AgnihotriLOPHP @KSRathoreINC @SBhardwajBJP #NewsPHH #Stayathome #Unlock1 #Shimla  pic.twitter.com/G4NJFBiDUz","['virbhadrasingh', 'sdineshaa', 'jairamthakurbjp', 'jpnadda', 'cmofficehp', 'agnihotrilophp', 'ksrathoreinc', 'sbhardwajbjp']",[],[],0,4,4,"['#himachal', '#newsphh', '#stayathome', '#unlock1', '#shimla']",[],https://twitter.com/newsphh/status/1268140399379353607,False,,1,,,,,,,"[{'user_id': '1211291550241570818', 'username': 'newsphh'}, {'user_id': '2299677025', 'username': 'virbhadrasingh'}, {'user_id': '59386018', 'username': 'sdineshaa'}, {'user_id': '387410291', 'username': 'jairamthakurbjp'}, {'user_id': '2990611686', 'username': 'JPNadda'}, {'user_id': '948096542396727296', 'username': 'CMOFFICEHP'}, {'user_id': '841533882721685504', 'username': 'AgnihotriLOPHP'}, {'user_id': '1090494367016673280', 'username': 'KSRathoreINC'}, {'user_id': '758264216373518336', 'username': 'SBhardwajBJP'}]",,,,
1268138440404553728,1268138440404553728,1591182739000,2020-06-03,16:42:19,IST,1211291550241570818,newsphh,News PHH (PunjabHaryanaHimachal),,"#Himachal/ #Shimla में हुई बारिश और ओलावृष्टि
@sdineshaa @jairamthakurbjp @govind4betterHP #NewsPHH #Stayathome #Unlock1 #IndiaFightAgainstCorona pic.twitter.com/SauKIinjEX","['sdineshaa', 'jairamthakurbjp', 'govind4betterhp']",[],[],0,3,1,"['#himachal', '#shimla', '#newsphh', '#stayathome', '#unlock1', '#indiafightagainstcorona']",[],https://twitter.com/newsphh/status/1268138440404553728,False,,1,,,,,,,"[{'user_id': '1211291550241570818', 'username': 'newsphh'}, {'user_id': '59386018', 'username': 'sdineshaa'}, {'user_id': '387410291', 'username': 'jairamthakurbjp'}, {'user_id': '1022489076652376064', 'username': 'govind4betterHP'}]",,,,
1268120100407840770,1268120100407840770,1591178367000,2020-06-03,15:29:27,IST,567278796,pibchandigarh,PIB in Chandigarh,,"ਸਰਕਾਰ ਦੁਆਰਾ #Unlock1  ਦੀ ਘੋਸ਼ਣਾ ਤੋਂ ਬਾਅਦ #Shimla ਵਿੱਚ ਔਕਲੈਂਡ ਟਨਲ, ਦੁਬਾਰਾ ਚੱਲ ਪਈ ਹੈ। ਪਬਲਿਕ ਟ੍ਰਾਂਸਪੋਰਟ ਬੱਸਾਂ, ਟੈਕਸੀਆਂ ਅਤੇ ਪ੍ਰਾਈਵੇਟ ਵਾਹਨ ਸੜਕਾਂ 'ਤੇ ਵੇਖੇ ਜਾ ਸਕਦੇ ਹਨ ਜੋ ਸ਼ਹਿਰ ਦੀ ਆਮ ਸਥਿਤੀ ਦੀ ਬਹਾਲੀ ਨੂੰ ਦਰਸਾਉਂਦੇ ਹਨ।
@PIB_India
@CMOFFICEHP
@MIB_India https://twitter.com/PIBChandigarh/status/1268061426192510976 …","['pib_india', 'cmofficehp', 'mib_india']",['https://twitter.com/PIBChandigarh/status/1268061426192510976'],[],0,1,0,"['#unlock1', '#shimla']",[],https://twitter.com/PIBChandigarh/status/1268120100407840770,False,https://twitter.com/PIBChandigarh/status/1268061426192510976,0,,,,,,,"[{'user_id': '567278796', 'username': 'PIBChandigarh'}, {'user_id': '231033118', 'username': 'PIB_India'}, {'user_id': '948096542396727296', 'username': 'CMOFFICEHP'}, {'user_id': '920488039', 'username': 'MIB_India'}]",,,,
1268065181285773312,1268065181285773312,1591165273000,2020-06-03,11:51:13,IST,902151402964738051,pibshimla,PIB in Himachal Pradesh,,"निजी परिवहन सेवाओं ने भी #Unlock1 की घोषणा के बाद #हिमाचल_प्रदेश के हमीरपुर में परिचालन शुरू कर दिया है जो 
यात्रियों के लिए एक बड़ी राहत है। सभी यात्री मास्क पहने हुए हैं और 
#शारीरिक_दूरी का पालन कर रहे हैं।

@PIBHindi @MIB_Hindi @CMOFFICEHP @DDNewsShimla @airnews_shimla  pic.twitter.com/stguhdc0VU","['pibhindi', 'mib_hindi', 'cmofficehp', 'ddnewsshimla', 'airnews_shimla']",[],[],0,0,2,"['#unlock1', '#हिमाचल_प्रदेश', '#शारीरिक_दूरी']",[],https://twitter.com/PIBShimla/status/1268065181285773312,False,,1,,,,,,,"[{'user_id': '902151402964738051', 'username': 'PIBShimla'}, {'user_id': '3000838099', 'username': 'PIBHindi'}, {'user_id': '813345438908620801', 'username': 'MIB_Hindi'}, {'user_id': '948096542396727296', 'username': 'CMOFFICEHP'}, {'user_id': '2965525518', 'username': 'DDNewsShimla'}, {'user_id': '807154629993603072', 'username': 'airnews_shimla'}]",,,,
1268061426192510976,1268061426192510976,1591164378000,2020-06-03,11:36:18,IST,567278796,pibchandigarh,PIB in Chandigarh,,"The Auckland tunnel in #Shimla, comes back to life after the announcement of #Unlock1 plan by the government. Public transport buses, taxis and private vehicles can be seen plying on the roads ushering in a semblance of normalcy in the city.

@PIB_India @CMOFFICEHP @MIB_India pic.twitter.com/ReS1jqKeKV","['pib_india', 'cmofficehp', 'mib_india']",[],[],0,1,2,"['#shimla', '#unlock1']",[],https://twitter.com/PIBChandigarh/status/1268061426192510976,False,,1,,,,,,,"[{'user_id': '567278796', 'username': 'PIBChandigarh'}, {'user_id': '231033118', 'username': 'PIB_India'}, {'user_id': '948096542396727296', 'username': 'CMOFFICEHP'}, {'user_id': '920488039', 'username': 'MIB_India'}]",,,,
1268060018567348228,1268060018567348228,1591164042000,2020-06-03,11:30:42,IST,902151402964738051,pibshimla,PIB in Himachal Pradesh,,"The Auckland tunnel in #Shimla, comes back to life after the announcement of #Unlock1 plan by the government. Public transport buses, taxis and private vehicles can be seen plying on the roads ushering in a semblance of normalcy in the city.

@PIB_India @CMOFFICEHP @MIB_India pic.twitter.com/izGVdUE6kz","['pib_india', 'cmofficehp', 'mib_india']",[],[],0,1,2,"['#shimla', '#unlock1']",[],https://twitter.com/PIBShimla/status/1268060018567348228,False,,1,,,,,,,"[{'user_id': '902151402964738051', 'username': 'PIBShimla'}, {'user_id': '231033118', 'username': 'PIB_India'}, {'user_id': '948096542396727296', 'username': 'CMOFFICEHP'}, {'user_id': '920488039', 'username': 'MIB_India'}]",,,,
1267998390492827651,1267998390492827651,1591149349000,2020-06-03,07:25:49,IST,4752707640,robchandigarh,ROB Chandigarh,,"The Auckland tunnel in Shimla comes back to life after the announcement of #Unlock1 plan by the government. Public transport buses, taxis and private vehicles can be seen plying on the roads ushering in a semblance of normalcy in the city.

@PIB_India @BOC_MIB @MIB_India pic.twitter.com/VSLCu50m44","['pib_india', 'boc_mib', 'mib_india']",[],[],0,10,13,['#unlock1'],[],https://twitter.com/ROBChandigarh/status/1267998390492827651,False,,1,,,,,,,"[{'user_id': '4752707640', 'username': 'ROBChandigarh'}, {'user_id': '231033118', 'username': 'PIB_India'}, {'user_id': '2586283550', 'username': 'BOC_MIB'}, {'user_id': '920488039', 'username': 'MIB_India'}]",,,,
1267852101209620480,1267464712117202944,1591114471000,2020-06-02,21:44:31,IST,108930846,deepakgurunath,deepak,,I want to go on a long drive to Shimla with my friend @Rachnasharma163 to enjoy cool weather of hill stations and mountains of rivers and snow fall in chilling weather #Unlock1 #weeklycontest #cnbcontest,"['carandbike', 'rachnasharma163']",[],[],0,1,1,"['#unlock1', '#weeklycontest', '#cnbcontest']",[],https://twitter.com/deepakgurunath/status/1267852101209620480,False,,0,,,,,,,"[{'user_id': '108930846', 'username': 'deepakgurunath'}, {'user_id': '2278822326', 'username': 'carandbike'}, {'user_id': '700791865', 'username': 'Rachnasharma163'}]",,,,
1267850739746930688,1267464712117202944,1591114146000,2020-06-02,21:39:06,IST,108930846,deepakgurunath,deepak,,I want to go on a long drive to Shimla with my friend @Rawritz to enjoy cool weather of hill stations and mountains of rivers and snow fall in cool weather #Unlock1 #weeklycontest #cnbcontest,"['carandbike', 'rawritz']",[],[],0,0,0,"['#unlock1', '#weeklycontest', '#cnbcontest']",[],https://twitter.com/deepakgurunath/status/1267850739746930688,False,,0,,,,,,,"[{'user_id': '108930846', 'username': 'deepakgurunath'}, {'user_id': '2278822326', 'username': 'carandbike'}, {'user_id': '346109942', 'username': 'Rawritz'}]",,,,
1267809380822474753,1267809380822474753,1591104285000,2020-06-02,18:54:45,IST,552608167,himachalw,Himachal Watcher,,"CM #JairamThakur informed about new guidelines/quarantine rules. He said the decision to open educational institutes in #HimachalPradesh would be taken in July. 

Read More:  https://himachalwatcher.com/?p=46629 
#HPGovt #Lockdown #Unlock1 #Shimla #Education",[],['https://himachalwatcher.com/?p=46629'],[],0,4,4,"['#jairamthakur', '#himachalpradesh', '#hpgovt', '#lockdown', '#unlock1', '#shimla', '#education']",[],https://twitter.com/HimachalW/status/1267809380822474753,False,,0,,,,,,,"[{'user_id': '552608167', 'username': 'HimachalW'}]",,,,
1267698924812304385,1267698924812304385,1591077951000,2020-06-02,11:35:51,IST,567278796,pibchandigarh,PIB in Chandigarh,,"With the government announcing #Unlock1, buses of HRTC in #HimachalPradesh are all set to resume operations. At ISBT Shimla, all buses are being sanitized and staff is being given the necessary instructions to ensure that all norms are followed.

@PIB_India @MIB_India @CMOFFICEHP pic.twitter.com/FZeXlTroAV","['pib_india', 'mib_india', 'cmofficehp']",[],[],0,3,6,"['#unlock1', '#himachalpradesh']",[],https://twitter.com/PIBChandigarh/status/1267698924812304385,False,,1,,,,,,,"[{'user_id': '567278796', 'username': 'PIBChandigarh'}, {'user_id': '231033118', 'username': 'PIB_India'}, {'user_id': '920488039', 'username': 'MIB_India'}, {'user_id': '948096542396727296', 'username': 'CMOFFICEHP'}]",,,,
1267680845583638529,1267680845583638529,1591073640000,2020-06-02,10:24:00,IST,860156580536262657,panchayattimes,Panchayat Times,,"हिमाचल: बाहरी राज्यों से आने वालो को पास के माध्यम से ही मिलेगा प्रवेश
#COVIDー19 #HimachalPradesh #coronavirus #India #Shimla #CoronaVirusUpdates #COVID19 #Corona #Unlock1 #Update https://www.panchayattimes.com/pass-and-permits-needs-to-enter-in-himachal-pradesh-said-government/ …",[],['https://www.panchayattimes.com/pass-and-permits-needs-to-enter-in-himachal-pradesh-said-government/'],[],0,1,1,"['#covidー19', '#himachalpradesh', '#coronavirus', '#india', '#shimla', '#coronavirusupdates', '#covid19', '#corona', '#unlock1', '#update']",[],https://twitter.com/PanchayatTimes/status/1267680845583638529,False,,0,,,,,,,"[{'user_id': '860156580536262657', 'username': 'PanchayatTimes'}]",,,,
1267516599273218048,1267464712117202944,1591034481000,2020-06-01,23:31:21,IST,140343511,isaidevbhatia,Sai Dev Bhatia,,I will be going to shimla with @beardamigo #cnbcobtest #Unlock1,"['carandbike', 'beardamigo']",[],[],0,0,0,"['#cnbcobtest', '#unlock1']",[],https://twitter.com/isaidevbhatia/status/1267516599273218048,False,,0,,,,,,,"[{'user_id': '140343511', 'username': 'isaidevbhatia'}, {'user_id': '2278822326', 'username': 'carandbike'}, {'user_id': '2992006890', 'username': 'beardamigo'}]",,,,
1267352160322441216,1267352160322441216,1590995275000,2020-06-01,12:37:55,IST,1211291550241570818,newsphh,News PHH (PunjabHaryanaHimachal),,"GROUND ZERO: #Himachal में बस सेवा शुरु, सड़कों पर दौड़ी बसें
#June1st #Lockdown #Unlock1 #HimachalPradesh #HRTC #Shimla #NewsPHH https://newsphh.in/bus-service-start-in-himachal-pradesh/ …",[],['https://newsphh.in/bus-service-start-in-himachal-pradesh/'],[],0,1,3,"['#himachal', '#june1st', '#lockdown', '#unlock1', '#himachalpradesh', '#hrtc', '#shimla', '#newsphh']",[],https://twitter.com/newsphh/status/1267352160322441216,False,,0,,,,,,,"[{'user_id': '1211291550241570818', 'username': 'newsphh'}]",,,,
1266929372163764224,1266929372163764224,1590894475000,2020-05-31,08:37:55,IST,1211291550241570818,newsphh,News PHH (PunjabHaryanaHimachal),,"क्या देश में मौजूदा स्थिति में #Unlock1 जरुरी था ?
#NewsPHH #Punjab #Haryana #Himachal #Chandigarh #Amritsar #GurdashPur #Patiala #Jalandhar #Bathinda #Rohtak #Panipat #Sirsa #Jind #Hisar #Gurugram #Shimla #Chamba #Solan #Una #Kangra #Dharamshala",[],[],[],0,2,4,"['#unlock1', '#newsphh', '#punjab', '#haryana', '#himachal', '#chandigarh', '#amritsar', '#gurdashpur', '#patiala', '#jalandhar', '#bathinda', '#rohtak', '#panipat', '#sirsa', '#jind', '#hisar', '#gurugram', '#shimla', '#chamba', '#solan', '#una', '#kangra', '#dharamshala']",[],https://twitter.com/newsphh/status/1266929372163764224,False,,0,,,,,,,"[{'user_id': '1211291550241570818', 'username': 'newsphh'}]",,,,
