id,conversation_id,created_at,date,time,timezone,user_id,username,name,place,tweet,mentions,urls,photos,replies_count,retweets_count,likes_count,hashtags,cashtags,link,retweet,quote_url,video,near,geo,source,user_rt_id,user_rt,retweet_id,reply_to,retweet_date,translate,trans_src,trans_dest
1277944258670915585,1277944258670915585,1593520628000,2020-06-30,18:07:08,IST,1032883844855345152,ddnews_jammu,DD NEWS JAMMU,,#JammuAndKashmir Government extends #Unlock1 till 3-7-2020.   pic.twitter.com/PVzvkgfEee,[],[],['https://pbs.twimg.com/media/EbwpC-kUcAwx0XF.jpg'],0,0,0,"['#jammuandkashmir', '#unlock1']",[],https://twitter.com/ddnews_jammu/status/1277944258670915585,False,,0,,,,,,,"[{'user_id': '1032883844855345152', 'username': 'ddnews_jammu'}]",,,,
1277941553697177604,1277941553697177604,1593519984000,2020-06-30,17:56:24,IST,2919311094,radionews_jammu,AIR News Jammu,,#JammuAndKashmir Government extends #Unlock1 till 3-7-2020. @airnewsalerts  pic.twitter.com/co1bOwZtRs,['airnewsalerts'],[],['https://pbs.twimg.com/media/EbwpC-kUcAwx0XF.jpg'],0,1,1,"['#jammuandkashmir', '#unlock1']",[],https://twitter.com/radionews_jammu/status/1277941553697177604,False,,0,,,,,,,"[{'user_id': '2919311094', 'username': 'radionews_jammu'}, {'user_id': '1056850669', 'username': 'airnewsalerts'}]",,,,
1277921435072098304,1277921435072098304,1593515187000,2020-06-30,16:36:27,IST,2944845828,bindyatikoo,B-INDIA,,"#DadsDream #LockdownDiaries #Unlock1 #FirstBookRelease 
With the heavenly blessings of my revered Father and in the presence of my Mother, a collection of my poetry ""Jeevan Satya"" was released today at Jammu. You can order ""Jeevan Satya"" book through Amazon as well.",[],[],[],1,0,0,"['#dadsdream', '#lockdowndiaries', '#unlock1', '#firstbookrelease']",[],https://twitter.com/BindyaTikoo/status/1277921435072098304,False,,0,,,,,,,"[{'user_id': '2944845828', 'username': 'BindyaTikoo'}]",,,,
1277462642433507328,1277462642433507328,1593405802000,2020-06-29,10:13:22,IST,4832518570,robjammukashmir,"Regional Outreach Bureau, J&K",,"#IndiaFightsCorona

हमारे स्वास्थ्यकर्मी निःस्वार्थ रूप से #COVID19 लड़ाई को अग्रिम पंक्ति पर खड़े होकर लड़ रहे हैं। 

#TogetherAgainstCovid19 #HealthForAll #SwasthaBharat #CoronaOutbreak #Unlock1
@MIB_India @MoHFW_INDIA @COVIDNewsByMIB @BOC_MIB @diprjk @DIPR_Leh @PIBSrinagar pic.twitter.com/tDxlPgvk97","['mib_india', 'mohfw_india', 'covidnewsbymib', 'boc_mib', 'diprjk', 'dipr_leh', 'pibsrinagar']",[],['https://pbs.twimg.com/media/Ebp1QA0U4AA0VrF.jpg'],0,7,6,"['#indiafightscorona', '#covid19', '#togetheragainstcovid19', '#healthforall', '#swasthabharat', '#coronaoutbreak', '#unlock1']",[],https://twitter.com/ROBJammuKashmir/status/1277462642433507328,False,,0,,,,,,,"[{'user_id': '4832518570', 'username': 'ROBJammuKashmir'}, {'user_id': '920488039', 'username': 'MIB_India'}, {'user_id': '2596143056', 'username': 'MoHFW_INDIA'}, {'user_id': '1244892413262311425', 'username': 'COVIDNewsByMIB'}, {'user_id': '2586283550', 'username': 'BOC_MIB'}, {'user_id': '830669077022531584', 'username': 'diprjk'}, {'user_id': '1196297083478663171', 'username': 'DIPR_Leh'}, {'user_id': '902109287480037376', 'username': 'PIBSrinagar'}]",,,,
1277089216837476357,1277089216837476357,1593316771000,2020-06-28,09:29:31,IST,4832518570,robjammukashmir,"Regional Outreach Bureau, J&K",,"#IndiaFightsCorona

Salute to the police force who are working round the clock to ensure everyone is safe & India can fight the battle against #COVID19.

 #TogetherAgainstCovid19 #HealthForAll #SwasthaBharat #Unlock1 

via @MoHFW_INDIA
@MIB_India @BOC_MIB @diprjk @JmuKmrPolice pic.twitter.com/dU45l6759J","['mohfw_india', 'mib_india', 'boc_mib', 'diprjk', 'jmukmrpolice']",[],['https://pbs.twimg.com/media/EbkhfObUcAAVKWd.jpg'],1,7,6,"['#indiafightscorona', '#covid19', '#togetheragainstcovid19', '#healthforall', '#swasthabharat', '#unlock1']",[],https://twitter.com/ROBJammuKashmir/status/1277089216837476357,False,,0,,,,,,,"[{'user_id': '4832518570', 'username': 'ROBJammuKashmir'}, {'user_id': '2596143056', 'username': 'MoHFW_INDIA'}, {'user_id': '920488039', 'username': 'MIB_India'}, {'user_id': '2586283550', 'username': 'BOC_MIB'}, {'user_id': '830669077022531584', 'username': 'diprjk'}, {'user_id': '4843765218', 'username': 'JmuKmrPolice'}]",,,,
1276745282697347072,1276745282697347072,1593234770000,2020-06-27,10:42:50,IST,4832518570,robjammukashmir,"Regional Outreach Bureau, J&K",,"#IndiaFightsCorona

फ्रंटलाइन वर्कर्स, जो लगातार हमारी सेवा में लगे हुए हैं - हम सभी सदैव उनके आभारी रहेंगे।

 #TogetherAgainstCovid19 #HealthForAll #SwasthaBharat #CoronaOutbreak #Unlock1
@MIB_India @MoHFW_INDIA @BOC_MIB @diprjk @DIPR_Leh @PIBSrinagar @FOBAnantnag @FOBUdhampur pic.twitter.com/bhE8epweW4","['mib_india', 'mohfw_india', 'boc_mib', 'diprjk', 'dipr_leh', 'pibsrinagar', 'fobanantnag', 'fobudhampur']",[],['https://pbs.twimg.com/media/EbfpDeqU0AA6tNn.jpg'],0,4,4,"['#indiafightscorona', '#togetheragainstcovid19', '#healthforall', '#swasthabharat', '#coronaoutbreak', '#unlock1']",[],https://twitter.com/ROBJammuKashmir/status/1276745282697347072,False,,0,,,,,,,"[{'user_id': '4832518570', 'username': 'ROBJammuKashmir'}, {'user_id': '920488039', 'username': 'MIB_India'}, {'user_id': '2596143056', 'username': 'MoHFW_INDIA'}, {'user_id': '2586283550', 'username': 'BOC_MIB'}, {'user_id': '830669077022531584', 'username': 'diprjk'}, {'user_id': '1196297083478663171', 'username': 'DIPR_Leh'}, {'user_id': '902109287480037376', 'username': 'PIBSrinagar'}, {'user_id': '1249013369132089344', 'username': 'FOBAnantnag'}, {'user_id': '1248638149493846016', 'username': 'FOBUdhampur'}]",,,,
1276476256159072256,1276476256159072256,1593170629000,2020-06-26,16:53:49,IST,902109287480037376,pibsrinagar,PIB in Jammu and Kashmir,,"#IndiaFightsCorona
#COVID19 के संक्रमण से सुरक्षित रहने के लिए हाथ मिलाने, गले मिलने या हाई-फाइव्स को कहें ना। बदलकर अपना व्यवहार, करें कोरोना पर वार।

 #TogetherAgainstCovid19 #HealthForAll #SwasthaBharat #CoronaOutbreak #Unlock1  pic.twitter.com/3mnx5z6yyo",[],[],['https://pbs.twimg.com/media/Ebb0X5XVcAILazD.jpg'],0,0,0,"['#indiafightscorona', '#covid19', '#togetheragainstcovid19', '#healthforall', '#swasthabharat', '#coronaoutbreak', '#unlock1']",[],https://twitter.com/PIBSrinagar/status/1276476256159072256,False,,0,,,,,,,"[{'user_id': '902109287480037376', 'username': 'PIBSrinagar'}]",,,,
1276474843899162626,1276474843899162626,1593170293000,2020-06-26,16:48:13,IST,902109287480037376,pibsrinagar,PIB in Jammu and Kashmir,,"#IndiaFightsCorona

अपने हाथों को नियमित रूप से और अच्छे से साबुन और पानी से धोएं या अल्कोहल-आधारित हैंड सैनिटाइज़र का प्रयोग करें। स्वच्छ हाथ, सुरक्षित हाथ। बदलकर अपना व्यवहार, करें कोरोना पर वार।

  #TogetherAgainstCovid19 #HealthForAll #SwasthaBharat #CoronaOutbreak #Unlock1  pic.twitter.com/1TQObpsktW",[],[],['https://pbs.twimg.com/media/EbbzFsXUMAATXGY.jpg'],0,0,0,"['#indiafightscorona', '#togetheragainstcovid19', '#healthforall', '#swasthabharat', '#coronaoutbreak', '#unlock1']",[],https://twitter.com/PIBSrinagar/status/1276474843899162626,False,,0,,,,,,,"[{'user_id': '902109287480037376', 'username': 'PIBSrinagar'}]",,,,
1276386265328308224,1276386265328308224,1593149174000,2020-06-26,10:56:14,IST,4832518570,robjammukashmir,"Regional Outreach Bureau, J&K",,"#IndiaFightsCorona

Wash your hands frequently and thoroughly with soap and water or use an alcohol-based hand sanitizer. Clean hands are safe hands.

 #BadalkarApnaVyavaharKareinCoronaParVaar #TogetherAgainstCovid19 #HealthForAll #SwasthaBharat #CoronaOutbreak #Unlock1  pic.twitter.com/n6vQaQdCaL",[],[],['https://pbs.twimg.com/media/Ebaih1GUwAEAwiT.jpg'],0,3,4,"['#indiafightscorona', '#badalkarapnavyavaharkareincoronaparvaar', '#togetheragainstcovid19', '#healthforall', '#swasthabharat', '#coronaoutbreak', '#unlock1']",[],https://twitter.com/ROBJammuKashmir/status/1276386265328308224,False,,0,,,,,,,"[{'user_id': '4832518570', 'username': 'ROBJammuKashmir'}]",,,,
1274996116732469248,1274996116732469248,1592817737000,2020-06-22,14:52:17,IST,880453372335149056,jammuparivartan,Jammu Parivartan,,"#IndiaFightsCorona

2 गज की दूरी, हम सबके लिए ज़रूरी। बदलकर अपना व्यवहार, करें कोरोना पर वार।

 #TogetherAgainstCovid19 #HealthForAll #SwasthaBharat #CoronaOutbreak #Unlock1  pic.twitter.com/PEzkPfVzJ8",[],[],['https://pbs.twimg.com/media/EbGyMaBWoAETqma.jpg'],0,0,1,"['#indiafightscorona', '#togetheragainstcovid19', '#healthforall', '#swasthabharat', '#coronaoutbreak', '#unlock1']",[],https://twitter.com/JammuParivartan/status/1274996116732469248,False,,0,,,,,,,"[{'user_id': '880453372335149056', 'username': 'JammuParivartan'}]",,,,
1271690485782859776,1271690485782859776,1592029613000,2020-06-13,11:56:53,IST,69544090,ani_multimedia,ANI Multimedia,,"#Unlock1 .0: Locals, players resume fitness session at #Jammu’s #ParadeGround https://youtu.be/X6BZhMyhUwI ",[],['https://youtu.be/X6BZhMyhUwI'],[],0,0,0,"['#unlock1', '#jammu', '#paradeground']",[],https://twitter.com/ANI_multimedia/status/1271690485782859776,False,,0,,,,,,,"[{'user_id': '69544090', 'username': 'ANI_multimedia'}]",,,,
1270295825093062657,1270295825093062657,1591697100000,2020-06-09,15:35:00,IST,3255627399,arretweets,Arré,,"As we enter into #Unlock1, Mizoram announced a total lockdown for three weeks because of rising #Covid-19 cases. Around 24 states including Haryana and Jammu Kashmir are seeing a huge spike in numbers. Will they be forced to impose restrictions again?
 https://www.arre.co.in/coronavirus/mizoram-goes-into-complete-lockdown-again/ …",[],['https://www.arre.co.in/coronavirus/mizoram-goes-into-complete-lockdown-again/'],[],0,0,1,"['#unlock1', '#covid']",[],https://twitter.com/ArreTweets/status/1270295825093062657,False,,0,,,,,,,"[{'user_id': '3255627399', 'username': 'ArreTweets'}]",,,,
1270201366296887296,1270201366296887296,1591674579000,2020-06-09,09:19:39,IST,1112865389271187458,megapowerjammu,Rajesh Dogra,,"We request everyone to #RideSafe #StaySafe in #Unlock1. Wear Mask and wear Gloves when you are riding your bike.

#Jammu #JammuKashmir #ElectricScooter #ebike #PollutionFree #MegaPowerElectricScooters #TNRTurner…  https://www.instagram.com/p/CBMykOvjWR3/?igshid=1s56wujhdtcs8 …",[],['https://www.instagram.com/p/CBMykOvjWR3/?igshid=1s56wujhdtcs8'],[],0,0,2,"['#ridesafe', '#staysafe', '#unlock1', '#jammu', '#jammukashmir', '#electricscooter', '#ebike', '#pollutionfree', '#megapowerelectricscooters', '#tnrturner']",[],https://twitter.com/MegaPowerJammu/status/1270201366296887296,False,,0,,,,,,,"[{'user_id': '1112865389271187458', 'username': 'MegaPowerJammu'}]",,,,
1270047587098169344,1270047587098169344,1591637915000,2020-06-08,23:08:35,IST,2919311094,radionews_jammu,AIR News Jammu,,Here are the New Normal #Etiquettes one should follow during #Unlock1 @airnewsalerts pic.twitter.com/VSASH2n34C,['airnewsalerts'],[],"['https://pbs.twimg.com/media/EaAdasaVAAUBEce.jpg', 'https://pbs.twimg.com/media/EaAdasaU8AAZ_Yt.jpg', 'https://pbs.twimg.com/media/EaAdasiU4AEc2t1.jpg', 'https://pbs.twimg.com/media/EaAdassU8AE8KRr.jpg']",0,0,3,"['#etiquettes', '#unlock1']",[],https://twitter.com/radionews_jammu/status/1270047587098169344,False,,0,,,,,,,"[{'user_id': '2919311094', 'username': 'radionews_jammu'}, {'user_id': '1056850669', 'username': 'airnewsalerts'}]",,,,
1270015136825331713,1270015136825331713,1591630179000,2020-06-08,20:59:39,IST,19897138,indiatoday,IndiaToday,,"Unlock1: Malls open in #Jammu and  shopkeepers are also carrying out cleaning and sanitisation of their shops. India Today's @sunilJbhat gets this ground report from one of the famous mall in Jammu.

#ReporterDiary
 http://bit.ly/IndiaTodaySocial … pic.twitter.com/BtKWR0yaRL",['suniljbhat'],['http://bit.ly/IndiaTodaySocial'],[],0,4,10,"['#jammu', '#reporterdiary']",[],https://twitter.com/IndiaToday/status/1270015136825331713,False,,1,,,,,,,"[{'user_id': '19897138', 'username': 'IndiaToday'}, {'user_id': '326171808', 'username': 'sunilJbhat'}]",,,,
1269972857498382336,1269972857498382336,1591620098000,2020-06-08,18:11:38,IST,184871087,journalistjmu,Yogesh Sagotra (Saryara) 🇮🇳,,"Activity-wise details for #Unlock1 #JammuAndKashmir from June 8.

#Jammu #Kashmir #Ladakh pic.twitter.com/h0jIFoPog1",[],[],['https://pbs.twimg.com/media/EZ_ZkYDUwAMWNJ9.jpg'],0,0,2,"['#unlock1', '#jammuandkashmir', '#jammu', '#kashmir', '#ladakh']",[],https://twitter.com/JournalistJmu/status/1269972857498382336,False,,0,,,,,,,"[{'user_id': '184871087', 'username': 'JournalistJmu'}]",,,,
1269970597368360960,1269970597368360960,1591619559000,2020-06-08,18:02:39,IST,1223651974396071936,qurashi_e,𝑰𝒓𝒇𝒂𝒏Qurashieعرفان قریشی🐳,,"#UNLOCK_1
For #JK

ACTIVITY-WISE details for #UNLOCK1 in #Jammu & #Kashmir w.e.f. 08-06-2020 . pic.twitter.com/6X2uggI1iy",[],[],['https://pbs.twimg.com/media/EZ_XWvzUcAYkqpB.jpg'],0,0,2,"['#unlock_1', '#jk', '#unlock1', '#jammu', '#kashmir']",[],https://twitter.com/qurashi_e/status/1269970597368360960,False,,0,,,,,,,"[{'user_id': '1223651974396071936', 'username': 'qurashi_e'}]",,,,
1269970078067503105,1269970078067503105,1591619436000,2020-06-08,18:00:36,IST,1266042464206491650,enewsjammu,Enewsjammu,,Activity-wise details for #Unlock1 in #Jammu & #Kashmir w.e.f. 8/6/2020. pic.twitter.com/blo6caJuJc,[],[],['https://pbs.twimg.com/media/EZ_XCT2XsAIodJF.jpg'],0,0,0,"['#unlock1', '#jammu', '#kashmir']",[],https://twitter.com/enewsjammu/status/1269970078067503105,False,,0,,,,,,,"[{'user_id': '1266042464206491650', 'username': 'enewsjammu'}]",,,,
1269967236791320576,1269967236791320576,1591618758000,2020-06-08,17:49:18,IST,410499334,trikutanews,Trikuta News Express,,Activity-wise details for #Unlock1 in #Jammu & #Kashmir w.e.f. 8/6/2020. pic.twitter.com/5KrcoB9P3c,[],[],['https://pbs.twimg.com/media/EZ_UctOU4AEhA-o.jpg'],0,0,1,"['#unlock1', '#jammu', '#kashmir']",[],https://twitter.com/TrikutaNews/status/1269967236791320576,False,,0,,,,,,,"[{'user_id': '410499334', 'username': 'TrikutaNews'}]",,,,
1269915452538527744,1269915452538527744,1591606412000,2020-06-08,14:23:32,IST,1262918757036331008,tsfmedianetwork,The Sentinel Front,,"Wave Mall Jammu
#Unlock1.0  https://www.instagram.com/p/CBKwjGHgkN4/?igshid=1gi10jt2ebm8a …",[],['https://www.instagram.com/p/CBKwjGHgkN4/?igshid=1gi10jt2ebm8a'],[],0,0,0,['#unlock1'],[],https://twitter.com/TSFMediaNetwork/status/1269915452538527744,False,,0,,,,,,,"[{'user_id': '1262918757036331008', 'username': 'TSFMediaNetwork'}]",,,,
1269871875372572673,1269871875372572673,1591596022000,2020-06-08,11:30:22,IST,2748752730,19b0550378224d4,vishkriss{vicky}™,,"#Unlock1
#unlock2
#aashaherbals #jammu opens up, please stay safe and don’t be your usual exuberant selves. Masks, distancing, patience in queues, hand-washing and social discipline at all times pls. Lets make our #jammu role model for the rest of #India 🙏",[],[],[],0,0,1,"['#unlock1', '#unlock2', '#aashaherbals', '#jammu', '#jammu', '#india']",[],https://twitter.com/19b0550378224d4/status/1269871875372572673,False,,0,,,,,,,"[{'user_id': '2748752730', 'username': '19b0550378224d4'}]",,,,
1269856113366896640,1269856113366896640,1591592264000,2020-06-08,10:27:44,IST,104521047,divya_bhaskar,Divya Bhaskar,,"મંદિરોના શહેર જમ્મુથી રિપોર્ટ : શહેરમાંથી તીર્થયાત્રી અને પર્યટકો ગુમ, એટલા માટે મંજૂરી હોવા છતા દુકાનો બંધ છે;દુકાનદારોએ કહ્યું - “ખોલીશું તો નુકસાન વધશે”
 https://www.divyabhaskar.co.in/dvb-original/news/absence-of-pilgrims-and-tourist-affect-jammus-shops-and-economy-127387634.html?ref=fbo …
#Jammu #Unlock1",[],['https://www.divyabhaskar.co.in/dvb-original/news/absence-of-pilgrims-and-tourist-affect-jammus-shops-and-economy-127387634.html?ref=fbo'],[],0,2,14,"['#jammu', '#unlock1']",[],https://twitter.com/Divya_Bhaskar/status/1269856113366896640,False,,0,,,,,,,"[{'user_id': '104521047', 'username': 'Divya_Bhaskar'}]",,,,
1269852877654294530,1269852877654294530,1591591493000,2020-06-08,10:14:53,IST,1261729733579923457,1avneesh,Avneesh Sharma,,"Jai Maa Bawewali🙏
#Bawewalimata #jammu #coronavirus #Unlock1  pic.twitter.com/r8cyHdgqbG",[],[],['https://pbs.twimg.com/media/EZ9sc8WU8AE1gij.jpg'],0,0,0,"['#bawewalimata', '#jammu', '#coronavirus', '#unlock1']",[],https://twitter.com/1Avneesh/status/1269852877654294530,False,,0,,,,,,,"[{'user_id': '1261729733579923457', 'username': '1Avneesh'}]",,,,
1269833784800796672,1269833784800796672,1591586941000,2020-06-08,08:59:01,IST,67378160,dainikbhaskar,Dainik Bhaskar,,"मंदिरों के शहर जम्मू से रिपोर्ट / शहर से तीर्थयात्री और पर्यटक गायब, इसलिए इजाजत होने के बावजूद दुकानें बंद पड़ी हैं; दुकानदार कहते हैं- खोलने पर नुकसान ज्यादा होगा
 https://www.bhaskar.com/db-original/news/absence-of-pilgrims-and-tourist-affect-jammus-shops-and-economy-127386984.html … #Jammu #Unlock1 @mkandharii @diprjk @HMOIndia","['mkandharii', 'diprjk', 'hmoindia']",['https://www.bhaskar.com/db-original/news/absence-of-pilgrims-and-tourist-affect-jammus-shops-and-economy-127386984.html'],[],5,10,72,"['#jammu', '#unlock1']",[],https://twitter.com/DainikBhaskar/status/1269833784800796672,False,,0,,,,,,,"[{'user_id': '67378160', 'username': 'DainikBhaskar'}, {'user_id': '245850574', 'username': 'mkandharii'}, {'user_id': '830669077022531584', 'username': 'diprjk'}, {'user_id': '2541363451', 'username': 'HMOIndia'}]",,,,
1269669152471433217,1269666595804045312,1591547689000,2020-06-07,22:04:49,IST,2161244606,_pankajkhajuria,Pankaj Khajuria,,#Unlock1 #Jammu,[],[],[],0,0,0,"['#unlock1', '#jammu']",[],https://twitter.com/_PankaJKhajuria/status/1269669152471433217,False,,0,,,,,,,"[{'user_id': '2161244606', 'username': '_PankaJKhajuria'}]",,,,
1269669082015514624,1269666411925757954,1591547673000,2020-06-07,22:04:33,IST,2161244606,_pankajkhajuria,Pankaj Khajuria,,#Unlock1 #Jammu,[],[],[],0,0,0,"['#unlock1', '#jammu']",[],https://twitter.com/_PankaJKhajuria/status/1269669082015514624,False,,0,,,,,,,"[{'user_id': '2161244606', 'username': '_PankaJKhajuria'}]",,,,
1269666118727278595,1269666118727278595,1591546966000,2020-06-07,21:52:46,IST,34245009,indiatvnews,India TV,,"Jammu and Kashmir Unlock 1.0 guidelines: Religious places continue to remain shut

#JammuKashmir #Unlock1 #coronavirus https://www.indiatvnews.com/news/india/jammu-and-kashmir-unlock-1-guidelines-religious-places-remain-shut-624314 …",[],['https://www.indiatvnews.com/news/india/jammu-and-kashmir-unlock-1-guidelines-religious-places-remain-shut-624314'],[],1,7,54,"['#jammukashmir', '#unlock1', '#coronavirus']",[],https://twitter.com/indiatvnews/status/1269666118727278595,False,,0,,,,,,,"[{'user_id': '34245009', 'username': 'indiatvnews'}]",,,,
1269654193024962565,1269654193024962565,1591544123000,2020-06-07,21:05:23,IST,973430288851357696,duggardeshnews,Duggar Desh,,#UNLOCK1 in #Jammu and #Kashmir w.e.f. from 8th June 2020. #CoronaUpdates pic.twitter.com/Oqim9PAIQm,[],[],['https://pbs.twimg.com/media/EZ63wI7WkAIcEHg.jpg'],0,1,0,"['#unlock1', '#jammu', '#kashmir', '#coronaupdates']",[],https://twitter.com/DuggarDeshNews/status/1269654193024962565,False,,0,,,,,,,"[{'user_id': '973430288851357696', 'username': 'DuggarDeshNews'}]",,,,
1269650757315264512,1269650757315264512,1591543304000,2020-06-07,20:51:44,IST,1197944467434561536,aruwithnima,Arunima 🌻,,#JKMedia #Unlock1 #Jammu  https://twitter.com/jkmediasocial/status/1269646854129516544 …,[],['https://twitter.com/jkmediasocial/status/1269646854129516544'],[],0,1,1,"['#jkmedia', '#unlock1', '#jammu']",[],https://twitter.com/Aruwithnima/status/1269650757315264512,False,https://twitter.com/jkmediasocial/status/1269646854129516544,0,,,,,,,"[{'user_id': '1197944467434561536', 'username': 'Aruwithnima'}]",,,,
1269648113599307777,1269648113599307777,1591542673000,2020-06-07,20:41:13,IST,828841083257778176,latestly,LatestLY,,"Jammu & Kashmir: Religious Places to Remain Closed, Inter-State Travel Barred in Revised Lockdown Guidelines | Read full report #Kashmir #Lockdown5 #Unlock1 #JammuKashmir @listenshahid https://www.latestly.com/india/news/jammu-kashmir-religious-places-to-remain-closed-inter-state-travel-barred-in-revised-lockdown-guidelines-1807056.html …",['listenshahid'],['https://www.latestly.com/india/news/jammu-kashmir-religious-places-to-remain-closed-inter-state-travel-barred-in-revised-lockdown-guidelines-1807056.html'],[],0,0,1,"['#kashmir', '#lockdown5', '#unlock1', '#jammukashmir']",[],https://twitter.com/latestly/status/1269648113599307777,False,,0,,,,,,,"[{'user_id': '828841083257778176', 'username': 'latestly'}, {'user_id': '75335950', 'username': 'listenshahid'}]",,,,
1269647209265586176,1269647209265586176,1591542458000,2020-06-07,20:37:38,IST,1225339953275527168,rajourinews,Rajouri News Channel,,UNLOCK1 in Jammu and Kashmir w.e.f. From 8th June 2020  pic.twitter.com/F9ACm2uU44,[],[],"['https://pbs.twimg.com/media/EZ6xYZ7XgAAVVUD.jpg', 'https://pbs.twimg.com/media/EZ6xaCUXkAgurFv.jpg']",0,0,1,[],[],https://twitter.com/Rajourinews/status/1269647209265586176,False,,0,,,,,,,"[{'user_id': '1225339953275527168', 'username': 'Rajourinews'}]",,,,
1269638362018676736,1269638362018676736,1591540348000,2020-06-07,20:02:28,IST,1882156327,rathernazaket,Nazaket Rather,,UNLOCK1 in Jammu and Kashmir w.e.f. From 8th June 2020  pic.twitter.com/7gCEVRbGAj,[],[],['https://pbs.twimg.com/media/EZ6nmgbU8AEQn6m.jpg'],0,0,3,[],[],https://twitter.com/RatherNazaket/status/1269638362018676736,False,,0,,,,,,,"[{'user_id': '1882156327', 'username': 'RatherNazaket'}]",,,,
1269636440184373249,1269636440184373249,1591539890000,2020-06-07,19:54:50,IST,74123918,jammulinks,JAMMU LINKS NEWS,,UNLOCK1 in Jammu and Kashmir w.e.f. From 8th June 2020  pic.twitter.com/5EyTfKcJgD,[],[],['https://pbs.twimg.com/media/EZ6nmgbU8AEQn6m.jpg'],1,8,89,[],[],https://twitter.com/JAMMULINKS/status/1269636440184373249,False,,0,,,,,,,"[{'user_id': '74123918', 'username': 'JAMMULINKS'}]",,,,
1269537743522103296,1269537743522103296,1591516359000,2020-06-07,13:22:39,IST,2941727870,singhsukhdev301,sUkHdEv SiNgH,,"यह जम्मू है जनाव
अपने रंग में फिर खिल जाएगा।🌺
#Unlock1
#Jammu  https://twitter.com/MirchiShwetima/status/1269483076544917504 …",[],['https://twitter.com/MirchiShwetima/status/1269483076544917504'],[],0,0,3,"['#unlock1', '#jammu']",[],https://twitter.com/singhsukhdev301/status/1269537743522103296,False,https://twitter.com/MirchiShwetima/status/1269483076544917504,0,,,,,,,"[{'user_id': '2941727870', 'username': 'singhsukhdev301'}]",,,,
1269511702652964865,1269511702652964865,1591510150000,2020-06-07,11:39:10,IST,184871087,journalistjmu,Yogesh Sagotra (Saryara) 🇮🇳,,"#JammuAndKashmir Adminstration issue new list for classification of districts in Red, Orange and Green category. Details notification for #Unlock1 expected shortly.

#CoronaVirus #COVID_19
#Jammu #Kashmir #Ladakh #JammuAndKashmir pic.twitter.com/x28wb3zsv7",[],[],['https://pbs.twimg.com/media/EZ42JajUYAEKRn2.jpg'],1,0,3,"['#jammuandkashmir', '#unlock1', '#coronavirus', '#covid_19', '#jammu', '#kashmir', '#ladakh', '#jammuandkashmir']",[],https://twitter.com/JournalistJmu/status/1269511702652964865,False,,0,,,,,,,"[{'user_id': '184871087', 'username': 'JournalistJmu'}]",,,,
1268526513038618624,1268526513038618624,1591275263000,2020-06-04,18:24:23,IST,2919311094,radionews_jammu,AIR News Jammu,,"Doda: After Govt eased the #lockdown restriction with #Unlock1, BRO has speed up #snow ❄️ clearance operations along 168 km long #Bhaderwah-#Basholi-#Pathankot National highway. 

#JammuAndKashmir pic.twitter.com/ySBJjPFOE5",[],[],"['https://pbs.twimg.com/media/EZq2CbsWsAIJ8Hv.jpg', 'https://pbs.twimg.com/media/EZq2Cb_WoAU5M15.jpg', 'https://pbs.twimg.com/media/EZq2CcAXsAEypYM.jpg']",0,0,0,"['#lockdown', '#unlock1', '#snow', '#bhaderwah', '#basholi', '#pathankot', '#jammuandkashmir']",[],https://twitter.com/radionews_jammu/status/1268526513038618624,False,,0,,,,,,,"[{'user_id': '2919311094', 'username': 'radionews_jammu'}]",,,,
1268501828439703552,1268501828439703552,1591269378000,2020-06-04,16:46:18,IST,1032883844855345152,ddnews_jammu,DD NEWS JAMMU,,"Doda: After Govt eased the #lockdown restriction with #Unlock1, BRO has speed up #snow ❄️ clearance operations along 168 km long Bhaderwah-Basholi-Pathankot National highway. 

#JammuAndKashmir
📸 @tnkyz pic.twitter.com/tGfMhqQsQD",['tnkyz'],[],"['https://pbs.twimg.com/media/EZqfquqU8AArqBn.jpg', 'https://pbs.twimg.com/media/EZqfqvVWAAUJweC.jpg', 'https://pbs.twimg.com/media/EZqfqvuXkAEczR_.jpg']",0,3,17,"['#lockdown', '#unlock1', '#snow', '#jammuandkashmir']",[],https://twitter.com/ddnews_jammu/status/1268501828439703552,False,,0,,,,,,,"[{'user_id': '1032883844855345152', 'username': 'ddnews_jammu'}, {'user_id': '86898181', 'username': 'tnkyz'}]",,,,
1267761287255056384,1267761287255056384,1591092819000,2020-06-02,15:43:39,IST,184871087,journalistjmu,Yogesh Sagotra (Saryara) 🇮🇳,,"Jai Mata Di 💐💐💐

Shri #VaishnoDevi temple getting ready to welcome devotees as part of #Unlock1. Shrine Board has started the process of drewing circles on route near Bhawan to ensure social distancing.

#Reasi #Katra #Jammu #Kashmir #Ladakh #JammuAndKashmir pic.twitter.com/tTdgLVOU4A",[],[],"['https://pbs.twimg.com/media/EZf-JDuU8AINsCy.jpg', 'https://pbs.twimg.com/media/EZf-KPqUwAA3js0.jpg', 'https://pbs.twimg.com/media/EZf-KfkVAAAcJZ4.jpg']",1,0,13,"['#vaishnodevi', '#unlock1', '#reasi', '#katra', '#jammu', '#kashmir', '#ladakh', '#jammuandkashmir']",[],https://twitter.com/JournalistJmu/status/1267761287255056384,False,,0,,,,,,,"[{'user_id': '184871087', 'username': 'JournalistJmu'}]",,,,
1267345320142180352,1267345320142180352,1590993645000,2020-06-01,12:10:45,IST,1242136822790025219,jammubasket,Jammu Basket,,"#Unlock1 Would you prefer buying Grocery, Fruits 🍈 & Vegetables 🍅 online? Packed & Shipped hygienically by professionals 👩‍🌾  We are building a long term sustainable solution for #Jammu. Your vote is precious to us 🙏",[],[],[],1,7,13,"['#unlock1', '#jammu']",[],https://twitter.com/JammuBasket/status/1267345320142180352,False,,0,,,,,,,"[{'user_id': '1242136822790025219', 'username': 'JammuBasket'}]",,,,
1267303056468738050,1267303056468738050,1590983568000,2020-06-01,09:22:48,IST,1032883844855345152,ddnews_jammu,DD NEWS JAMMU,,"First phase of nationwide #Unlock1 starts today. Unlock 1 will allow phased reopening of most activities across India
#IndiaFightsCoronavirus
#SocialDistancing pic.twitter.com/aHoEtPQboq",[],[],['https://pbs.twimg.com/media/EZZUrMhU8AApoX-.png'],0,0,3,"['#unlock1', '#indiafightscoronavirus', '#socialdistancing']",[],https://twitter.com/ddnews_jammu/status/1267303056468738050,False,,0,,,,,,,"[{'user_id': '1032883844855345152', 'username': 'ddnews_jammu'}]",,,,
1267137995611738112,1267137995611738112,1590944215000,2020-05-31,22:26:55,IST,886970718147227648,jkmediasocial,JK Media,,"New Guidelines for Jammu&Kashmir.

LockDown4 Continues Upto 8th of June 2020.

#Unlock1  pic.twitter.com/LEEHM5wfK2",[],[],[],0,1,23,['#unlock1'],[],https://twitter.com/jkmediasocial/status/1267137995611738112,False,,1,,,,,,,"[{'user_id': '886970718147227648', 'username': 'jkmediasocial'}]",,,,
1267117594600972291,1267117594600972291,1590939351000,2020-05-31,21:05:51,IST,949994516274061313,jammunewslog,Jammu News Log,,"#BaweWaliMata, Mandir getting ready to welcome devotees as part of #Unlock1. Management started the process of drewing circles on the floor to maintain social distancing.

#Jammu #Kashmir #Ladakh #JammuAndKashmir #Jammunewslog @KhajuriaManu pic.twitter.com/NJN8lGB7xt",['khajuriamanu'],[],"['https://pbs.twimg.com/media/EZW0q40WsAAmOsr.jpg', 'https://pbs.twimg.com/media/EZW0vCqWsAAkUlc.jpg']",5,8,90,"['#bawewalimata', '#unlock1', '#jammu', '#kashmir', '#ladakh', '#jammuandkashmir', '#jammunewslog']",[],https://twitter.com/JammuNewsLog/status/1267117594600972291,False,,0,,,,,,,"[{'user_id': '949994516274061313', 'username': 'JammuNewsLog'}, {'user_id': '2569639336', 'username': 'KhajuriaManu'}]",,,,
1267111128657584130,1267111128657584130,1590937809000,2020-05-31,20:40:09,IST,184871087,journalistjmu,Yogesh Sagotra (Saryara) 🇮🇳,,"Jai Mata Di 💐💐💐
#BaweWaliMata, Mandir getting ready to welcome devotees as part of #Unlock1. Management started the process of drewing circles on the floor to maintain social distancing.

#Jammu #Kashmir #Ladakh #JammuAndKashmir pic.twitter.com/j6cZuGu3aa",[],[],"['https://pbs.twimg.com/media/EZWu1jEUEAELODk.jpg', 'https://pbs.twimg.com/media/EZWu2RMUcAAcwyE.jpg']",2,3,10,"['#bawewalimata', '#unlock1', '#jammu', '#kashmir', '#ladakh', '#jammuandkashmir']",[],https://twitter.com/JournalistJmu/status/1267111128657584130,False,,0,,,,,,,"[{'user_id': '184871087', 'username': 'JournalistJmu'}]",,,,
1267052074400985088,1267052074400985088,1590923729000,2020-05-31,16:45:29,IST,1225339953275527168,rajourinews,Rajouri News Channel,,"Guidelines on lockdown measures in Union Territory of Jammu and Kashmir to continue till June 8, 2020: Jammu and Kashmir Government #Unlock1  pic.twitter.com/f0hhzxeGkj",[],[],"['https://pbs.twimg.com/media/EZV5H8JXYAQzYvi.jpg', 'https://pbs.twimg.com/media/EZV5JGYWoAM8eCM.jpg']",0,0,3,['#unlock1'],[],https://twitter.com/Rajourinews/status/1267052074400985088,False,,0,,,,,,,"[{'user_id': '1225339953275527168', 'username': 'Rajourinews'}]",,,,
1267047504970829824,1267047504970829824,1590922640000,2020-05-31,16:27:20,IST,184871087,journalistjmu,Yogesh Sagotra (Saryara) 🇮🇳,,"#JammuAndKashmir government will issue fresh guidelines on #Unlock1 by June 8. Till then, the restrictions & relaxations of #Lockdown4 remain continue in UT J&K.

#Jammu #Kashmir #Ladakh #JammuAndKashmir pic.twitter.com/qqQKDgdf5T",[],[],"['https://pbs.twimg.com/media/EZV0-FuUcAEtoui.jpg', 'https://pbs.twimg.com/media/EZV0-yoVcAMG2st.jpg']",1,0,5,"['#jammuandkashmir', '#unlock1', '#lockdown4', '#jammu', '#kashmir', '#ladakh', '#jammuandkashmir']",[],https://twitter.com/JournalistJmu/status/1267047504970829824,False,,0,,,,,,,"[{'user_id': '184871087', 'username': 'JournalistJmu'}]",,,,
1267042927932510212,1267042927932510212,1590921549000,2020-05-31,16:09:09,IST,828841083257778176,latestly,LatestLY,,"Lockdown 5.0: Jammu & Kashmir Govt Issues Guidelines for Extending Restrictions Till June 8 | Read full report #Lockdown5 #JammuKashmir #Unlock1
 https://www.latestly.com/india/news/lockdown-5-0-jammu-kashmir-govt-issues-guidelines-for-extending-restrictions-till-june-8-1790825.html …",[],['https://www.latestly.com/india/news/lockdown-5-0-jammu-kashmir-govt-issues-guidelines-for-extending-restrictions-till-june-8-1790825.html'],[],0,1,2,"['#lockdown5', '#jammukashmir', '#unlock1']",[],https://twitter.com/latestly/status/1267042927932510212,False,,0,,,,,,,"[{'user_id': '828841083257778176', 'username': 'latestly'}]",,,,
1267037823779012608,1267037823779012608,1590920332000,2020-05-31,15:48:52,IST,3303023034,dynamitenews_,Dynamite News,,"Guidelines on lockdown measures in Union Territory of Jammu and Kashmir to continue till June 8, 2020: Jammu and Kashmir Government #Unlock1  pic.twitter.com/Gfkw0AampU",[],[],"['https://pbs.twimg.com/media/EZVsLbwUcAA70l-.png', 'https://pbs.twimg.com/media/EZVsLdHUYAcsUZm.png']",0,0,0,['#unlock1'],[],https://twitter.com/DynamiteNews_/status/1267037823779012608,False,,0,,,,,,,"[{'user_id': '3303023034', 'username': 'DynamiteNews_'}]",,,,
1267036309740290049,1267036309740290049,1590919971000,2020-05-31,15:42:51,IST,1113747196099399680,thefirstindia,First India,,"#JammuAndKashmir | Guidelines on #lockdown measures in Union Territory of Jammu and Kashmir to continue till June 8, 2020. #Unlock1 #Lockdown5 #CoronavirusOutbreak pic.twitter.com/Tde2FRnIg7",[],[],"['https://pbs.twimg.com/media/EZVqynQWsAUgJqr.jpg', 'https://pbs.twimg.com/media/EZVqzYPXsAMiD6i.jpg']",0,0,0,"['#jammuandkashmir', '#lockdown', '#unlock1', '#lockdown5', '#coronavirusoutbreak']",[],https://twitter.com/thefirstindia/status/1267036309740290049,False,,0,,,,,,,"[{'user_id': '1113747196099399680', 'username': 'thefirstindia'}]",,,,
1267036280623267841,1267034449352376320,1590919964000,2020-05-31,15:42:44,IST,425141023,abidshah_twt,Abid Shah,,"yeh whereas whereas document han, guidelines kahan han.. attach the guidelines documents let's see what are u people upto now when whole country in going for unlock1.0","['diprjk', 'kansalrohit69', 'drsyedsehrish', 'ani', 'pti_news', 'airnewsalerts', 'ddnewssrinagar', 'ddnews_jammu']",[],[],1,0,0,[],[],https://twitter.com/AbidShah_twt/status/1267036280623267841,False,,0,,,,,,,"[{'user_id': '425141023', 'username': 'AbidShah_twt'}, {'user_id': '830669077022531584', 'username': 'diprjk'}, {'user_id': '731117568556142592', 'username': 'kansalrohit69'}, {'user_id': '3309087865', 'username': 'DrSyedSehrish'}, {'user_id': '355989081', 'username': 'ANI'}, {'user_id': '245687754', 'username': 'PTI_News'}, {'user_id': '1056850669', 'username': 'airnewsalerts'}, {'user_id': '1266621060', 'username': 'ddnewsSrinagar'}, {'user_id': '1032883844855345152', 'username': 'ddnews_jammu'}]",,,,
1267035369176010755,1267035369176010755,1590919747000,2020-05-31,15:39:07,IST,346406417,tv9gujarati,tv9gujarati,,"Guidelines on lockdown measures in Union Territory of Jammu and Kashmir to continue till June 8, 2020: Jammu and Kashmir Government #Unlock1  pic.twitter.com/gumUKCGjUK",[],[],"['https://pbs.twimg.com/media/EZVnBFPUwAEDDX3.png', 'https://pbs.twimg.com/media/EZVnFiFVAAEdcV6.png']",0,0,9,['#unlock1'],[],https://twitter.com/tv9gujarati/status/1267035369176010755,False,,0,,,,,,,"[{'user_id': '346406417', 'username': 'tv9gujarati'}]",,,,
1267035270194450432,1267035270194450432,1590919723000,2020-05-31,15:38:43,IST,956779626788892672,reasilinks,Reasi links,,"Guidelines on lockdown measures in Union Territory of Jammu and Kashmir to continue till June 8, 2020: Jammu and Kashmir Government #Unlock1  pic.twitter.com/hSBoALuxGV",[],[],"['https://pbs.twimg.com/media/EZVp1jxU0AMz25m.jpg', 'https://pbs.twimg.com/media/EZVp1j7U4AEH5t6.jpg']",0,0,0,['#unlock1'],[],https://twitter.com/reasilinks/status/1267035270194450432,False,,0,,,,,,,"[{'user_id': '956779626788892672', 'username': 'reasilinks'}]",,,,
1267034449117474817,1267034449117474817,1590919527000,2020-05-31,15:35:27,IST,1015106434701250562,gulistannewstv,Gulistan News,,"Guidelines on lockdown measures in Union Territory of Jammu and Kashmir to continue till June 8, 2020: Jammu and Kashmir Government #Unlock1 #Jammuandkashmir pic.twitter.com/mYl1FLxx4L",[],[],"['https://pbs.twimg.com/media/EZVpF44UcAE5Jl1.png', 'https://pbs.twimg.com/media/EZVpG6CU0AAffxF.png']",0,2,6,"['#unlock1', '#jammuandkashmir']",[],https://twitter.com/GulistanNewsTV/status/1267034449117474817,False,,0,,,,,,,"[{'user_id': '1015106434701250562', 'username': 'GulistanNewsTV'}]",,,,
1267034383191543814,1267034383191543814,1590919511000,2020-05-31,15:35:11,IST,1216988949169594368,jkutnews1,JKUT NEWS,,"Guidelines on lockdown measures in Union Territory of Jammu and Kashmir to continue till June 8, 2020: Jammu and Kashmir Government #Unlock1
#stayhomestaysafe @dcjammuofficial pic.twitter.com/nIJH2afLLE",['dcjammuofficial'],[],"['https://pbs.twimg.com/media/EZVpDIHXQAACI3l.jpg', 'https://pbs.twimg.com/media/EZVpDIBXgAE0uKy.jpg']",0,3,4,"['#unlock1', '#stayhomestaysafe']",[],https://twitter.com/JKUTNEWS1/status/1267034383191543814,False,,0,,,,,,,"[{'user_id': '1216988949169594368', 'username': 'JKUTNEWS1'}, {'user_id': '1021700349256769536', 'username': 'dcjammuofficial'}]",,,,
1267034334579642373,1267034334579642373,1590919500000,2020-05-31,15:35:00,IST,1257911950467461120,jkchannel10,JK CHANNEL,,"Guidelines on lockdown measures in Union Territory of Jammu and Kashmir to continue till June 8, 2020: Jammu and Kashmir Government #Unlock1  pic.twitter.com/Up26pwjh0s",[],[],"['https://pbs.twimg.com/media/EZVo9z7VcAAzpRx.jpg', 'https://pbs.twimg.com/media/EZVo_q2U4AAuCLc.jpg']",0,1,3,['#unlock1'],[],https://twitter.com/JKCHANNEL10/status/1267034334579642373,False,,0,,,,,,,"[{'user_id': '1257911950467461120', 'username': 'JKCHANNEL10'}]",,,,
1267033585984258048,1267033585984258048,1590919321000,2020-05-31,15:32:01,IST,134758540,timesofindia,The Times Of India,,"Guidelines on lockdown measures in Union Territory of Jammu and Kashmir to continue till June 8, 2020: Jammu and Kashmir Government (ANI) 

#Unlock1 #CautionYesPanicNo pic.twitter.com/7ZACi0uGZa",[],[],"['https://pbs.twimg.com/media/EZVnz_RUEAEDKsJ.png', 'https://pbs.twimg.com/media/EZVnz_TUEAM9TGf.png']",0,7,35,"['#unlock1', '#cautionyespanicno']",[],https://twitter.com/timesofindia/status/1267033585984258048,False,,0,,,,,,,"[{'user_id': '134758540', 'username': 'timesofindia'}]",,,,
1267033364751462400,1267033364751462400,1590919269000,2020-05-31,15:31:09,IST,74123918,jammulinks,JAMMU LINKS NEWS,,"Guidelines on lockdown measures in Union Territory of Jammu and Kashmir to continue till June 8, 2020: Jammu and Kashmir Government #Unlock1  pic.twitter.com/zfGGFdy0zm",[],[],"['https://pbs.twimg.com/media/EZVoHTJU8AAKR0o.jpg', 'https://pbs.twimg.com/media/EZVoHTJUYAMnW9v.jpg']",2,4,40,['#unlock1'],[],https://twitter.com/JAMMULINKS/status/1267033364751462400,False,,0,,,,,,,"[{'user_id': '74123918', 'username': 'JAMMULINKS'}]",,,,
1267032870930878464,1267032870930878464,1590919151000,2020-05-31,15:29:11,IST,355989081,ani,ANI,,"Guidelines on lockdown measures in Union Territory of Jammu and Kashmir to continue till June 8, 2020: Jammu and Kashmir Government #Unlock1  pic.twitter.com/tAEdKJFgdT",[],[],"['https://pbs.twimg.com/media/EZVnBFPUwAEDDX3.png', 'https://pbs.twimg.com/media/EZVnFiFVAAEdcV6.png']",5,39,247,['#unlock1'],[],https://twitter.com/ANI/status/1267032870930878464,False,,0,,,,,,,"[{'user_id': '355989081', 'username': 'ANI'}]",,,,
1266773091071508480,1266773091071508480,1590857215000,2020-05-30,22:16:55,IST,411130815,thewahidiqbal,Wahid Iqbal,,Thanks Govt. Now I can go Jammu. #Unlock1,[],[],[],1,0,6,['#unlock1'],[],https://twitter.com/TheWahidIqbal/status/1266773091071508480,False,,0,,,,,,,"[{'user_id': '411130815', 'username': 'TheWahidIqbal'}]",,,,
