id,conversation_id,created_at,date,time,timezone,user_id,username,name,place,tweet,mentions,urls,photos,replies_count,retweets_count,likes_count,hashtags,cashtags,link,retweet,quote_url,video,near,geo,source,user_rt_id,user_rt,retweet_id,reply_to,retweet_date,translate,trans_src,trans_dest
1276476256159072256,1276476256159072256,1593170629000,2020-06-26,16:53:49,IST,902109287480037376,pibsrinagar,PIB in Jammu and Kashmir,,"#IndiaFightsCorona
#COVID19 के संक्रमण से सुरक्षित रहने के लिए हाथ मिलाने, गले मिलने या हाई-फाइव्स को कहें ना। बदलकर अपना व्यवहार, करें कोरोना पर वार।

 #TogetherAgainstCovid19 #HealthForAll #SwasthaBharat #CoronaOutbreak #Unlock1  pic.twitter.com/3mnx5z6yyo",[],[],['https://pbs.twimg.com/media/Ebb0X5XVcAILazD.jpg'],0,0,0,"['#indiafightscorona', '#covid19', '#togetheragainstcovid19', '#healthforall', '#swasthabharat', '#coronaoutbreak', '#unlock1']",[],https://twitter.com/PIBSrinagar/status/1276476256159072256,False,,0,,,,,,,"[{'user_id': '902109287480037376', 'username': 'PIBSrinagar'}]",,,,
1276474843899162626,1276474843899162626,1593170293000,2020-06-26,16:48:13,IST,902109287480037376,pibsrinagar,PIB in Jammu and Kashmir,,"#IndiaFightsCorona

अपने हाथों को नियमित रूप से और अच्छे से साबुन और पानी से धोएं या अल्कोहल-आधारित हैंड सैनिटाइज़र का प्रयोग करें। स्वच्छ हाथ, सुरक्षित हाथ। बदलकर अपना व्यवहार, करें कोरोना पर वार।

  #TogetherAgainstCovid19 #HealthForAll #SwasthaBharat #CoronaOutbreak #Unlock1  pic.twitter.com/1TQObpsktW",[],[],['https://pbs.twimg.com/media/EbbzFsXUMAATXGY.jpg'],0,0,0,"['#indiafightscorona', '#togetheragainstcovid19', '#healthforall', '#swasthabharat', '#coronaoutbreak', '#unlock1']",[],https://twitter.com/PIBSrinagar/status/1276474843899162626,False,,0,,,,,,,"[{'user_id': '902109287480037376', 'username': 'PIBSrinagar'}]",,,,
1276189764337561601,1276189764337561601,1593102324000,2020-06-25,21:55:24,IST,1266450615019937792,safehandsdental,safehandsdentistry,,#Covid_19 #COVID19 #coronavirus #Covid19isGettingCloser #safehandsdentistry #SafetyFirst #unlock2 #Unlock1 #kashmir #srinagar  pic.twitter.com/z22cu8cyke,[],[],['https://pbs.twimg.com/media/EbXuC-DVcAARWjt.jpg'],0,0,0,"['#covid_19', '#covid19', '#coronavirus', '#covid19isgettingcloser', '#safehandsdentistry', '#safetyfirst', '#unlock2', '#unlock1', '#kashmir', '#srinagar']",[],https://twitter.com/safehandsdental/status/1276189764337561601,False,,0,,,,,,,"[{'user_id': '1266450615019937792', 'username': 'safehandsdental'}]",,,,
1272895407409020928,1272895407409020928,1592316889000,2020-06-16,19:44:49,IST,733056996,wasimnabitweets,Wasim Nabi,,"A bus stands parked at a bus stand in #Srinagar.

#covid19
#Unlock1
@PeerViqar #CoronavirusCrisis pic.twitter.com/3FT8cYYEYW",['peerviqar'],[],['https://pbs.twimg.com/media/Eao7lhpXgAUzHe3.jpg'],1,0,10,"['#srinagar', '#covid19', '#unlock1', '#coronaviruscrisis']",[],https://twitter.com/Wasimnabitweets/status/1272895407409020928,False,,0,,,,,,,"[{'user_id': '733056996', 'username': 'Wasimnabitweets'}, {'user_id': '4187995034', 'username': 'PeerViqar'}]",,,,
1272451174042488839,1272451174042488839,1592210975000,2020-06-15,14:19:35,IST,733056996,wasimnabitweets,Wasim Nabi,,"COVID Unlock 1.0: With new norms, shops reopen in #Srinagar
#Unlock1 #COVID19India #CoronavirusPandemic #Markets
#Kashmir pic.twitter.com/TapYqywKQC",[],[],"['https://pbs.twimg.com/media/EainZlZVcAAidqI.jpg', 'https://pbs.twimg.com/media/EainZlYU0AANg2J.jpg', 'https://pbs.twimg.com/media/EainZlaVcAEv2ol.jpg', 'https://pbs.twimg.com/media/EainZlZUcAATBAn.jpg']",0,1,8,"['#srinagar', '#unlock1', '#covid19india', '#coronaviruspandemic', '#markets', '#kashmir']",[],https://twitter.com/Wasimnabitweets/status/1272451174042488839,False,,0,,,,,,,"[{'user_id': '733056996', 'username': 'Wasimnabitweets'}]",,,,
1271824338606370817,1271824338606370817,1592061526000,2020-06-13,20:48:46,IST,733056996,wasimnabitweets,Wasim Nabi,,"Restaurants started functioning in #Srinagar, only take away and home delivery facilities are available.

#Kashmir #Covid_19 #unlock1 #reportagespotlight #food #sreetphoto #portraitmood pic.twitter.com/NOcp4r1ion",[],[],"['https://pbs.twimg.com/media/EaZtejeUwAAuQmC.jpg', 'https://pbs.twimg.com/media/EaZtfrIUEAEuqjj.jpg']",0,0,9,"['#srinagar', '#kashmir', '#covid_19', '#unlock1', '#reportagespotlight', '#food', '#sreetphoto', '#portraitmood']",[],https://twitter.com/Wasimnabitweets/status/1271824338606370817,False,,0,,,,,,,"[{'user_id': '733056996', 'username': 'Wasimnabitweets'}]",,,,
1271738206673760256,1271738206673760256,1592040990000,2020-06-13,15:06:30,IST,733056996,wasimnabitweets,Wasim Nabi,,"50% of shops in #Srinagar reopen on Saturday, first time since the lockdown restrictions were imposed on March 20.

#COVID19 #Srinagar #Kashmir #Unlock1  pic.twitter.com/WK4YfsHAat",[],[],[],0,0,11,"['#srinagar', '#covid19', '#srinagar', '#kashmir', '#unlock1']",[],https://twitter.com/Wasimnabitweets/status/1271738206673760256,False,,1,,,,,,,"[{'user_id': '733056996', 'username': 'Wasimnabitweets'}]",,,,
1271697165669117952,1271697165669117952,1592031205000,2020-06-13,12:23:25,IST,1882156327,rathernazaket,Nazaket Rather,,"On the orders of the District Administration,Markets in Srinagar start functioning as per the issued guidelines and SOPs. #srinagar #markets #Unlock1 #JammuandKashmir #Businessman pic.twitter.com/27kfNIWwWS",[],[],['https://pbs.twimg.com/media/EaX2fsrUMAA2JtL.jpg'],0,0,0,"['#srinagar', '#markets', '#unlock1', '#jammuandkashmir', '#businessman']",[],https://twitter.com/RatherNazaket/status/1271697165669117952,False,,0,,,,,,,"[{'user_id': '1882156327', 'username': 'RatherNazaket'}]",,,,
1271693820334206976,1271693820334206976,1592030408000,2020-06-13,12:10:08,IST,782814731694280704,jk247news,JK 24x7 News,,"On the orders of the District Administration,Markets in Srinagar start functioning as per the issued guidelines and SOPs. #srinagar #markets #Unlock1 #JammuandKashmir #business #COVID19 @listenshahid @MayorofS @GulistanNewsTV pic.twitter.com/TdacW7aNqn","['listenshahid', 'mayorofs', 'gulistannewstv']",[],['https://pbs.twimg.com/media/EaX2wbTVcAIFvYQ.jpg'],0,0,2,"['#srinagar', '#markets', '#unlock1', '#jammuandkashmir', '#business', '#covid19']",[],https://twitter.com/JK247News/status/1271693820334206976,False,,0,,,,,,,"[{'user_id': '782814731694280704', 'username': 'JK247News'}, {'user_id': '75335950', 'username': 'listenshahid'}, {'user_id': '1086333093479251969', 'username': 'MayorofS'}, {'user_id': '1015106434701250562', 'username': 'GulistanNewsTV'}]",,,,
1271693528616374278,1271693528616374278,1592030338000,2020-06-13,12:08:58,IST,1015106434701250562,gulistannewstv,Gulistan News,,"On the orders of the District Administration,Markets in Srinagar start functioning as per the issued guidelines and SOPs. #srinagar #markets #Unlock1 #JammuandKashmir #business #COVID19 @listenshahid @MayorofS pic.twitter.com/L6J0xpP0Ht","['listenshahid', 'mayorofs']",[],['https://pbs.twimg.com/media/EaX2fsrUMAA2JtL.jpg'],0,0,2,"['#srinagar', '#markets', '#unlock1', '#jammuandkashmir', '#business', '#covid19']",[],https://twitter.com/GulistanNewsTV/status/1271693528616374278,False,,0,,,,,,,"[{'user_id': '1015106434701250562', 'username': 'GulistanNewsTV'}, {'user_id': '75335950', 'username': 'listenshahid'}, {'user_id': '1086333093479251969', 'username': 'MayorofS'}]",,,,
1271661343439851520,1271661343439851520,1592022665000,2020-06-13,10:01:05,IST,4880202887,hatkestory,HatkeStory,,"Half of the shops reopening in J&K's capital Srinagar from Saturday.
#srinagar #Unlock1 #coronavirus #CoronaVirusUpdates",[],[],[],0,1,0,"['#srinagar', '#unlock1', '#coronavirus', '#coronavirusupdates']",[],https://twitter.com/hatkestory/status/1271661343439851520,False,,0,,,,,,,"[{'user_id': '4880202887', 'username': 'hatkestory'}]",,,,
1271448177699246085,1271448177699246085,1591971842000,2020-06-12,19:54:02,IST,620648399,musii_17,Musaib Mehraj,,"#Thread
Unlock order in Srinagar:
The shops dealing with readymade garments, cloths, cosmetics, footwear, electronics, and electric material, jewelry, tailoring/ Designers/ Boutiques shall remain open on Monday, Wednesday and Friday.
#COVID19 #Kashmir #Unlock1 #unlock2",[],[],[],1,0,1,"['#thread', '#covid19', '#kashmir', '#unlock1', '#unlock2']",[],https://twitter.com/musii_17/status/1271448177699246085,False,,0,,,,,,,"[{'user_id': '620648399', 'username': 'musii_17'}]",,,,
1271421032847388673,1271421032847388673,1591965370000,2020-06-12,18:06:10,IST,877506491204468736,moosamanzoor111,Moosa Manzoor,,"Markets will open in Srinagar district from tomorrow,with issued guidelines,It's is the responsibility of people to follow the SOPs: DC srinagar Mr. Shahid Iqbal Choudhary

#Srinagar #Unlock1 #JammuAndKashmir pic.twitter.com/3hTlIFgXD4",[],[],['https://pbs.twimg.com/media/EaT-ribU4AAaY2B.jpg'],0,0,1,"['#srinagar', '#unlock1', '#jammuandkashmir']",[],https://twitter.com/moosamanzoor111/status/1271421032847388673,False,,0,,,,,,,"[{'user_id': '877506491204468736', 'username': 'moosamanzoor111'}]",,,,
1271392123351228417,1271392123351228417,1591958478000,2020-06-12,16:11:18,IST,620648399,musii_17,Musaib Mehraj,,"Srinagar admin gives go ahead for opening of 50 per cent shops in district from Saturday*

SoPs to be adhered strictly, other precautions including wearing of masks, maintaining social distance to be followed in spirit, Night Curfew to remain in force.
#COVID19
#Unlock1 #unlock2",[],[],[],1,0,1,"['#covid19', '#unlock1', '#unlock2']",[],https://twitter.com/musii_17/status/1271392123351228417,False,,0,,,,,,,"[{'user_id': '620648399', 'username': 'musii_17'}]",,,,
1271021976748875776,1271021976748875776,1591870228000,2020-06-11,15:40:28,IST,43855487,bsindia,Business Standard,,"Unlock 1.0 LIVE: Athletes begin practicing outdoor as playgrounds reopen in Srinagar
#UnlockIndia
#Unlock1 #sports
 https://mybs.in/2YNvwF7  pic.twitter.com/M6VyrirbaZ",[],['https://mybs.in/2YNvwF7'],"['https://pbs.twimg.com/media/EaOTmARUEAAhD2V.jpg', 'https://pbs.twimg.com/media/EaOTmASU8AUvPSU.jpg', 'https://pbs.twimg.com/media/EaOTmATU4AASarN.jpg']",0,0,7,"['#unlockindia', '#unlock1', '#sports']",[],https://twitter.com/bsindia/status/1271021976748875776,False,,0,,,,,,,"[{'user_id': '43855487', 'username': 'bsindia'}]",,,,
1270657277641416709,1270657277641416709,1591783277000,2020-06-10,15:31:17,IST,264144845,abidsoffi,Abid Bashir Soffi,,"Ironic, #RoyalSpringsGolfCourse reopened in RED ZONE #Srinagar district while shopkeepers forced to close shops & business establishments... This shows the priority of our administration #Kashmir #COVID19 #Unlock1",[],[],[],0,0,3,"['#royalspringsgolfcourse', '#srinagar', '#kashmir', '#covid19', '#unlock1']",[],https://twitter.com/abidsoffi/status/1270657277641416709,False,,0,,,,,,,"[{'user_id': '264144845', 'username': 'abidsoffi'}]",,,,
1270006584530345984,1270006584530345984,1591628139000,2020-06-08,20:25:39,IST,1268562361834778624,mumtazdrive,Mumtaz skims,Srinagar,"#Stay #Home #Stay #Safe
#WATCH_ #UNLOCK1 in #Srinagar  pic.twitter.com/5tzaLAZqQv – at Srinagar",[],[],[],0,0,1,"['#stay', '#home', '#stay', '#safe', '#watch_', '#unlock1', '#srinagar']",[],https://twitter.com/mumtazdrive/status/1270006584530345984,False,,1,,,,,,,"[{'user_id': '1268562361834778624', 'username': 'mumtazdrive'}]",,,,
1269990911431368704,1269990911431368704,1591624403000,2020-06-08,19:23:23,IST,1060957132521058304,asiannewshub,Asian News Hub,,"█▓▒░Asiannewshub®░▒▓█

#WATCH : #UNLOCK1 in #Srinagar  pic.twitter.com/aIqVQNUL13",[],[],[],0,0,10,"['#watch', '#unlock1', '#srinagar']",[],https://twitter.com/AsianNewsHub/status/1269990911431368704,False,,1,,,,,,,"[{'user_id': '1060957132521058304', 'username': 'AsianNewsHub'}]",,,,
1269847765623820288,1269847765623820288,1591590274000,2020-06-08,09:54:34,IST,34206701,news24tvchannel,News24,,"31 मई को जारी आदेश के अनुसार सार्वजनिक जगहों पर और गैर-जरूरी गतिविधियों पर प्रतिबंध अगले आदेश तक लागू रहेगा: श्रीनगर प्रशासन 

#Srinagar #Unlock1 @asifsuhaf pic.twitter.com/OKpJqukBh9",['asifsuhaf'],[],['https://pbs.twimg.com/media/EZ9nzsIU8AEbQm8.jpg'],1,4,27,"['#srinagar', '#unlock1']",[],https://twitter.com/news24tvchannel/status/1269847765623820288,False,,0,,,,,,,"[{'user_id': '34206701', 'username': 'news24tvchannel'}, {'user_id': '113861793', 'username': 'asifsuhaf'}]",,,,
1268110177942867968,1268110177942867968,1591176001000,2020-06-03,14:50:01,IST,2945007206,jammukashmir5,JammuKashmir5,,"The vehicular movement increased in different parts of #Srinagar, following the guidelines issued by the Ministry of Home Affairs (MHA) for the graded re-opening of the #covid19lockdown - #Unlock1 - in all areas except the containment zones.  pic.twitter.com/iMVgQXKGUx",[],[],['https://pbs.twimg.com/media/EZk7dd7X0AEhDc4.png'],1,2,6,"['#srinagar', '#covid19lockdown', '#unlock1']",[],https://twitter.com/JammuKashmir5/status/1268110177942867968,False,,0,,,,,,,"[{'user_id': '2945007206', 'username': 'JammuKashmir5'}]",,,,
1267777425292824576,1267777425292824576,1591096667000,2020-06-02,16:47:47,IST,1141389683588399110,bahuexpress,Bahu Express,,"J-K: Vehicular movement increases, some shops reopen in Srinagar amid #Unlock1  http://bahuexpress.com/2020/06/02/j-k-vehicular-movement-increases-some-shops-reopen-in-srinagar-amid-unlock1/ … pic.twitter.com/tdMUZoEqDF",[],['http://bahuexpress.com/2020/06/02/j-k-vehicular-movement-increases-some-shops-reopen-in-srinagar-amid-unlock1/'],['https://pbs.twimg.com/media/EZgM2YEXgAA2o13.jpg'],0,0,0,['#unlock1'],[],https://twitter.com/BahuExpress/status/1267777425292824576,False,,0,,,,,,,"[{'user_id': '1141389683588399110', 'username': 'BahuExpress'}]",,,,
1267761764424269824,1267761764424269824,1591092933000,2020-06-02,15:45:33,IST,955739059527196672,newspointjk,newspointJ&K,,"Unlock1.0
The vehicular movement increased on Tuesday in different parts of #Srinagar, following the guidelines issued by the @PIBHomeAffairs (MHA) for the graded re-opening of the #COVID_19lockdown - Unlock 1 - in all areas except the containment zones.
@listenshahid @diprjk pic.twitter.com/WNGgBATgCT","['pibhomeaffairs', 'listenshahid', 'diprjk']",[],['https://pbs.twimg.com/media/EZf-msQUYAESZJy.jpg'],0,0,2,"['#srinagar', '#covid_19lockdown']",[],https://twitter.com/NewspointjK/status/1267761764424269824,False,,0,,,,,,,"[{'user_id': '955739059527196672', 'username': 'NewspointjK'}, {'user_id': '753189526152081408', 'username': 'PIBHomeAffairs'}, {'user_id': '75335950', 'username': 'listenshahid'}, {'user_id': '830669077022531584', 'username': 'diprjk'}]",,,,
1267737652498817026,1267737652498817026,1591087184000,2020-06-02,14:09:44,IST,2269330564,aijjur,AIJAZ RATHER @SHAHARBEEN,,"J-K: Vehicular movement increases, some shops reopen in Srinagar amid Unlock1  https://shaharbeen.com/j-k-vehicular-movement-increases-some-shops-reopen-in-srinagar-amid-unlock1/ …",[],['https://shaharbeen.com/j-k-vehicular-movement-increases-some-shops-reopen-in-srinagar-amid-unlock1/'],[],0,0,2,[],[],https://twitter.com/AijjuR/status/1267737652498817026,False,,0,,,,,,,"[{'user_id': '2269330564', 'username': 'AijjuR'}]",,,,
1267733413961728000,1267733413961728000,1591086173000,2020-06-02,13:52:53,IST,74123918,jammulinks,JAMMU LINKS NEWS,,"#Unlock1.0; Vehicular movement increases, some shops reopen in Srinagar

Read more at:  http://www.jammulinksnews.com/newsdetail/225268/Jammu-Links-News-#Unlock10;_Vehicular_movement_increases__some_shops_reopen_in_Srinagar … pic.twitter.com/fKIudYCD7Y",[],['http://www.jammulinksnews.com/newsdetail/225268/Jammu-Links-News-#Unlock10;_Vehicular_movement_increases__some_shops_reopen_in_Srinagar'],['https://pbs.twimg.com/media/EZfkzzTVcAEx3IX.jpg'],0,0,7,['#unlock1'],[],https://twitter.com/JAMMULINKS/status/1267733413961728000,False,,0,,,,,,,"[{'user_id': '74123918', 'username': 'JAMMULINKS'}]",,,,
1267121947361542144,1267121947361542144,1590940388000,2020-05-31,21:23:08,IST,2837558522,bhau_drkulwant,🍁 Dr. Kulwant Singh Bhau 🥼💉💊🧘‍♂️🌷 🇮🇳,,#UnlockIndiaDebate My workplace Shri Maharaja Hari Singh Hospital (SMHS) Srinagar .. even vehicles r maintaining Social distance .. All dis is going to change post June 08 !!! #unlockone #Unlock1 #LockdownDiaries pic.twitter.com/oM9w9Fjyv7,[],[],"['https://pbs.twimg.com/media/EZW2pxgWAAMS_WJ.jpg', 'https://pbs.twimg.com/media/EZW2q40WsAALuxe.jpg']",0,0,3,"['#unlockindiadebate', '#unlockone', '#unlock1', '#lockdowndiaries']",[],https://twitter.com/bhau_drkulwant/status/1267121947361542144,False,,0,,,,,,,"[{'user_id': '2837558522', 'username': 'bhau_drkulwant'}]",,,,
