id,conversation_id,created_at,date,time,timezone,user_id,username,name,place,tweet,mentions,urls,photos,replies_count,retweets_count,likes_count,hashtags,cashtags,link,retweet,quote_url,video,near,geo,source,user_rt_id,user_rt,retweet_id,reply_to,retweet_date,translate,trans_src,trans_dest
1277850562218700802,1277850562218700802,1593498290000,2020-06-30,11:54:50,IST,864077417987530752,ranchipib,PIB in Jharkhand 🇮🇳,,"#IndiaFightsCorona

It's okay to feel a little anxious or worried right now. It's okay to ask for help. Call us - We're here for you. 

#TogetherAgainstCovid19 #BadalkarApnaVyavaharKareinCoronaParVaar #HealthForAll #SwasthaBharat #CoronaOutbreak #Unlock1  pic.twitter.com/gA9hChCPEm",[],[],['https://pbs.twimg.com/media/EbvWTqWUwAEtrQ_.jpg'],1,0,4,"['#indiafightscorona', '#togetheragainstcovid19', '#badalkarapnavyavaharkareincoronaparvaar', '#healthforall', '#swasthabharat', '#coronaoutbreak', '#unlock1']",[],https://twitter.com/RanchiPIB/status/1277850562218700802,False,,0,,,,,,,"[{'user_id': '864077417987530752', 'username': 'RanchiPIB'}]",,,,
1277241773421723649,1277239251508191233,1593353143000,2020-06-28,19:35:43,IST,1687891140,weareranchi,WE ARE Ranchi,,Kindly ask traffic police to follow strict mandate as per circulation issued during #unlock1 @ranchipolice @JharkhandPolice @HemantSorenJMM,"['abhisinha0629', 'hemantsorenjmm', 'dc_ranchi', 'sethsanjaymp', 'bjpcpsingh', 'ranchipolice', 'toiranchinews', 'dainikbhaskar', 'prabhatkhabar', 'httweets', 'wearejharkhand', 'jmmjharkhand', 'bjp4jharkhand', 'jharkhandpolice']",[],[],3,0,2,['#unlock1'],[],https://twitter.com/WeAreRanchi/status/1277241773421723649,False,,0,,,,,,,"[{'user_id': '1687891140', 'username': 'WeAreRanchi'}, {'user_id': '141548880', 'username': 'abhisinha0629'}, {'user_id': '951457762835337217', 'username': 'HemantSorenJMM'}, {'user_id': '895545034212114432', 'username': 'DC_Ranchi'}, {'user_id': '912284868322631681', 'username': 'SethSanjayMP'}, {'user_id': '2187991476', 'username': 'bjpcpsingh'}, {'user_id': '876744975408660481', 'username': 'ranchipolice'}, {'user_id': '877128444395507712', 'username': 'TOIRanchiNews'}, {'user_id': '67378160', 'username': 'DainikBhaskar'}, {'user_id': '2354323903', 'username': 'prabhatkhabar'}, {'user_id': '36327407', 'username': 'htTweets'}, {'user_id': '3239738131', 'username': 'WeAreJharkhand'}, {'user_id': '972087821405249536', 'username': 'JmmJharkhand'}, {'user_id': '2807393784', 'username': 'BJP4Jharkhand'}, {'user_id': '615078237', 'username': 'JharkhandPolice'}]",,,,
1276160406613118977,1276160406613118977,1593095325000,2020-06-25,19:58:45,IST,864077417987530752,ranchipib,PIB in Jharkhand 🇮🇳,,"#IndiaFightsCorona

जो निःस्वार्थ भाव से हमारी सेवा में लगे हुए हैं, यह देश उन सभी का हमेशा आभारी रहेगा। 

#TogetherAgainstCovid19 #HealthForAll #SwasthaBharat #CoronaOutbreak #Unlock1  https://twitter.com/MoHFW_INDIA/status/1276090851525971968 …",[],['https://twitter.com/MoHFW_INDIA/status/1276090851525971968'],[],0,0,0,"['#indiafightscorona', '#togetheragainstcovid19', '#healthforall', '#swasthabharat', '#coronaoutbreak', '#unlock1']",[],https://twitter.com/RanchiPIB/status/1276160406613118977,False,https://twitter.com/MoHFW_INDIA/status/1276090851525971968,0,,,,,,,"[{'user_id': '864077417987530752', 'username': 'RanchiPIB'}]",,,,
1275090853220872194,1275090853220872194,1592840324000,2020-06-22,21:08:44,IST,1100990788031430656,robranchi,"ROB Ranchi, M/O I&B, GOI 🇮🇳",,"सभी स्वच्छता कार्यकर्ताओं को हमारे आसपास और आस-पड़ोस में स्वच्छता बनाए रखने के लिए धन्यवाद 🙏
#TogetherAgainstCOVID19 #BadalkarApnaVyavaharKareinCoronaParVaar #HealthForAll #SwasthaBharat #CoronaOutbreak #Unlock1 #IndiaFightsCorona pic.twitter.com/VXznxp6qMb",[],[],['https://pbs.twimg.com/media/EbIHe1mU0AAeIew.jpg'],0,8,14,"['#togetheragainstcovid19', '#badalkarapnavyavaharkareincoronaparvaar', '#healthforall', '#swasthabharat', '#coronaoutbreak', '#unlock1', '#indiafightscorona']",[],https://twitter.com/RobRanchi/status/1275090853220872194,False,,0,,,,,,,"[{'user_id': '1100990788031430656', 'username': 'RobRanchi'}]",,,,
1275069340618903556,1275069340618903556,1592835195000,2020-06-22,19:43:15,IST,864077417987530752,ranchipib,PIB in Jharkhand 🇮🇳,,"#IndiaFightsCorona 

स्वच्छता कार्यकर्ता हम सभी के स्वास्थ्य की रक्षा कर रहे हैं। 

#TogetherAgainstCOVID19 #BadalkarApnaVyavaharKareinCoronaParVaar #HealthForAll #SwasthaBharat #CoronaOutbreak #Unlock1  https://twitter.com/MoHFW_INDIA/status/1275031037731418113 …",[],['https://twitter.com/MoHFW_INDIA/status/1275031037731418113'],[],0,0,0,"['#indiafightscorona', '#togetheragainstcovid19', '#badalkarapnavyavaharkareincoronaparvaar', '#healthforall', '#swasthabharat', '#coronaoutbreak', '#unlock1']",[],https://twitter.com/RanchiPIB/status/1275069340618903556,False,https://twitter.com/MoHFW_INDIA/status/1275031037731418113,0,,,,,,,"[{'user_id': '864077417987530752', 'username': 'RanchiPIB'}]",,,,
1275068427665719296,1275068427665719296,1592834977000,2020-06-22,19:39:37,IST,864077417987530752,ranchipib,PIB in Jharkhand 🇮🇳,,"#IndiaFightsCorona
#COVID19 से बचने के लिए इन दिशानिर्देशों का पालन करें और खुद को एवं अपने प्रियजनों को सुरक्षित रखें। बदलकर अपना व्यवहार, करें कोरोना पर वार। 

#TogetherAgainstCovid19 #SwasthaBharat #HealthForAll #CoronaOutbreak #Unlock1  pic.twitter.com/c95hO4ISV7",[],[],['https://pbs.twimg.com/media/EbHz9n-UEAQaKYq.jpg'],0,2,4,"['#indiafightscorona', '#covid19', '#togetheragainstcovid19', '#swasthabharat', '#healthforall', '#coronaoutbreak', '#unlock1']",[],https://twitter.com/RanchiPIB/status/1275068427665719296,False,,0,,,,,,,"[{'user_id': '864077417987530752', 'username': 'RanchiPIB'}]",,,,
1274334514550980609,1274334514550980609,1592659998000,2020-06-20,19:03:18,IST,1059359365520445440,pritamt95659694,Prtm Trky,,"@DC_Ranchi sir, still it is unlock1. We can't afford to go outside. Becoz cased are increasing day by day. Why don't you allow e-commerce website to deliver non-essential items also. Sir plz do something as soon as possible.
Thank you.",['dc_ranchi'],[],[],0,0,0,[],[],https://twitter.com/Pritamt95659694/status/1274334514550980609,False,,0,,,,,,,"[{'user_id': '1059359365520445440', 'username': 'Pritamt95659694'}, {'user_id': '895545034212114432', 'username': 'DC_Ranchi'}]",,,,
1273820729360801801,1273820729360801801,1592537502000,2020-06-19,09:01:42,IST,1237775994649374726,johaarjharkhand,Johaar Jharkhand,,"आज से झारखंड में जूता और कपड़े की दुकानें खुलेंगी
#Unlock1 #jharkhandCoronaUpdate #Jharkhand #ranchi
 http://johaarjharkhand.com/jharkhand/1755/ ",[],['http://johaarjharkhand.com/jharkhand/1755/'],[],0,0,2,"['#unlock1', '#jharkhandcoronaupdate', '#jharkhand', '#ranchi']",[],https://twitter.com/JohaarJharkhand/status/1273820729360801801,False,,0,,,,,,,"[{'user_id': '1237775994649374726', 'username': 'JohaarJharkhand'}]",,,,
1271865880872464389,1271865880872464389,1592071430000,2020-06-13,23:33:50,IST,1262392780569149442,itvbharat,iTV Bharat,,#Covid_19 #coronavirus #Delhi #June9 #JharkhandfightsCOrona #IndiaFightsCOVID19 #Ranchi #Breaking_News #Lockdown5 #Unlock1  pic.twitter.com/BTJ7eCpjme,[],[],['https://pbs.twimg.com/media/EaaTRS7U0AAEW38.jpg'],0,0,0,"['#covid_19', '#coronavirus', '#delhi', '#june9', '#jharkhandfightscorona', '#indiafightscovid19', '#ranchi', '#breaking_news', '#lockdown5', '#unlock1']",[],https://twitter.com/ItvBharat/status/1271865880872464389,False,,0,,,,,,,"[{'user_id': '1262392780569149442', 'username': 'ItvBharat'}]",,,,
1271678788095496192,1271678788095496192,1592026824000,2020-06-13,11:10:24,IST,1171428265287802881,publicbolnews,PublicBol News,,"झारखंडः सरकारी स्कूल खोलने से पहले शिक्षकों का कोरोना पर ऑनलाइन प्रशिक्षण, परीक्षा भी पास करनी होगी 

#Jharkhand #Unlock1 #Ranchi #CoronaWarriors @Jagarnathji_mla https://www.publicbol.com/jharkhand-before-opening-government-school-teachers-training-on-corona-3671 …",['jagarnathji_mla'],['https://www.publicbol.com/jharkhand-before-opening-government-school-teachers-training-on-corona-3671'],[],0,0,0,"['#jharkhand', '#unlock1', '#ranchi', '#coronawarriors']",[],https://twitter.com/publicbolnews/status/1271678788095496192,False,,0,,,,,,,"[{'user_id': '1171428265287802881', 'username': 'publicbolnews'}, {'user_id': '892019431890616320', 'username': 'Jagarnathji_mla'}]",,,,
1271418325830995968,1271418325830995968,1591964725000,2020-06-12,17:55:25,IST,733184204486348800,neil_ar49,Aman Raj,,"@DC_Ranchi Sir,Please consider about Ecommerce non essential goods delivery to restart here.Even after unlock1,hopeless of its restarting in near future,now many of us have to go to market in this situation,just for those things that can be purchased from Ecommerce more safely",['dc_ranchi'],[],[],0,0,0,[],[],https://twitter.com/Neil_ar49/status/1271418325830995968,False,,0,,,,,,,"[{'user_id': '733184204486348800', 'username': 'Neil_ar49'}, {'user_id': '895545034212114432', 'username': 'DC_Ranchi'}]",,,,
1269923643276038145,1269923641006919680,1591608365000,2020-06-08,14:56:05,IST,340029691,neal29feb,Avinash Rai,,मुझे वहाँ वापिस जाकर अपना जॉब ज़ोईन करना है। क्या मैं 7 दिन के अंदर वापिस जा सकता हूँ या मुझे 14 दिनों का होम क्वॉरंटीन पूरा लेना होगा? कृपया इसपे प्रकाश डालें ताकि मैं अपना टिकट बुक कर सकूँ! धन्यवाद । #Unlock1 #travel #COVID19India @HemantSorenJMM @DC_Hazaribag @DC_Ranchi,"['hemantsorenjmm', 'dc_hazaribag', 'dc_ranchi']",[],[],1,0,0,"['#unlock1', '#travel', '#covid19india']",[],https://twitter.com/Neal29feb/status/1269923643276038145,False,,0,,,,,,,"[{'user_id': '340029691', 'username': 'Neal29feb'}, {'user_id': '951457762835337217', 'username': 'HemantSorenJMM'}, {'user_id': '852778888224620547', 'username': 'DC_Hazaribag'}, {'user_id': '895545034212114432', 'username': 'DC_Ranchi'}]",,,,
1269858915719639041,1269858915719639041,1591592933000,2020-06-08,10:38:53,IST,860156580536262657,panchayattimes,Panchayat Times,,"झारखंड: बीते 24 घंटो में मिले कोरोना के रिकार्ड 105 नये संक्रमित, आंकड़ा पहुंचा 1135
#Jharkhand #Ranchi #COVIDー19 #unlock1 #coronavirus #corona #MigrantWorkers #MondayMorning #COVID19 #COVID #CoronaVirusUpdate https://www.panchayattimes.com/jharkhand-reports-105-new-covid-19-cases-in-the-past-24-hour/ …",[],['https://www.panchayattimes.com/jharkhand-reports-105-new-covid-19-cases-in-the-past-24-hour/'],[],0,0,0,"['#jharkhand', '#ranchi', '#covidー19', '#unlock1', '#coronavirus', '#corona', '#migrantworkers', '#mondaymorning', '#covid19', '#covid', '#coronavirusupdate']",[],https://twitter.com/PanchayatTimes/status/1269858915719639041,False,,0,,,,,,,"[{'user_id': '860156580536262657', 'username': 'PanchayatTimes'}]",,,,
1269546064207462400,1269546064207462400,1591518343000,2020-06-07,13:55:43,IST,221686362,newswingnews,NewsWing,,"सस्ती दर पर मिलेंगी निगम की दुकानें 
 https://zcu.io/Ed4G 
@DC_Ranchi @HemantSorenJMM
#Unlock1","['dc_ranchi', 'hemantsorenjmm']",['https://zcu.io/Ed4G'],[],0,0,5,['#unlock1'],[],https://twitter.com/NewsWingNews/status/1269546064207462400,False,,0,,,,,,,"[{'user_id': '221686362', 'username': 'NewsWingNews'}, {'user_id': '895545034212114432', 'username': 'DC_Ranchi'}, {'user_id': '951457762835337217', 'username': 'HemantSorenJMM'}]",,,,
1269467973888040962,1269467973888040962,1591499725000,2020-06-07,08:45:25,IST,860156580536262657,panchayattimes,Panchayat Times,,"कोरोना: झारखंड में शनिवार को मिले 90 नये मरीजों के साथ 1023 पहुंचा राज्य में संक्रमितों का आंकड़ा
#Jharkhand #Ranchi #COVIDー19 #unlock1 #coronavirus #corona #MigrantWorkers #COVID19 #COVID #CoronaVirusUpdate https://www.panchayattimes.com/covid-19-positive-cases-reached-1023-in-jharkhand-after-90-new-added/ …",[],['https://www.panchayattimes.com/covid-19-positive-cases-reached-1023-in-jharkhand-after-90-new-added/'],[],0,0,1,"['#jharkhand', '#ranchi', '#covidー19', '#unlock1', '#coronavirus', '#corona', '#migrantworkers', '#covid19', '#covid', '#coronavirusupdate']",[],https://twitter.com/PanchayatTimes/status/1269467973888040962,False,,0,,,,,,,"[{'user_id': '860156580536262657', 'username': 'PanchayatTimes'}]",,,,
1269256730321448960,1269256730321448960,1591449360000,2020-06-06,18:46:00,IST,221686362,newswingnews,NewsWing,,"गिरिडीह में फिर शुरू हुआ अतिक्रमण हटाओ अभियान 
 https://zcu.io/kluH 
@GiridihDc @DC_Ranchi
#Unlock1","['giridihdc', 'dc_ranchi']",['https://zcu.io/kluH'],[],0,0,1,['#unlock1'],[],https://twitter.com/NewsWingNews/status/1269256730321448960,False,,0,,,,,,,"[{'user_id': '221686362', 'username': 'NewsWingNews'}, {'user_id': '1043422332608364544', 'username': 'GiridihDc'}, {'user_id': '895545034212114432', 'username': 'DC_Ranchi'}]",,,,
1268769414473629696,1268769414473629696,1591333175000,2020-06-05,10:29:35,IST,860156580536262657,panchayattimes,Panchayat Times,,"झारखंड सरकार ने अनलॉक-1 में किया कई छुटों का ऐलान
#Jharkhand #Ranchi #COVIDー19 #unlock1 #coronavirus #corona #COVID19 #WorldEnvironmentDay https://www.panchayattimes.com/jharkhand-government-gives-certain-relaxation-cin-unlock-1/ …",[],['https://www.panchayattimes.com/jharkhand-government-gives-certain-relaxation-cin-unlock-1/'],[],0,0,0,"['#jharkhand', '#ranchi', '#covidー19', '#unlock1', '#coronavirus', '#corona', '#covid19', '#worldenvironmentday']",[],https://twitter.com/PanchayatTimes/status/1268769414473629696,False,,0,,,,,,,"[{'user_id': '860156580536262657', 'username': 'PanchayatTimes'}]",,,,
1268567877516292097,1268567877516292097,1591285125000,2020-06-04,21:08:45,IST,860156580536262657,panchayattimes,Panchayat Times,,"झारखंड में मिले 45 नये कोरोना पॉजिटिव, संक्रमितों की संख्या हुई 826
#Jharkhand #Ranchi #COVIDー19 #unlock1 #coronavirus #corona #MigrantWorkers #COVID19 https://www.panchayattimes.com/forty-five-new-covid19-cases-found-today-in-jharkhand/ …",[],['https://www.panchayattimes.com/forty-five-new-covid19-cases-found-today-in-jharkhand/'],[],0,0,1,"['#jharkhand', '#ranchi', '#covidー19', '#unlock1', '#coronavirus', '#corona', '#migrantworkers', '#covid19']",[],https://twitter.com/PanchayatTimes/status/1268567877516292097,False,,0,,,,,,,"[{'user_id': '860156580536262657', 'username': 'PanchayatTimes'}]",,,,
1268559965721030658,1268559965721030658,1591283239000,2020-06-04,20:37:19,IST,221686362,newswingnews,NewsWing,,"अंडमान-निकोबार से भी लौटे प्रवासी मजदूर 
 https://zcu.io/0f5U 
@Mithilesh Kumar Thakur @Badal Patralekh @DC_Ranchi
#Unlock1","['mithilesh', 'badal', 'dc_ranchi']",['https://zcu.io/0f5U'],[],0,1,1,['#unlock1'],[],https://twitter.com/NewsWingNews/status/1268559965721030658,False,,0,,,,,,,"[{'user_id': '221686362', 'username': 'NewsWingNews'}, {'user_id': '18502868', 'username': 'mithilesh'}, {'user_id': '11658652', 'username': 'badal'}, {'user_id': '895545034212114432', 'username': 'DC_Ranchi'}]",,,,
1268409385086152708,1268409385086152708,1591247337000,2020-06-04,10:38:57,IST,860156580536262657,panchayattimes,Panchayat Times,,"झारखंड: पिछले 24 घंटे में कोरोना संक्रमण के 53 नये मामले, संख्या हुई 775, 27 मई से 2 जून के बीच मिले 286 मामले
#Jharkhand #Ranchi #COVIDー19 #unlock1 #coronavirus #corona #MigrantWorkers #COVID19 https://www.panchayattimes.com/fifty-three-new-covid19-cases-reported-in-jharkhand-in-the-past-24-hours/ …",[],['https://www.panchayattimes.com/fifty-three-new-covid19-cases-reported-in-jharkhand-in-the-past-24-hours/'],[],0,1,0,"['#jharkhand', '#ranchi', '#covidー19', '#unlock1', '#coronavirus', '#corona', '#migrantworkers', '#covid19']",[],https://twitter.com/PanchayatTimes/status/1268409385086152708,False,,0,,,,,,,"[{'user_id': '860156580536262657', 'username': 'PanchayatTimes'}]",,,,
1268221813307305985,1267464712117202944,1591202617000,2020-06-03,22:13:37,IST,3001390075,taruns642,Tarun Kumar,,"In Unlock 1.0  i will be going to Ranchi  to meet my friend @rk24040
@carandbike
#weeklycontest
#CNBCONTEST
#Unlock1

Tagging
@RashRao1 
@ChanderParvesh
@HimanshuBangia1
@digesh_nanda
@Krishan31220684","['carandbike', 'rk24040', 'chanderparvesh', 'himanshubangia1', 'digesh_nanda', 'krishan31220684']",[],[],0,0,1,"['#weeklycontest', '#cnbcontest', '#unlock1']",[],https://twitter.com/taruns642/status/1268221813307305985,False,,0,,,,,,,"[{'user_id': '3001390075', 'username': 'taruns642'}, {'user_id': '2278822326', 'username': 'carandbike'}, {'user_id': '994601713', 'username': 'rk24040'}, {'user_id': '768883828672892928', 'username': 'ChanderParvesh'}, {'user_id': '1177444190646497282', 'username': 'HimanshuBangia1'}, {'user_id': '138309728', 'username': 'digesh_nanda'}, {'user_id': '1214426859909181440', 'username': 'Krishan31220684'}]",,,,
1268213942280531969,1268213942280531969,1591200740000,2020-06-03,21:42:20,IST,860156580536262657,panchayattimes,Panchayat Times,,"ग्राम पंचायतों द्वारा 14वें वित्त आयोग के पैसे का हुआ बंदरबांट, होनी चाहिए जांच : बंधु तिर्की
#Jharkhand #Ranchi #COVIDー19 #unlock1 #coronavirus #corona #panchayatiraj #Panchayat https://www.panchayattimes.com/14th-finance-commission-funds-misused-by-panchayats-says-mandar-mla-bandu-tirki/ …",[],['https://www.panchayattimes.com/14th-finance-commission-funds-misused-by-panchayats-says-mandar-mla-bandu-tirki/'],[],0,0,0,"['#jharkhand', '#ranchi', '#covidー19', '#unlock1', '#coronavirus', '#corona', '#panchayatiraj', '#panchayat']",[],https://twitter.com/PanchayatTimes/status/1268213942280531969,False,,0,,,,,,,"[{'user_id': '860156580536262657', 'username': 'PanchayatTimes'}]",,,,
1268156089024909312,1268156089024909312,1591186947000,2020-06-03,17:52:27,IST,221686362,newswingnews,NewsWing,,"धनबाद में दुकानदारों ने की दुकान खोलने की मांग 
 https://zcu.io/8rk4 
@DC_Ranchi @HemantSorenJMM
#Unlock1","['dc_ranchi', 'hemantsorenjmm']",['https://zcu.io/8rk4'],[],0,0,7,['#unlock1'],[],https://twitter.com/NewsWingNews/status/1268156089024909312,False,,0,,,,,,,"[{'user_id': '221686362', 'username': 'NewsWingNews'}, {'user_id': '895545034212114432', 'username': 'DC_Ranchi'}, {'user_id': '951457762835337217', 'username': 'HemantSorenJMM'}]",,,,
1268024795905454081,1268024795905454081,1591155644000,2020-06-03,09:10:44,IST,860156580536262657,panchayattimes,Panchayat Times,,"झारखंड: डॉक्टर व रिम्स के चार कर्मियों सहित मिले 56 मरीज, राज्य में संक्रमितों की कुल संख्या हुई 731
#Jharkhand #Ranchi #COVIDー19 #unlock1 #coronavirus #corona https://www.panchayattimes.com/fifty-six-new-covid19-positive-founds-yesterday-in-jharkhand/ …",[],['https://www.panchayattimes.com/fifty-six-new-covid19-positive-founds-yesterday-in-jharkhand/'],[],0,0,1,"['#jharkhand', '#ranchi', '#covidー19', '#unlock1', '#coronavirus', '#corona']",[],https://twitter.com/PanchayatTimes/status/1268024795905454081,False,,0,,,,,,,"[{'user_id': '860156580536262657', 'username': 'PanchayatTimes'}]",,,,
1267814295997345797,1267814295997345797,1591105457000,2020-06-02,19:14:17,IST,860156580536262657,panchayattimes,Panchayat Times,,"केंद्र सरकार द्वारा 100 जोड़ी ट्रेनें चलाई जा रही है, लेकिन झारखंड के लिए एक भी ट्रेन नहीं : सुप्रियो भट्टाचार्य
@HemantSorenJMM @JmmJharkhand @Supriyo67051218
#Jharkhand #Ranchi #COVID19 #coronavirus #Trains #Unlock1
 https://www.panchayattimes.com/central-government-plying-several-trains-but-none-for-jharkhand-said-jmms-supriyo-bhattacharya/ …","['hemantsorenjmm', 'jmmjharkhand', 'supriyo67051218']",['https://www.panchayattimes.com/central-government-plying-several-trains-but-none-for-jharkhand-said-jmms-supriyo-bhattacharya/'],[],0,0,1,"['#jharkhand', '#ranchi', '#covid19', '#coronavirus', '#trains', '#unlock1']",[],https://twitter.com/PanchayatTimes/status/1267814295997345797,False,,0,,,,,,,"[{'user_id': '860156580536262657', 'username': 'PanchayatTimes'}, {'user_id': '951457762835337217', 'username': 'HemantSorenJMM'}, {'user_id': '972087821405249536', 'username': 'JmmJharkhand'}, {'user_id': '974263000172445696', 'username': 'Supriyo67051218'}]",,,,
1267793747649220609,1267793747649220609,1591100558000,2020-06-02,17:52:38,IST,860156580536262657,panchayattimes,Panchayat Times,,"झारखंड: दुकानें खुलने से बाजारों में लौटी रौनक, ऑटो-ई-रिक्शा भी लगे चलने
#Jharkhand #Ranchi #COVIDー19 #unlock1 #coronavirus #corona https://www.panchayattimes.com/with-the-opening-of-shops-normalcy-returns-in-the-most-part-of-the-jharkhand/ …",[],['https://www.panchayattimes.com/with-the-opening-of-shops-normalcy-returns-in-the-most-part-of-the-jharkhand/'],[],0,0,0,"['#jharkhand', '#ranchi', '#covidー19', '#unlock1', '#coronavirus', '#corona']",[],https://twitter.com/PanchayatTimes/status/1267793747649220609,False,,0,,,,,,,"[{'user_id': '860156580536262657', 'username': 'PanchayatTimes'}]",,,,
1267791998922002432,1267791998922002432,1591100141000,2020-06-02,17:45:41,IST,1256909449614241794,simi_2109,Simoni Boundia,,"Please do something about clothes shop. We are also facing a lot of problems. Even in red zones , they r allowed to be open then why not in jharkhand.
@HemantSorenJMM @JharkhandCMO @DC_Ranchi @DC_Ramgarh @MoHFW_INDIA @narendramodi @dasraghubar #Unlock1 #UnlockIndiaDebate pic.twitter.com/pQQuCjI5Ye","['hemantsorenjmm', 'jharkhandcmo', 'dc_ranchi', 'dc_ramgarh', 'mohfw_india', 'narendramodi', 'dasraghubar']",[],['https://pbs.twimg.com/media/EZgaF0WXkAIEexT.jpg'],0,0,1,"['#unlock1', '#unlockindiadebate']",[],https://twitter.com/simi_2109/status/1267791998922002432,False,,0,,,,,,,"[{'user_id': '1256909449614241794', 'username': 'simi_2109'}, {'user_id': '951457762835337217', 'username': 'HemantSorenJMM'}, {'user_id': '875581330037198848', 'username': 'JharkhandCMO'}, {'user_id': '895545034212114432', 'username': 'DC_Ranchi'}, {'user_id': '758373172701831169', 'username': 'DC_Ramgarh'}, {'user_id': '2596143056', 'username': 'MoHFW_INDIA'}, {'user_id': '18839785', 'username': 'narendramodi'}, {'user_id': '3123339037', 'username': 'dasraghubar'}]",,,,
1267748624143806464,1267748624143806464,1591089800000,2020-06-02,14:53:20,IST,1575387764,nk_visualz,Nikhil Kumar,,"@HemantSorenJMM @JharkhandCMO @DC_Ranchi @rmray @DC_LOHARDAGA
#Lockdown5 #Unlock1 what about Inter-district and Intra-district movement guidelines for private owned vehicles.....???","['hemantsorenjmm', 'jharkhandcmo', 'dc_ranchi', 'rmray', 'dc_lohardaga']",[],[],0,1,2,"['#lockdown5', '#unlock1']",[],https://twitter.com/nk_visualz/status/1267748624143806464,False,,0,,,,,,,"[{'user_id': '1575387764', 'username': 'nk_visualz'}, {'user_id': '951457762835337217', 'username': 'HemantSorenJMM'}, {'user_id': '875581330037198848', 'username': 'JharkhandCMO'}, {'user_id': '895545034212114432', 'username': 'DC_Ranchi'}, {'user_id': '27583188', 'username': 'rmray'}, {'user_id': '718321948464386050', 'username': 'DC_LOHARDAGA'}]",,,,
1267500403635208195,1267500403635208195,1591030619000,2020-06-01,22:26:59,IST,860156580536262657,panchayattimes,Panchayat Times,,"केंद्र ने राज्यों को भगवान  भरोसे छोड़ दिया: हेमंत सोरेन
@HemantSorenJMM #India #Jharkhand #Ranchi #COVIDー19 #unlock1 #coronavirus #corona https://youtu.be/TT5BjyITAGI ",['hemantsorenjmm'],['https://youtu.be/TT5BjyITAGI'],[],0,0,1,"['#india', '#jharkhand', '#ranchi', '#covidー19', '#unlock1', '#coronavirus', '#corona']",[],https://twitter.com/PanchayatTimes/status/1267500403635208195,False,,0,,,,,,,"[{'user_id': '860156580536262657', 'username': 'PanchayatTimes'}, {'user_id': '951457762835337217', 'username': 'HemantSorenJMM'}]",,,,
1267481871417565184,1267481871417565184,1591026201000,2020-06-01,21:13:21,IST,1237775994649374726,johaarjharkhand,Johaar Jharkhand,,"झारखण्ड सरकार ने जारी किया अनलॉक-1 की गाइडलाइन
#SOP #Lockdown5 #Unlock1 #Jharkhand #Ranchi #jharkhandCoronaUpdate #johaarjharkhand http://johaarjharkhand.com/jharkhand/1569/ ",[],['http://johaarjharkhand.com/jharkhand/1569/'],[],0,0,2,"['#sop', '#lockdown5', '#unlock1', '#jharkhand', '#ranchi', '#jharkhandcoronaupdate', '#johaarjharkhand']",[],https://twitter.com/JohaarJharkhand/status/1267481871417565184,False,,0,,,,,,,"[{'user_id': '1237775994649374726', 'username': 'JohaarJharkhand'}]",,,,
1267481627011121153,1267481627011121153,1591026143000,2020-06-01,21:12:23,IST,860156580536262657,panchayattimes,Panchayat Times,,"झारखंड: सरकार ने अनलॉक-1 के लिए जारी की गाइडलाइन, कई क्षेत्रों में दी गई छूट
@HemantSorenJMM
#India #Jharkhand #Ranchi #COVIDー19 #unlock1 #coronavirus #corona https://www.panchayattimes.com/jharkhand-government-issued-guidelines-for-unlock-1-several-exemption-given-in-many-areas/ …",['hemantsorenjmm'],['https://www.panchayattimes.com/jharkhand-government-issued-guidelines-for-unlock-1-several-exemption-given-in-many-areas/'],[],0,0,2,"['#india', '#jharkhand', '#ranchi', '#covidー19', '#unlock1', '#coronavirus', '#corona']",[],https://twitter.com/PanchayatTimes/status/1267481627011121153,False,,0,,,,,,,"[{'user_id': '860156580536262657', 'username': 'PanchayatTimes'}, {'user_id': '951457762835337217', 'username': 'HemantSorenJMM'}]",,,,
1267473939908800514,1267473939908800514,1591024310000,2020-06-01,20:41:50,IST,860156580536262657,panchayattimes,Panchayat Times,,"रांची में मिठाई दुकान खुलने के बाद दुकानदारों के चेहरे पर दिखी मुस्कान
#Jharkhand #Ranchi #COVIDー19 #unlock1 #coronavirus #India https://www.youtube.com/watch?v=bkmceHFPCsQ&feature=youtu.be …",[],['https://www.youtube.com/watch?v=bkmceHFPCsQ&feature=youtu.be'],[],0,0,0,"['#jharkhand', '#ranchi', '#covidー19', '#unlock1', '#coronavirus', '#india']",[],https://twitter.com/PanchayatTimes/status/1267473939908800514,False,,0,,,,,,,"[{'user_id': '860156580536262657', 'username': 'PanchayatTimes'}]",,,,
1267458503150579712,1267458503150579712,1591020630000,2020-06-01,19:40:30,IST,1056409574016610304,wasimmajcm786,Wasim Malik,,"लॉकडाउन में ढील को लेकर राज्य सरकार का निर्देश!आप सभी से आग्रह है घर से बाहर निकलते समय मास्क का प्रयोग जरूर करें। आपस में दूरी बनायें रखें, मगर दिलों को जोड़े रखें!
Rules for #Lockdown5 or #Unlock1 by Jharkhand govt 
@HemantSorenJMM @DC_Ranchi @JharkhandPolice @INCJharkhand pic.twitter.com/AzQfyHQ7Uj","['hemantsorenjmm', 'dc_ranchi', 'jharkhandpolice', 'incjharkhand']",[],['https://pbs.twimg.com/media/EZbqpvRXkAEDDxU.jpg'],0,2,7,"['#lockdown5', '#unlock1']",[],https://twitter.com/wasimMaJcm786/status/1267458503150579712,False,,0,,,,,,,"[{'user_id': '1056409574016610304', 'username': 'wasimMaJcm786'}, {'user_id': '951457762835337217', 'username': 'HemantSorenJMM'}, {'user_id': '895545034212114432', 'username': 'DC_Ranchi'}, {'user_id': '615078237', 'username': 'JharkhandPolice'}, {'user_id': '872413744856350721', 'username': 'INCJharkhand'}]",,,,
1267382256596914176,1267382256596914176,1591002451000,2020-06-01,14:37:31,IST,42606652,aajtak,AajTak,,"झारखंड सरकार संशय में है कि लॉकडाउन बढ़ाया जाए या फिर #Unlock1 के तरफ़ बढ़ा जाए. क्या है कारण, जानिए @satyajeetAT की इस रिपोर्ट में
पूरी #ReporterDiary देखने के लिए क्लिक करें:  https://youtu.be/pff8BwcKEAg 
#Jharkhand #Ranchi #Lockdown pic.twitter.com/ux7WVVcWCj",['satyajeetat'],['https://youtu.be/pff8BwcKEAg'],[],7,2,72,"['#unlock1', '#reporterdiary', '#jharkhand', '#ranchi', '#lockdown']",[],https://twitter.com/aajtak/status/1267382256596914176,False,,1,,,,,,,"[{'user_id': '42606652', 'username': 'aajtak'}, {'user_id': '1124724561600114688', 'username': 'satyajeetAT'}]",,,,
1267292695229345793,1267292695229345793,1590981098000,2020-06-01,08:41:38,IST,1055367294656888832,pib_patna,PIB In Bihar 🇮🇳 Mask yourself 😷,,"#Unlock1 

02365 #JanShatabdi special train leaves #Patna station for #Ranchi at early morning today .

#IndiaFightsCorona pic.twitter.com/Z8mNS7y8VR",[],[],"['https://pbs.twimg.com/media/EZZT7xnVAAABU-Y.jpg', 'https://pbs.twimg.com/media/EZZT8uYU8AAsHGM.jpg', 'https://pbs.twimg.com/media/EZZT9mcUYAIM3ty.jpg', 'https://pbs.twimg.com/media/EZZT-lpUEAI6MyF.jpg']",2,6,79,"['#unlock1', '#janshatabdi', '#patna', '#ranchi', '#indiafightscorona']",[],https://twitter.com/PIB_Patna/status/1267292695229345793,False,,0,,,,,,,"[{'user_id': '1055367294656888832', 'username': 'PIB_Patna'}]",,,,
1267279672938659842,1267277746310242305,1590977993000,2020-06-01,07:49:53,IST,884645251624968192,imprabhatsh,Prabhat Shankar,,"#Unlock1  दीवाना हुआ बादल, रिमझिम बारिश भी आई #Ranchi  pic.twitter.com/iNRly5cbQ0",[],[],[],0,3,14,"['#unlock1', '#ranchi']",[],https://twitter.com/imprabhatsh/status/1267279672938659842,False,,1,,,,,,,"[{'user_id': '884645251624968192', 'username': 'imprabhatsh'}]",,,,
1267277746310242305,1267277746310242305,1590977534000,2020-06-01,07:42:14,IST,884645251624968192,imprabhatsh,Prabhat Shankar,,"आज #Unlock1 की खुशी में #Ranchi  में बादलों ने सुबह ही दस्तक दे दी है, सुहाना मौसम राँचीवसियों को मुबारक हो  pic.twitter.com/IG96xTX6SR",[],[],[],2,11,70,"['#unlock1', '#ranchi']",[],https://twitter.com/imprabhatsh/status/1267277746310242305,False,,1,,,,,,,"[{'user_id': '884645251624968192', 'username': 'imprabhatsh'}]",,,,
1266744023118524416,1266744023118524416,1590850284000,2020-05-30,20:21:24,IST,4580632993,priyank59097220,ԹɾíվɑղƘɑ ղɑվɑƘ 🇮🇳 ପ୍ରିୟଙ୍କା ନାୟକ,,"Don't know when my area Hindpiri, Ranchi will open every patient is recovered but still it's lock 😔 @HemantSorenJMM #Unlock1",['hemantsorenjmm'],[],[],0,4,10,['#unlock1'],[],https://twitter.com/priyank59097220/status/1266744023118524416,False,,0,,,,,,,"[{'user_id': '4580632993', 'username': 'priyank59097220'}, {'user_id': '951457762835337217', 'username': 'HemantSorenJMM'}]",,,,
