id,conversation_id,created_at,date,time,timezone,user_id,username,name,place,tweet,mentions,urls,photos,replies_count,retweets_count,likes_count,hashtags,cashtags,link,retweet,quote_url,video,near,geo,source,user_rt_id,user_rt,retweet_id,reply_to,retweet_date,translate,trans_src,trans_dest
1275738712547250177,1275738712547250177,1592994785000,2020-06-24,16:03:05,IST,3251528191,tanmoymitra01, Tanmoy Mitra,,"#JustGoofingAround
#Unlock1 .0 
#ToughDays during #Coronavirus #Pandemic
Even though we are the fortunate ones as I look around via media ...
#June24 #Y2020 @ Steel City, Jamshedpur, India  https://www.instagram.com/p/CB0IqCJJmstbmCpx_vgtn1gLr0x_JrAUWKjrkE0/?igshid=3jhwlo660gar …",[],['https://www.instagram.com/p/CB0IqCJJmstbmCpx_vgtn1gLr0x_JrAUWKjrkE0/?igshid=3jhwlo660gar'],[],0,0,0,"['#justgoofingaround', '#unlock1', '#toughdays', '#coronavirus', '#pandemic', '#june24', '#y2020']",[],https://twitter.com/tanmoymitra01/status/1275738712547250177,False,,0,,,,,,,"[{'user_id': '3251528191', 'username': 'tanmoymitra01'}]",,,,
1271032704918839297,1271032704918839297,1591872786000,2020-06-11,16:23:06,IST,3251528191,tanmoymitra01, Tanmoy Mitra,,"#ICMR and #MoHFW #Press #Briefing on #serological #Survey
#June11 #Y2020
#Unlock1
#Lockdown5 @ Steel City, Jamshedpur, India  https://www.instagram.com/p/CBSsfJZABsh07f3OOxU4MbAy7L2ixSGMpTcTXs0/?igshid=f85843qs85k4 …",[],['https://www.instagram.com/p/CBSsfJZABsh07f3OOxU4MbAy7L2ixSGMpTcTXs0/?igshid=f85843qs85k4'],[],0,0,0,"['#icmr', '#mohfw', '#press', '#briefing', '#serological', '#survey', '#june11', '#y2020', '#unlock1', '#lockdown5']",[],https://twitter.com/tanmoymitra01/status/1271032704918839297,False,,0,,,,,,,"[{'user_id': '3251528191', 'username': 'tanmoymitra01'}]",,,,
1270584978204737536,1270584978204737536,1591766039000,2020-06-10,10:43:59,IST,3251528191,tanmoymitra01, Tanmoy Mitra,,"#Internet #memes😂
#Royu Ya #hasu
#karumeinkyakaru
#Unlock1
#Lockdown5
#June10 #Y2020 @ Steel City, Jamshedpur, India  https://www.instagram.com/p/CBPhA1rgl4ObngjUeu09o1EuzF6o4QXluwYh9Y0/?igshid=g5nqxxpbbr3s …",[],['https://www.instagram.com/p/CBPhA1rgl4ObngjUeu09o1EuzF6o4QXluwYh9Y0/?igshid=g5nqxxpbbr3s'],[],0,0,0,"['#internet', '#memes', '#royu', '#hasu', '#karumeinkyakaru', '#unlock1', '#lockdown5', '#june10', '#y2020']",[],https://twitter.com/tanmoymitra01/status/1270584978204737536,False,,0,,,,,,,"[{'user_id': '3251528191', 'username': 'tanmoymitra01'}]",,,,
1270581720052576256,1270581720052576256,1591765262000,2020-06-10,10:31:02,IST,3251528191,tanmoymitra01, Tanmoy Mitra,,"A ray of #hope amid #Chaos.
#Unlock1
#Lockdown5
#June10
#Y2020
#COVID19
#Coronavirus #Pandemic @ Steel City, Jamshedpur, India  https://www.instagram.com/p/CBPfh8IAc9bAQPkk6Gn9uTkVS71Y43fqcsQn4s0/?igshid=1v8qm3wohoek9 …",[],['https://www.instagram.com/p/CBPfh8IAc9bAQPkk6Gn9uTkVS71Y43fqcsQn4s0/?igshid=1v8qm3wohoek9'],[],0,0,0,"['#hope', '#chaos', '#unlock1', '#lockdown5', '#june10', '#y2020', '#covid19', '#coronavirus', '#pandemic']",[],https://twitter.com/tanmoymitra01/status/1270581720052576256,False,,0,,,,,,,"[{'user_id': '3251528191', 'username': 'tanmoymitra01'}]",,,,
1270370335871942656,1270370335871942656,1591714865000,2020-06-09,20:31:05,IST,3251528191,tanmoymitra01, Tanmoy Mitra,,"Now #Testing for #COVID19 must ramped up
as #India entered #Unlock1
#June9 #Y2020 @ Steel City, Jamshedpur, India  https://www.instagram.com/p/CBN_Z9BJ5_Z1w0MZHs7xEhtgjzlbXNRim-efWU0/?igshid=1g6mdban9dq30 …",[],['https://www.instagram.com/p/CBN_Z9BJ5_Z1w0MZHs7xEhtgjzlbXNRim-efWU0/?igshid=1g6mdban9dq30'],[],0,0,0,"['#testing', '#covid19', '#india', '#unlock1', '#june9', '#y2020']",[],https://twitter.com/tanmoymitra01/status/1270370335871942656,False,,0,,,,,,,"[{'user_id': '3251528191', 'username': 'tanmoymitra01'}]",,,,
1270057690602131465,1270057690602131465,1591640324000,2020-06-08,23:48:44,IST,3251528191,tanmoymitra01, Tanmoy Mitra,,"#COVID19
#CoronaIndiaUpdates 
No signs of flattening of the curve in #India as of #Today
#June8 #Y2020
#Monday
#Day76 of #allindia #Lockdown
#Day8 of #Unlock1 @ Steel City, Jamshedpur,…  https://www.instagram.com/p/CBLxOqTJJJfN2rrC63v80FWDfsnYfjR9vm8Rok0/?igshid=2ihlgo2eibl8 …",[],['https://www.instagram.com/p/CBLxOqTJJJfN2rrC63v80FWDfsnYfjR9vm8Rok0/?igshid=2ihlgo2eibl8'],[],0,0,0,"['#covid19', '#coronaindiaupdates', '#india', '#today', '#june8', '#y2020', '#monday', '#day76', '#allindia', '#lockdown', '#day8', '#unlock1']",[],https://twitter.com/tanmoymitra01/status/1270057690602131465,False,,0,,,,,,,"[{'user_id': '3251528191', 'username': 'tanmoymitra01'}]",,,,
1269854880027406337,1269854880027406337,1591591970000,2020-06-08,10:22:50,IST,3251528191,tanmoymitra01, Tanmoy Mitra,,"#Unlock1 .0 
#Day8
#June8
#Y2020
#COVID19 induced #allindia
#Lockdown @ Steel City, Jamshedpur, India  https://www.instagram.com/p/CBKU4z2JMJWtFPKfj6hKCnZOHP1lawTlJY4b3M0/?igshid=vviat9dxdq2t …",[],['https://www.instagram.com/p/CBKU4z2JMJWtFPKfj6hKCnZOHP1lawTlJY4b3M0/?igshid=vviat9dxdq2t'],[],0,0,0,"['#unlock1', '#day8', '#june8', '#y2020', '#covid19', '#allindia', '#lockdown']",[],https://twitter.com/tanmoymitra01/status/1269854880027406337,False,,0,,,,,,,"[{'user_id': '3251528191', 'username': 'tanmoymitra01'}]",,,,
1268526708266860545,1268526708266860545,1591275309000,2020-06-04,18:25:09,IST,3251528191,tanmoymitra01, Tanmoy Mitra,,"#Special #Train during #unlock1
#June4 #Y2020 @ Steel City, Jamshedpur, India  https://www.instagram.com/p/CBA5BTZJQKi1C0dtkeSHTySQMit6qkEZwNF3fk0/?igshid=17t16aym63jn6 …",[],['https://www.instagram.com/p/CBA5BTZJQKi1C0dtkeSHTySQMit6qkEZwNF3fk0/?igshid=17t16aym63jn6'],[],0,0,0,"['#special', '#train', '#unlock1', '#june4', '#y2020']",[],https://twitter.com/tanmoymitra01/status/1268526708266860545,False,,0,,,,,,,"[{'user_id': '3251528191', 'username': 'tanmoymitra01'}]",,,,
1268410125020213248,1268410125020213248,1591247514000,2020-06-04,10:41:54,IST,3251528191,tanmoymitra01, Tanmoy Mitra,,"#Entering #Tatanagar #Railway #Station 
Traveling in #Train #Howrah- #Barbil
#JanShatabdi #Express #Special #Train
#Unlock1
#June4
#Y2020 @ Steel City, Jamshedpur, India  https://www.instagram.com/p/CBAD0DtpovP3T-3G7PgZyCco4LTeoPtaa8hMAo0/?igshid=14k8vl8hc8it …",[],['https://www.instagram.com/p/CBAD0DtpovP3T-3G7PgZyCco4LTeoPtaa8hMAo0/?igshid=14k8vl8hc8it'],[],0,0,0,"['#entering', '#tatanagar', '#railway', '#station', '#train', '#howrah', '#barbil', '#janshatabdi', '#express', '#special', '#train', '#unlock1', '#june4', '#y2020']",[],https://twitter.com/tanmoymitra01/status/1268410125020213248,False,,0,,,,,,,"[{'user_id': '3251528191', 'username': 'tanmoymitra01'}]",,,,
1268395772107776000,1268395772107776000,1591244092000,2020-06-04,09:44:52,IST,3251528191,tanmoymitra01, Tanmoy Mitra,,"#Train #Journey after #Two months
#Unlock1
#June3 ##Y2020 @ Steel City, Jamshedpur, India  https://www.instagram.com/p/CA_9NuvpfDAkZSgLo7HhWAR6NL_M4UbjU3xk1g0/?igshid=js1fhew4nlqt …",[],['https://www.instagram.com/p/CA_9NuvpfDAkZSgLo7HhWAR6NL_M4UbjU3xk1g0/?igshid=js1fhew4nlqt'],[],0,0,0,"['#train', '#journey', '#two', '#unlock1', '#june3', '#y2020']",[],https://twitter.com/tanmoymitra01/status/1268395772107776000,False,,0,,,,,,,"[{'user_id': '3251528191', 'username': 'tanmoymitra01'}]",,,,
1268152447589134337,1268152447589134337,1591186079000,2020-06-03,17:37:59,IST,3251528191,tanmoymitra01, Tanmoy Mitra,,"#Journey following all safety #protocols
#Tough #Times of #COVID19
#Coronavirus #Pandemic
#Wednesday
#June3 #Y2020
#Unlock1 ( #June1 to #June30 #Year2020) @ Steel City, Jamshedpur, India  https://www.instagram.com/p/CA-O0qNJd7U4Kb9sNm5BN2sXx9KHOBc1e-xNxc0/?igshid=vklmu03citck …",[],['https://www.instagram.com/p/CA-O0qNJd7U4Kb9sNm5BN2sXx9KHOBc1e-xNxc0/?igshid=vklmu03citck'],[],0,0,0,"['#journey', '#protocols', '#tough', '#times', '#covid19', '#coronavirus', '#pandemic', '#wednesday', '#june3', '#y2020', '#unlock1', '#june1', '#june30', '#year2020']",[],https://twitter.com/tanmoymitra01/status/1268152447589134337,False,,0,,,,,,,"[{'user_id': '3251528191', 'username': 'tanmoymitra01'}]",,,,
1268132174303244288,1268132174303244288,1591181245000,2020-06-03,16:17:25,IST,3251528191,tanmoymitra01, Tanmoy Mitra,,"#Urgent #Travel during #COVID19 #Pandemic
#June3 #Y2020 #Tata - #Howrah #JanShatabdi #Express
#Train
#unlock1
#Coronavirus #Pandemic @ Steel City, Jamshedpur, India  https://www.instagram.com/p/CA-FmoJJdzsQIo8GiLjAuYpy5VjycJdvDO0iX00/?igshid=x3dr5nrjchsi …",[],['https://www.instagram.com/p/CA-FmoJJdzsQIo8GiLjAuYpy5VjycJdvDO0iX00/?igshid=x3dr5nrjchsi'],[],0,0,0,"['#urgent', '#travel', '#covid19', '#pandemic', '#june3', '#y2020', '#tata', '#howrah', '#janshatabdi', '#express', '#train', '#unlock1', '#coronavirus', '#pandemic']",[],https://twitter.com/tanmoymitra01/status/1268132174303244288,False,,0,,,,,,,"[{'user_id': '3251528191', 'username': 'tanmoymitra01'}]",,,,
1267798262930722818,1267798262930722818,1591101635000,2020-06-02,18:10:35,IST,3251528191,tanmoymitra01, Tanmoy Mitra,,"#MoHFW #Government of #India
#GovtOfIndia
#Updates
#COVID19
#coronavirus #Pandemic
#June2 #Y2020
#Unlock1 #Lockdown5 @ Steel City, Jamshedpur, India  https://www.instagram.com/p/CA7mZH4p7lZZy7Fxejjax61DQ_WSfNc0zhApso0/?igshid=1u13j336swlql …",[],['https://www.instagram.com/p/CA7mZH4p7lZZy7Fxejjax61DQ_WSfNc0zhApso0/?igshid=1u13j336swlql'],[],0,0,0,"['#mohfw', '#government', '#india', '#govtofindia', '#updates', '#covid19', '#coronavirus', '#pandemic', '#june2', '#y2020', '#unlock1', '#lockdown5']",[],https://twitter.com/tanmoymitra01/status/1267798262930722818,False,,0,,,,,,,"[{'user_id': '3251528191', 'username': 'tanmoymitra01'}]",,,,
1267777042873036802,1267777042873036802,1591096575000,2020-06-02,16:46:15,IST,3251528191,tanmoymitra01, Tanmoy Mitra,,"#Transport problems in #Kolkata on #Day2 of #Unlock1 and #Lockdown5
#June2
#Y2020 @ Steel City, Jamshedpur, India  https://www.instagram.com/p/CA7kDMqp_Nv6XfmmrW8xwrDxhgaf4jl0qgK__E0/?igshid=m6wq5zbfd5ry …",[],['https://www.instagram.com/p/CA7kDMqp_Nv6XfmmrW8xwrDxhgaf4jl0qgK__E0/?igshid=m6wq5zbfd5ry'],[],0,0,0,"['#transport', '#kolkata', '#day2', '#unlock1', '#lockdown5', '#june2', '#y2020']",[],https://twitter.com/tanmoymitra01/status/1267777042873036802,False,,0,,,,,,,"[{'user_id': '3251528191', 'username': 'tanmoymitra01'}]",,,,
1267667931535675393,1267667931535675393,1591070561000,2020-06-02,09:32:41,IST,3251528191,tanmoymitra01, Tanmoy Mitra,,"#RailTravel during #Unlock1 
Amidst #Coronavirus #Pandemic
#June2 #Y2020 @ Steel City, Jamshedpur, India  https://www.instagram.com/p/CA6wuM1J0nrHV-ALKOfy3fKNQfrRwGCYG1U8SI0/?igshid=bbc3zuhbqmxz …",[],['https://www.instagram.com/p/CA6wuM1J0nrHV-ALKOfy3fKNQfrRwGCYG1U8SI0/?igshid=bbc3zuhbqmxz'],[],0,0,0,"['#railtravel', '#unlock1', '#coronavirus', '#pandemic', '#june2', '#y2020']",[],https://twitter.com/tanmoymitra01/status/1267667931535675393,False,,0,,,,,,,"[{'user_id': '3251528191', 'username': 'tanmoymitra01'}]",,,,
1267423559195951104,1267423559195951104,1591012298000,2020-06-01,17:21:38,IST,814124671721312257,taplutu,priyanka kumari,,jamshedpur mein lockdown 5 ya unlock1,[],[],[],0,0,2,[],[],https://twitter.com/taplutu/status/1267423559195951104,False,,0,,,,,,,"[{'user_id': '814124671721312257', 'username': 'taplutu'}]",,,,
1267400407627825154,1267400407627825154,1591006778000,2020-06-01,15:49:38,IST,3251528191,tanmoymitra01, Tanmoy Mitra,,"#Unlock1 on #June1
with clearing #Stubble
#CleanShavenLook
#Y2020 @ Steel City, Jamshedpur, India  https://www.instagram.com/p/CA441oWJt6Sl85Sn3CLlN69O7QjdTMDhLsVhzo0/?igshid=5s775keglg7j …",[],['https://www.instagram.com/p/CA441oWJt6Sl85Sn3CLlN69O7QjdTMDhLsVhzo0/?igshid=5s775keglg7j'],[],0,0,0,"['#unlock1', '#june1', '#stubble', '#cleanshavenlook', '#y2020']",[],https://twitter.com/tanmoymitra01/status/1267400407627825154,False,,0,,,,,,,"[{'user_id': '3251528191', 'username': 'tanmoymitra01'}]",,,,
1267371136926593024,1267371136926593024,1590999800000,2020-06-01,13:53:20,IST,3251528191,tanmoymitra01, Tanmoy Mitra,,"#CoronaIndiaUpdates on #Day1 of #Unlock1 alongwith #COVID19 induced #Lockdown5
#June1 #Y2020 @ Steel City, Jamshedpur, India  https://www.instagram.com/p/CA4rLmuJElnjawsbx-rLXkrOVOYZNvIwG3Pyrw0/?igshid=7zczvgk63jz3 …",[],['https://www.instagram.com/p/CA4rLmuJElnjawsbx-rLXkrOVOYZNvIwG3Pyrw0/?igshid=7zczvgk63jz3'],[],0,0,0,"['#coronaindiaupdates', '#day1', '#unlock1', '#covid19', '#lockdown5', '#june1', '#y2020']",[],https://twitter.com/tanmoymitra01/status/1267371136926593024,False,,0,,,,,,,"[{'user_id': '3251528191', 'username': 'tanmoymitra01'}]",,,,
1267311631874351110,1267311631874351110,1590985613000,2020-06-01,09:56:53,IST,3251528191,tanmoymitra01, Tanmoy Mitra,,"#Auto pack
#Maruti #Suzuki #Data
#marutisuzuki
#June1st #Unlock1 .0
Easing of #COVID19
 Induced #allindia #Lockdown #Restrictions
#June1
#Y2020 @ Steel City, Jamshedpur, India  https://www.instagram.com/p/CA4QGr5prx1AeTAuZ4bIV1hWOCjoTTwO3Em6QU0/?igshid=1ldb5p5cwpkvp …",[],['https://www.instagram.com/p/CA4QGr5prx1AeTAuZ4bIV1hWOCjoTTwO3Em6QU0/?igshid=1ldb5p5cwpkvp'],[],0,0,0,"['#auto', '#maruti', '#suzuki', '#data', '#marutisuzuki', '#june1st', '#unlock1', '#covid19', '#allindia', '#lockdown', '#restrictions', '#june1', '#y2020']",[],https://twitter.com/tanmoymitra01/status/1267311631874351110,False,,0,,,,,,,"[{'user_id': '3251528191', 'username': 'tanmoymitra01'}]",,,,
1267120969665204224,1267120969665204224,1590940155000,2020-05-31,21:19:15,IST,3251528191,tanmoymitra01, Tanmoy Mitra,,"#Unlock1 in #Lockdown5 
Amidst #CoronaBlast
#May31 #Y2020
#Day68 of #COVID19 induced #allindia
#Lockdown
#Coronavirus #Pandemic @ Steel City, Jamshedpur, India  https://www.instagram.com/p/CA25Z4Cpm0baWHgZtrSRL229v-j_DNy7CHHO0s0/?igshid=6tkwf8bw9d95 …",[],['https://www.instagram.com/p/CA25Z4Cpm0baWHgZtrSRL229v-j_DNy7CHHO0s0/?igshid=6tkwf8bw9d95'],[],0,0,1,"['#unlock1', '#lockdown5', '#coronablast', '#may31', '#y2020', '#day68', '#covid19', '#allindia', '#lockdown', '#coronavirus', '#pandemic']",[],https://twitter.com/tanmoymitra01/status/1267120969665204224,False,,0,,,,,,,"[{'user_id': '3251528191', 'username': 'tanmoymitra01'}]",,,,
1266919348695961602,1266919348695961602,1590892085000,2020-05-31,07:58:05,IST,3251528191,tanmoymitra01, Tanmoy Mitra,,"#List / #Chart of #Special #Trains apart from #shramikspecial #Train
#Unlock1 .0
From
#June1 #Y2020
#indianrailways @ Steel City, Jamshedpur, India  https://www.instagram.com/p/CA1eE49Jg7LZrKwS6dcwOZJlglyGuag4x_LU9M0/?igshid=1u8hrjkyddrjl …",[],['https://www.instagram.com/p/CA1eE49Jg7LZrKwS6dcwOZJlglyGuag4x_LU9M0/?igshid=1u8hrjkyddrjl'],[],0,0,0,"['#list', '#chart', '#special', '#trains', '#shramikspecial', '#train', '#unlock1', '#june1', '#y2020', '#indianrailways']",[],https://twitter.com/tanmoymitra01/status/1266919348695961602,False,,0,,,,,,,"[{'user_id': '3251528191', 'username': 'tanmoymitra01'}]",,,,
1266777265993637888,1266777265993637888,1590858210000,2020-05-30,22:33:30,IST,3251528191,tanmoymitra01, Tanmoy Mitra,,"#Unlock1 but #Lockdown continues in #Containment #Zones till #June30 #Y2020 
Dated: #May30 #Y2020
#Day67 in #lockdown4 @ Steel City, Jamshedpur, India  https://www.instagram.com/p/CA0dJvapKfX59fi7RgGbRXDw7jJ_MjhBZl0B680/?igshid=9q48jnhg46ar …",[],['https://www.instagram.com/p/CA0dJvapKfX59fi7RgGbRXDw7jJ_MjhBZl0B680/?igshid=9q48jnhg46ar'],[],0,0,0,"['#unlock1', '#lockdown', '#containment', '#zones', '#june30', '#y2020', '#may30', '#y2020', '#day67', '#lockdown4']",[],https://twitter.com/tanmoymitra01/status/1266777265993637888,False,,0,,,,,,,"[{'user_id': '3251528191', 'username': 'tanmoymitra01'}]",,,,
1266760386289811456,1266760386289811456,1590854186000,2020-05-30,21:26:26,IST,3251528191,tanmoymitra01, Tanmoy Mitra,,"What is the #guidelines of #Unlock1 .0 ?
#SocialDistancing and #Masks will be must 
#Day67 of #Lockdown
#May30 #Y2020 @ Steel City, Jamshedpur, India  https://www.instagram.com/p/CA0Vbaip02wP4tJ3S7HJQ9OtpPnqYAmeibUmWo0/?igshid=1hx086xmshvms …",[],['https://www.instagram.com/p/CA0Vbaip02wP4tJ3S7HJQ9OtpPnqYAmeibUmWo0/?igshid=1hx086xmshvms'],[],0,0,0,"['#guidelines', '#unlock1', '#socialdistancing', '#masks', '#day67', '#lockdown', '#may30', '#y2020']",[],https://twitter.com/tanmoymitra01/status/1266760386289811456,False,,0,,,,,,,"[{'user_id': '3251528191', 'username': 'tanmoymitra01'}]",,,,
1266737080379387905,1266737080379387905,1590848629000,2020-05-30,19:53:49,IST,1252589463068434434,hey_iamabhay,Abhay,,"can anyone tell me that is #Jamshedpur is in containment zone ??  #Lockdown5 #Unlock1
@HemantSorenJMM @anjanaomkashyap @narendramodi @PMOIndia @JharkhandCMO 
PLEASE DO REPLY IF YOU KNOW ABOUT IT !!","['hemantsorenjmm', 'anjanaomkashyap', 'narendramodi', 'pmoindia', 'jharkhandcmo']",[],[],0,1,0,"['#jamshedpur', '#lockdown5', '#unlock1']",[],https://twitter.com/hey_iamabhay/status/1266737080379387905,False,,0,,,,,,,"[{'user_id': '1252589463068434434', 'username': 'hey_iamabhay'}, {'user_id': '951457762835337217', 'username': 'HemantSorenJMM'}, {'user_id': '101215084', 'username': 'anjanaomkashyap'}, {'user_id': '18839785', 'username': 'narendramodi'}, {'user_id': '471741741', 'username': 'PMOIndia'}, {'user_id': '875581330037198848', 'username': 'JharkhandCMO'}]",,,,
