id,conversation_id,created_at,date,time,timezone,user_id,username,name,place,tweet,mentions,urls,photos,replies_count,retweets_count,likes_count,hashtags,cashtags,link,retweet,quote_url,video,near,geo,source,user_rt_id,user_rt,retweet_id,reply_to,retweet_date,translate,trans_src,trans_dest
1275980528248778752,1275849027771392002,1593052439000,2020-06-25,08:03:59,IST,1142481506205609985,satya_vachann,Satya_Vachan (ಸತ್ಯವಚನ),,"No, ab toh #unlock1 chal raha hai 🤔","['delhiite_', 'mango_sootra']",[],[],0,0,1,['#unlock1'],[],https://twitter.com/Satya_Vachann/status/1275980528248778752,False,,0,,,,,,,"[{'user_id': '1142481506205609985', 'username': 'Satya_Vachann'}, {'user_id': '61533959', 'username': 'Delhiite_'}, {'user_id': '1143782037528010753', 'username': 'mango_sootra'}]",,,,
1275692635542269952,1275692635542269952,1592983800000,2020-06-24,13:00:00,IST,534005216,hydtimes,Hyderabad Times,,".@ElliAvrRam shows you how to bring out some #SummerVibes by pulling off a #mango #dance
#ElliAvram #Bollywood #Unlock1  pic.twitter.com/bndydZ8f36",['elliavrram'],[],[],0,1,9,"['#summervibes', '#mango', '#dance', '#elliavram', '#bollywood', '#unlock1']",[],https://twitter.com/HydTimes/status/1275692635542269952,False,,1,,,,,,,"[{'user_id': '534005216', 'username': 'HydTimes'}, {'user_id': '1028211162', 'username': 'ElliAvrRam'}]",,,,
1271044175337672705,1271044175337672705,1591875520000,2020-06-11,17:08:40,IST,67316471,tirth_hunk,t!rthankar mohanty,,Seasons’s first ripen mango 😍😍 #summer2020 #unlock1.0  pic.twitter.com/XBLL4UHPhT,[],[],['https://pbs.twimg.com/media/EaOn7koWAAAOIED.jpg'],0,0,0,"['#summer2020', '#unlock1']",[],https://twitter.com/tirth_hunk/status/1271044175337672705,False,,0,,,,,,,"[{'user_id': '67316471', 'username': 'tirth_hunk'}]",,,,
1269918805137866752,1269918805137866752,1591607211000,2020-06-08,14:36:51,IST,428152773,moneybizines,Kiran Chada,,"Staying away from/of mother's recipies for 3 months is unimaginable. Law is universal.  Indians love, rather south Indians (Andhra, Karnataka, TN, Kerala) crave for. Mango is available everywhere. Tough times. 
#COVID-19 #Unlock1 #Unlock2 #Lockdown. #SocialDistancing pic.twitter.com/1VwdJ1fENV",[],[],['https://pbs.twimg.com/media/EZ-oXXWU4AEZcNk.jpg'],1,0,0,"['#covid', '#unlock1', '#unlock2', '#lockdown', '#socialdistancing']",[],https://twitter.com/moneybizines/status/1269918805137866752,False,,0,,,,,,,"[{'user_id': '428152773', 'username': 'moneybizines'}]",,,,
1269122926126616576,1269122926126616576,1591417459000,2020-06-06,09:54:19,IST,1056776126486331392,germanychennai,German Consul Chennai,,"#positive aspects of #lockdown 5.0 / #Unlock1 in #Chennai: 🥥 water from around the corner #mango 🥭 javari from an organic farm in AP, have a relaxing #weekend #AndhraPradesh #Puducherry #TamilNadu #Telangana #Hyderabad #StayHealthy #WashYourHands #PhysicalDistancing #WearAMask pic.twitter.com/8gTLnUwQDr",[],[],['https://pbs.twimg.com/media/EZzUkPEU8AEWub3.jpg'],2,0,14,"['#positive', '#lockdown', '#unlock1', '#chennai', '#mango', '#weekend', '#andhrapradesh', '#puducherry', '#tamilnadu', '#telangana', '#hyderabad', '#stayhealthy', '#washyourhands', '#physicaldistancing', '#wearamask']",[],https://twitter.com/GermanyChennai/status/1269122926126616576,False,,0,,,,,,,"[{'user_id': '1056776126486331392', 'username': 'GermanyChennai'}]",,,,
1268968056694337537,1268968056694337537,1591380535000,2020-06-05,23:38:55,IST,1143134587708559360,deepak640xl_,Deepak Maurya,,"24 Hours Food Challenge
24 Hours : 18 Different foods

Day1

Pani Puri
Tikki
Samosa 
Paneer Roll
Mango Shake
Lassi
Biryani
Tea

Day2

Khaste
Kachori
Bara
Jalebi
Kulcha 
Paneer Kulcha
Alloo Paratha
Paneer Paratha
Besen ladoo
Rasgulle
#Unlock1
#Foodie #FridayVibes #Food pic.twitter.com/fDGvIXDbnC",[],[],"['https://pbs.twimg.com/media/EZxHXg3XYAYUw0x.jpg', 'https://pbs.twimg.com/media/EZxHlMaWkAEUvB0.jpg']",0,0,4,"['#unlock1', '#foodie', '#fridayvibes', '#food']",[],https://twitter.com/Deepak640xl_/status/1268968056694337537,False,,0,,,,,,,"[{'user_id': '1143134587708559360', 'username': 'Deepak640xl_'}]",,,,
1268533609868038146,1268533609868038146,1591276955000,2020-06-04,18:52:35,IST,800681273337335809,eightpackofabs,Fazlur.,,Unlock1. Ghoomna start visited my mango farm.  pic.twitter.com/jqGcbg0J1Q,[],[],['https://pbs.twimg.com/media/EZq8kl9WAAMH-x5.jpg'],1,0,0,[],[],https://twitter.com/eightpackofabs/status/1268533609868038146,False,,0,,,,,,,"[{'user_id': '800681273337335809', 'username': 'eightpackofabs'}]",,,,
1267716403680944130,1267716403680944130,1591082118000,2020-06-02,12:45:18,IST,1264266628361003009,foodiepriya,foodiepriya,,"Mango candy
Acidity and gastric problem ka solution

You can watch this video on my youtube channel foodiepriya

If you like it then subscribe

#TuesdayThoughts
#Tuesdayvibes
#mangocandyrecipe
#StaySafeStayHealthy
#Unlock1
#Lockdown5
#QurantineLife #mangocandybyfoodiepriya pic.twitter.com/wb6WrkD1d2",[],[],['https://pbs.twimg.com/media/EZfVVGfX0AAkcY3.jpg'],0,0,0,"['#tuesdaythoughts', '#tuesdayvibes', '#mangocandyrecipe', '#staysafestayhealthy', '#unlock1', '#lockdown5', '#qurantinelife', '#mangocandybyfoodiepriya']",[],https://twitter.com/foodiepriya/status/1267716403680944130,False,,0,,,,,,,"[{'user_id': '1264266628361003009', 'username': 'foodiepriya'}]",,,,
1267488237498634241,1267488237498634241,1591027719000,2020-06-01,21:38:39,IST,1156172073531629568,skgoldrecipes,Sunita Khandelwal,,"कभी खाया है? आम का खट्टा मीठा शोरबा... आम की कढ़ी।🥭
#Mango Shorba | Aam ka Fajita

YouTube LINK▶️  https://youtu.be/nzNaSbwGP44 

Please Subscribe to our Channel & Like, Comment, Share as well🙏🏻🙂😊
#Recipe #RecipeOfTheDay #Hindi #MondayVibes #SummerRecipes #Unlock1 #Stayhomestaysafe pic.twitter.com/GmpStaGESv",[],['https://youtu.be/nzNaSbwGP44'],"['https://pbs.twimg.com/media/EZcFyWMU0AYqpSs.jpg', 'https://pbs.twimg.com/media/EZcFzVZUYAAGqb_.jpg', 'https://pbs.twimg.com/media/EZcF0FHUwAIXlW_.jpg', 'https://pbs.twimg.com/media/EZcF04RUMAA_KWH.jpg']",2,7,23,"['#mango', '#recipe', '#recipeoftheday', '#hindi', '#mondayvibes', '#summerrecipes', '#unlock1', '#stayhomestaysafe']",[],https://twitter.com/SKGoldRecipes/status/1267488237498634241,False,,0,,,,,,,"[{'user_id': '1156172073531629568', 'username': 'SKGoldRecipes'}]",,,,
1267488012822368258,1267488012822368258,1591027665000,2020-06-01,21:37:45,IST,104521047,divya_bhaskar,Divya Bhaskar,,"રાજકોટ : રોયલ ફ્રૂટસવાળાને ત્યાં આરોગ્ય વિભાગના દરોડા, અઢી કિલો કારબાઇડ અને 1600 કિલો કારબાઇડથી પકવેલી કેરીનો નાશ
 https://www.divyabhaskar.co.in/local/gujarat/rajkot/news/destroyed-of-1600-kg-mangoes-cooked-with-carbide-in-rajkot-127362823.html?ref=fbo …
#RajkotFightsCorona #Unlock1 #Mangoes",[],['https://www.divyabhaskar.co.in/local/gujarat/rajkot/news/destroyed-of-1600-kg-mangoes-cooked-with-carbide-in-rajkot-127362823.html?ref=fbo'],[],0,1,18,"['#rajkotfightscorona', '#unlock1', '#mangoes']",[],https://twitter.com/Divya_Bhaskar/status/1267488012822368258,False,,0,,,,,,,"[{'user_id': '104521047', 'username': 'Divya_Bhaskar'}]",,,,
