id,conversation_id,created_at,date,time,timezone,user_id,username,name,place,tweet,mentions,urls,photos,replies_count,retweets_count,likes_count,hashtags,cashtags,link,retweet,quote_url,video,near,geo,source,user_rt_id,user_rt,retweet_id,reply_to,retweet_date,translate,trans_src,trans_dest
1277850855081795584,1277850855081795584,1593498359000,2020-06-30,11:55:59,IST,1205415914163732480,fobdhanbad,"FOB Dhanbad, Ministry I&B, Govt of India",,"#IndiaFightsCorona

It's okay to feel a little anxious or worried right now. It's okay to ask for help. Call us - We're here for you. 

#TogetherAgainstCovid19 #BadalkarApnaVyavaharKareinCoronaParVaar #HealthForAll #SwasthaBharat #CoronaOutbreak #Unlock1  pic.twitter.com/VsXs0RTbeB",[],[],['https://pbs.twimg.com/media/EbvWkxOUcAAOGs0.jpg'],0,2,3,"['#indiafightscorona', '#togetheragainstcovid19', '#badalkarapnavyavaharkareincoronaparvaar', '#healthforall', '#swasthabharat', '#coronaoutbreak', '#unlock1']",[],https://twitter.com/FOBDhanbad/status/1277850855081795584,False,,0,,,,,,,"[{'user_id': '1205415914163732480', 'username': 'FOBDhanbad'}]",,,,
1277507115876143105,1277507115876143105,1593416406000,2020-06-29,13:10:06,IST,1205415914163732480,fobdhanbad,"FOB Dhanbad, Ministry I&B, Govt of India",,"#IndiaFightsCorona
✅ Stay united and show solidarity and support to our real heroes👏🏼
#TogetherAgainstCovid19 #HealthForAll #SwasthaBharat #CoronaOutbreak #Unlock1

Via @MoHFW_INDIA
@COVIDNewsByMIB
@DDNewsHindi l @AkashvaniAIR
@RanchiPIB l @RobRanchi pic.twitter.com/N6eXZw1D9p","['mohfw_india', 'covidnewsbymib', 'ddnewshindi', 'akashvaniair', 'ranchipib', 'robranchi']",[],['https://pbs.twimg.com/media/Ebqd8QCUYAItAhx.jpg'],1,0,1,"['#indiafightscorona', '#togetheragainstcovid19', '#healthforall', '#swasthabharat', '#coronaoutbreak', '#unlock1']",[],https://twitter.com/FOBDhanbad/status/1277507115876143105,False,,0,,,,,,,"[{'user_id': '1205415914163732480', 'username': 'FOBDhanbad'}, {'user_id': '2596143056', 'username': 'MoHFW_INDIA'}, {'user_id': '1244892413262311425', 'username': 'COVIDNewsByMIB'}, {'user_id': '1966507722', 'username': 'DDNewsHindi'}, {'user_id': '575702002', 'username': 'AkashvaniAIR'}, {'user_id': '864077417987530752', 'username': 'RanchiPIB'}, {'user_id': '1100990788031430656', 'username': 'RobRanchi'}]",,,,
1276478081876627458,1276478081876627458,1593171065000,2020-06-26,17:01:05,IST,1205415914163732480,fobdhanbad,"FOB Dhanbad, Ministry I&B, Govt of India",,"#IndiaFightsCorona
#COVID19 के संक्रमण से सुरक्षित रहने के लिए हाथ मिलाने, गले मिलने या हाई-फाइव्स को कहें ना। बदलकर अपना व्यवहार, करें कोरोना पर वार।

 #TogetherAgainstCovid19 #HealthForAll #SwasthaBharat #CoronaOutbreak #Unlock1  pic.twitter.com/nkJm8UpWz2",[],[],['https://pbs.twimg.com/media/Ebb2CoMU4AAmqrk.jpg'],0,3,5,"['#indiafightscorona', '#covid19', '#togetheragainstcovid19', '#healthforall', '#swasthabharat', '#coronaoutbreak', '#unlock1']",[],https://twitter.com/FOBDhanbad/status/1276478081876627458,False,,0,,,,,,,"[{'user_id': '1205415914163732480', 'username': 'FOBDhanbad'}]",,,,
1269944416510320640,1269944416510320640,1591613317000,2020-06-08,16:18:37,IST,1249276787525214208,justlearners,Just Learners,,"Alert 😱:- A major Earthquake of a magnitude of 8.5 may hit Delhi and part of U.P. and Haryana - Scientists of IIT Dhanbad and JNCAS.
#Earthquakedelhi #earthquakedelhincr #earthquakeindelhi
#delhiearthquake #delhiearthquake2020 #earthquake #delhincr #justlearners #Unlock1  pic.twitter.com/yzparbCgvT",[],[],['https://pbs.twimg.com/media/EZ-_tFPX0AIkelE.jpg'],0,2,3,"['#earthquakedelhi', '#earthquakedelhincr', '#earthquakeindelhi', '#delhiearthquake', '#delhiearthquake2020', '#earthquake', '#delhincr', '#justlearners', '#unlock1']",[],https://twitter.com/JustLearners/status/1269944416510320640,False,,0,,,,,,,"[{'user_id': '1249276787525214208', 'username': 'JustLearners'}]",,,,
1269869154133139456,1269869154133139456,1591595374000,2020-06-08,11:19:34,IST,860156580536262657,panchayattimes,Panchayat Times,,"धनबाद: पांडरकनाली पंचायत सचिवालय स्थित क्‍वारंटाइन सेंटर के प्रवासी श्रमिकों ने लगाया अनदेखी का आरोप
#Jharkhand #Dhanbad #COVIDー19 #unlock1 #coronavirus #corona #MigrantWorkers #MondayMorning #COVID19 #COVID #Quarantine #QuarantineLife https://www.panchayattimes.com/migrants-alleged-lack-of-basic-facility-in-dhanbads-pandarkali-panchayat-quarantine-centre/ …",[],['https://www.panchayattimes.com/migrants-alleged-lack-of-basic-facility-in-dhanbads-pandarkali-panchayat-quarantine-centre/'],[],0,0,0,"['#jharkhand', '#dhanbad', '#covidー19', '#unlock1', '#coronavirus', '#corona', '#migrantworkers', '#mondaymorning', '#covid19', '#covid', '#quarantine', '#quarantinelife']",[],https://twitter.com/PanchayatTimes/status/1269869154133139456,False,,0,,,,,,,"[{'user_id': '860156580536262657', 'username': 'PanchayatTimes'}]",,,,
1268951013190443010,1268951013190443010,1591376472000,2020-06-05,22:31:12,IST,1052849389511823361,utkarsh39297974,BekaarAadmi,,"#dhanbad #घनबाद  मे ६0 अक्टिव केस हे! 
हमे डटकर कोरोना का सामना करना हे! 
#dhanbadagaintcorona
#JharkhandfightsCOrona #indiaagainstcorona
#IndiaFightsCOVID19
#Unlock1 #unlockeddhanbad 
०५-०६-२०२० https://twitter.com/Dhanbadlive/status/1268942447700258818 …",[],['https://twitter.com/Dhanbadlive/status/1268942447700258818'],[],0,0,3,"['#dhanbad', '#घनबाद', '#dhanbadagaintcorona', '#jharkhandfightscorona', '#indiaagainstcorona', '#indiafightscovid19', '#unlock1', '#unlockeddhanbad']",[],https://twitter.com/Utkarsh39297974/status/1268951013190443010,False,https://twitter.com/Dhanbadlive/status/1268942447700258818,0,,,,,,,"[{'user_id': '1052849389511823361', 'username': 'Utkarsh39297974'}]",,,,
1268853760501170179,1268853760501170179,1591353285000,2020-06-05,16:04:45,IST,1029000112629067776,bihartakchannel,Bihar Tak,,"#Unlock1 @IITISM_DHANBAD में बना ये स्प्रे आपको Corona Virus से बचाएगा !
 https://youtu.be/elrfRb9vV8o  pic.twitter.com/Q4fiXfEY8U",['iitism_dhanbad'],['https://youtu.be/elrfRb9vV8o'],['https://pbs.twimg.com/media/EZvfugyVAAEmjPm.jpg'],0,0,3,['#unlock1'],[],https://twitter.com/BiharTakChannel/status/1268853760501170179,False,,0,,,,,,,"[{'user_id': '1029000112629067776', 'username': 'BiharTakChannel'}, {'user_id': '981794343269883904', 'username': 'IITISM_DHANBAD'}]",,,,
1268486429421813762,1268486429421813762,1591265706000,2020-06-04,15:45:06,IST,1205415914163732480,fobdhanbad,"FOB Dhanbad, Ministry I&B, Govt of India",,"सूचना प्रसारण मंत्रालय @MIB_India द्वारा अधीनस्थ क्षेत्रीय प्रचार कार्यालय, धनबाद @FOBDhanbad द्वारा जिले के धांगी बस्ती, नया डीह के ग्रामीणों को #सोशल_डिस्टेंसिंग का महत्व समझाया। साथ ही मास्क लगाने के लिए लोगों को बताया गया।

#Unlock1
#MaskIndia
#StayAlert
@dc_dhanbad  https://twitter.com/RanchiPIB/status/1268483781511352320 …","['mib_india', 'fobdhanbad', 'dc_dhanbad']",['https://twitter.com/RanchiPIB/status/1268483781511352320'],[],0,1,0,"['#सोशल_डिस्टेंसिंग', '#unlock1', '#maskindia', '#stayalert']",[],https://twitter.com/FOBDhanbad/status/1268486429421813762,False,https://twitter.com/RanchiPIB/status/1268483781511352320,0,,,,,,,"[{'user_id': '1205415914163732480', 'username': 'FOBDhanbad'}, {'user_id': '920488039', 'username': 'MIB_India'}, {'user_id': '828888885472043008', 'username': 'dc_dhanbad'}]",,,,
1268191270356254721,1268191270356254721,1591195335000,2020-06-03,20:12:15,IST,4178674998,gouravsoni000,Gourav Soni,,"@dc_dhanbad @HemantSorenJMM @narendramodi धनबाद के पुराना बाज़ार में कोई दो गज़ की नहीं रखते हुए लोग । प्रशासन भी सुस्थ ।कोई पुलिस नहीं भीड़ भाड़ इलाकों में ।
#wednesdaymorning #CycloneNisarga #Unlock1 #lockdownextension #StayHomeStaySafe #KuchBhiHoSaktaHai pic.twitter.com/XPOGMJCIZU","['dc_dhanbad', 'hemantsorenjmm', 'narendramodi']",[],['https://pbs.twimg.com/media/EZmFGR5XQAALxgM.jpg'],0,0,0,"['#wednesdaymorning', '#cyclonenisarga', '#unlock1', '#lockdownextension', '#stayhomestaysafe', '#kuchbhihosaktahai']",[],https://twitter.com/gouravsoni000/status/1268191270356254721,False,,0,,,,,,,"[{'user_id': '4178674998', 'username': 'gouravsoni000'}, {'user_id': '828888885472043008', 'username': 'dc_dhanbad'}, {'user_id': '951457762835337217', 'username': 'HemantSorenJMM'}, {'user_id': '18839785', 'username': 'narendramodi'}]",,,,
1267658037281595392,1267658037281595392,1591068202000,2020-06-02,08:53:22,IST,784147508,dhanbadlive,Dhanbad - The Coal Capital of India,,"बड़ी खबर : अनलॉक में जारी की गयी ढील को लेकर सीएम हेमंत सोरेन ने अपनाया सख्त रुख, बोले - अगर अनलॉक में नियमो का पालन नहीं किया तो वापस ले ली जायेगी ढील : #dhanbad #Unlock1  pic.twitter.com/3KmJAmDHqf",[],[],['https://pbs.twimg.com/media/EZegOAPUcAAq84R.jpg'],0,2,9,"['#dhanbad', '#unlock1']",[],https://twitter.com/Dhanbadlive/status/1267658037281595392,False,,0,,,,,,,"[{'user_id': '784147508', 'username': 'Dhanbadlive'}]",,,,
1267104337760849930,1267104337760849930,1590936190000,2020-05-31,20:13:10,IST,1091168642,pnmahato01,Parmanand Mahato,,"सर, @dc_dhanbad 
1 जून 2020 से #Unlock1 का शुरुआत हो रहा है, बोकारो और धनबाद के लगभग सभी बोर्डरों को खोल दिया गया है। दामोदर नदी पर बने बिनोद पूल (डूंगरी घाट) अभी तक जिला प्रशासन द्वारा बन्द किया हुआ है। जिससे ग्रामीण वासियो को काफी दिक्कतें हो रही हैं। 
@ZeeBiharNews pic.twitter.com/ZQgMJ3O6PL","['dc_dhanbad', 'zeebiharnews']",[],['https://pbs.twimg.com/media/EZWoq9zWAAcW93c.jpg'],0,0,1,['#unlock1'],[],https://twitter.com/pnmahato01/status/1267104337760849930,False,,0,,,,,,,"[{'user_id': '1091168642', 'username': 'pnmahato01'}, {'user_id': '828888885472043008', 'username': 'dc_dhanbad'}, {'user_id': '2207369551', 'username': 'ZeeBiharNews'}]",,,,
1266746862842679297,1266746862842679297,1590850961000,2020-05-30,20:32:41,IST,221686362,newswingnews,NewsWing,,"झरिया में ऑटोचालकों ने किया प्रदर्शन 
 https://zcu.io/CrkA 
@dc_dhanbad @rmray
#Lockdown5
#Unlock1","['dc_dhanbad', 'rmray']",['https://zcu.io/CrkA'],[],0,0,5,"['#lockdown5', '#unlock1']",[],https://twitter.com/NewsWingNews/status/1266746862842679297,False,,0,,,,,,,"[{'user_id': '221686362', 'username': 'NewsWingNews'}, {'user_id': '828888885472043008', 'username': 'dc_dhanbad'}, {'user_id': '27583188', 'username': 'rmray'}]",,,,
