id,conversation_id,created_at,date,time,timezone,user_id,username,name,place,tweet,mentions,urls,photos,replies_count,retweets_count,likes_count,hashtags,cashtags,link,retweet,quote_url,video,near,geo,source,user_rt_id,user_rt,retweet_id,reply_to,retweet_date,translate,trans_src,trans_dest
1277915092395323392,1277913938093469701,1593513675000,2020-06-30,16:11:15,IST,14405191,bangaloremirror,Bangalore Mirror,,"Ever since #Unlock1 started in the country, negligence in personal and social behaviour has been increasing. Earlier, we were more cautious about the use of masks, 'do gaj doori' and washing hands several times a day for 20 seconds: PM Modi #COVID19",[],[],[],1,1,4,"['#unlock1', '#covid19']",[],https://twitter.com/BangaloreMirror/status/1277915092395323392,False,,0,,,,,,,"[{'user_id': '14405191', 'username': 'BangaloreMirror'}]",,,,
1277277033572085761,1277277033572085761,1593361550000,2020-06-28,21:55:50,IST,52356995,rupamsarkar,Rupam Sarkar,,"The HM period is over and REAL numbers are coming out now. #Bangalore which had 150+ active cases in just a week back is now showing HUGE spike. It's getting SCARY. God knows what is going to come at us in next couple of weeks.
#Bangalorelockdown
#Unlock1
 https://www.thenewsminute.com/article/covid-19-cases-continue-rise-bengaluru-783-people-test-positive-127540 …",[],['https://www.thenewsminute.com/article/covid-19-cases-continue-rise-bengaluru-783-people-test-positive-127540'],[],0,1,2,"['#bangalore', '#bangalorelockdown', '#unlock1']",[],https://twitter.com/rupamsarkar/status/1277277033572085761,False,,0,,,,,,,"[{'user_id': '52356995', 'username': 'rupamsarkar'}]",,,,
1277161092779700230,1277161092779700230,1593333907000,2020-06-28,14:15:07,IST,104723435,sharonthambala,Sharon Thambala,,"Karnataka waives institutional quarantine for Delhi, TN returnees

 https://www.mangalorean.com/karnataka-waives-institutional-quarantine-for-delhi-tn-returnees/ …
#Covid_19 #Bangalore #Karnataka #SouthIndia #India #QuarantineTimes #Quarantine #Unlock1 #Delhi #TamilNadu #publichealth #safety #Contagion #Hotspots #Returnees #Domesticreturnees #Waiver",[],['https://www.mangalorean.com/karnataka-waives-institutional-quarantine-for-delhi-tn-returnees/'],[],0,0,0,"['#covid_19', '#bangalore', '#karnataka', '#southindia', '#india', '#quarantinetimes', '#quarantine', '#unlock1', '#delhi', '#tamilnadu', '#publichealth', '#safety', '#contagion', '#hotspots', '#returnees', '#domesticreturnees', '#waiver']",[],https://twitter.com/SharonThambala/status/1277161092779700230,False,,0,,,,,,,"[{'user_id': '104723435', 'username': 'SharonThambala'}]",,,,
1276945253434454016,1276945253434454016,1593282447000,2020-06-27,23:57:27,IST,52356995,rupamsarkar,Rupam Sarkar,,"958 in 24 Hours and 594 in Bangalore alone. Sir, WHY waiting till 5'th July? People crowing roadside stalls, Tea shops and what not. Govt failed us and looks like only devine intervention can help. God help. 🙏 🙏
#Unlock1
@PMOIndia
@narendramodi
@BSYBJP https://www.livemint.com/news/india/karnataka-complete-lockdown-on-sundays-from-5-july-govt-offices-to-function-5-days-a-week-11593269463118.html …","['pmoindia', 'narendramodi', 'bsybjp']",['https://www.livemint.com/news/india/karnataka-complete-lockdown-on-sundays-from-5-july-govt-offices-to-function-5-days-a-week-11593269463118.html'],[],0,0,0,['#unlock1'],[],https://twitter.com/rupamsarkar/status/1276945253434454016,False,,0,,,,,,,"[{'user_id': '52356995', 'username': 'rupamsarkar'}, {'user_id': '471741741', 'username': 'PMOIndia'}, {'user_id': '18839785', 'username': 'narendramodi'}, {'user_id': '54936590', 'username': 'BSYBJP'}]",,,,
1276943622412238848,1276943622412238848,1593282058000,2020-06-27,23:50:58,IST,104723435,sharonthambala,Sharon Thambala,,"K'taka records biggest spike with 918 new COVID cases

 https://newsd.in/k-taka-records-biggest-spike-with-918-new-covid-cases/ …
#COVID19 #Bangalore #Karnataka #SouthIndia #India #Pandemic #CovidDeaths #Highest #Infections #positive #CommunityTransmission #Spike #Unlock1 #Quarantine #publichealth #safety #virus #healthcare",[],['https://newsd.in/k-taka-records-biggest-spike-with-918-new-covid-cases/'],[],0,0,1,"['#covid19', '#bangalore', '#karnataka', '#southindia', '#india', '#pandemic', '#coviddeaths', '#highest', '#infections', '#positive', '#communitytransmission', '#spike', '#unlock1', '#quarantine', '#publichealth', '#safety', '#virus', '#healthcare']",[],https://twitter.com/SharonThambala/status/1276943622412238848,False,,0,,,,,,,"[{'user_id': '104723435', 'username': 'SharonThambala'}]",,,,
1276693350867800064,1276693350867800064,1593222389000,2020-06-27,07:16:29,IST,918717695893299201,mithascreen,Mitha Screen,,"இங்கேயும் இதேதான் சொன்னாங்க 
#ChennaiLockDown #Chennai #IndiaFightsCorona #chennai #Chennailockdown #StayHome #SafeHands #FaceMask
#IndiaFightsCorona #CoronaOutbreak #Unlock1 #COVID19 #SocialDistancing #SocialDistancing2020 #Bangalore  pic.twitter.com/hVjnnLlZXt",[],[],['https://pbs.twimg.com/media/Ebe5xeuVcAAsM1h.jpg'],0,0,1,"['#chennailockdown', '#chennai', '#indiafightscorona', '#chennai', '#chennailockdown', '#stayhome', '#safehands', '#facemask', '#indiafightscorona', '#coronaoutbreak', '#unlock1', '#covid19', '#socialdistancing', '#socialdistancing2020', '#bangalore']",[],https://twitter.com/MithaScreen/status/1276693350867800064,False,,0,,,,,,,"[{'user_id': '918717695893299201', 'username': 'MithaScreen'}]",,,,
1276125173821788165,1276125173821788165,1593086925000,2020-06-25,17:38:45,IST,1052141540066377728,alysha_lobo,AML,,"I adopted my 6 years old dog last year. So I don't know much about him. He isn't very expressive & can be aloof. But today I learned that he likes @BritanniaIndLtd Marie biscuits and to watch the rain with me.

#dogsoftwitter #Unlock1 #Bangalore  pic.twitter.com/UIfscj9ol0",['britanniaindltd'],[],['https://pbs.twimg.com/media/EbW1E2TVAAAlwuH.jpg'],4,0,16,"['#dogsoftwitter', '#unlock1', '#bangalore']",[],https://twitter.com/alysha_lobo/status/1276125173821788165,False,,0,,,,,,,"[{'user_id': '1052141540066377728', 'username': 'alysha_lobo'}, {'user_id': '3281245460', 'username': 'BritanniaIndLtd'}]",,,,
1276045938528620544,1276045938528620544,1593068034000,2020-06-25,12:23:54,IST,2647642885,abrol_abhishek,Abhishek Abrol,,"Poll of the Day: Decision on Re-Imposing Bengaluru Lockdown 
#Bangalore #Bengaluru #Lockdown #COVID19India #COVID19Pandemic #COVID__19 #Covid_19 #polloftheday #karnatakalockdown #Unlock1 #CoronavirusIndia",[],[],[],0,1,1,"['#bangalore', '#bengaluru', '#lockdown', '#covid19india', '#covid19pandemic', '#covid__19', '#covid_19', '#polloftheday', '#karnatakalockdown', '#unlock1', '#coronavirusindia']",[],https://twitter.com/abrol_abhishek/status/1276045938528620544,False,,0,,,,,,,"[{'user_id': '2647642885', 'username': 'abrol_abhishek'}]",,,,
1276011471034433537,1275032009736286209,1593059816000,2020-06-25,10:06:56,IST,231285803,ravimuz,ravi singh,,Related to Offer Letter the offer which Uou release in March and they got joining in April for Off campus drive in Bangalore  but due to covid the joining got canceled so please let me know when they will join as All the things are going good in unlock1,['mindtree_ltd'],[],[],0,0,0,[],[],https://twitter.com/ravimuz/status/1276011471034433537,False,,0,,,,,,,"[{'user_id': '231285803', 'username': 'ravimuz'}, {'user_id': '54458572', 'username': 'Mindtree_Ltd'}]",,,,
1275021216416325632,1275021216416325632,1592823721000,2020-06-22,16:32:01,IST,83063809,shravangr,Shravan G Ram,,"After Lockdown versions 1,2, 3.0 & unlock 3.0,
given the spike in the no.of cases in #Bangalore every single day, looks like we'll soon be going into #ReLock Phase 1.0.

#lockdownextension #Unlock1",[],[],[],0,0,0,"['#bangalore', '#relock', '#lockdownextension', '#unlock1']",[],https://twitter.com/ShravanGR/status/1275021216416325632,False,,0,,,,,,,"[{'user_id': '83063809', 'username': 'ShravanGR'}]",,,,
1275020932482912256,1275020932482912256,1592823653000,2020-06-22,16:30:53,IST,1260862039989288960,directormms,MakeMyStyles (MMS) Director,,"Make My Styles - Redefining Beauty with Style and comfort.

DOWNLOAD APP FOR FREE.

 https://lnkd.in/fkMATQG 
#kota
#jaipur
#Bangalore
#makemystyles
#mms
#Corona
#innovation
#COVID19
#Unlock1
#digitalmarketing
#socialmedia pic.twitter.com/Z9bisZe60H",[],['https://lnkd.in/fkMATQG'],['https://pbs.twimg.com/media/EbHGSfnUMAI9VtP.jpg'],0,0,0,"['#kota', '#jaipur', '#bangalore', '#makemystyles', '#mms', '#corona', '#innovation', '#covid19', '#unlock1', '#digitalmarketing', '#socialmedia']",[],https://twitter.com/DirectorMms/status/1275020932482912256,False,,0,,,,,,,"[{'user_id': '1260862039989288960', 'username': 'DirectorMms'}]",,,,
1274646627169366017,1274646627169366017,1592734412000,2020-06-21,15:43:32,IST,1052141540066377728,alysha_lobo,AML,,"Went for a drive in my PJs and flipflops, walked around Lavelle Road and gave 2 hoots to whoever judged my hobo look!

#Bangalore #Unlock1",[],[],[],1,0,8,"['#bangalore', '#unlock1']",[],https://twitter.com/alysha_lobo/status/1274646627169366017,False,,0,,,,,,,"[{'user_id': '1052141540066377728', 'username': 'alysha_lobo'}]",,,,
1274618010565636097,1274618010565636097,1592727589000,2020-06-21,13:49:49,IST,1052141540066377728,alysha_lobo,AML,,"Made it out for some Hazelnut latte and Sunshine

#Bangalore #Unlock1  pic.twitter.com/9f0ljPAWzH",[],[],['https://pbs.twimg.com/media/EbBaUAEVAAAlZYX.jpg'],0,0,7,"['#bangalore', '#unlock1']",[],https://twitter.com/alysha_lobo/status/1274618010565636097,False,,0,,,,,,,"[{'user_id': '1052141540066377728', 'username': 'alysha_lobo'}]",,,,
1274590121019334656,1274590121019334656,1592720940000,2020-06-21,11:59:00,IST,1087951369372356609,cookieman_india,Cookieman India,,"For the convenience of our customers, we have started doing accepting online orders and deliveries to anywhere in #Bangalore. Talk to us on 7040080573 to place your order
 
👉 Click here to Whatsapp us:  https://bit.ly/3epigOw 
#SaturdayMorning #Unlock1 #CookieMan pic.twitter.com/l04jnErKJ5",[],['https://bit.ly/3epigOw'],['https://pbs.twimg.com/media/Ea7ywiEUEAAN_dw.jpg'],0,0,0,"['#bangalore', '#saturdaymorning', '#unlock1', '#cookieman']",[],https://twitter.com/cookieman_india/status/1274590121019334656,False,,0,,,,,,,"[{'user_id': '1087951369372356609', 'username': 'cookieman_india'}]",,,,
1274559670217293824,1274559670217293824,1592713680000,2020-06-21,09:58:00,IST,1087951369372356609,cookieman_india,Cookieman India,,"For the convenience of our customers, we have started doing accepting online orders and deliveries to anywhere in #Bangalore. Talk to us on 7040080573 to place your order
 
👉 Click here to Whatsapp us:  https://bit.ly/3epigOw 
#SaturdayMorning #Unlock1 #CookieMan pic.twitter.com/2DWKqCDAjY",[],['https://bit.ly/3epigOw'],['https://pbs.twimg.com/media/Ea7yrg1U8AAe1iH.jpg'],0,0,0,"['#bangalore', '#saturdaymorning', '#unlock1', '#cookieman']",[],https://twitter.com/cookieman_india/status/1274559670217293824,False,,0,,,,,,,"[{'user_id': '1087951369372356609', 'username': 'cookieman_india'}]",,,,
1274421408903213056,1274421408903213056,1592680716000,2020-06-21,00:48:36,IST,104723435,sharonthambala,Sharon Thambala,,"416 Covid cases in Karnataka 

 https://www.mangalorean.com/ktaka-reports-highest-single-day-spike-of-416-covid-cases/ …
#COVID19India #Bangalore #Karnataka #SouthIndia #India #Coviddeaths #saudia #Kuwait #Maharashtra #Contacts #Pandemic #publichealth #Unlock1 #QuarantineLife #SAFETYFIRST #virus #Contagion #spike #positive #Returnees #health",[],['https://www.mangalorean.com/ktaka-reports-highest-single-day-spike-of-416-covid-cases/'],[],0,0,1,"['#covid19india', '#bangalore', '#karnataka', '#southindia', '#india', '#coviddeaths', '#saudia', '#kuwait', '#maharashtra', '#contacts', '#pandemic', '#publichealth', '#unlock1', '#quarantinelife', '#safetyfirst', '#virus', '#contagion', '#spike', '#positive', '#returnees', '#health']",[],https://twitter.com/SharonThambala/status/1274421408903213056,False,,0,,,,,,,"[{'user_id': '104723435', 'username': 'SharonThambala'}]",,,,
1274414414322491392,1274414414322491392,1592679048000,2020-06-21,00:20:48,IST,104723435,sharonthambala,Sharon Thambala,,"Bengaluru police station sealed, constable COVID-19 positive

 https://www.newindianexpress.com/nation/2020/jun/20/bengaluru-police-station-sealed-constable-covid-19-positive-2159117.html …
#COVID19India #Bangalore #Karnataka #SouthIndia #India #CubbonPark #Police #IPS #Constable #positive #QuarantineLife #Unlock1 #Station #employees #pandemic #publichealth #Sealed #Offlimits",[],['https://www.newindianexpress.com/nation/2020/jun/20/bengaluru-police-station-sealed-constable-covid-19-positive-2159117.html'],[],0,0,1,"['#covid19india', '#bangalore', '#karnataka', '#southindia', '#india', '#cubbonpark', '#police', '#ips', '#constable', '#positive', '#quarantinelife', '#unlock1', '#station', '#employees', '#pandemic', '#publichealth', '#sealed', '#offlimits']",[],https://twitter.com/SharonThambala/status/1274414414322491392,False,,0,,,,,,,"[{'user_id': '104723435', 'username': 'SharonThambala'}]",,,,
1274325143028822018,1274325143028822018,1592657764000,2020-06-20,18:26:04,IST,1260862039989288960,directormms,MakeMyStyles (MMS) Director,,"A good look is not always about the attire you carry, it's rather about the skin that glows and the beauty that flows

DOWNLOAD APP FOR FREE.
 https://lnkd.in/fkMATQG 
#kota
#jaipur
#Bangalore
#makemystyles
#mms
#Corona
#AatmaNirbharBharatAbhiyan
#COVID19
#Unlock1  pic.twitter.com/421UEX0UIX",[],['https://lnkd.in/fkMATQG'],['https://pbs.twimg.com/media/Ea9Nr5rVcAE_Qhh.jpg'],0,0,0,"['#kota', '#jaipur', '#bangalore', '#makemystyles', '#mms', '#corona', '#aatmanirbharbharatabhiyan', '#covid19', '#unlock1']",[],https://twitter.com/DirectorMms/status/1274325143028822018,False,,0,,,,,,,"[{'user_id': '1260862039989288960', 'username': 'DirectorMms'}]",,,,
1274302727250677760,1274302727250677760,1592652420000,2020-06-20,16:57:00,IST,1087951369372356609,cookieman_india,Cookieman India,,"For the convenience of our customers, we have started doing accepting online orders and deliveries to anywhere in #Bangalore. Talk to us on 7040080573 to place your order
 
👉 Click here to Whatsapp us:  https://bit.ly/3epigOw 
#SaturdayMorning #Unlock1 #CookieMan pic.twitter.com/licYPlcD1K",[],['https://bit.ly/3epigOw'],['https://pbs.twimg.com/media/Ea7yeWiVcAUoHt1.jpg'],0,0,0,"['#bangalore', '#saturdaymorning', '#unlock1', '#cookieman']",[],https://twitter.com/cookieman_india/status/1274302727250677760,False,,0,,,,,,,"[{'user_id': '1087951369372356609', 'username': 'cookieman_india'}]",,,,
1274272528291311617,1274272528291311617,1592645220000,2020-06-20,14:57:00,IST,1087951369372356609,cookieman_india,Cookieman India,,"For the convenience of our customers, we have started doing accepting online orders and deliveries to anywhere in #Bangalore. Talk to us on 7040080573 to place your order
 
👉 Click here to Whatsapp us:  https://bit.ly/3epigOw 
#SaturdayMorning #Unlock1 #CookieMan pic.twitter.com/YZaYcZmSGg",[],['https://bit.ly/3epigOw'],['https://pbs.twimg.com/media/Ea7yTkZU4AEKuTi.jpg'],0,0,0,"['#bangalore', '#saturdaymorning', '#unlock1', '#cookieman']",[],https://twitter.com/cookieman_india/status/1274272528291311617,False,,0,,,,,,,"[{'user_id': '1087951369372356609', 'username': 'cookieman_india'}]",,,,
1274221980577755138,1274221980577755138,1592633168000,2020-06-20,11:36:08,IST,1087951369372356609,cookieman_india,Cookieman India,,"For the convenience of our customers, we have started doing accepting online orders and deliveries to anywhere in #Bangalore. Talk to us on 7040080573 to place your order
 
👉 Click here to Whatsapp us:  https://bit.ly/3epigOw 
#SaturdayMorning #Unlock1 #CookieMan pic.twitter.com/Qnj5GMxBES",[],['https://bit.ly/3epigOw'],['https://pbs.twimg.com/media/Ea7yEqNVcAAiOFW.jpg'],0,0,0,"['#bangalore', '#saturdaymorning', '#unlock1', '#cookieman']",[],https://twitter.com/cookieman_india/status/1274221980577755138,False,,0,,,,,,,"[{'user_id': '1087951369372356609', 'username': 'cookieman_india'}]",,,,
1274217401928704001,1274217401928704001,1592632077000,2020-06-20,11:17:57,IST,33111520,sheshagiri_pk,Shesh Rao Paplikar,HSR Layout,"Glad to see #restaurants coming back to life in #Bangalore! Life seems a bit more normal now 🙂
#Unlock1 #Lockdown #COVID19India #Bengaluru #Karnataka #India #covid19 pic.twitter.com/1UazOv20V7 – at HSR Layout",[],[],['https://pbs.twimg.com/media/Ea7t48kUcAA4uJV.jpg'],0,1,3,"['#restaurants', '#bangalore', '#unlock1', '#lockdown', '#covid19india', '#bengaluru', '#karnataka', '#india', '#covid19']",[],https://twitter.com/sheshagiri_pk/status/1274217401928704001,False,,0,,,,,,,"[{'user_id': '33111520', 'username': 'sheshagiri_pk'}]",,,,
1274008821502029830,1274008821502029830,1592582347000,2020-06-19,21:29:07,IST,1259548280255418369,marwaditales,marwadi.tales,,"Unlock Marwadis, unlock business 
#Unlock1 #MarwadiTales #marwad #Rajasthan #rajasthani #marwar #mewar #Jodhpur #Pali #Barmer #Jalore #Sirohi #Jaipur #udaipur #bikaner #Jaisalmer #Kota #Mumbai #Bombay #Delhi #Pune #Bangalore #Chennai #rajasthandiaries @MarwadiTales pic.twitter.com/H1P9FCrU3z",['marwaditales'],[],['https://pbs.twimg.com/media/Ea4wROIXsAAF71V.jpg'],0,2,3,"['#unlock1', '#marwaditales', '#marwad', '#rajasthan', '#rajasthani', '#marwar', '#mewar', '#jodhpur', '#pali', '#barmer', '#jalore', '#sirohi', '#jaipur', '#udaipur', '#bikaner', '#jaisalmer', '#kota', '#mumbai', '#bombay', '#delhi', '#pune', '#bangalore', '#chennai', '#rajasthandiaries']",[],https://twitter.com/MarwadiTales/status/1274008821502029830,False,,0,,,,,,,"[{'user_id': '1259548280255418369', 'username': 'MarwadiTales'}]",,,,
1273666045572677635,1273666045572677635,1592500623000,2020-06-18,22:47:03,IST,86223619,rajhegde,Nagaraja Hegde,,"Unlock1.0 @ Bangalore, India  https://www.instagram.com/p/CBlaH0Il2eR/?igshid=5cbhb4r1zod4 …",[],['https://www.instagram.com/p/CBlaH0Il2eR/?igshid=5cbhb4r1zod4'],[],0,0,0,[],[],https://twitter.com/RajHegde/status/1273666045572677635,False,,0,,,,,,,"[{'user_id': '86223619', 'username': 'RajHegde'}]",,,,
1273420269152067584,1273420269152067584,1592442025000,2020-06-18,06:30:25,IST,66316044,marketing_monk_,Divyendu Mishra,,"Stepping out of the apartment for the first time since 27th March and I see so many changes in Bangalore already, woah. But the traffic is still the same here 😅
#Covid_19 #COVID19 #lockdown #Unlock1 #India #travelling #Bangalore #nammabengaluru",[],[],[],1,0,2,"['#covid_19', '#covid19', '#lockdown', '#unlock1', '#india', '#travelling', '#bangalore', '#nammabengaluru']",[],https://twitter.com/marketing_monk_/status/1273420269152067584,False,,0,,,,,,,"[{'user_id': '66316044', 'username': 'marketing_monk_'}]",,,,
1273325771109486593,1273325771109486593,1592419495000,2020-06-18,00:14:55,IST,1263785069593808896,zafirsyed93,Zafir Syed | Food | Travel | Bangalore,Kapoor's Café,"Here's how dining out post Lockdown looks like

#NewNormal #postlockdown #Unlock1 #COVID19India #COVID19 #bangalore #fbab #foodvlog #igtv pic.twitter.com/ILL1L9lgdc – at Kapoor's Café",[],[],[],0,0,0,"['#newnormal', '#postlockdown', '#unlock1', '#covid19india', '#covid19', '#bangalore', '#fbab', '#foodvlog', '#igtv']",[],https://twitter.com/Zafirsyed93/status/1273325771109486593,False,,1,,,,,,,"[{'user_id': '1263785069593808896', 'username': 'Zafirsyed93'}]",,,,
1273237409421910016,1273237409421910016,1592398428000,2020-06-17,18:23:48,IST,1260862039989288960,directormms,MakeMyStyles (MMS) Director,,"Start your weekend early,  Pamper yourself with all the things you love.

DOWNLOAD APP FOR FREE.
 https://lnkd.in/fkMATQG 
#kota
#jaipur
#Bangalore
#makemystyles
#mms
#Corona
#AatmaNirbharBharatAbhiyan
#COVID19
#Unlock1  pic.twitter.com/byDDhT8E1l",[],['https://lnkd.in/fkMATQG'],['https://pbs.twimg.com/media/EatxT9QUcAEVfyD.jpg'],0,0,0,"['#kota', '#jaipur', '#bangalore', '#makemystyles', '#mms', '#corona', '#aatmanirbharbharatabhiyan', '#covid19', '#unlock1']",[],https://twitter.com/DirectorMms/status/1273237409421910016,False,,0,,,,,,,"[{'user_id': '1260862039989288960', 'username': 'DirectorMms'}]",,,,
1272835705106911232,1272835705106911232,1592302654000,2020-06-16,15:47:34,IST,1260862039989288960,directormms,MakeMyStyles (MMS) Director,,"Save big time when you book a Salon Appointment on our app.

DOWNLOAD APP FOR FREE.
 https://lnkd.in/fkMATQG 
#kota
#jaipur
#Bangalore
#makemystyles
#mms
#Corona
#AatmaNirbharBharatAbhiyan
#COVID19
#Unlock1  pic.twitter.com/CLPuixHnZI",[],['https://lnkd.in/fkMATQG'],['https://pbs.twimg.com/media/EaoD-jOUcAAEm3b.jpg'],0,0,0,"['#kota', '#jaipur', '#bangalore', '#makemystyles', '#mms', '#corona', '#aatmanirbharbharatabhiyan', '#covid19', '#unlock1']",[],https://twitter.com/DirectorMms/status/1272835705106911232,False,,0,,,,,,,"[{'user_id': '1260862039989288960', 'username': 'DirectorMms'}]",,,,
1272472402237124608,1272472402237124608,1592216036000,2020-06-15,15:43:56,IST,1260862039989288960,directormms,MakeMyStyles (MMS) Director,,"A good look is not always about the attire you carry, it's rather about the skin that glows and the beauty that flows

DOWNLOAD APP FOR FREE.
 https://lnkd.in/fkMATQG 
#kota
#jaipur
#Bangalore
#makemystyles
#mms
#Corona
#AatmaNirbharBharatAbhiyan
#COVID19
#Unlock1  pic.twitter.com/yGogrKjTZP",[],['https://lnkd.in/fkMATQG'],['https://pbs.twimg.com/media/Eai4d1BUYAA6G5z.jpg'],0,0,0,"['#kota', '#jaipur', '#bangalore', '#makemystyles', '#mms', '#corona', '#aatmanirbharbharatabhiyan', '#covid19', '#unlock1']",[],https://twitter.com/DirectorMms/status/1272472402237124608,False,,0,,,,,,,"[{'user_id': '1260862039989288960', 'username': 'DirectorMms'}]",,,,
1272026437801795585,1271871145931796480,1592109710000,2020-06-14,10:11:50,IST,578029181,deepesh9189,deepesh@9,,"@DDNewslive #Unlock1.0Challenge 
Name: Mukund
Age: 5 years
School: NHPS bangalore  pic.twitter.com/Uw6iYMWTx1",['ddnewslive'],[],['https://pbs.twimg.com/media/EaclSTsVcAAli27.jpg'],0,1,1,['#unlock1'],[],https://twitter.com/deepesh9189/status/1272026437801795585,False,,0,,,,,,,"[{'user_id': '578029181', 'username': 'deepesh9189'}, {'user_id': '1100927498', 'username': 'DDNewslive'}]",,,,
1272020674769379328,1272020674769379328,1592108336000,2020-06-14,09:48:56,IST,96124223,anil_lulla,anil lulla,,Am @Shell shocked! Normal #petrolPrice has crossed Rs 81 per litre in #Bengaluru. @srinivasiyc any answers? Normally you guys do:) #Bangalore people what says? Is it #NewNornal in #Unlock1 or are u still obsessed with #WFH & #maids? 😂@WeAreBangalore @IOL @PetroleumMin,"['shell', 'srinivasiyc', 'wearebangalore', 'iol', 'petroleummin']",[],[],0,1,5,"['#petrolprice', '#bengaluru', '#bangalore', '#newnornal', '#unlock1', '#wfh', '#maids']",[],https://twitter.com/anil_lulla/status/1272020674769379328,False,,0,,,,,,,"[{'user_id': '96124223', 'username': 'anil_lulla'}, {'user_id': '20663500', 'username': 'Shell'}, {'user_id': '576533046', 'username': 'srinivasiyc'}, {'user_id': '1097115182', 'username': 'WeAreBangalore'}, {'user_id': '654203', 'username': 'IOL'}, {'user_id': '2583583465', 'username': 'PetroleumMin'}]",,,,
1271750408474484736,1271750408474484736,1592043900000,2020-06-13,15:55:00,IST,141286087,prabhukedarshan,Srikanth Prabhu,,"Restaurants trying different ways to reassure costumers of the precautions taken amidst #COVID 
This one's from @ChaiPoint_cares in Bangalore. #Unlock1
After all #IndiaRunsOnChai :-) pic.twitter.com/ETTa1dfRyO",['chaipoint_cares'],[],['https://pbs.twimg.com/media/EaYqPauVcAAp4fz.jpg'],0,0,5,"['#covid', '#unlock1', '#indiarunsonchai']",[],https://twitter.com/PrabhuKeDarshan/status/1271750408474484736,False,,0,,,,,,,"[{'user_id': '141286087', 'username': 'PrabhuKeDarshan'}, {'user_id': '777357622294945792', 'username': 'ChaiPoint_cares'}]",,,,
1271696672654077954,1271696672654077954,1592031088000,2020-06-13,12:21:28,IST,1234262191,bloggerjessie,Jayshree,,"The new normal “Life”
.
.
#aatmanirbhar #lockdown2020 #unlock1 #quarantinelife #bloggerstyle #bloggerlife #lifestyle #staysafe #travel #instadaily #instamood #igers #positivevibes #saturdaymood @ Bangalore, India  https://www.instagram.com/p/CBXajd-hjlg/?igshid=tvmbhp63e3a6 …",[],['https://www.instagram.com/p/CBXajd-hjlg/?igshid=tvmbhp63e3a6'],[],0,0,0,"['#aatmanirbhar', '#lockdown2020', '#unlock1', '#quarantinelife', '#bloggerstyle', '#bloggerlife', '#lifestyle', '#staysafe', '#travel', '#instadaily', '#instamood', '#igers', '#positivevibes', '#saturdaymood']",[],https://twitter.com/bloggerjessie/status/1271696672654077954,False,,0,,,,,,,"[{'user_id': '1234262191', 'username': 'bloggerjessie'}]",,,,
1271681910289424384,1271681910289424384,1592027568000,2020-06-13,11:22:48,IST,561804984,abaradwaj,Anjan,,"News channel talking about unlock in Bengaluru.

#unlock #Unlock1#lockdown #bangalore #bengaluru #karnataka #roads pic.twitter.com/mWG3q8ElLH",[],[],[],0,0,0,"['#unlock', '#bangalore', '#bengaluru', '#karnataka', '#roads']",[],https://twitter.com/ABaradwaj/status/1271681910289424384,False,,1,,,,,,,"[{'user_id': '561804984', 'username': 'ABaradwaj'}]",,,,
1271460176172683266,1271460176172683266,1591974703000,2020-06-12,20:41:43,IST,1018494706299240449,amithpawar13,Amith Pawar,,"Indian Dads are too savage. Don’t mess with them. 
Instagram: @amithpawarr 

#india #bengaluru #bangalore #indiandads #dads #coronavirus #lockdown #Unlock1 #indiansAgainstTikTok #vines pic.twitter.com/PqRCFseuhk",[],[],[],0,1,1,"['#india', '#bengaluru', '#bangalore', '#indiandads', '#dads', '#coronavirus', '#lockdown', '#unlock1', '#indiansagainsttiktok', '#vines']",[],https://twitter.com/AmithPawar13/status/1271460176172683266,False,,1,,,,,,,"[{'user_id': '1018494706299240449', 'username': 'AmithPawar13'}]",,,,
1271400913278623745,1271400913278623745,1591960573000,2020-06-12,16:46:13,IST,1260862039989288960,directormms,MakeMyStyles (MMS) Director,,"MakeMyStyles - Makes you feel yourself, relaxed and refreshed.

Follow the Steps and Book Your Favourite Nearest Salon in a Single Tap.
 https://lnkd.in/fkMATQG 
#kota
#jaipur
#Bangalore
#makemystyles
#mms
#Corona
#AatmaNirbharBharatAbhiyan
#COVID19
#Unlock1  pic.twitter.com/PVnAXZbzJF",[],['https://lnkd.in/fkMATQG'],['https://pbs.twimg.com/media/EaTqiczU0AA5HDI.jpg'],0,0,0,"['#kota', '#jaipur', '#bangalore', '#makemystyles', '#mms', '#corona', '#aatmanirbharbharatabhiyan', '#covid19', '#unlock1']",[],https://twitter.com/DirectorMms/status/1271400913278623745,False,,0,,,,,,,"[{'user_id': '1260862039989288960', 'username': 'DirectorMms'}]",,,,
1271305460834955268,1271305460834955268,1591937816000,2020-06-12,10:26:56,IST,1229821425185255424,sportnext1,Sport Next,,"India's tour of Sri Lanka - for three ODIs and three T20Is - in June will not go on as per schedule due to COVID-19 situation, SLC confirms

#INDvSL #COVID__19 #indvssl #SriLanka #Cricket #Bangalore #ElephantDeath #SGXNIFTY #Unlock1 @BCCI @CapitalIndia303 pic.twitter.com/cO757fPPFB","['bcci', 'capitalindia303']",[],['https://pbs.twimg.com/media/EaSVj9gUwAEgysD.jpg'],0,2,2,"['#indvsl', '#covid__19', '#indvssl', '#srilanka', '#cricket', '#bangalore', '#elephantdeath', '#sgxnifty', '#unlock1']",[],https://twitter.com/SportNext1/status/1271305460834955268,False,,0,,,,,,,"[{'user_id': '1229821425185255424', 'username': 'SportNext1'}, {'user_id': '185142711', 'username': 'BCCI'}, {'user_id': '1139102801563230209', 'username': 'CapitalIndia303'}]",,,,
1271125248226635776,1271125248226635776,1591894850000,2020-06-11,22:30:50,IST,1262475958780440577,envoyngo,ENVOY-NGO,,"The new Normal is to take precautions and stay hygeine! In our #CoronaAwareness sessions we found mny children not having footwear  http://also.So  v distributed few to these kids and the smile ws #WorthWatching ❤️🙏
#Bangalore #unlock1 @BangaloreMirror @BangaloreTimes1 pic.twitter.com/slbi8FS7Kr","['bangaloremirror', 'bangaloretimes1']",['http://also.So'],"['https://pbs.twimg.com/media/EaPwMgGU8AEjCpo.jpg', 'https://pbs.twimg.com/media/EaPwMgHVcAAC_d3.jpg', 'https://pbs.twimg.com/media/EaPwMgHVcAIFcU0.jpg']",0,1,2,"['#coronaawareness', '#worthwatching', '#bangalore', '#unlock1']",[],https://twitter.com/EnvoyNgo/status/1271125248226635776,False,,0,,,,,,,"[{'user_id': '1262475958780440577', 'username': 'EnvoyNgo'}, {'user_id': '14405191', 'username': 'BangaloreMirror'}, {'user_id': '1897660434', 'username': 'BangaloreTimes1'}]",,,,
1271069950992617472,1271069950992617472,1591881666000,2020-06-11,18:51:06,IST,1121803020105207809,lasya24281664,lasya nagraj,,"Yeeaaayyy!!! And finally everything is open, up and running ... 💕💕💕

Photography: fashion_celebrity_photographer 
#unlock1 #feelingrelievedandhappy #letscelebrateandstaysafe @ Bangalore, India  https://www.instagram.com/p/CBS9jaDF0pb/?igshid=oszdvf5hn1z0 …",[],['https://www.instagram.com/p/CBS9jaDF0pb/?igshid=oszdvf5hn1z0'],[],0,0,0,"['#unlock1', '#feelingrelievedandhappy', '#letscelebrateandstaysafe']",[],https://twitter.com/lasya24281664/status/1271069950992617472,False,,0,,,,,,,"[{'user_id': '1121803020105207809', 'username': 'lasya24281664'}]",,,,
1271051963237449729,1271051963237449729,1591877377000,2020-06-11,17:39:37,IST,1260862039989288960,directormms,MakeMyStyles (MMS) Director,,"Now Maintain Social Distancing with Make My Styles 
 https://lnkd.in/fkMATQG 

Few simple steps and you’ll find yourself at your seat on time #salonbooking
#kota
#jaipur
#Bangalore
#makemystyles
#mms
#Corona
#AatmaNirbharBharatAbhiyan
#COVID19
#Unlock1  pic.twitter.com/n22Th1ePpp",[],['https://lnkd.in/fkMATQG'],['https://pbs.twimg.com/media/EaOtHYhWkAQaX2e.jpg'],0,0,0,"['#salonbooking', '#kota', '#jaipur', '#bangalore', '#makemystyles', '#mms', '#corona', '#aatmanirbharbharatabhiyan', '#covid19', '#unlock1']",[],https://twitter.com/DirectorMms/status/1271051963237449729,False,,0,,,,,,,"[{'user_id': '1260862039989288960', 'username': 'DirectorMms'}]",,,,
1270943426956017665,1270943426956017665,1591851500000,2020-06-11,10:28:20,IST,1166634602,mahmood_saberi,sabs,,"dont spray droplets in my dosa..dining out in times of #coronavirus

Rohini Mohan (@rohini_mohan) Tweeted:
Glass partitions between diners in Bangalore. Everyone is very amused while waiting for their masala dosa. 
 #Unlock1 #Covid… https://lnkd.in/gqyd9tY   https://lnkd.in/gWfDXdB ",['rohini_mohan'],"['https://lnkd.in/gqyd9tY', 'https://lnkd.in/gWfDXdB']",[],0,0,0,"['#coronavirus', '#unlock1', '#covid']",[],https://twitter.com/mahmood_saberi/status/1270943426956017665,False,,0,,,,,,,"[{'user_id': '1166634602', 'username': 'mahmood_saberi'}, {'user_id': '341894625', 'username': 'rohini_mohan'}]",,,,
1270934682943647744,1270934682943647744,1591849415000,2020-06-11,09:53:35,IST,1222356696955146245,gautamgada1,Gautam Gada,,"Quarantine ward life of gujjus 

Gujjus can be happy anywhere.

Retweet

#quarantinetimepass #unlock2 #Unlock1 #Gujarat #Maharashtra #Lockdown5 #Bangalore #Coimbatore #IndianAirForce #Karachi #KatrinaKaif #MumbaiRains #Mumbai #SidNaaz #UPSC #VogueChallenge #MissYouYuvi pic.twitter.com/JPCWHIIu01",[],[],[],0,0,2,"['#quarantinetimepass', '#unlock2', '#unlock1', '#gujarat', '#maharashtra', '#lockdown5', '#bangalore', '#coimbatore', '#indianairforce', '#karachi', '#katrinakaif', '#mumbairains', '#mumbai', '#sidnaaz', '#upsc', '#voguechallenge', '#missyouyuvi']",[],https://twitter.com/GautamGada1/status/1270934682943647744,False,,1,,,,,,,"[{'user_id': '1222356696955146245', 'username': 'GautamGada1'}]",,,,
1270696669944975361,1270696669944975361,1591792669000,2020-06-10,18:07:49,IST,2323328924,skumara003d,Shankar Kumara ☄,,"Crazy!👌👌👌
Sambar dip aa illa separate aa?? 
Just Bangalore things 😜😜🍛🍛
#bewarsikudka 👏#DanishSait #Unlock1  https://twitter.com/DanishSait/status/1270677153856630784 …",[],['https://twitter.com/DanishSait/status/1270677153856630784'],[],0,0,0,"['#bewarsikudka', '#danishsait', '#unlock1']",[],https://twitter.com/skumara003d/status/1270696669944975361,False,https://twitter.com/DanishSait/status/1270677153856630784,0,,,,,,,"[{'user_id': '2323328924', 'username': 'skumara003d'}]",,,,
1270386698954792960,1270386278794588163,1591718766000,2020-06-09,21:36:06,IST,2418929538,bilaljaihind,Bilal Irfan بلال عرفان बिलाल इरफान,,"@RahmathGroup did not stop after lockdown 4, it started its Hunger Relief Drives in #Unlock1 from June 1 in KSR BANGALORE RLY STATION.
@suheb_Indian @drmsbc 8/n pic.twitter.com/y28nC5vm3w","['rahmathgroup', 'suheb_indian', 'drmsbc']",[],"['https://pbs.twimg.com/media/EaFR5DLUMAEZpLH.jpg', 'https://pbs.twimg.com/media/EaFR6cuU8AAt9JO.jpg', 'https://pbs.twimg.com/media/EaFR72sUYAE86lu.jpg', 'https://pbs.twimg.com/media/EaFR9KeUYAAItue.jpg']",1,7,11,['#unlock1'],[],https://twitter.com/BilalJaiHind/status/1270386698954792960,False,,0,,,,,,,"[{'user_id': '2418929538', 'username': 'BilalJaiHind'}, {'user_id': '1219519007247618048', 'username': 'RahmathGroup'}, {'user_id': '3325815956', 'username': 'suheb_Indian'}, {'user_id': '3279388878', 'username': 'drmsbc'}]",,,,
1270306115864141824,1270306115864141824,1591699553000,2020-06-09,16:15:53,IST,1260862039989288960,directormms,MakeMyStyles (MMS) Director,,"Few simple steps and you’ll find yourself at your seat on time…Download our app to find out more. 

DownLoad for free now.

 https://lnkd.in/fkMATQG 
#Jaipur #Kota #bangalore #makemystyles #mms #quarantinedays #lockdown #sonusood #unlock1 #beautyindustry #hairstylist pic.twitter.com/sneo6bT57V",[],['https://lnkd.in/fkMATQG'],['https://pbs.twimg.com/media/EaEGmxZXgAII3xt.jpg'],0,0,0,"['#jaipur', '#kota', '#bangalore', '#makemystyles', '#mms', '#quarantinedays', '#lockdown', '#sonusood', '#unlock1', '#beautyindustry', '#hairstylist']",[],https://twitter.com/DirectorMms/status/1270306115864141824,False,,0,,,,,,,"[{'user_id': '1260862039989288960', 'username': 'DirectorMms'}]",,,,
1270227942992343043,1270227942992343043,1591680915000,2020-06-09,11:05:15,IST,92822344,tharle_nan_maga,Karthik,,"ಏನ್ ಕಾಲ ಬಂತು ಗುರು! 🤦🏻‍♂️
ವಿದ್ಯಾರ್ಥಿ ಭವನ

~via WhatsApp
#Bangalore #Unlock1 #COVID19 #tuesdayvibes #tuesdaythoughts #TuesdayMorning #restaurants pic.twitter.com/DLsQ31q5tq",[],[],['https://pbs.twimg.com/media/EaDBkgWU0AA42Lc.jpg'],0,0,2,"['#bangalore', '#unlock1', '#covid19', '#tuesdayvibes', '#tuesdaythoughts', '#tuesdaymorning', '#restaurants']",[],https://twitter.com/tharle_nan_maga/status/1270227942992343043,False,,0,,,,,,,"[{'user_id': '92822344', 'username': 'tharle_nan_maga'}]",,,,
1270009078752915458,1270009078752915458,1591628734000,2020-06-08,20:35:34,IST,19897138,indiatoday,IndiaToday,,".@nolanentreeo visits a restaurant, The Bangalore Cafe to find out how they are managing on the first day of #Unlock1
 Watch this report ! #ReporterDiary
 http://bit.ly/IndiaTodaySocial … pic.twitter.com/fVw6lzNApJ",['nolanentreeo'],['http://bit.ly/IndiaTodaySocial'],[],1,4,13,"['#unlock1', '#reporterdiary']",[],https://twitter.com/IndiaToday/status/1270009078752915458,False,,1,,,,,,,"[{'user_id': '19897138', 'username': 'IndiaToday'}, {'user_id': '48060951', 'username': 'nolanentreeo'}]",,,,
1269933319434665984,1269933319434665984,1591610672000,2020-06-08,15:34:32,IST,1251091222506074112,the_real_leemi,Leena.....Mystery,,"Can we get more stupid than this?
Glass partitions between diners in Bangalore. India. 
 #Unlock1 #Covid19 pic.twitter.com/WZWqERZtf0",[],[],['https://pbs.twimg.com/media/EZ-d2CAUcAId-_X.jpg'],0,0,0,"['#unlock1', '#covid19']",[],https://twitter.com/the_real_Leemi/status/1269933319434665984,False,,0,,,,,,,"[{'user_id': '1251091222506074112', 'username': 'the_real_Leemi'}]",,,,
1269907289152118784,1269907289152118784,1591604466000,2020-06-08,13:51:06,IST,341894625,rohini_mohan,Rohini Mohan,,"Glass partitions between diners in Bangalore. Everyone is very amused while waiting for their masala dosa. 
 #Unlock1 #Covid19 pic.twitter.com/97MI32ZhRF",[],[],['https://pbs.twimg.com/media/EZ-d2CAUcAId-_X.jpg'],155,467,2316,"['#unlock1', '#covid19']",[],https://twitter.com/rohini_mohan/status/1269907289152118784,False,,0,,,,,,,"[{'user_id': '341894625', 'username': 'rohini_mohan'}]",,,,
1269864705746583559,1269864705746583559,1591594313000,2020-06-08,11:01:53,IST,33111520,sheshagiri_pk,Shesh Rao Paplikar,,"#unlock1 started and traffic is back in Silicon Valley of #India #Bangalore This was in front of our #Coworking space at #MGRoad
#BackToOffice #lockdown #CoronavirusIndia pic.twitter.com/qv2QZ6beKk",[],[],['https://pbs.twimg.com/media/EZ93M9pUcAAnc-x.jpg'],0,0,4,"['#unlock1', '#india', '#bangalore', '#coworking', '#mgroad', '#backtooffice', '#lockdown', '#coronavirusindia']",[],https://twitter.com/sheshagiri_pk/status/1269864705746583559,False,,0,,,,,,,"[{'user_id': '33111520', 'username': 'sheshagiri_pk'}]",,,,
1269818611528380416,1269818611528380416,1591583323000,2020-06-08,07:58:43,IST,168275558,gupta__a,Ankit Gupta,,"My Experience driving from #Hyderabad to #Bangalore during #Unlock
 https://twitter.com/gupta__a/status/1269451522787565568 …
#InterStateTravel #Unlock1 #HydToBlr #SpreadAwareness #unlockone #Hyd2Blr #UnlockingIndia #unlock1point0 (1/?)",[],['https://twitter.com/gupta__a/status/1269451522787565568'],[],0,0,0,"['#hyderabad', '#bangalore', '#unlock', '#interstatetravel', '#unlock1', '#hydtoblr', '#spreadawareness', '#unlockone', '#hyd2blr', '#unlockingindia', '#unlock1point0']",[],https://twitter.com/gupta__a/status/1269818611528380416,False,https://twitter.com/gupta__a/status/1269451522787565568,0,,,,,,,"[{'user_id': '168275558', 'username': 'gupta__a'}]",,,,
1269631322105933824,1269631322105933824,1591538670000,2020-06-07,19:34:30,IST,742295607419670528,rotaryttkbloodb,Rotary TTK BloodBank,,"You can save 3 lives with 1 blood donation. Shivam Das, a six year kid from #Bangalore knows this and has shown it beautifully through his art🙂 #donateblood #Unlock1  pic.twitter.com/ST9uZhZiKX",[],[],['https://pbs.twimg.com/media/EZ6iNueU4AE4tKB.jpg'],0,0,2,"['#bangalore', '#donateblood', '#unlock1']",[],https://twitter.com/RotaryTTKBloodB/status/1269631322105933824,False,,0,,,,,,,"[{'user_id': '742295607419670528', 'username': 'RotaryTTKBloodB'}]",,,,
1269265162386604033,1269265162386604033,1591451371000,2020-06-06,19:19:31,IST,819130177,ei_samay,Ei Samay,,"কলেজ থেকে জোর দেওয়া হচ্ছে ল্যাপটপ কেনার জন্য। অনলাইন ক্লাস চালু হওয়ার পর থেকে যেন এই চাপ আরও বেড়ে গিয়েছে। বেঙ্গালুরুর এমভিজে কলেজের সিভিল ইঞ্জিনিয়ারিং ক্লাসের অধ্যাপককে এই কথা বলতে শোনা গিয়েছে।
#WorkFromHome #Bangalore #Unlock1 #EiSamay https://eisamay.indiatimes.com/nation/bengaluru-professors-diktat-beg-borrow-or-steal-but-get-a-laptop-goes-viral/articleshow/76235344.cms …",[],['https://eisamay.indiatimes.com/nation/bengaluru-professors-diktat-beg-borrow-or-steal-but-get-a-laptop-goes-viral/articleshow/76235344.cms'],[],0,0,4,"['#workfromhome', '#bangalore', '#unlock1', '#eisamay']",[],https://twitter.com/Ei_Samay/status/1269265162386604033,False,,0,,,,,,,"[{'user_id': '819130177', 'username': 'Ei_Samay'}]",,,,
1269256285108633600,1269256285108633600,1591449254000,2020-06-06,18:44:14,IST,1262028426807894018,centrestandview,RajeshGopinath,,"It's nice to know that Bangalore airport is doing their best in the circumstances as we cautiously  start flying again.
 #BLRairport #unlock1  https://youtu.be/A2byBUBa1TI  via @YouTube",['youtube'],['https://youtu.be/A2byBUBa1TI'],[],0,0,1,"['#blrairport', '#unlock1']",[],https://twitter.com/CentreStandView/status/1269256285108633600,False,,0,,,,,,,"[{'user_id': '1262028426807894018', 'username': 'CentreStandView'}, {'user_id': '10228272', 'username': 'YouTube'}]",,,,
1269175338992496641,1269174019867045889,1591429955000,2020-06-06,13:22:35,IST,1248346123183382528,fyxbuddy,fyxbuddy.com,,"Book your ride through WhatsApp by contacting +91 8076489254

#Unlock1 #IndiaFightsCorona #StayConnected #CabServices #Bangalore  pic.twitter.com/OJZxlECAvd",[],[],['https://pbs.twimg.com/media/EZ0EPShU4AAZQbX.jpg'],0,0,5,"['#unlock1', '#indiafightscorona', '#stayconnected', '#cabservices', '#bangalore']",[],https://twitter.com/fyxbuddy/status/1269175338992496641,False,,0,,,,,,,"[{'user_id': '1248346123183382528', 'username': 'fyxbuddy'}]",,,,
1269175209174503425,1269174019867045889,1591429924000,2020-06-06,13:22:04,IST,1248346123183382528,fyxbuddy,fyxbuddy.com,,"Book your ride through WhatsApp by contacting +91 8076489254

#Unlock1 #IndiaFightsCorona #StayConnected #CabServices #Bangalore  pic.twitter.com/NyIO2VY9So",[],[],['https://pbs.twimg.com/media/EZ0EHzCVcAAg1_d.jpg'],0,0,5,"['#unlock1', '#indiafightscorona', '#stayconnected', '#cabservices', '#bangalore']",[],https://twitter.com/fyxbuddy/status/1269175209174503425,False,,0,,,,,,,"[{'user_id': '1248346123183382528', 'username': 'fyxbuddy'}]",,,,
1269175077058183169,1269174019867045889,1591429893000,2020-06-06,13:21:33,IST,1248346123183382528,fyxbuddy,fyxbuddy.com,,"Book your ride through WhatsApp by contacting +91 8076489254

#Unlock1 #IndiaFightsCorona #StayConnected #CabServices #Bangalore  pic.twitter.com/tubvSAdjj5",[],[],['https://pbs.twimg.com/media/EZ0EAE3VcAM9uzo.jpg'],0,0,4,"['#unlock1', '#indiafightscorona', '#stayconnected', '#cabservices', '#bangalore']",[],https://twitter.com/fyxbuddy/status/1269175077058183169,False,,0,,,,,,,"[{'user_id': '1248346123183382528', 'username': 'fyxbuddy'}]",,,,
1269174969159659521,1269174019867045889,1591429867000,2020-06-06,13:21:07,IST,1248346123183382528,fyxbuddy,fyxbuddy.com,,"Book your ride through WhatsApp by contacting +91 8076489254

#Unlock1 #IndiaFightsCorona #StayConnected #CabServices #Bangalore  pic.twitter.com/VztTHNNWzw",[],[],['https://pbs.twimg.com/media/EZ0D5xWUMAM_oul.jpg'],0,0,5,"['#unlock1', '#indiafightscorona', '#stayconnected', '#cabservices', '#bangalore']",[],https://twitter.com/fyxbuddy/status/1269174969159659521,False,,0,,,,,,,"[{'user_id': '1248346123183382528', 'username': 'fyxbuddy'}]",,,,
1269174831792001027,1269174019867045889,1591429834000,2020-06-06,13:20:34,IST,1248346123183382528,fyxbuddy,fyxbuddy.com,,"Book your ride through WhatsApp by contacting +91 8076489254

#Unlock1 #IndiaFightsCorona #StayConnected #CabServices #Bangalore  pic.twitter.com/rSCG2nV2zv",[],[],['https://pbs.twimg.com/media/EZ0DxnrVAAEMIjN.jpg'],0,0,5,"['#unlock1', '#indiafightscorona', '#stayconnected', '#cabservices', '#bangalore']",[],https://twitter.com/fyxbuddy/status/1269174831792001027,False,,0,,,,,,,"[{'user_id': '1248346123183382528', 'username': 'fyxbuddy'}]",,,,
1269174685700288513,1269174019867045889,1591429799000,2020-06-06,13:19:59,IST,1248346123183382528,fyxbuddy,fyxbuddy.com,,"Book your ride through WhatsApp by contacting +91 8076489254

#Unlock1 #IndiaFightsCorona #StayConnected #CabServices #Bangalore  pic.twitter.com/lVIPvURmET",[],[],['https://pbs.twimg.com/media/EZ0DpPJU4AIu9y3.jpg'],1,0,5,"['#unlock1', '#indiafightscorona', '#stayconnected', '#cabservices', '#bangalore']",[],https://twitter.com/fyxbuddy/status/1269174685700288513,False,,0,,,,,,,"[{'user_id': '1248346123183382528', 'username': 'fyxbuddy'}]",,,,
1269146028751626240,1269146028751626240,1591422967000,2020-06-06,11:26:07,IST,188392020,pupuna1606,Rakesh Kumar Panda,,"Mahaveer Tuscanapartment bangalore-association decided during unlock phase1,family guests are not alloweded to enter but all vendors & maids are allowed. Do family has to register as maid to get an entry? #Unlock1 #UnlockingIndia #CoronaIsNotAJoke #gundaraj #nologic #Bengaluru",[],[],[],0,1,0,"['#unlock1', '#unlockingindia', '#coronaisnotajoke', '#gundaraj', '#nologic', '#bengaluru']",[],https://twitter.com/pupuna1606/status/1269146028751626240,False,,0,,,,,,,"[{'user_id': '188392020', 'username': 'pupuna1606'}]",,,,
1269097474318188544,1269097472015532032,1591411391000,2020-06-06,08:13:11,IST,18043061,sumitluthra,sumitluthra (Quentin Quarantino),,"I can only HOPE Mumbai, #Delhi,#Bangalore & The govt has thought this through and done thorough analysis of the scenarios (like in other big cities WW) else we are headed for serious trouble!
#MumbaiOpens #Unlock1 #UnlockingIndia #unlockindia #IndiaFightsCoronavirus",[],[],[],1,0,0,"['#delhi', '#bangalore', '#mumbaiopens', '#unlock1', '#unlockingindia', '#unlockindia', '#indiafightscoronavirus']",[],https://twitter.com/sumitluthra/status/1269097474318188544,False,,0,,,,,,,"[{'user_id': '18043061', 'username': 'sumitluthra'}]",,,,
1268910891895943170,1268910891895943170,1591366906000,2020-06-05,19:51:46,IST,86017509,signorperi,Shashank Peri,,"Shantiniketan mall lit up after almost 3 long months!!
Feels good 

#bangalore #COVID19India #Unlock1  pic.twitter.com/bp4DefSUpJ",[],[],['https://pbs.twimg.com/media/EZwTuK3U4AAINCS.jpg'],0,0,0,"['#bangalore', '#covid19india', '#unlock1']",[],https://twitter.com/signorperi/status/1268910891895943170,False,,0,,,,,,,"[{'user_id': '86017509', 'username': 'signorperi'}]",,,,
1268827046509113344,1268827046509113344,1591346916000,2020-06-05,14:18:36,IST,2748130615,rightangleprop,RightAngle Property,,"Earth provides enough to satisfy every man’s needs, but not every man’s greed"". 
- Mahatma Gandhi

#WorldEnvironmentDay #StayHomeStaySafe #RightAngleProperty #Bangalore #socialdistancing #physicaldistancing #RealEstateInvestment #unlock1 #bengaluru pic.twitter.com/lM6vQc3HVB",[],[],['https://pbs.twimg.com/media/EZvHcyxU0AAwITv.jpg'],0,1,1,"['#worldenvironmentday', '#stayhomestaysafe', '#rightangleproperty', '#bangalore', '#socialdistancing', '#physicaldistancing', '#realestateinvestment', '#unlock1', '#bengaluru']",[],https://twitter.com/rightangleprop/status/1268827046509113344,False,,0,,,,,,,"[{'user_id': '2748130615', 'username': 'rightangleprop'}]",,,,
1268594002229694466,1268594002229694466,1591291354000,2020-06-04,22:52:34,IST,2748130615,rightangleprop,RightAngle Property,,"It is important to maintain physical distancing along with social distancing.
Take care and stay safe guys..

#StayHomeStaySafe #RightAngleProperty #Bangalore #socialdistancing #physicaldistancing #RealEstateInvestment #unlock1 #bengaluru pic.twitter.com/WuHquBK7F0",[],[],['https://pbs.twimg.com/media/EZrzbr4UEAAhhb3.jpg'],0,1,1,"['#stayhomestaysafe', '#rightangleproperty', '#bangalore', '#socialdistancing', '#physicaldistancing', '#realestateinvestment', '#unlock1', '#bengaluru']",[],https://twitter.com/rightangleprop/status/1268594002229694466,False,,0,,,,,,,"[{'user_id': '2748130615', 'username': 'rightangleprop'}]",,,,
1268582061289336832,1267464712117202944,1591288507000,2020-06-04,22:05:07,IST,108930846,deepakgurunath,deepak,,In Unlock 1.0 I will go to NANDI HILLS with my frnd @Rawritz . It is best place to see Sunset and Sunrise on top of the hill with scenery of forest and Bangalore city photo snap in cameras #Unlock1 #weeklycontest,"['carandbike', 'rawritz']",[],[],0,0,0,"['#unlock1', '#weeklycontest']",[],https://twitter.com/deepakgurunath/status/1268582061289336832,False,,0,,,,,,,"[{'user_id': '108930846', 'username': 'deepakgurunath'}, {'user_id': '2278822326', 'username': 'carandbike'}, {'user_id': '346109942', 'username': 'Rawritz'}]",,,,
1268575076791619590,1267464712117202944,1591286841000,2020-06-04,21:37:21,IST,561995607,princess_anshu,Ankita Agarwal...,,"In Unlock 1.0 I will go to NANDI HILLS with my frnd @Pooja__G .

I believe its still not safe to travel interstate.We both live in Bangalore nd Nandi hills is a place which cn refresh us,, rejuvenate us & bring us out of the lockdown sickness.

#Unlock1 #weeklycontest
#cnbcontest","['carandbike', 'pooja__g']",[],[],0,0,0,"['#unlock1', '#weeklycontest', '#cnbcontest']",[],https://twitter.com/princess_anshu/status/1268575076791619590,False,,0,,,,,,,"[{'user_id': '561995607', 'username': 'princess_anshu'}, {'user_id': '2278822326', 'username': 'carandbike'}, {'user_id': '478454994', 'username': 'Pooja__G'}]",,,,
1268413435915755522,1268413435915755522,1591248303000,2020-06-04,10:55:03,IST,826505740575764483,contact_doers,DOERS,,"Expert advice on the vehicle maintenance during COVID-19
Read more -  http://shorturl.at/jmvPU 
#India #Doers #carservice #Covid19 #Bangalore #bikeservice #savethevehicle #love #cars #bikes #unlock1.0 #IndiafightsCOVID pic.twitter.com/wuXY2MwdKl",[],['http://shorturl.at/jmvPU'],['https://pbs.twimg.com/media/EZpPTGrXsAA1Okl.jpg'],0,0,0,"['#india', '#doers', '#carservice', '#covid19', '#bangalore', '#bikeservice', '#savethevehicle', '#love', '#cars', '#bikes', '#unlock1', '#indiafightscovid']",[],https://twitter.com/contact_doers/status/1268413435915755522,False,,0,,,,,,,"[{'user_id': '826505740575764483', 'username': 'contact_doers'}]",,,,
1268399179690360833,1268399179690360833,1591244904000,2020-06-04,09:58:24,IST,3291930775,sitammoharana,SitamMoharana_ANI,,"Odia movie actor brings back labourer""s family stuck in Bangalore by Air Asia flight. #Bhubaneswar #Odisha #Unlock1 @sabyaactor https://www.indiatvnews.com/video/news/odia-movie-actor-brings-back-labourer-s-family-stuck-in-bangalore-by-air-asia-flight-623235 …",['sabyaactor'],['https://www.indiatvnews.com/video/news/odia-movie-actor-brings-back-labourer-s-family-stuck-in-bangalore-by-air-asia-flight-623235'],[],0,1,2,"['#bhubaneswar', '#odisha', '#unlock1']",[],https://twitter.com/SitamMoharana/status/1268399179690360833,False,,0,,,,,,,"[{'user_id': '3291930775', 'username': 'SitamMoharana'}, {'user_id': '301380496', 'username': 'sabyaactor'}]",,,,
1267910909139304448,1267910909139304448,1591128492000,2020-06-03,01:38:12,IST,2177396233,vipinvijaynair,Vipin Vijay Nair,,"Bangalore has proved to be one of the best health care model amongst other metropolitan cities in India

Bangalore(Rural+Urban) has reported about 417 #Covid_19 cases with a population more than 1.2 crore

With #Unlock1, Bangalore works further to reduce the transmission",[],[],[],1,0,0,"['#covid_19', '#unlock1']",[],https://twitter.com/VipinVijayNair/status/1267910909139304448,False,,0,,,,,,,"[{'user_id': '2177396233', 'username': 'VipinVijayNair'}]",,,,
1267898770236162048,1267898770236162048,1591125597000,2020-06-03,00:49:57,IST,716903673398300672,nandini1058,Nandini sharma,,"Loving my curly hair 🌠🌠
. 
. 
. 
#quarantinelife #bangalore #unlock1 #curlyhair #befit pic.twitter.com/U3GKRlsCkE",[],[],['https://pbs.twimg.com/media/EZh7MxgU8AAJswY.jpg'],0,0,2,"['#quarantinelife', '#bangalore', '#unlock1', '#curlyhair', '#befit']",[],https://twitter.com/nandini1058/status/1267898770236162048,False,,0,,,,,,,"[{'user_id': '716903673398300672', 'username': 'nandini1058'}]",,,,
1267875321103048705,1267875321103048705,1591120007000,2020-06-02,23:16:47,IST,361784113,iamsolanky,Gaurav Solanki,,"While traveling back to Bangalore today, noticed quite a few scaring and satisfactory incidents, thread ahead..(1/n)
#Unlock1
#COVID19India
@myogiadityanath
@CMofKarnataka","['myogiadityanath', 'cmofkarnataka']",[],[],1,0,1,"['#unlock1', '#covid19india']",[],https://twitter.com/IamSolanky/status/1267875321103048705,False,,0,,,,,,,"[{'user_id': '361784113', 'username': 'IamSolanky'}, {'user_id': '3437532637', 'username': 'myogiadityanath'}, {'user_id': '2713703797', 'username': 'CMofKarnataka'}]",,,,
1267856127145861121,1267856127145861121,1591115430000,2020-06-02,22:00:30,IST,65347105,koolmayur,Mayur Bansal,,@myntra @Flipkart why there r no deliveries from Myntra in Bangalore even at #Unlock1. I am trying to place at 560099 but it says Not Deliverable.  pic.twitter.com/tCsMDXmNoN,"['myntra', 'flipkart']",[],['https://pbs.twimg.com/media/EZhUYbfVcAE2IJ1.jpg'],2,0,0,['#unlock1'],[],https://twitter.com/koolmayur/status/1267856127145861121,False,,0,,,,,,,"[{'user_id': '65347105', 'username': 'koolmayur'}, {'user_id': '89443197', 'username': 'myntra'}, {'user_id': '57947109', 'username': 'Flipkart'}]",,,,
1267721276757549056,1267721276757549056,1591083280000,2020-06-02,13:04:40,IST,3045286896,onerupee2015,onerupee,,Seva Sindhu portal is updated with new rules #Unlock1 #Karnataka #Bangalore,[],[],[],0,0,0,"['#unlock1', '#karnataka', '#bangalore']",[],https://twitter.com/Onerupee2015/status/1267721276757549056,False,,0,,,,,,,"[{'user_id': '3045286896', 'username': 'Onerupee2015'}]",,,,
1267691315002671104,1267691315002671104,1591076136000,2020-06-02,11:05:36,IST,1262695055153717249,uwcforyouth,United With Congress,,"The GDP growth of India in the previous Quarter at 4.2% was the lowest in the last 44 Quarters, while the GDP grew at record 10.8% during the UPA era! 

Modi Government is creating historical records of failure! 

#Unlock1 #Karnataka #Bangalore #GDP pic.twitter.com/gjJzigUo5b",[],[],['https://pbs.twimg.com/media/EZe-hqyVcAAC2pA.jpg'],2,25,33,"['#unlock1', '#karnataka', '#bangalore', '#gdp']",[],https://twitter.com/UWCforYouth/status/1267691315002671104,False,,0,,,,,,,"[{'user_id': '1262695055153717249', 'username': 'UWCforYouth'}]",,,,
1267546292479123456,1267546292479123456,1591041560000,2020-06-02,01:29:20,IST,104723435,sharonthambala,Sharon Thambala,,"Domestic returnees fuel rise in K'taka COVID cases

 https://www.outlookindia.com/newsscroll/domestic-returnees-fuel-rise-in-ktaka-covid-cases/1853045 …
@MoHFW_INDIA #COVID19 #Bangalore #Karnataka #southindia #India #pandemic #publichealth #Lockdownextention #Unlock1 #Contagion #Maharashtra #Returnees #Domestic #travel #journey #CovidDeaths #health",['mohfw_india'],['https://www.outlookindia.com/newsscroll/domestic-returnees-fuel-rise-in-ktaka-covid-cases/1853045'],[],0,1,2,"['#covid19', '#bangalore', '#karnataka', '#southindia', '#india', '#pandemic', '#publichealth', '#lockdownextention', '#unlock1', '#contagion', '#maharashtra', '#returnees', '#domestic', '#travel', '#journey', '#coviddeaths', '#health']",[],https://twitter.com/SharonThambala/status/1267546292479123456,False,,0,,,,,,,"[{'user_id': '104723435', 'username': 'SharonThambala'}, {'user_id': '2596143056', 'username': 'MoHFW_INDIA'}]",,,,
1267545136277278720,1267545136277278720,1591041284000,2020-06-02,01:24:44,IST,104723435,sharonthambala,Sharon Thambala,,"B'luru slowly returning to normal amid phased Unlock 1.0

 https://newsd.in/b-luru-slowly-returning-to-normal-amid-phased-unlock-1-0/ …
#COVID19India #Bangalore #Karnataka #southindia #India #Unlock1 #business #Trade #commerce @SWRRLY @RailMinIndia #AndhraPradesh #Ananthapur #Penugonda #BangaloreRains #publichealth #SafetyFirst","['swrrly', 'railminindia']",['https://newsd.in/b-luru-slowly-returning-to-normal-amid-phased-unlock-1-0/'],[],0,0,1,"['#covid19india', '#bangalore', '#karnataka', '#southindia', '#india', '#unlock1', '#business', '#trade', '#commerce', '#andhrapradesh', '#ananthapur', '#penugonda', '#bangalorerains', '#publichealth', '#safetyfirst']",[],https://twitter.com/SharonThambala/status/1267545136277278720,False,,0,,,,,,,"[{'user_id': '104723435', 'username': 'SharonThambala'}, {'user_id': '3192411439', 'username': 'SWRRLY'}, {'user_id': '2602959463', 'username': 'RailMinIndia'}]",,,,
1267539061834727424,1267464712117202944,1591039836000,2020-06-02,01:00:36,IST,3056702618,vedvaghela,Vedant,,"In unlock 1.0 I will be going to Bangalore with @poetrebelred
#cnbcontest #Unlock1 #weeklycontest","['carandbike', 'poetrebelred']",[],[],0,0,0,"['#cnbcontest', '#unlock1', '#weeklycontest']",[],https://twitter.com/vedvaghela/status/1267539061834727424,False,,0,,,,,,,"[{'user_id': '3056702618', 'username': 'vedvaghela'}, {'user_id': '2278822326', 'username': 'carandbike'}, {'user_id': '1079217113976504320', 'username': 'poetrebelred'}]",,,,
1267370289194692609,1267370289194692609,1590999598000,2020-06-01,13:49:58,IST,4324968552,babu_babuty563,RameshBabu,,"K #Unlock1
RameshBabu, Bangalore.
Kerala Karnataka border at Wynad Muthabga checkpost and POLICE not got any order about NO E pass approval for Kerala Karnataka interstate travel.Student stranded 2 months.KCET,NEET nearing.Still today no clearity to authority at border.",[],[],[],0,0,0,['#unlock1'],[],https://twitter.com/babu_babuty563/status/1267370289194692609,False,,0,,,,,,,"[{'user_id': '4324968552', 'username': 'babu_babuty563'}]",,,,
1267354924427304960,1267354924427304960,1590995934000,2020-06-01,12:48:54,IST,716520601,4700bcpopcorn,4700BC Popcorn,,"#Delhi #Gurgaon #Bangalore #Hyderabad #Mumbai  
 
With #Unlock1 comes the list of places and outlets from where you can grab your favourite #4700bc #gourmetpopcorn. 

For details, join us on Instagram here -  https://www.instagram.com/4700bcpopcorn ",[],['https://www.instagram.com/4700bcpopcorn'],[],0,0,1,"['#delhi', '#gurgaon', '#bangalore', '#hyderabad', '#mumbai', '#unlock1', '#4700bc', '#gourmetpopcorn']",[],https://twitter.com/4700BCPopcorn/status/1267354924427304960,False,,0,,,,,,,"[{'user_id': '716520601', 'username': '4700BCPopcorn'}]",,,,
1267316678989418502,1267316678989418502,1590986816000,2020-06-01,10:16:56,IST,199195602,_shailesh_gupta,Shailesh Gupta,,"Hi @SonuSood, I am Founder & CEO of @yolobusindia. We have fleet of AC buses in Delhi, Bangalore & Assam & would like to help out in sending people back to their homes in all our capacity. Could you ask your team to DM and we will co-ordinate. @MukulSh85548226 

#COVID19 #Unlock1","['sonusood', 'yolobusindia']",[],[],8,20,81,"['#covid19', '#unlock1']",[],https://twitter.com/_shailesh_gupta/status/1267316678989418502,False,,0,,,,,,,"[{'user_id': '199195602', 'username': '_shailesh_gupta'}, {'user_id': '295026890', 'username': 'SonuSood'}, {'user_id': '1179256690606166016', 'username': 'yolobusindia'}]",,,,
1267311616753676289,1267311616753676289,1590985609000,2020-06-01,09:56:49,IST,83540809,redfish18,Manish MMK,,"To be or not to be. That is the question. 

#Lockdown #Lockdown5 #Unlock1.0

#India #Coronavirus #Qurantine #Bangalore #MondayMorning #Monday pic.twitter.com/paIkRGY5v7",[],[],['https://pbs.twimg.com/media/EZZlJ9tUcAEcyET.jpg'],0,0,0,"['#lockdown', '#lockdown5', '#unlock1', '#india', '#coronavirus', '#qurantine', '#bangalore', '#mondaymorning', '#monday']",[],https://twitter.com/Redfish18/status/1267311616753676289,False,,0,,,,,,,"[{'user_id': '83540809', 'username': 'Redfish18'}]",,,,
1267161044444524544,1267161044444524544,1590949710000,2020-05-31,23:58:30,IST,1263158034903134208,niftynews2,Nifty News,,"NIFTY PLAN - 1st JUNE. Link below. #nifty #nifty50 #banknifty #NiftyBank #Niftyfutures #sensex #nse #bse #Delhi #Mumbai #Maharashtra #Gujarat #Ahmedabad #Chennai #TamilNadu #Kolkata #Bangalore #Karnataka #Unlock1
 https://youtu.be/-h_s49mCg5s ",[],['https://youtu.be/-h_s49mCg5s'],[],1,0,1,"['#nifty', '#nifty50', '#banknifty', '#niftybank', '#niftyfutures', '#sensex', '#nse', '#bse', '#delhi', '#mumbai', '#maharashtra', '#gujarat', '#ahmedabad', '#chennai', '#tamilnadu', '#kolkata', '#bangalore', '#karnataka', '#unlock1']",[],https://twitter.com/NiftyNews2/status/1267161044444524544,False,,0,,,,,,,"[{'user_id': '1263158034903134208', 'username': 'NiftyNews2'}]",,,,
1267122106564820999,1267122106564820999,1590940426000,2020-05-31,21:23:46,IST,361784113,iamsolanky,Gaurav Solanki,,For all those who are traveling to #Bangalore and planning so in near future. #Unlock1  https://twitter.com/ANI/status/1267100693480931328 …,[],['https://twitter.com/ANI/status/1267100693480931328'],[],0,0,2,"['#bangalore', '#unlock1']",[],https://twitter.com/IamSolanky/status/1267122106564820999,False,https://twitter.com/ANI/status/1267100693480931328,0,,,,,,,"[{'user_id': '361784113', 'username': 'IamSolanky'}]",,,,
1266788795111915520,1266788795111915520,1590860959000,2020-05-30,23:19:19,IST,106364853,maaki_aankh,Talented Rohit.. 🚩,,"People -  #Unlock1 me ye khulega , wo khulega.

Bangalore traffic -  pic.twitter.com/3zsgip4aA1",[],[],['https://pbs.twimg.com/media/EZSJsHqU4AEsQVd.jpg'],0,0,2,['#unlock1'],[],https://twitter.com/MaaKi_Aankh/status/1266788795111915520,False,,0,,,,,,,"[{'user_id': '106364853', 'username': 'MaaKi_Aankh'}]",,,,
