id,conversation_id,created_at,date,time,timezone,user_id,username,name,place,tweet,mentions,urls,photos,replies_count,retweets_count,likes_count,hashtags,cashtags,link,retweet,quote_url,video,near,geo,source,user_rt_id,user_rt,retweet_id,reply_to,retweet_date,translate,trans_src,trans_dest
1275303829404184576,1275303829404184576,1592891101000,2020-06-23,11:15:01,IST,489135643,belgaum_foodies,Belgaum Foodies,,"Snacks time: who else likes the sangeeta at Ajanta Cafe at Rpd road? 
Sangeeta has been one of the famous dish at the outlet here. Do try. #belgaum #belagavi #belgaumfood #belgaumspecial #unlock #Unlock1 #foodie #foodies #belgaumfoodies pic.twitter.com/jrRW3dYqho",[],[],['https://pbs.twimg.com/media/EbLJ8NUVAAAq26j.jpg'],0,2,6,"['#belgaum', '#belagavi', '#belgaumfood', '#belgaumspecial', '#unlock', '#unlock1', '#foodie', '#foodies', '#belgaumfoodies']",[],https://twitter.com/Belgaum_Foodies/status/1275303829404184576,False,,0,,,,,,,"[{'user_id': '489135643', 'username': 'Belgaum_Foodies'}]",,,,
1271434038197121025,1271434038197121025,1591968471000,2020-06-12,18:57:51,IST,489135643,belgaum_foodies,Belgaum Foodies,,Now Open. #belgaum #belagavi #karnataka #unlock2 #Unlock #Unlock1 #hotel #restaurant #belgaumfood #belgaumite #belgaumfoodies #belagavifood pic.twitter.com/VcFuXapqAT,[],[],"['https://pbs.twimg.com/media/EaUKF9JUMAAAkHF.jpg', 'https://pbs.twimg.com/media/EaUKKIKUMAAU5Ip.jpg', 'https://pbs.twimg.com/media/EaUKRWwU4AE2tIr.jpg', 'https://pbs.twimg.com/media/EaUKWTrUMAA-Go3.jpg']",0,0,1,"['#belgaum', '#belagavi', '#karnataka', '#unlock2', '#unlock', '#unlock1', '#hotel', '#restaurant', '#belgaumfood', '#belgaumite', '#belgaumfoodies', '#belagavifood']",[],https://twitter.com/Belgaum_Foodies/status/1271434038197121025,False,,0,,,,,,,"[{'user_id': '489135643', 'username': 'Belgaum_Foodies'}]",,,,
1271292129935896576,1271292129935896576,1591934637000,2020-06-12,09:33:57,IST,489135643,belgaum_foodies,Belgaum Foodies,,Now Open. #belgaum #belagavi #atmanirbhar #unlock #Unlock1 #unlock2 #unlockindia #unlockbelgaum #karnataka #reopen #hotel #restaurant pic.twitter.com/pvJXuGdA6q,[],[],['https://pbs.twimg.com/media/EaSJVylUEAQA4Ri.jpg'],0,0,2,"['#belgaum', '#belagavi', '#atmanirbhar', '#unlock', '#unlock1', '#unlock2', '#unlockindia', '#unlockbelgaum', '#karnataka', '#reopen', '#hotel', '#restaurant']",[],https://twitter.com/Belgaum_Foodies/status/1271292129935896576,False,,0,,,,,,,"[{'user_id': '489135643', 'username': 'Belgaum_Foodies'}]",,,,
1269933270650826752,1269933270650826752,1591610660000,2020-06-08,15:34:20,IST,1259043262201040899,praduma76423276,ARYA PRADUMAN,,"Johnny Depp Playing Guitar and Singing. Dedicated Song
#BlackLivesMatter
#BlackLivesMattters
#AllLivesMatters 
Song Link:
 https://youtu.be/xGbf_h-DYfo 
#Belgium #mondaythoughts #schoolreopening #Unlock1 #unlock2 #Delhi 
Retweet #rt #WorldOceansDay2020 #Covid_19 #dhruvrathee #",[],['https://youtu.be/xGbf_h-DYfo'],[],0,0,1,"['#blacklivesmatter', '#blacklivesmattters', '#alllivesmatters', '#belgium', '#mondaythoughts', '#schoolreopening', '#unlock1', '#unlock2', '#delhi', '#rt', '#worldoceansday2020', '#covid_19', '#dhruvrathee']",[],https://twitter.com/PRADUMA76423276/status/1269933270650826752,False,,0,,,,,,,"[{'user_id': '1259043262201040899', 'username': 'PRADUMA76423276'}]",,,,
1269926576113795078,1269926576113795078,1591609064000,2020-06-08,15:07:44,IST,1269633650418749446,rsa_my,My Daily Choice RSA,,#schoolreopening #COVID19 #mondaythoughts #sabcnews #COVID #Unlock1 #Belgium #haircare #skincare #cbdhealth #cbdoils #essentialoil pic.twitter.com/upIcSVe6LI,[],[],[],0,0,0,"['#schoolreopening', '#covid19', '#mondaythoughts', '#sabcnews', '#covid', '#unlock1', '#belgium', '#haircare', '#skincare', '#cbdhealth', '#cbdoils', '#essentialoil']",[],https://twitter.com/rsa_my/status/1269926576113795078,False,,1,,,,,,,"[{'user_id': '1269633650418749446', 'username': 'rsa_my'}]",,,,
1269925633955713026,1269925633955713026,1591608839000,2020-06-08,15:03:59,IST,1256228152294215687,group_ctg,Currency Trading Group (CTG) $,,"CTG 🔥 IN THE BUILDING. JOIN OUR GROUP FOR FREE 

 https://chat.whatsapp.com/IHrW5im4FDMCzSaJnjhPiE …

Let's get it 🔥
#schoolreopening #90DayFiance #sabcnews #seattleprotest #campingworld #Belgium #mondaythoughts #mondaythoughts #mondaythoughts #13reasonswhyseason4 #13reasonswhyseason4 #Unlock1  pic.twitter.com/qhI3j6SZq3",[],['https://chat.whatsapp.com/IHrW5im4FDMCzSaJnjhPiE'],['https://pbs.twimg.com/media/EZ-uoIFWAAIaLU0.jpg'],0,0,1,"['#schoolreopening', '#90dayfiance', '#sabcnews', '#seattleprotest', '#campingworld', '#belgium', '#mondaythoughts', '#mondaythoughts', '#mondaythoughts', '#13reasonswhyseason4', '#13reasonswhyseason4', '#unlock1']",[],https://twitter.com/group_ctg/status/1269925633955713026,False,,0,,,,,,,"[{'user_id': '1256228152294215687', 'username': 'group_ctg'}]",,,,
