id,conversation_id,created_at,date,time,timezone,user_id,username,name,place,tweet,mentions,urls,photos,replies_count,retweets_count,likes_count,hashtags,cashtags,link,retweet,quote_url,video,near,geo,source,user_rt_id,user_rt,retweet_id,reply_to,retweet_date,translate,trans_src,trans_dest
1272462260472918017,1272462260472918017,1592213618000,2020-06-15,15:03:38,IST,36327407,httweets,Hindustan Times,,"Services will resume from Bengaluru, Bellary, Raichur and Shahpur to select destinations in Andhra Pradesh from June 17.

#Unlock1
 https://www.hindustantimes.com/india-news/karnataka-to-resume-public-road-transport-operations-to-andhra-pradesh-from-wednesday/story-iEnuGSxqaV2HJBppOeMcYO.html …",[],['https://www.hindustantimes.com/india-news/karnataka-to-resume-public-road-transport-operations-to-andhra-pradesh-from-wednesday/story-iEnuGSxqaV2HJBppOeMcYO.html'],[],0,1,30,['#unlock1'],[],https://twitter.com/htTweets/status/1272462260472918017,False,,0,,,,,,,"[{'user_id': '36327407', 'username': 'htTweets'}]",,,,
1269971300987985922,1269971300987985922,1591619727000,2020-06-08,18:05:27,IST,1092042938203262976,ryf_insta,raichuryouthfriends,,#Raichur #COVID19India #Unlock1  pic.twitter.com/cQz0NCi034,[],[],['https://pbs.twimg.com/media/EZ_YJ6QU0AAisp9.jpg'],1,1,7,"['#raichur', '#covid19india', '#unlock1']",[],https://twitter.com/ryf_insta/status/1269971300987985922,False,,0,,,,,,,"[{'user_id': '1092042938203262976', 'username': 'ryf_insta'}]",,,,
