id,conversation_id,created_at,date,time,timezone,user_id,username,name,place,tweet,mentions,urls,photos,replies_count,retweets_count,likes_count,hashtags,cashtags,link,retweet,quote_url,video,near,geo,source,user_rt_id,user_rt,retweet_id,reply_to,retweet_date,translate,trans_src,trans_dest
1276041299901046786,1276041299901046786,1593066928000,2020-06-25,12:05:28,IST,106972578,ibc24news,IBC24 News,,"#Bijapur:  शहर में मिला #Corona का पहला #Case, #CRPFOfficer की रिपोर्ट कोरोना पॉजिटिव

#COVID2019 #IndiaFightsCoronavirus #Lockdownextention #UNLOCK1 #CGNews 

फॉलो करें : @triptisoni6194 
LIVETV :  http://ibc24.in/livetv  pic.twitter.com/UqbeA9C51W",['triptisoni6194'],['http://ibc24.in/livetv'],[],0,1,4,"['#bijapur', '#corona', '#case', '#crpfofficer', '#covid2019', '#indiafightscoronavirus', '#lockdownextention', '#unlock1', '#cgnews']",[],https://twitter.com/IBC24News/status/1276041299901046786,False,,1,,,,,,,"[{'user_id': '106972578', 'username': 'IBC24News'}, {'user_id': '2858081263', 'username': 'triptisoni6194'}]",,,,
1272429678800887810,1272429678800887810,1592205850000,2020-06-15,12:54:10,IST,2431662432,apd_india,APd_India,,"Happy to meet and serve 6 children at the #EarlyIntervention center in #Bijapur. 

#CommunityServices #RehabilitationServices #SpecialNeedsChildren #APDIndia #Unlock1  pic.twitter.com/WHwtz17PMc",[],[],"['https://pbs.twimg.com/media/EaiUDCGWAAAw_mu.jpg', 'https://pbs.twimg.com/media/EaiUDKMXsAkdeOZ.jpg', 'https://pbs.twimg.com/media/EaiUDHAXQAAQIcz.jpg']",0,0,1,"['#earlyintervention', '#bijapur', '#communityservices', '#rehabilitationservices', '#specialneedschildren', '#apdindia', '#unlock1']",[],https://twitter.com/APD_India/status/1272429678800887810,False,,0,,,,,,,"[{'user_id': '2431662432', 'username': 'APD_India'}]",,,,
