id,conversation_id,created_at,date,time,timezone,user_id,username,name,place,tweet,mentions,urls,photos,replies_count,retweets_count,likes_count,hashtags,cashtags,link,retweet,quote_url,video,near,geo,source,user_rt_id,user_rt,retweet_id,reply_to,retweet_date,translate,trans_src,trans_dest
1270203619187453952,1270203619187453952,1591675116000,2020-06-09,09:28:36,IST,37034483,ndtv,NDTV,,"Devotees visit the Sreekanteswaram Siva Temple in Thiruvananthapuram. Kerala reopens places of worship today after over two months of lockdown.

(Photos: ANI)

#Unlock1  pic.twitter.com/wLy3crJ0Wj",[],[],"['https://pbs.twimg.com/media/EaCrQnoU4AAgcj9.jpg', 'https://pbs.twimg.com/media/EaCrQnuUcAEZOSt.jpg', 'https://pbs.twimg.com/media/EaCrQnuU0AAe20S.jpg']",3,4,53,['#unlock1'],[],https://twitter.com/ndtv/status/1270203619187453952,False,,0,,,,,,,"[{'user_id': '37034483', 'username': 'ndtv'}]",,,,
1269538319467114498,1269538319467114498,1591516496000,2020-06-07,13:24:56,IST,803904376687325184,toikochinews,TOI Kochi,,"Sree Padmanabhaswamy Temple in #Thiruvananthapuram to reopen from June 9. A virtual queue system is being introduced allowing 35 people at a time. Temple will open from 8.15am-11.15 am and 4pm-5pm everyday (ANI)

#Kerala #COVID19 #CoronavirusOutbreak #Unlock1  pic.twitter.com/iYtSFGBRtv",[],[],"['https://pbs.twimg.com/media/EZ5OXGqU8AItoOc.jpg', 'https://pbs.twimg.com/media/EZ5OXGqU0AA9JN4.jpg']",0,3,2,"['#thiruvananthapuram', '#kerala', '#covid19', '#coronavirusoutbreak', '#unlock1']",[],https://twitter.com/TOIKochiNews/status/1269538319467114498,False,,0,,,,,,,"[{'user_id': '803904376687325184', 'username': 'TOIKochiNews'}]",,,,
1267310883723599873,1267310883723599873,1590985434000,2020-06-01,09:53:54,IST,803904376687325184,toikochinews,TOI Kochi,,"Kannur-Thiruvananthapuram Central Jan Shatabdi departs from Calicut Railway Station

#KeralaUnlock1
#Unlock1  pic.twitter.com/SlaXDXU0QV",[],[],"['https://pbs.twimg.com/media/EZZkhDrU4AEcH30.jpg', 'https://pbs.twimg.com/media/EZZkhEHU8AAPKef.jpg', 'https://pbs.twimg.com/media/EZZkhEHUYAIab_z.jpg', 'https://pbs.twimg.com/media/EZZkhEKUYAEMbAJ.jpg']",0,1,2,"['#keralaunlock1', '#unlock1']",[],https://twitter.com/TOIKochiNews/status/1267310883723599873,False,,0,,,,,,,"[{'user_id': '803904376687325184', 'username': 'TOIKochiNews'}]",,,,
1267308067407794176,1267308067407794176,1590984763000,2020-06-01,09:42:43,IST,355989081,ani,ANI,,"Kerala: Kannur-Thiruvananthapuram Central Jan Shatabdi with 199 passengers has departed from Calicut Railway Station. 

Indian Railways has started operations of 200 passenger train services from today. #UNLOCK1  pic.twitter.com/0LXPPP8Sr9",[],[],"['https://pbs.twimg.com/media/EZZgSDgU8AY5oiF.jpg', 'https://pbs.twimg.com/media/EZZgS0LUEAES5Od.jpg', 'https://pbs.twimg.com/media/EZZgTjaUEAALpyh.jpg', 'https://pbs.twimg.com/media/EZZgVWUUwAA08KO.jpg']",2,18,278,['#unlock1'],[],https://twitter.com/ANI/status/1267308067407794176,False,,0,,,,,,,"[{'user_id': '355989081', 'username': 'ANI'}]",,,,
