id,conversation_id,created_at,date,time,timezone,user_id,username,name,place,tweet,mentions,urls,photos,replies_count,retweets_count,likes_count,hashtags,cashtags,link,retweet,quote_url,video,near,geo,source,user_rt_id,user_rt,retweet_id,reply_to,retweet_date,translate,trans_src,trans_dest
1277798287886573568,1277798287886573568,1593485826000,2020-06-30,08:27:06,IST,803904376687325184,toikochinews,TOI Kochi,,"If you are missing the TOI's print edition, click here to read the TOI epaper and your city edition 

 https://epaper.timesgroup.com/Olive/ODN/TimesOfIndia/# …
#Unlock1
#CautionYesPanicNo #CoronavirusOutbreak pic.twitter.com/Uygwl5SYaw",[],['https://epaper.timesgroup.com/Olive/ODN/TimesOfIndia/#'],['https://pbs.twimg.com/media/Ebumw53UMAANbN1.png'],0,0,0,"['#unlock1', '#cautionyespanicno', '#coronavirusoutbreak']",[],https://twitter.com/TOIKochiNews/status/1277798287886573568,False,,0,,,,,,,"[{'user_id': '803904376687325184', 'username': 'TOIKochiNews'}]",,,,
1277063340271923200,1277063340271923200,1593310601000,2020-06-28,07:46:41,IST,803904376687325184,toikochinews,TOI Kochi,,"If you are missing the TOI's print edition, click here to read the TOI epaper and your city edition 

 https://epaper.timesgroup.com/Olive/ODN/TimesOfIndia/# …
#Unlock1
#CautionYesPanicNo #CoronavirusOutbreak pic.twitter.com/TOajYCUfnD",[],['https://epaper.timesgroup.com/Olive/ODN/TimesOfIndia/#'],['https://pbs.twimg.com/media/EbkKT_WU8AEJA7O.png'],0,0,0,"['#unlock1', '#cautionyespanicno', '#coronavirusoutbreak']",[],https://twitter.com/TOIKochiNews/status/1277063340271923200,False,,0,,,,,,,"[{'user_id': '803904376687325184', 'username': 'TOIKochiNews'}]",,,,
1276700354441146369,1276700354441146369,1593224059000,2020-06-27,07:44:19,IST,803904376687325184,toikochinews,TOI Kochi,,"If you are missing the TOI's print edition, click here to read the TOI epaper and your city edition 

 https://epaper.timesgroup.com/Olive/ODN/TimesOfIndia/# …
#Unlock1
#CautionYesPanicNo #CoronavirusOutbreak pic.twitter.com/tdeT3TIiZs",[],['https://epaper.timesgroup.com/Olive/ODN/TimesOfIndia/#'],['https://pbs.twimg.com/media/EbfAMw-UwAYvgIy.png'],0,0,0,"['#unlock1', '#cautionyespanicno', '#coronavirusoutbreak']",[],https://twitter.com/TOIKochiNews/status/1276700354441146369,False,,0,,,,,,,"[{'user_id': '803904376687325184', 'username': 'TOIKochiNews'}]",,,,
1275979074737860609,1275979074737860609,1593052092000,2020-06-25,07:58:12,IST,803904376687325184,toikochinews,TOI Kochi,,"If you are missing the TOI's print edition, click here to read the TOI epaper and your city edition 

 https://epaper.timesgroup.com/Olive/ODN/TimesOfIndia/# …
#Unlock1
#CautionYesPanicNo #CoronavirusOutbreak pic.twitter.com/7jqyX0TJTs",[],['https://epaper.timesgroup.com/Olive/ODN/TimesOfIndia/#'],['https://pbs.twimg.com/media/EbUwM6rUYAAZL_h.png'],0,1,0,"['#unlock1', '#cautionyespanicno', '#coronavirusoutbreak']",[],https://twitter.com/TOIKochiNews/status/1275979074737860609,False,,0,,,,,,,"[{'user_id': '803904376687325184', 'username': 'TOIKochiNews'}]",,,,
1270892018303152128,1270892018303152128,1591839243000,2020-06-11,07:04:03,IST,816403943932755968,ramu_damodaran,Ramu Damodaran,,"#Unlock1.0: Kochi restaurant customers, owners embrace new dine-in norms | Kochi News - Times of India  https://timesofindia.indiatimes.com/city/kochi/unlock1-0-restaurant-customers-owners-in-kochi-embrace-new-norms/articleshow/76301547.cms …",[],['https://timesofindia.indiatimes.com/city/kochi/unlock1-0-restaurant-customers-owners-in-kochi-embrace-new-norms/articleshow/76301547.cms'],[],0,0,0,['#unlock1'],[],https://twitter.com/Ramu_Damodaran/status/1270892018303152128,False,,0,,,,,,,"[{'user_id': '816403943932755968', 'username': 'Ramu_Damodaran'}]",,,,
1270677118553333760,1270677118553333760,1591788007000,2020-06-10,16:50:07,IST,3602172434,mahirhaneeftoi,Mahir Haneef,,"""#Unlock1.0: Restaurant customers, owners in Kochi embrace new norms  http://toi.in/MfHouZ """,[],['http://toi.in/MfHouZ'],[],0,0,0,['#unlock1'],[],https://twitter.com/mahirhaneefTOI/status/1270677118553333760,False,,0,,,,,,,"[{'user_id': '3602172434', 'username': 'mahirhaneefTOI'}]",,,,
1270676243172605953,1270676243172605953,1591787799000,2020-06-10,16:46:39,IST,30846824,toicitiesnews,TOI Cities,,"#Unlock1.0: Restaurant customers, owners in Kochi embrace new norms  http://toi.in/P5sHDZ60 ",[],['http://toi.in/P5sHDZ60'],[],0,1,1,['#unlock1'],[],https://twitter.com/TOICitiesNews/status/1270676243172605953,False,,0,,,,,,,"[{'user_id': '30846824', 'username': 'TOICitiesNews'}]",,,,
1270675872689688579,1270675872689688579,1591787710000,2020-06-10,16:45:10,IST,803904376687325184,toikochinews,TOI Kochi,,"#Unlock1.0: Restaurant customers, owners in Kochi embrace new norms  http://toi.in/MfHouZ ",[],['http://toi.in/MfHouZ'],[],0,0,0,['#unlock1'],[],https://twitter.com/TOIKochiNews/status/1270675872689688579,False,,0,,,,,,,"[{'user_id': '803904376687325184', 'username': 'TOIKochiNews'}]",,,,
1270334918212464641,1270334918212464641,1591706420000,2020-06-09,18:10:20,IST,2478190514,jitbose1,Jit Bose,,"We are delighted to share that @CrownePlaza @Kochi & #HolidayInn #Kochi has reopened. Enjoy #truehospitality at our Hotels.

#AnIHGHotel #IHG #LifeAtIHG #CrownePlaza #HolidayInn #unlock1 #covid19update #KeralaComesToTwitter #kerala #IncredibleIndia #travel #tourism pic.twitter.com/w0DqJO8WwA","['crowneplaza', 'kochi']",[],['https://pbs.twimg.com/media/EaEh35DUYAAGfwj.jpg'],0,0,2,"['#holidayinn', '#kochi', '#truehospitality', '#anihghotel', '#ihg', '#lifeatihg', '#crowneplaza', '#holidayinn', '#unlock1', '#covid19update', '#keralacomestotwitter', '#kerala', '#incredibleindia', '#travel', '#tourism']",[],https://twitter.com/jitbose1/status/1270334918212464641,False,,0,,,,,,,"[{'user_id': '2478190514', 'username': 'jitbose1'}, {'user_id': '295852803', 'username': 'CrownePlaza'}, {'user_id': '169394992', 'username': 'kochi'}]",,,,
1270288031522512901,1270288031522512901,1591695242000,2020-06-09,15:04:02,IST,37034483,ndtv,NDTV,,"Kerala | Malls open in Kochi after more than two months of lockdown due to #COVID19Pandemic.

(Photos: ANI)

#Unlock1  pic.twitter.com/4ZyPTlSnwr",[],[],"['https://pbs.twimg.com/media/EaD4JK2U4AAEKMK.jpg', 'https://pbs.twimg.com/media/EaD4JK3UcAM5VRB.jpg', 'https://pbs.twimg.com/media/EaD4JK_UMAEQ7ZW.jpg', 'https://pbs.twimg.com/media/EaD4JK-VcAABCiL.jpg']",11,14,193,"['#covid19pandemic', '#unlock1']",[],https://twitter.com/ndtv/status/1270288031522512901,False,,0,,,,,,,"[{'user_id': '37034483', 'username': 'ndtv'}]",,,,
1270265985749024768,1270265985749024768,1591689986000,2020-06-09,13:36:26,IST,631810714,cnbctv18news,CNBC-TV18,,"#Visuals | Ernakulathappan temple in Kochi re-opens for devotees as per the state govt's guidelines.

#Unlock1 #RestartingIndia pic.twitter.com/mfRrpTwG4a",[],[],[],0,2,4,"['#visuals', '#unlock1', '#restartingindia']",[],https://twitter.com/CNBCTV18News/status/1270265985749024768,False,,1,,,,,,,"[{'user_id': '631810714', 'username': 'CNBCTV18News'}]",,,,
1270041759763095552,1270041759763095552,1591636526000,2020-06-08,22:45:26,IST,1066288232546091008,__tripa_holic,Manu Manuel Kurishingal,,"കടത്ത് 
#kochi #roro #unlock1 #lockdown #unplannedtrip @ Ro-ro Terminal Jetty  https://www.instagram.com/p/CBLp_HosrRH/?igshid=nuy6w94bniu8 …",[],['https://www.instagram.com/p/CBLp_HosrRH/?igshid=nuy6w94bniu8'],[],0,0,0,"['#kochi', '#roro', '#unlock1', '#lockdown', '#unplannedtrip']",[],https://twitter.com/__tripa_holic/status/1270041759763095552,False,,0,,,,,,,"[{'user_id': '1066288232546091008', 'username': '__tripa_holic'}]",,,,
