id,conversation_id,created_at,date,time,timezone,user_id,username,name,place,tweet,mentions,urls,photos,replies_count,retweets_count,likes_count,hashtags,cashtags,link,retweet,quote_url,video,near,geo,source,user_rt_id,user_rt,retweet_id,reply_to,retweet_date,translate,trans_src,trans_dest
1267620990281895936,1267464712117202944,1591059369000,2020-06-02,06:26:09,IST,251558905,sujithdifferent,Sujith KS,,"In unlock 1.0 I will be going to Kerala Kalamandalam/Thrissur District/Kerala with my Bestie @karan875
Photography is my passion so I have a plan to cover It's amazing architecture, Culture & Tradition.
#Unlock1 #weeklycontest
@carandbike

Join 📢🔊

@snow_man_14 
@adieti_sharma pic.twitter.com/CXXX96STe1","['carandbike', 'karan875', 'adieti_sharma']",[],['https://pbs.twimg.com/media/EZd-kIhVcAA5gwa.jpg'],1,3,2,"['#unlock1', '#weeklycontest']",[],https://twitter.com/SujithDifferent/status/1267620990281895936,False,,0,,,,,,,"[{'user_id': '251558905', 'username': 'SujithDifferent'}, {'user_id': '2278822326', 'username': 'carandbike'}, {'user_id': '348380826', 'username': 'karan875'}, {'user_id': '1175332924465397760', 'username': 'adieti_sharma'}]",,,,
