id,conversation_id,created_at,date,time,timezone,user_id,username,name,place,tweet,mentions,urls,photos,replies_count,retweets_count,likes_count,hashtags,cashtags,link,retweet,quote_url,video,near,geo,source,user_rt_id,user_rt,retweet_id,reply_to,retweet_date,translate,trans_src,trans_dest
1267504630327586816,1267504630327586816,1591031627000,2020-06-01,22:43:47,IST,3259092271,shefali_bagga,Shefali Bagga,,"#DelhiGovt keh rahi hai ki 4 guna zyada beds hai corona patients ke liye fir bhi itne log ye kyu keh rahe hain ki hospital mein jagah hi nahi mil rahi. Kaun jhuth bol raha hai ? #unlock1
#corona",[],[],[],28,12,260,"['#delhigovt', '#unlock1', '#corona']",[],https://twitter.com/shefali_bagga/status/1267504630327586816,False,,0,,,,,,,"[{'user_id': '3259092271', 'username': 'shefali_bagga'}]",,,,
1267358585966653440,1267358585966653440,1590996807000,2020-06-01,13:03:27,IST,1013052436972359681,indorenewslive,Indore News,,"All The Best....
..
..
#indore #indorenews #indorenewslive #corona #covid19 #lockdown5 #unlock1 #bhopal #gwalior #Ujjain #dewas #neemuch #mandsour #indorecity #Indori #CoronaVirusOutBreak #coronavirus #coronavirusmemes #india #madhyapradesh #guna #shivpuri #IndoreFightsCorona pic.twitter.com/jHuUM9R6gD",[],[],[],1,0,2,"['#indore', '#indorenews', '#indorenewslive', '#corona', '#covid19', '#lockdown5', '#unlock1', '#bhopal', '#gwalior', '#ujjain', '#dewas', '#neemuch', '#mandsour', '#indorecity', '#indori', '#coronavirusoutbreak', '#coronavirus', '#coronavirusmemes', '#india', '#madhyapradesh', '#guna', '#shivpuri', '#indorefightscorona']",[],https://twitter.com/IndoreNewsLive/status/1267358585966653440,False,,1,,,,,,,"[{'user_id': '1013052436972359681', 'username': 'IndoreNewsLive'}]",,,,
