id,conversation_id,created_at,date,time,timezone,user_id,username,name,place,tweet,mentions,urls,photos,replies_count,retweets_count,likes_count,hashtags,cashtags,link,retweet,quote_url,video,near,geo,source,user_rt_id,user_rt,retweet_id,reply_to,retweet_date,translate,trans_src,trans_dest
1277927290182283264,1277927290182283264,1593516583000,2020-06-30,16:59:43,IST,1114832187080097792,thecrimeinfo,The Crime Info,,"Unlock Part-2 : मुफ्त में तीन महीने मिलेगा गेहूं—चावल और चना
#NarendraModi #lockdownextension #MadhyaPradesh #Bhopal
#JansamparkMP #MPNews
#lockdown #Unlock2 #Unlock1
 https://www.thecrimeinfo.com/national-news/madhya-pradesh/prime-minister-narendra-modi-speech-unlock-2/ …",[],['https://www.thecrimeinfo.com/national-news/madhya-pradesh/prime-minister-narendra-modi-speech-unlock-2/'],[],0,0,0,"['#narendramodi', '#lockdownextension', '#madhyapradesh', '#bhopal', '#jansamparkmp', '#mpnews', '#lockdown', '#unlock2', '#unlock1']",[],https://twitter.com/TheCrimeInfo/status/1277927290182283264,False,,0,,,,,,,"[{'user_id': '1114832187080097792', 'username': 'TheCrimeInfo'}]",,,,
1277797929864925184,1277797929864925184,1593485741000,2020-06-30,08:25:41,IST,876801898468188160,toibhopalnews,TOI Bhopal,,"If you are missing the TOI's print edition, click here to read the TOI epaper and your city edition 

 https://epaper.timesgroup.com/Olive/ODN/TimesOfIndia/# …
#Unlock1
#CautionYesPanicNo #CoronavirusOutbreak pic.twitter.com/LQmY7GLHEK",[],['https://epaper.timesgroup.com/Olive/ODN/TimesOfIndia/#'],['https://pbs.twimg.com/media/EbumbeJUMAA1-UH.png'],0,0,0,"['#unlock1', '#cautionyespanicno', '#coronavirusoutbreak']",[],https://twitter.com/TOIBhopalNews/status/1277797929864925184,False,,0,,,,,,,"[{'user_id': '876801898468188160', 'username': 'TOIBhopalNews'}]",,,,
1277061110886064129,1277061110886064129,1593310070000,2020-06-28,07:37:50,IST,876801898468188160,toibhopalnews,TOI Bhopal,,"If you are missing the TOI's print edition, click here to read the TOI epaper and your city edition 

 https://epaper.timesgroup.com/Olive/ODN/TimesOfIndia/# …
#Unlock1
#CautionYesPanicNo #CoronavirusOutbreak pic.twitter.com/gDoYOiMuko",[],['https://epaper.timesgroup.com/Olive/ODN/TimesOfIndia/#'],['https://pbs.twimg.com/media/EbkIRSkUMAEl4kW.png'],0,0,0,"['#unlock1', '#cautionyespanicno', '#coronavirusoutbreak']",[],https://twitter.com/TOIBhopalNews/status/1277061110886064129,False,,0,,,,,,,"[{'user_id': '876801898468188160', 'username': 'TOIBhopalNews'}]",,,,
1276909300682616832,1276909300682616832,1593273875000,2020-06-27,21:34:35,IST,1013052436972359681,indorenewslive,Indore News,,"भीया आज मौसम बना है और बारिश का भी होगा इंतजार खत्म....
#RainAlertIndore
#IndiaFightsCorona #IndoreFightsCorona #StayHomeStaySafe #ICareForIndore #indorenewslive #corona #covid19 #lockdown5 #unlock1 #bhopal #gwalior #Ujjain #dewas #neemuch #mandsour #indorecity #Indori #indore pic.twitter.com/vvyJYvEeQZ",[],[],['https://pbs.twimg.com/media/Ebh-KSaUcAE3XPc.jpg'],1,0,2,"['#rainalertindore', '#indiafightscorona', '#indorefightscorona', '#stayhomestaysafe', '#icareforindore', '#indorenewslive', '#corona', '#covid19', '#lockdown5', '#unlock1', '#bhopal', '#gwalior', '#ujjain', '#dewas', '#neemuch', '#mandsour', '#indorecity', '#indori', '#indore']",[],https://twitter.com/IndoreNewsLive/status/1276909300682616832,False,,0,,,,,,,"[{'user_id': '1013052436972359681', 'username': 'IndoreNewsLive'}]",,,,
1276699921287012352,1276699921287012352,1593223955000,2020-06-27,07:42:35,IST,876801898468188160,toibhopalnews,TOI Bhopal,,"If you are missing the TOI's print edition, click here to read the TOI epaper and your city edition 

 https://epaper.timesgroup.com/Olive/ODN/TimesOfIndia/# …
#Unlock1
#CautionYesPanicNo #CoronavirusOutbreak pic.twitter.com/NOov1NgquG",[],['https://epaper.timesgroup.com/Olive/ODN/TimesOfIndia/#'],['https://pbs.twimg.com/media/Ebe_zoOUwAA82Ep.png'],0,0,1,"['#unlock1', '#cautionyespanicno', '#coronavirusoutbreak']",[],https://twitter.com/TOIBhopalNews/status/1276699921287012352,False,,0,,,,,,,"[{'user_id': '876801898468188160', 'username': 'TOIBhopalNews'}]",,,,
1275976728339349505,1275976728339349505,1593051533000,2020-06-25,07:48:53,IST,876801898468188160,toibhopalnews,TOI Bhopal,,"If you are missing the TOI's print edition, click here to read the TOI epaper and your city edition 

 https://epaper.timesgroup.com/Olive/ODN/TimesOfIndia/# …
#Unlock1
#CautionYesPanicNo #CoronavirusOutbreak pic.twitter.com/pS3jNB4mcn",[],['https://epaper.timesgroup.com/Olive/ODN/TimesOfIndia/#'],['https://pbs.twimg.com/media/EbUuBDcUMAEEAyA.png'],0,1,0,"['#unlock1', '#cautionyespanicno', '#coronavirusoutbreak']",[],https://twitter.com/TOIBhopalNews/status/1275976728339349505,False,,0,,,,,,,"[{'user_id': '876801898468188160', 'username': 'TOIBhopalNews'}]",,,,
1275632374961725441,1275632374961725441,1592969432000,2020-06-24,09:00:32,IST,4718875849,mpbreakingnews,MP Breaking News,,"Bhopal Update: जानिए भोपाल में आज से क्या होंगे नए नियम

 https://mpbreakingnews.in/madhya-pradesh/bhopal/know-what-new-rules-will-be-in-bhopal-from-today/ …
@CollectorBhopal @probhopal @ChouhanShivraj @INCMP @OfficeOfKNath @CMMadhyaPradesh @BJP4MP @drnarottammisra
#CoronaUpdates #Unlock1 #Bhopal #MadhyaPradesh","['collectorbhopal', 'probhopal', 'chouhanshivraj', 'incmp', 'officeofknath', 'cmmadhyapradesh', 'bjp4mp', 'drnarottammisra']",['https://mpbreakingnews.in/madhya-pradesh/bhopal/know-what-new-rules-will-be-in-bhopal-from-today/'],[],1,0,1,"['#coronaupdates', '#unlock1', '#bhopal', '#madhyapradesh']",[],https://twitter.com/mpbreakingnews/status/1275632374961725441,False,,0,,,,,,,"[{'user_id': '4718875849', 'username': 'mpbreakingnews'}, {'user_id': '978179906046701571', 'username': 'CollectorBhopal'}, {'user_id': '992658327665508352', 'username': 'probhopal'}, {'user_id': '1251083774', 'username': 'ChouhanShivraj'}, {'user_id': '3257583379', 'username': 'INCMP'}, {'user_id': '724205574565466112', 'username': 'OfficeOfKNath'}, {'user_id': '2506662439', 'username': 'CMMadhyaPradesh'}, {'user_id': '1618490684', 'username': 'BJP4MP'}, {'user_id': '779892669250101248', 'username': 'drnarottammisra'}]",,,,
1275384786748493824,1275384786748493824,1592910403000,2020-06-23,16:36:43,IST,559282126,pibbhopal,PIB in MP,,"यह समय अपने राष्ट्र के असली नायकों के प्रति आभार व्यक्त करने का है।

 #TogetherAgainstCOVID19 #HealthForAll #SwasthaBharat #CoronaOutbreak #Unlock1  https://twitter.com/MoHFW_INDIA/status/1275382027236159489 …",[],['https://twitter.com/MoHFW_INDIA/status/1275382027236159489'],[],0,0,0,"['#togetheragainstcovid19', '#healthforall', '#swasthabharat', '#coronaoutbreak', '#unlock1']",[],https://twitter.com/PIBBhopal/status/1275384786748493824,False,https://twitter.com/MoHFW_INDIA/status/1275382027236159489,0,,,,,,,"[{'user_id': '559282126', 'username': 'PIBBhopal'}]",,,,
1274681249135685632,1274681249135685632,1592742666000,2020-06-21,18:01:06,IST,1234724829716041729,humsamvet,humsamvet,,"unlock :  लॉकडाउन के 82 दिनों बाद क्षेत्र में दिखी सांसद प्रज्ञा ठाकुर
@INCIndia @INCMP @BJP4India
@BJP4MP @SadhviPragya_MP
#MPNews #pragyathakur #Bhopal
#MP #lockdown #Unlock1 #InternationalDayOfYoga2020
#Humsamvet https://www.humsamvet.com/slider/lockdown-after-82-day-mp-pragya-thakur-in-bhopal-2133 …","['incindia', 'incmp', 'bjp4india', 'bjp4mp', 'sadhvipragya_mp']",['https://www.humsamvet.com/slider/lockdown-after-82-day-mp-pragya-thakur-in-bhopal-2133'],[],0,0,1,"['#mpnews', '#pragyathakur', '#bhopal', '#mp', '#lockdown', '#unlock1', '#internationaldayofyoga2020', '#humsamvet']",[],https://twitter.com/humsamvet/status/1274681249135685632,False,,0,,,,,,,"[{'user_id': '1234724829716041729', 'username': 'humsamvet'}, {'user_id': '1153045459', 'username': 'INCIndia'}, {'user_id': '3257583379', 'username': 'INCMP'}, {'user_id': '207809313', 'username': 'BJP4India'}, {'user_id': '1618490684', 'username': 'BJP4MP'}, {'user_id': '1118993595648942080', 'username': 'SadhviPragya_MP'}]",,,,
1272793846393364481,1272793846393364481,1592292675000,2020-06-16,13:01:15,IST,106972578,ibc24news,IBC24 News,,"#Bhopal:  कोरोना के 47 नए पॉजिटिव मरीज मिले, #SAF के 7 जवान की #Report आई कोरोना पॉजिटिव

#COVID2019 #IndiaFightsCoronavirus #Lockdownextention #UNLOCK1 

फॉलो करें : @jyotisingh10101 
LIVETV :  http://ibc24.in/livetv  https://www.youtube.com/watch?v=2Recozc6wf8 …",['jyotisingh10101'],"['http://ibc24.in/livetv', 'https://www.youtube.com/watch?v=2Recozc6wf8']",[],0,0,3,"['#bhopal', '#saf', '#report', '#covid2019', '#indiafightscoronavirus', '#lockdownextention', '#unlock1']",[],https://twitter.com/IBC24News/status/1272793846393364481,False,,0,,,,,,,"[{'user_id': '106972578', 'username': 'IBC24News'}, {'user_id': '831844851641638912', 'username': 'jyotisingh10101'}]",,,,
1272470966182928384,1272470966182928384,1592215694000,2020-06-15,15:38:14,IST,1148200700939124736,kajal98227082,Kajal,,"#Unlock1 #bhopal #MadhyaPradesh #madhyapradeshcrisis #BREAKING #Politics #mp #hindinews #gwalior #Indore #surkhi #sanchi #temple 

Unlock : 84 दिन बाद खुले धर्मस्थल : शिवराज ने आशीर्वाद लेकर शुरू किया चुनाव प्रचार https://tinyurl.com/vt44koe ",[],['https://tinyurl.com/vt44koe'],[],0,0,0,"['#unlock1', '#bhopal', '#madhyapradesh', '#madhyapradeshcrisis', '#breaking', '#politics', '#mp', '#hindinews', '#gwalior', '#indore', '#surkhi', '#sanchi', '#temple']",[],https://twitter.com/Kajal98227082/status/1272470966182928384,False,,0,,,,,,,"[{'user_id': '1148200700939124736', 'username': 'Kajal98227082'}]",,,,
1272446739539091457,1272446739539091457,1592209918000,2020-06-15,14:01:58,IST,1234724829716041729,humsamvet,humsamvet,,"Unlock 1 : भोपाल में आज से खुल गए धार्मिक स्थल 
@INCIndia @INCMP @ChouhanShivraj @OfficeOfKNath
#coronavirus #lockdown5point0 #Unlock1 #bhopal #SocialDistancing #sanitize #Masks4All #openreligiousplace https://www.humsamvet.com/mp-info/madhya-pradesh-religious-places-opened-1978 …","['incindia', 'incmp', 'chouhanshivraj', 'officeofknath']",['https://www.humsamvet.com/mp-info/madhya-pradesh-religious-places-opened-1978'],[],0,0,3,"['#coronavirus', '#lockdown5point0', '#unlock1', '#bhopal', '#socialdistancing', '#sanitize', '#masks4all', '#openreligiousplace']",[],https://twitter.com/humsamvet/status/1272446739539091457,False,,0,,,,,,,"[{'user_id': '1234724829716041729', 'username': 'humsamvet'}, {'user_id': '1153045459', 'username': 'INCIndia'}, {'user_id': '3257583379', 'username': 'INCMP'}, {'user_id': '1251083774', 'username': 'ChouhanShivraj'}, {'user_id': '724205574565466112', 'username': 'OfficeOfKNath'}]",,,,
1272412949978603521,1272412949978603521,1592201862000,2020-06-15,11:47:42,IST,1152179234292396032,fforfries_,fforfries,,"Customer dairies 🍟
#fforfries #Unlock1 @ZomatoIN @swiggy_in #bhopal  pic.twitter.com/0ueKT6WqqG","['zomatoin', 'swiggy_in']",[],['https://pbs.twimg.com/media/EaiE0yIVcAExF5-.jpg'],1,0,2,"['#fforfries', '#unlock1', '#bhopal']",[],https://twitter.com/fforfries_/status/1272412949978603521,False,,0,,,,,,,"[{'user_id': '1152179234292396032', 'username': 'fforfries_'}, {'user_id': '3282245130', 'username': 'ZomatoIN'}, {'user_id': '2639625036', 'username': 'swiggy_in'}]",,,,
1272406411398373378,1272406411398373378,1592200303000,2020-06-15,11:21:43,IST,1113747196099399680,thefirstindia,First India,,"#MadhyaPradesh | Chief Minister #ShivrajSinghChouhan visits Karunadham Ashram in Bhopal to offer prayers, as religious places here reopened after 84 days today amid #COVID19 pandemic.

#Bhopal #Unlock #lockdown #coronavirus #Unlock1  pic.twitter.com/ocPJ6bv10N",[],[],"['https://pbs.twimg.com/media/Eah-1RZU8AABTGY.jpg', 'https://pbs.twimg.com/media/Eah-23aUcAAHM3o.jpg', 'https://pbs.twimg.com/media/Eah-4WNUcAYFBsd.jpg']",0,0,1,"['#madhyapradesh', '#shivrajsinghchouhan', '#covid19', '#bhopal', '#unlock', '#lockdown', '#coronavirus', '#unlock1']",[],https://twitter.com/thefirstindia/status/1272406411398373378,False,,0,,,,,,,"[{'user_id': '1113747196099399680', 'username': 'thefirstindia'}]",,,,
1272389548647936001,1272389548647936001,1592196282000,2020-06-15,10:14:42,IST,106972578,ibc24news,IBC24 News,,"#Bhopal:  खुल गए धार्मिक स्थल,  प्रसाद वितरण, तिलक लगाने और मंदिर में घंटा बजाने पर होगी पाबंदी

#COVID2019 #IndiaFightsCoronavirus #Lockdown5 #Lockdownextention #UNLOCK1 #MPNews 

फॉलो करें : @triptisoni6194 
LIVETV :  http://ibc24.in/livetv  https://www.youtube.com/watch?v=Un_Lc8Snr6A …",['triptisoni6194'],"['http://ibc24.in/livetv', 'https://www.youtube.com/watch?v=Un_Lc8Snr6A']",[],1,1,6,"['#bhopal', '#covid2019', '#indiafightscoronavirus', '#lockdown5', '#lockdownextention', '#unlock1', '#mpnews']",[],https://twitter.com/IBC24News/status/1272389548647936001,False,,0,,,,,,,"[{'user_id': '106972578', 'username': 'IBC24News'}, {'user_id': '2858081263', 'username': 'triptisoni6194'}]",,,,
1272384424013737985,1272384424013737985,1592195061000,2020-06-15,09:54:21,IST,1113747196099399680,thefirstindia,First India,,"#MadhyaPradesh: Religious places in #Bhopal reopened today, after about 2.5 months, amid #COVID19 pandemic. Visuals from Birla Mandir. Temple administration says, ""All govt guidelines are being followed. We have made mask compulsory for everyone at the temple.""

#Unlock1 #COVID pic.twitter.com/er6BOH2d2k",[],[],"['https://pbs.twimg.com/media/Eahqx_qUEAA_n8A.jpg', 'https://pbs.twimg.com/media/EahqzfiVAAAmBo3.jpg', 'https://pbs.twimg.com/media/Eahq2x5U8AEqxBu.jpg', 'https://pbs.twimg.com/media/Eahq4lRUwAIHtPR.jpg']",0,0,0,"['#madhyapradesh', '#bhopal', '#covid19', '#unlock1', '#covid']",[],https://twitter.com/thefirstindia/status/1272384424013737985,False,,0,,,,,,,"[{'user_id': '1113747196099399680', 'username': 'thefirstindia'}]",,,,
1272362651037732864,1272362651037732864,1592189870000,2020-06-15,08:27:50,IST,34206701,news24tvchannel,News24,,"Bhopal में आज से खुलेंगे सभी धार्मिक स्थल, लॉकडाउन के बाद खुलेंगे मंदिर मस्जिद । 

#MadhyaPradesh #Unlock1 @_poojaLive @JournalistVipin pic.twitter.com/Sfm2IWpXi4","['_poojalive', 'journalistvipin']",[],[],0,4,20,"['#madhyapradesh', '#unlock1']",[],https://twitter.com/news24tvchannel/status/1272362651037732864,False,,1,,,,,,,"[{'user_id': '34206701', 'username': 'news24tvchannel'}, {'user_id': '2756105358', 'username': '_poojaLive'}, {'user_id': '630011367', 'username': 'JournalistVipin'}]",,,,
1272053475740839937,1271871145931796480,1592116156000,2020-06-14,11:59:16,IST,1687916005,pranjal247,Pranjal Sharma,,"@DDNewslive - 

Amoli Awasthi - 5 years - St. Mont Fort School, Bhopal (M.P.)

#Unlock1.0challenge 
#mylife_myyoga
#suryanamaskar pic.twitter.com/rF49YBilK5",['ddnewslive'],[],"['https://pbs.twimg.com/media/Eac9q60U8AAf2uP.jpg', 'https://pbs.twimg.com/media/Eac9tFEUwAEOLxn.jpg']",0,0,0,"['#unlock1', '#mylife_myyoga', '#suryanamaskar']",[],https://twitter.com/pranjal247/status/1272053475740839937,False,,0,,,,,,,"[{'user_id': '1687916005', 'username': 'pranjal247'}, {'user_id': '1100927498', 'username': 'DDNewslive'}]",,,,
1272009707692060672,1272009707692060672,1592105721000,2020-06-14,09:05:21,IST,42606652,aajtak,AajTak,,"भोपाल में धार्मिक स्थल खोलने के लिए निर्देश जारी
@ReporterRavish | #Bhopal #Unlock1
 https://aajtak.intoday.in/story/amid-coronavirus-madhya-pradesh-bhopal-all-religious-places-will-open-from-15th-june-except-containment-zone-1-1200623.html …",['reporterravish'],['https://aajtak.intoday.in/story/amid-coronavirus-madhya-pradesh-bhopal-all-religious-places-will-open-from-15th-june-except-containment-zone-1-1200623.html'],[],5,12,209,"['#bhopal', '#unlock1']",[],https://twitter.com/aajtak/status/1272009707692060672,False,,0,,,,,,,"[{'user_id': '42606652', 'username': 'aajtak'}, {'user_id': '735440834116476929', 'username': 'ReporterRavish'}]",,,,
1271756896010006528,1271756896010006528,1592045446000,2020-06-13,16:20:46,IST,1234724829716041729,humsamvet,humsamvet,,"Corona MP: कांग्रेस विधायक कुणाल चौधरी पॉजिटिव 
@INCIndia @INCMP @KunalChoudhary_ @COVIDNewsByMIB
#CoronavirusIndia #Unlock1 #CoronaPositive #Bhopal #IndoreFightsCorona #FightAgainstCorona https://www.humsamvet.com/mp-info/madhya-pradesh-corona-congress-mla-kunal-choudhary-positive-1921 …","['incindia', 'incmp', 'kunalchoudhary_', 'covidnewsbymib']",['https://www.humsamvet.com/mp-info/madhya-pradesh-corona-congress-mla-kunal-choudhary-positive-1921'],[],1,0,2,"['#coronavirusindia', '#unlock1', '#coronapositive', '#bhopal', '#indorefightscorona', '#fightagainstcorona']",[],https://twitter.com/humsamvet/status/1271756896010006528,False,,0,,,,,,,"[{'user_id': '1234724829716041729', 'username': 'humsamvet'}, {'user_id': '1153045459', 'username': 'INCIndia'}, {'user_id': '3257583379', 'username': 'INCMP'}, {'user_id': '399437937', 'username': 'KunalChoudhary_'}, {'user_id': '1244892413262311425', 'username': 'COVIDNewsByMIB'}]",,,,
1271659336922615809,1271659336922615809,1592022186000,2020-06-13,09:53:06,IST,86046157,ranashu,Ranjan Srivastava,,"Social distancing norms thrown to wind during union agriculture minister’s birthday bash via @htTweets  https://m.hindustantimes.com/india-news/social-distancing-norms-thrown-to-wind-during-union-agriculture-minister-s-birthday-bash/story-GfpIADeayMFvKXtP1ku7LI.html …
#COVID #COVID19 #Covid_19india #coronavirus #CoronaWarrior #Unlock1 #MadhyaPradesh #Bhopal #Indore @BJP4India @BJP4MP @INCIndia @INCMP @SevadalMP","['httweets', 'bjp4india', 'bjp4mp', 'incindia', 'incmp', 'sevadalmp']",['https://m.hindustantimes.com/india-news/social-distancing-norms-thrown-to-wind-during-union-agriculture-minister-s-birthday-bash/story-GfpIADeayMFvKXtP1ku7LI.html'],[],1,0,2,"['#covid', '#covid19', '#covid_19india', '#coronavirus', '#coronawarrior', '#unlock1', '#madhyapradesh', '#bhopal', '#indore']",[],https://twitter.com/ranashu/status/1271659336922615809,False,,0,,,,,,,"[{'user_id': '86046157', 'username': 'ranashu'}, {'user_id': '36327407', 'username': 'htTweets'}, {'user_id': '207809313', 'username': 'BJP4India'}, {'user_id': '1618490684', 'username': 'BJP4MP'}, {'user_id': '1153045459', 'username': 'INCIndia'}, {'user_id': '3257583379', 'username': 'INCMP'}, {'user_id': '1052960733833715713', 'username': 'SevadalMP'}]",,,,
1271322504338890755,1271322504338890755,1591941879000,2020-06-12,11:34:39,IST,106972578,ibc24news,IBC24 News,,"#Bhopal: निगम अधिकारी नहीं कर रहे नियमों का पालन, बिना मास्क पहने कार्रवाई करते दिखे अधिकारी

#COVID2019 #IndiaFightsCoronavirus #Lockdown5 #Lockdownextention #UNLOCK1 #MPNews 

फॉलो करें : @SHRAWAN_TAMBOLI 
LIVETV :  http://ibc24.in/livetv  pic.twitter.com/OaV4xDsYPH",['shrawan_tamboli'],['http://ibc24.in/livetv'],[],0,1,3,"['#bhopal', '#covid2019', '#indiafightscoronavirus', '#lockdown5', '#lockdownextention', '#unlock1', '#mpnews']",[],https://twitter.com/IBC24News/status/1271322504338890755,False,,1,,,,,,,"[{'user_id': '106972578', 'username': 'IBC24News'}, {'user_id': '806092886', 'username': 'SHRAWAN_TAMBOLI'}]",,,,
1271319493659160586,1271319493659160586,1591941161000,2020-06-12,11:22:41,IST,106972578,ibc24news,IBC24 News,,"#Bhopal: डॉक्टरों की शानदार पहल, कोरोना मरीज का मनाया बर्थ-डे 

#COVID2019 #IndiaFightsCoronavirus #Lockdown5 #Lockdownextention #UNLOCK1 #MPNews 

फॉलो करें : @triptisoni6194
LIVETV :  http://ibc24.in/livetv  pic.twitter.com/3HG8pODWuB",['triptisoni6194'],['http://ibc24.in/livetv'],[],0,2,7,"['#bhopal', '#covid2019', '#indiafightscoronavirus', '#lockdown5', '#lockdownextention', '#unlock1', '#mpnews']",[],https://twitter.com/IBC24News/status/1271319493659160586,False,,1,,,,,,,"[{'user_id': '106972578', 'username': 'IBC24News'}, {'user_id': '2858081263', 'username': 'triptisoni6194'}]",,,,
1271308961317130240,1271308961317130240,1591938650000,2020-06-12,10:40:50,IST,86046157,ranashu,Ranjan Srivastava,,"Recite Hanuman Chalisa 11 times: MP Congress leader’s remedy to keep Covid-19 away via @htTweets  https://m.hindustantimes.com/bhopal/recite-hanuman-chalisa-11-times-mp-congress-leader-s-remedy-to-keep-covid-19-away/story-TGRzYvdITgnPm8ZCzeZfbM.html …
#COVID__19 #COVID19 #COVID #coronavirus #Corona #Unlock1 @BJP4India @BJP4MP @INCIndia @INCMP @SevadalMP #MadhyaPradesh #Bhopal #Sehore","['httweets', 'bjp4india', 'bjp4mp', 'incindia', 'incmp', 'sevadalmp']",['https://m.hindustantimes.com/bhopal/recite-hanuman-chalisa-11-times-mp-congress-leader-s-remedy-to-keep-covid-19-away/story-TGRzYvdITgnPm8ZCzeZfbM.html'],[],3,0,3,"['#covid__19', '#covid19', '#covid', '#coronavirus', '#corona', '#unlock1', '#madhyapradesh', '#bhopal', '#sehore']",[],https://twitter.com/ranashu/status/1271308961317130240,False,,0,,,,,,,"[{'user_id': '86046157', 'username': 'ranashu'}, {'user_id': '36327407', 'username': 'htTweets'}, {'user_id': '207809313', 'username': 'BJP4India'}, {'user_id': '1618490684', 'username': 'BJP4MP'}, {'user_id': '1153045459', 'username': 'INCIndia'}, {'user_id': '3257583379', 'username': 'INCMP'}, {'user_id': '1052960733833715713', 'username': 'SevadalMP'}]",,,,
1271281271272960005,1271281271272960005,1591932048000,2020-06-12,08:50:48,IST,106972578,ibc24news,IBC24 News,,"#Bhopal में हफ्ते में 2 दिन रहेगा #TotalLockdown, #NarottamMishra ने दी जानकारी

@drnarottammisra @BJP4MP #COVID2019 #IndiaFightsCoronavirus #Lockdown5 #Lockdownextention #UNLOCK1 #MPNews 

फॉलो करें : @triptisoni6194 
LIVETV :  http://ibc24.in/livetv  https://www.youtube.com/watch?v=_pOs_8QC6y0 …","['drnarottammisra', 'bjp4mp', 'triptisoni6194']","['http://ibc24.in/livetv', 'https://www.youtube.com/watch?v=_pOs_8QC6y0']",[],0,0,3,"['#bhopal', '#totallockdown', '#narottammishra', '#covid2019', '#indiafightscoronavirus', '#lockdown5', '#lockdownextention', '#unlock1', '#mpnews']",[],https://twitter.com/IBC24News/status/1271281271272960005,False,,0,,,,,,,"[{'user_id': '106972578', 'username': 'IBC24News'}, {'user_id': '779892669250101248', 'username': 'drnarottammisra'}, {'user_id': '1618490684', 'username': 'BJP4MP'}, {'user_id': '2858081263', 'username': 'triptisoni6194'}]",,,,
1271038810155974662,1271038810155974662,1591874241000,2020-06-11,16:47:21,IST,1013052436972359681,indorenewslive,Indore News,,"इंदौर।कनाड़िया बायपास पर शराब प्रेमियों का जमावड़ा। संक्रमण का कोई भय नहीं।
#WineShop #LiquorShop #LiquoeLover #IndoreFightsCorona #StayHomeStaySafe #ICareForIndore #IndoreNewslive #IndoreNews #Corona #Covid19 #LockDown5 #Unlock1 #Bhopal #Mandsour #IndoreCity #Indori #Indore pic.twitter.com/5uxMshy912",[],[],['https://pbs.twimg.com/media/EaOjCXhUwAAIQv5.jpg'],1,1,6,"['#wineshop', '#liquorshop', '#liquoelover', '#indorefightscorona', '#stayhomestaysafe', '#icareforindore', '#indorenewslive', '#indorenews', '#corona', '#covid19', '#lockdown5', '#unlock1', '#bhopal', '#mandsour', '#indorecity', '#indori', '#indore']",[],https://twitter.com/IndoreNewsLive/status/1271038810155974662,False,,0,,,,,,,"[{'user_id': '1013052436972359681', 'username': 'IndoreNewsLive'}]",,,,
1270564312977833984,1270564312977833984,1591761112000,2020-06-10,09:21:52,IST,2242407020,bansalnewsbpl,Bansal News,,"भोपाल को भारी ना पड़ जाए लापरवाही 
दिल्ली-मुम्बई में जैसे हालात ना बन जाएं
दिल्ली में 14 दिनों में दोगुने हुए संक्रमित
मुम्बई में धारावी बढ़ा रहा टेंशन
#DMART #Corona #Unlock1 #jhangirabad #jathkhedi #Bhopal #News pic.twitter.com/I4Z8Hx1EjX",[],[],[],1,1,5,"['#dmart', '#corona', '#unlock1', '#jhangirabad', '#jathkhedi', '#bhopal', '#news']",[],https://twitter.com/BansalNewsbpl/status/1270564312977833984,False,,1,,,,,,,"[{'user_id': '2242407020', 'username': 'BansalNewsbpl'}]",,,,
1270338567579906048,1270338567579906048,1591707290000,2020-06-09,18:24:50,IST,106972578,ibc24news,IBC24 News,,"कोरोना के 27 मरीज हुए स्वस्थ, #Bhopal में #RecoveryRate में हुआ सुधार

 #COVID2019 #IndiaFightsCoronavirus #Lockdown5 #Lockdownextention #UNLOCK1 #MPNews 

फॉलो करें : @puneetpathak78 
LIVETV :  http://ibc24.in/livetv  pic.twitter.com/BLbrDIiT75",['puneetpathak78'],['http://ibc24.in/livetv'],[],0,2,8,"['#bhopal', '#recoveryrate', '#covid2019', '#indiafightscoronavirus', '#lockdown5', '#lockdownextention', '#unlock1', '#mpnews']",[],https://twitter.com/IBC24News/status/1270338567579906048,False,,1,,,,,,,"[{'user_id': '106972578', 'username': 'IBC24News'}, {'user_id': '156666833', 'username': 'puneetpathak78'}]",,,,
1270279480993595394,1270279480993595394,1591693203000,2020-06-09,14:30:03,IST,86046157,ranashu,Ranjan Srivastava,,"Madhya Pradesh’s Covid-19 peak likely in July, drop in tests: Data via @htTweets  https://m.hindustantimes.com/india-news/mp-s-peak-likely-in-july-drop-in-tests-data/story-qTtTz2eYp0o6dcmjRcOCuI.html …
#COVID__19 #COVID19India #Unlock1 #coronavirus #MadhyaPradesh #Bhopal #Indore",['httweets'],['https://m.hindustantimes.com/india-news/mp-s-peak-likely-in-july-drop-in-tests-data/story-qTtTz2eYp0o6dcmjRcOCuI.html'],[],1,3,3,"['#covid__19', '#covid19india', '#unlock1', '#coronavirus', '#madhyapradesh', '#bhopal', '#indore']",[],https://twitter.com/ranashu/status/1270279480993595394,False,,0,,,,,,,"[{'user_id': '86046157', 'username': 'ranashu'}, {'user_id': '36327407', 'username': 'htTweets'}]",,,,
1270261213809664000,1270261213809664000,1591688848000,2020-06-09,13:17:28,IST,106972578,ibc24news,IBC24 News,,"#Bhopal: #ShoppingMall #Hotel #Restaurant का होगा निरीक्षण, प्रशासन ने बनाई 3 सदस्यीय #Team
#COVID2019 #IndiaFightsCoronavirus #Lockdown5 #Lockdownextention #UNLOCK1 #MPNews 

फॉलो करें : @triptisoni6194 
LIVETV :  http://ibc24.in/livetv  pic.twitter.com/nIXGI6Dmtj",['triptisoni6194'],['http://ibc24.in/livetv'],[],0,5,9,"['#bhopal', '#shoppingmall', '#hotel', '#restaurant', '#team', '#covid2019', '#indiafightscoronavirus', '#lockdown5', '#lockdownextention', '#unlock1', '#mpnews']",[],https://twitter.com/IBC24News/status/1270261213809664000,False,,1,,,,,,,"[{'user_id': '106972578', 'username': 'IBC24News'}, {'user_id': '2858081263', 'username': 'triptisoni6194'}]",,,,
1270239550032379904,1270239550032379904,1591683683000,2020-06-09,11:51:23,IST,106972578,ibc24news,IBC24 News,,"#Bhopal: कोरोना से कर्मचारी की हुई मौत पर हड़कंप,  कर्मचारियों की #Sampling और #Quarantine करने की मांग

#COVID2019 #IndiaFightsCoronavirus #Lockdown5 #Lockdownextention #UNLOCK1 #MPNews 

फॉलो करें : @triptisoni6194 
LIVETV :  http://ibc24.in/livetv  pic.twitter.com/S5rLCIwfMA",['triptisoni6194'],['http://ibc24.in/livetv'],[],0,0,3,"['#bhopal', '#sampling', '#quarantine', '#covid2019', '#indiafightscoronavirus', '#lockdown5', '#lockdownextention', '#unlock1', '#mpnews']",[],https://twitter.com/IBC24News/status/1270239550032379904,False,,1,,,,,,,"[{'user_id': '106972578', 'username': 'IBC24News'}, {'user_id': '2858081263', 'username': 'triptisoni6194'}]",,,,
1269952187188359170,1269952187188359170,1591615170000,2020-06-08,16:49:30,IST,1043533392,pushpendra_psp,pushpendra patel,,"Dekhte h ab VIP or KD pe kitte logo ko degree milti h or kis kis vo vaccine 😂😂😂
#coronavirus #bhopal #lockdown #unlock2 #Unlock1",[],[],[],1,0,1,"['#coronavirus', '#bhopal', '#lockdown', '#unlock2', '#unlock1']",[],https://twitter.com/pushpendra_psp/status/1269952187188359170,False,,0,,,,,,,"[{'user_id': '1043533392', 'username': 'pushpendra_psp'}]",,,,
1269907396308037632,1269907396308037632,1591604491000,2020-06-08,13:51:31,IST,106972578,ibc24news,IBC24 News,,"#Bhopal: कोरोना के 60 नए पॉजिटिव मरीज मिले, 108 Ambulance Call Center में 6 नए संक्रमित

#COVID2019 #IndiaFightsCoronavirus #Lockdown5 #Lockdownextention #UNLOCK1 #MPNews 

फॉलो करें : @jyotisingh10101 
LIVETV :  http://ibc24.in/livetv  https://www.youtube.com/watch?v=s_CqlGJZ378 …",['jyotisingh10101'],"['http://ibc24.in/livetv', 'https://www.youtube.com/watch?v=s_CqlGJZ378']",[],0,1,2,"['#bhopal', '#covid2019', '#indiafightscoronavirus', '#lockdown5', '#lockdownextention', '#unlock1', '#mpnews']",[],https://twitter.com/IBC24News/status/1269907396308037632,False,,0,,,,,,,"[{'user_id': '106972578', 'username': 'IBC24News'}, {'user_id': '831844851641638912', 'username': 'jyotisingh10101'}]",,,,
1269903434120957952,1269903434120957952,1591603547000,2020-06-08,13:35:47,IST,1113747196099399680,thefirstindia,First India,,"#MadhyaPradesh | Religious places, shopping malls, restaurants and hotels reopen across the state except some restrictions in Bhopal and Indore.

#unlock2 #Unlock1 #Bhopal #Indore #Coronavirus pic.twitter.com/T6vx66n1QP",[],[],['https://pbs.twimg.com/media/EZ-aaVHU0AAfJ6P.jpg'],0,0,1,"['#madhyapradesh', '#unlock2', '#unlock1', '#bhopal', '#indore', '#coronavirus']",[],https://twitter.com/thefirstindia/status/1269903434120957952,False,,0,,,,,,,"[{'user_id': '1113747196099399680', 'username': 'thefirstindia'}]",,,,
1269854507527221248,1269854507527221248,1591591882000,2020-06-08,10:21:22,IST,1148200700939124736,kajal98227082,Kajal,,"#Unlock1 #IndiaFightsCoronavirus #MadhyaPradesh #Indore #Bhopal #gwalior #Indian 

Unlock 1.0: MP में आज से क्या खुला और क्या बंद है https://tinyurl.com/vt44koe ",[],['https://tinyurl.com/vt44koe'],[],0,0,0,"['#unlock1', '#indiafightscoronavirus', '#madhyapradesh', '#indore', '#bhopal', '#gwalior', '#indian']",[],https://twitter.com/Kajal98227082/status/1269854507527221248,False,,0,,,,,,,"[{'user_id': '1148200700939124736', 'username': 'Kajal98227082'}]",,,,
1269852187582009345,1269852187582009345,1591591328000,2020-06-08,10:12:08,IST,106972578,ibc24news,IBC24 News,,"आज से मध्यप्रदेश भी हुआ #Unlock, #Gwalior में खुले धार्मिक स्थल, #Bhopal #Jabalpur #Indore में अनुमति नहीं

#COVID2019 #IndiaFightsCoronavirus #Lockdown5 #Lockdownextention #UNLOCK1 #MPNews 

फॉलो करें : @triptisoni6194 
LIVETV :  http://ibc24.in/livetv  https://www.youtube.com/watch?v=DAPmhK60csQ …",['triptisoni6194'],"['http://ibc24.in/livetv', 'https://www.youtube.com/watch?v=DAPmhK60csQ']",[],1,1,4,"['#unlock', '#gwalior', '#bhopal', '#jabalpur', '#indore', '#covid2019', '#indiafightscoronavirus', '#lockdown5', '#lockdownextention', '#unlock1', '#mpnews']",[],https://twitter.com/IBC24News/status/1269852187582009345,False,,0,,,,,,,"[{'user_id': '106972578', 'username': 'IBC24News'}, {'user_id': '2858081263', 'username': 'triptisoni6194'}]",,,,
1269837408742318080,1269837408742318080,1591587805000,2020-06-08,09:13:25,IST,1148200700939124736,kajal98227082,Kajal,,"#MadhyaPradesh #Temples #tikamgarh #Unlock1 #CoronavirusIndia #Lockdown5 #public #Indore #gwalior #Bhopal #religious #SocialDistancing 

पट खुलने से पहले ही रामराजा और कुंडेश्वर मंदिर में लगी कतार
 https://tinyurl.com/vt44koe ",[],['https://tinyurl.com/vt44koe'],[],0,0,0,"['#madhyapradesh', '#temples', '#tikamgarh', '#unlock1', '#coronavirusindia', '#lockdown5', '#public', '#indore', '#gwalior', '#bhopal', '#religious', '#socialdistancing']",[],https://twitter.com/Kajal98227082/status/1269837408742318080,False,,0,,,,,,,"[{'user_id': '1148200700939124736', 'username': 'Kajal98227082'}]",,,,
1269826771379093506,1269826771379093506,1591585269000,2020-06-08,08:31:09,IST,973080382991097857,ddnewsgujarati,DD News Gujarati,,"અનલોક 1.0 ની ગાઇડલાઇન્સ મુજબ આજથી શોપિંગ મોલ, હોટલ, રેસ્ટોરન્ટ અને ધાર્મિક સ્થળો ખોલાયા, 

➡️કોરોના વાઇરસના સંક્રમણને લઇને ગોવા અને ભોપાલમાં બંધ રહેશે ધાર્મિક સ્થળો

#Unlock1 #religious #malls #restaurants #hotels #Goa #Bhopal  pic.twitter.com/wlXDb0C9V8",[],[],['https://pbs.twimg.com/media/EZ9UtH4VAAAfEgA.png'],1,5,19,"['#unlock1', '#religious', '#malls', '#restaurants', '#hotels', '#goa', '#bhopal']",[],https://twitter.com/DDNewsGujarati/status/1269826771379093506,False,,0,,,,,,,"[{'user_id': '973080382991097857', 'username': 'DDNewsGujarati'}]",,,,
1269815366840135680,1269815366840135680,1591582550000,2020-06-08,07:45:50,IST,1100927498,ddnewslive,DD News,,"#Unlock1 

States, UTs set to open religious places, malls, restaurants, hotels and offices from today; Goa, Bhopal defer opening of religious places for now  pic.twitter.com/e9a5MblVOu",[],[],['https://pbs.twimg.com/media/EZ9J4u6XgAMfSeG.jpg'],0,15,72,['#unlock1'],[],https://twitter.com/DDNewslive/status/1269815366840135680,False,,0,,,,,,,"[{'user_id': '1100927498', 'username': 'DDNewslive'}]",,,,
1269807716366782466,1269807716366782466,1591580726000,2020-06-08,07:15:26,IST,36327407,httweets,Hindustan Times,,"#Unlock1 | Shrines will open in Ujjain, but places of worship to remain shut in Bhopal, Indore

 https://www.hindustantimes.com/india-news/shrines-will-open-in-ujjain-but-places-of-worship-to-remain-shut-in-bhopal-indore/story-KgFQePVCxQbsVSvaTImY3O.html … pic.twitter.com/gLr0WTlzJW",[],['https://www.hindustantimes.com/india-news/shrines-will-open-in-ujjain-but-places-of-worship-to-remain-shut-in-bhopal-indore/story-KgFQePVCxQbsVSvaTImY3O.html'],['https://pbs.twimg.com/media/EZ9DXnvWoAAlAE9.jpg'],5,34,339,['#unlock1'],[],https://twitter.com/htTweets/status/1269807716366782466,False,,0,,,,,,,"[{'user_id': '36327407', 'username': 'htTweets'}]",,,,
1269609164583690241,1269609164583690241,1591533387000,2020-06-07,18:06:27,IST,976127545,manojsharmabpl,Manoj Sharma,,"Religious places in Bhopal will not be opened for worship on June 8: @CollectorBhopal
#Unlock1 @News18India @CNNnews18","['collectorbhopal', 'news18india', 'cnnnews18']",[],[],0,0,1,['#unlock1'],[],https://twitter.com/ManojSharmaBpl/status/1269609164583690241,False,,0,,,,,,,"[{'user_id': '976127545', 'username': 'ManojSharmaBpl'}, {'user_id': '978179906046701571', 'username': 'CollectorBhopal'}, {'user_id': '98362607', 'username': 'News18India'}, {'user_id': '6509832', 'username': 'CNNnews18'}]",,,,
1269584940838125569,1269584940838125569,1591527612000,2020-06-07,16:30:12,IST,1267825671352377346,hindivarta24,हिंदी वार्ता 24,,"धर्म गुरुओं ने #धार्मिकस्थलों को फिर से खोलने की तैयारी के लिए और समय मांगा है, इसलिए हमने कल भोपाल में धार्मिक स्थलों को फिर से नहीं खोलने का फैसला किया है। तैयारियों की समीक्षा के बाद अगले सप्ताह उन्हें फिर से खोला जाएगा: भोपाल जिला कलेक्टर। 
#Bhopal
#Unlock1
#COVIDー19",[],[],[],1,0,0,"['#धार्मिकस्थलों', '#bhopal', '#unlock1', '#covidー19']",[],https://twitter.com/HindiVarta24/status/1269584940838125569,False,,0,,,,,,,"[{'user_id': '1267825671352377346', 'username': 'HindiVarta24'}]",,,,
1269571848401903616,1269571848401903616,1591524490000,2020-06-07,15:38:10,IST,828841083257778176,latestly,LatestLY,,"Unlock 1: Religious Places Not to Reopen in Bhopal From Tomorrow, Says District Collector Tarun Pithode | Read full report #Unlock1 #ReligiousPlaces #Bhopal #MadhyaPradesh #Lockdown5 https://www.latestly.com/india/news/unlock-1-religious-places-not-to-reopen-in-bhopal-from-tomorrow-says-district-collector-tarun-pithode-1806504.html …",[],['https://www.latestly.com/india/news/unlock-1-religious-places-not-to-reopen-in-bhopal-from-tomorrow-says-district-collector-tarun-pithode-1806504.html'],[],1,0,2,"['#unlock1', '#religiousplaces', '#bhopal', '#madhyapradesh', '#lockdown5']",[],https://twitter.com/latestly/status/1269571848401903616,False,,0,,,,,,,"[{'user_id': '828841083257778176', 'username': 'latestly'}]",,,,
1269564305613090817,1269564305613090817,1591522692000,2020-06-07,15:08:12,IST,1064483377900773381,theritamapp,Ritam | ऋतम्,,धर्म गुरुओं ने धार्मिक स्थानों को फिर से खोलने की तैयारी के लिए और समय मांगा है इसलिए हमने कल भोपाल में धार्मिक स्थलों को फिर से नहीं खोलने का फैसला किया है। तैयारियों की समीक्षा के बाद अगले सप्ताह उन्हें फिर से खोला जाएगा: भोपाल जिला कलेक्टर #Bhopal #Unlock1 #COVIDー19,[],[],[],1,1,7,"['#bhopal', '#unlock1', '#covidー19']",[],https://twitter.com/TheRitamApp/status/1269564305613090817,False,,0,,,,,,,"[{'user_id': '1064483377900773381', 'username': 'TheRitamApp'}]",,,,
1269456247121731584,1269456247121731584,1591496929000,2020-06-07,07:58:49,IST,997214626466021376,drjawahars,Dr Jawahar Singh MD,,"Opinion of Director AIIMS Bhopal, #DrSarmanSingh on #COVID19 related #Lockdown & #Unlock1  pic.twitter.com/yI9Yk96l7x",[],[],['https://pbs.twimg.com/media/EZ4DtiBVAAAdBST.jpg'],1,15,34,"['#drsarmansingh', '#covid19', '#lockdown', '#unlock1']",[],https://twitter.com/DrJawahars/status/1269456247121731584,False,,0,,,,,,,"[{'user_id': '997214626466021376', 'username': 'DrJawahars'}]",,,,
1269254174966861824,1269254174966861824,1591448751000,2020-06-06,18:35:51,IST,1112002333217439744,prashampreet,Prasham Preet,,"“Chandrashekhar Tiwari”, The priest in Bhopal “Maa Vaishnavadham Nav Durga Temple” said that he’s against the usage of sensitisers in Temple premises, because it contains alcohol. 

We need to understand that safety, at this time is of utmost importance  

#Bhopal #India #Unlock1",[],[],[],1,1,1,"['#bhopal', '#india', '#unlock1']",[],https://twitter.com/PrashamPreet/status/1269254174966861824,False,,0,,,,,,,"[{'user_id': '1112002333217439744', 'username': 'PrashamPreet'}]",,,,
1269198103174766595,1269198103174766595,1591435383000,2020-06-06,14:53:03,IST,106972578,ibc24news,IBC24 News,,"#Bhopal: कोरोना से उच्च शिक्षा विभाग के #OSD की मौत, चिरायु अस्पताल में इलाज के दौरान मौत

#COVID2019 #IndiaFightsCoronavirus #Lockdown5 #Lockdownextention #UNLOCK1 #MPNews 

फॉलो करें : @jyotisingh10101 
LIVETV :  http://ibc24.in/livetv  pic.twitter.com/1y7gcsYr8V",['jyotisingh10101'],['http://ibc24.in/livetv'],[],2,19,30,"['#bhopal', '#osd', '#covid2019', '#indiafightscoronavirus', '#lockdown5', '#lockdownextention', '#unlock1', '#mpnews']",[],https://twitter.com/IBC24News/status/1269198103174766595,False,,1,,,,,,,"[{'user_id': '106972578', 'username': 'IBC24News'}, {'user_id': '831844851641638912', 'username': 'jyotisingh10101'}]",,,,
1269175032976048130,1269175032976048130,1591429882000,2020-06-06,13:21:22,IST,106972578,ibc24news,IBC24 News,,"#Bhopal: #Auto में #SocialDistancing का पालन, ऑटो में #Frame लगाकर दो भागों में बांटा

#COVID2019 #IndiaFightsCoronavirus #Lockdown5 #Lockdownextention #UNLOCK1 #MPNews 

फॉलो करें : @triptisoni6194 
LIVETV :  http://ibc24.in/livetv  https://www.youtube.com/watch?v=ZruBk_HR_yo …",['triptisoni6194'],"['http://ibc24.in/livetv', 'https://www.youtube.com/watch?v=ZruBk_HR_yo']",[],0,0,1,"['#bhopal', '#auto', '#socialdistancing', '#frame', '#covid2019', '#indiafightscoronavirus', '#lockdown5', '#lockdownextention', '#unlock1', '#mpnews']",[],https://twitter.com/IBC24News/status/1269175032976048130,False,,0,,,,,,,"[{'user_id': '106972578', 'username': 'IBC24News'}, {'user_id': '2858081263', 'username': 'triptisoni6194'}]",,,,
1268880222004359174,1268880222004359174,1591359594000,2020-06-05,17:49:54,IST,1715936318,shubhampinku,Shubham Sharma,,"इंदौर में 4 जून तक 147 कोरोना संक्रमित मिले हैं, जबकि भोपाल में 163 मरीज पॉजिटिव आए हैं. #Unlock1 में #Bhopal ने #indore को पछाड़ दिया है. अब तो जागों सरकार.",[],[],[],2,0,13,"['#unlock1', '#bhopal', '#indore']",[],https://twitter.com/Shubhampinku/status/1268880222004359174,False,,0,,,,,,,"[{'user_id': '1715936318', 'username': 'Shubhampinku'}]",,,,
1268830164823097347,1268830164823097347,1591347659000,2020-06-05,14:30:59,IST,106972578,ibc24news,IBC24 News,,"#Bhopal में #Indore से ज्यादा #Case,  6वें से 7वें स्थान पर पहुंचा #MadhyaPradesh
#COVID2019 #IndiaFightsCoronavirus #Lockdown5 #Lockdownextention #UNLOCK1 #MPNews 

फॉलो करें : @SHRAWAN_TAMBOLI 
LIVETV :  http://ibc24.in/livetv  https://www.youtube.com/watch?v=6CMyKFwSdPY …",['shrawan_tamboli'],"['http://ibc24.in/livetv', 'https://www.youtube.com/watch?v=6CMyKFwSdPY']",[],0,1,4,"['#bhopal', '#indore', '#case', '#madhyapradesh', '#covid2019', '#indiafightscoronavirus', '#lockdown5', '#lockdownextention', '#unlock1', '#mpnews']",[],https://twitter.com/IBC24News/status/1268830164823097347,False,,0,,,,,,,"[{'user_id': '106972578', 'username': 'IBC24News'}, {'user_id': '806092886', 'username': 'SHRAWAN_TAMBOLI'}]",,,,
1268800488440344577,1268800488440344577,1591340584000,2020-06-05,12:33:04,IST,2164403707,nai_dunia,NaiDunia,,"Bhopal Unlock1 Update : मंदिर में सैनिटाइजर मशीन का विरोध, पुजारी ने कही ऐसी बात
 https://www.naidunia.com/madhya-pradesh/bhopal-bhopal-unlock1-update-alcohol-in-sanitizer-priest-opposes-sanitizer-machine-in-temple-5600951 …
#madhyapradesh #mpnews #madhyapradeshNews #shivrajsinghchauhan #Coronavirus #Coronavirusinindia",[],['https://www.naidunia.com/madhya-pradesh/bhopal-bhopal-unlock1-update-alcohol-in-sanitizer-priest-opposes-sanitizer-machine-in-temple-5600951'],[],0,0,1,"['#madhyapradesh', '#mpnews', '#madhyapradeshnews', '#shivrajsinghchauhan', '#coronavirus', '#coronavirusinindia']",[],https://twitter.com/Nai_Dunia/status/1268800488440344577,False,,0,,,,,,,"[{'user_id': '2164403707', 'username': 'Nai_Dunia'}]",,,,
1268225711392899072,1268225711392899072,1591203546000,2020-06-03,22:29:06,IST,1013052436972359681,indorenewslive,Indore News,,"इन आदतों को अपनाएं, कोरोना के खतरे को करें कम ....!
..
..
#IndiaFightsCorona #HealthForAll #SwachhBharat #Mycleanindia #StayHomeStaySafe #indorenews #indorenewslive #corona #covid19 #lockdown5 #unlock1 #bhopal #indorecity #coronavirus #india #IndoreFightsCorona @SwachhIndore pic.twitter.com/9LyqkxdwV4",['swachhindore'],[],['https://pbs.twimg.com/media/EZmkjPIWAAESepa.jpg'],1,0,2,"['#indiafightscorona', '#healthforall', '#swachhbharat', '#mycleanindia', '#stayhomestaysafe', '#indorenews', '#indorenewslive', '#corona', '#covid19', '#lockdown5', '#unlock1', '#bhopal', '#indorecity', '#coronavirus', '#india', '#indorefightscorona']",[],https://twitter.com/IndoreNewsLive/status/1268225711392899072,False,,0,,,,,,,"[{'user_id': '1013052436972359681', 'username': 'IndoreNewsLive'}, {'user_id': '748842250319212544', 'username': 'SwachhIndore'}]",,,,
1268108106262671360,1268108106262671360,1591175507000,2020-06-03,14:41:47,IST,1042690201334628352,kashmirnews22,Kashmir News,,#MadhyaPradesh: Salons reopen in Bhopal following relaxations in lockdown. Workers of a salon wear PPE kits while giving haircuts to customers amid #COVID19 pandemic.(Pics-Ani) #Unlock1  pic.twitter.com/R1xq2B3rnX,[],[],"['https://pbs.twimg.com/media/EZk5lqtU4AAZWV2.jpg', 'https://pbs.twimg.com/media/EZk5mEJUMAUIUBU.jpg', 'https://pbs.twimg.com/media/EZk5mbsVcAEgtr-.jpg']",0,0,0,"['#madhyapradesh', '#covid19', '#unlock1']",[],https://twitter.com/Kashmirnews22/status/1268108106262671360,False,,0,,,,,,,"[{'user_id': '1042690201334628352', 'username': 'Kashmirnews22'}]",,,,
1268100423199539200,1268100423199539200,1591173675000,2020-06-03,14:11:15,IST,2492684167,apnnewsindia,APN NEWS,,"Salons reopen in Bhopal, MP having a relaxations in lockdown. Workers of a salon were seen wearing PPE kits while giving haircuts to customers amid corona virus pandemic. 
#Unlock1",[],[],[],0,0,0,['#unlock1'],[],https://twitter.com/apnnewsindia/status/1268100423199539200,False,,0,,,,,,,"[{'user_id': '2492684167', 'username': 'apnnewsindia'}]",,,,
1268086148997488640,1268086148997488640,1591170272000,2020-06-03,13:14:32,IST,1231897318535774208,ritamenglish,Ritam English,,Madhya Pradesh: Salons reopen in Bhopal following relaxations in lockdown. Workers of a salon wear PPE kits while giving haircuts to customers amid #COVID19 pandemic. #Unlock1  pic.twitter.com/GmfPyPDMe6,[],[],"['https://pbs.twimg.com/media/EZklnwCXQAE4j5h.png', 'https://pbs.twimg.com/media/EZklnwMWoAAwPTw.png', 'https://pbs.twimg.com/media/EZklnwmXsAAsAx3.png']",0,0,1,"['#covid19', '#unlock1']",[],https://twitter.com/RitamEnglish/status/1268086148997488640,False,,0,,,,,,,"[{'user_id': '1231897318535774208', 'username': 'RitamEnglish'}]",,,,
1267724024278286336,1267724024278286336,1591083935000,2020-06-02,13:15:35,IST,1013052436972359681,indorenewslive,Indore News,,"ध्यान रखें कोरोना से बचाव अच्छे मास्क से नही बल्कि अच्छी आदतों से होगा ....
आपकी सावधानी ही आपका बचाव है
#EPass #indore #indorenews #indorenewslive #corona #covid19 #lockdown5 #unlock1 #bhopal #gwalior #Ujjain #neemuch #mandsour #indorecity #coronavirus #IndoreFightsCorona pic.twitter.com/7UiKz503PT",[],[],['https://pbs.twimg.com/media/EZfcRa2XgAAxn4T.jpg'],1,0,1,"['#epass', '#indore', '#indorenews', '#indorenewslive', '#corona', '#covid19', '#lockdown5', '#unlock1', '#bhopal', '#gwalior', '#ujjain', '#neemuch', '#mandsour', '#indorecity', '#coronavirus', '#indorefightscorona']",[],https://twitter.com/IndoreNewsLive/status/1267724024278286336,False,,0,,,,,,,"[{'user_id': '1013052436972359681', 'username': 'IndoreNewsLive'}]",,,,
1267707467422556160,1267707467422556160,1591079987000,2020-06-02,12:09:47,IST,901009206303571968,ntraumacentre,Narmada Health Group,,"#Unlock1 #precautions 
     GENERAL Guidelines
                  &
    HYGIENIC BEHAVIOR 
     
    CLEAN AND HYGIENIC HABITS
    Especially when Sharing Public spaces

#SocialDistanacing #Covid_19 #bhopal #MadhyaPradeshCrisis #MadhyaPradeshPolitics pic.twitter.com/c1TbDgbx5m",[],[],"['https://pbs.twimg.com/media/EZfM7gsUcAAp2PH.jpg', 'https://pbs.twimg.com/media/EZfNM5HUcAAj7Ag.jpg']",1,2,5,"['#unlock1', '#precautions', '#socialdistanacing', '#covid_19', '#bhopal', '#madhyapradeshcrisis', '#madhyapradeshpolitics']",[],https://twitter.com/NTraumacentre/status/1267707467422556160,False,,0,,,,,,,"[{'user_id': '901009206303571968', 'username': 'NTraumacentre'}]",,,,
1267683802639249409,1267683802639249409,1591074345000,2020-06-02,10:35:45,IST,876801898468188160,toibhopalnews,TOI Bhopal,,"If you are missing the TOI's print edition, click here to read the TOI epaper and your city edition 

 https://epaper.timesgroup.com/Olive/ODN/TimesOfIndia/# …
#Unlock1 #Bhopal #MadhyaPradesh pic.twitter.com/cpn4hVref2",[],['https://epaper.timesgroup.com/Olive/ODN/TimesOfIndia/#'],['https://pbs.twimg.com/media/EZe3nEFVAAAjdBn.png'],1,1,0,"['#unlock1', '#bhopal', '#madhyapradesh']",[],https://twitter.com/TOIBhopalNews/status/1267683802639249409,False,,0,,,,,,,"[{'user_id': '876801898468188160', 'username': 'TOIBhopalNews'}]",,,,
1267658535405367298,1267658535405367298,1591068321000,2020-06-02,08:55:21,IST,3991108098,dt_next,DT Next,,"The rush on the streets at Bhopal and Indore, the two key hotspots, gave no hint of scare that dominated the scene for over two months.#Unlock1
 https://www.dtnext.in/News/National/2020/06/02073624/1233682/MP-sheds-caution-as-Unlock-10-starts.vpf …",[],['https://www.dtnext.in/News/National/2020/06/02073624/1233682/MP-sheds-caution-as-Unlock-10-starts.vpf'],[],0,0,0,['#unlock1'],[],https://twitter.com/dt_next/status/1267658535405367298,False,,0,,,,,,,"[{'user_id': '3991108098', 'username': 'dt_next'}]",,,,
1267633438678495238,1267633438678495238,1591062337000,2020-06-02,07:15:37,IST,1267383458269138944,vibs74539480,vibs,,"@narendramodi @mha @amitshah @collector_bhopal
@rahulgandhi govt acts promptly when burden of care has to be shifted to middle class, but fails to notify when it lifts draconian orders. Are landlords now allowed to seek rent and evict tenant? #tenants #landlords #unlock1.0","['narendramodi', 'mha', 'amitshah', 'rahulgandhi']",[],[],0,1,1,"['#tenants', '#landlords', '#unlock1']",[],https://twitter.com/vibs74539480/status/1267633438678495238,False,,0,,,,,,,"[{'user_id': '1267383458269138944', 'username': 'vibs74539480'}, {'user_id': '18839785', 'username': 'narendramodi'}, {'user_id': '5685012', 'username': 'MHA'}, {'user_id': '1447949844', 'username': 'AmitShah'}, {'user_id': '3171712086', 'username': 'RahulGandhi'}]",,,,
1267358585966653440,1267358585966653440,1590996807000,2020-06-01,13:03:27,IST,1013052436972359681,indorenewslive,Indore News,,"All The Best....
..
..
#indore #indorenews #indorenewslive #corona #covid19 #lockdown5 #unlock1 #bhopal #gwalior #Ujjain #dewas #neemuch #mandsour #indorecity #Indori #CoronaVirusOutBreak #coronavirus #coronavirusmemes #india #madhyapradesh #guna #shivpuri #IndoreFightsCorona pic.twitter.com/jHuUM9R6gD",[],[],[],1,0,2,"['#indore', '#indorenews', '#indorenewslive', '#corona', '#covid19', '#lockdown5', '#unlock1', '#bhopal', '#gwalior', '#ujjain', '#dewas', '#neemuch', '#mandsour', '#indorecity', '#indori', '#coronavirusoutbreak', '#coronavirus', '#coronavirusmemes', '#india', '#madhyapradesh', '#guna', '#shivpuri', '#indorefightscorona']",[],https://twitter.com/IndoreNewsLive/status/1267358585966653440,False,,1,,,,,,,"[{'user_id': '1013052436972359681', 'username': 'IndoreNewsLive'}]",,,,
1267344277576790017,1267344277576790017,1590993396000,2020-06-01,12:06:36,IST,1235444196070154240,euromhow,EuroKidsMhow,,"City buses can operate in all areas apart from #Indore #Ujain and #Bhopal with 50% capacity

#Indorelockdown #IndustrialcapitalMP #Lockdown5 #MadhyaPradesh #Unlock1  pic.twitter.com/2cQaPIz8h3",[],[],['https://pbs.twimg.com/media/EZaC26zWkAA3ewv.jpg'],0,0,0,"['#indore', '#ujain', '#bhopal', '#indorelockdown', '#industrialcapitalmp', '#lockdown5', '#madhyapradesh', '#unlock1']",[],https://twitter.com/EuroMhow/status/1267344277576790017,False,,0,,,,,,,"[{'user_id': '1235444196070154240', 'username': 'EuroMhow'}]",,,,
1267317548380491777,1267317548380491777,1590987023000,2020-06-01,10:20:23,IST,42606652,aajtak,AajTak,,"#MadhyaPradesh की राजधानी #Bhopal में दिखा #Unlock1 का असर, सड़कों पर सामान्य हो रहा है ट्रैफ़िक.
@ReporterRavish की रिपोर्ट
अन्य #ReporterDiary के लिए क्लिक करें:  http://bit.ly/IndiaTodaySocial … pic.twitter.com/oOlYtULs8x",['reporterravish'],['http://bit.ly/IndiaTodaySocial'],[],7,8,84,"['#madhyapradesh', '#bhopal', '#unlock1', '#reporterdiary']",[],https://twitter.com/aajtak/status/1267317548380491777,False,,1,,,,,,,"[{'user_id': '42606652', 'username': 'aajtak'}, {'user_id': '735440834116476929', 'username': 'ReporterRavish'}]",,,,
1267298530143731715,1267298530143731715,1590982489000,2020-06-01,09:04:49,IST,42606652,aajtak,AajTak,,"#MadhyaPradesh में आज से शुरू #Unlock1. कंटेन्मेंट एरिया को छोड़कर पूरे प्रदेश में शुरू होंगी गतिविधियां.  जानिए किन जगहों को खोला जाएगा
@ReporterRavish की रिपोर्ट
अन्य #ReporterDiary के लिए क्लिक करें:  http://bit.ly/IndiaTodaySocial …
#Bhopal #IndiaFightsCorona #CoronavirusPandemic pic.twitter.com/dEJDKlMjRW",['reporterravish'],['http://bit.ly/IndiaTodaySocial'],[],8,8,99,"['#madhyapradesh', '#unlock1', '#reporterdiary', '#bhopal', '#indiafightscorona', '#coronaviruspandemic']",[],https://twitter.com/aajtak/status/1267298530143731715,False,,1,,,,,,,"[{'user_id': '42606652', 'username': 'aajtak'}, {'user_id': '735440834116476929', 'username': 'ReporterRavish'}]",,,,
1267194974954815488,1267194974954815488,1590957800000,2020-06-01,02:13:20,IST,160865093,iamsagarshah21,#FightAgainstCOVID19 #AtmaNirbhar Sagar Shah,,"Corona infected Top 20 cities
MUM 39686
DEL 19844
CHEN 14799
AMD 12180
Thane 9585
Pune 7919
Indore 3486
Kolkata 2125
Jaipur 1991
Surat 1620
Jodhpur 1530
Aurangabad 1501
Bhopal 1467
HYD 1461
Chengalpattu 1172
Nashik 1135
Raigad 1108
Vadodara 1057
Howrah 1029
Palghar 1018

#Unlock1",[],[],[],0,2,3,['#unlock1'],[],https://twitter.com/iamsagarshah21/status/1267194974954815488,False,,0,,,,,,,"[{'user_id': '160865093', 'username': 'iamsagarshah21'}]",,,,
1266995053508956160,1266995053508956160,1590910135000,2020-05-31,12:58:55,IST,106972578,ibc24news,IBC24 News,,"#Bhopal:  2 जून को मंत्रिमंडल विस्तार के संकेत, सीएम शिवराज सिंह कल जाएंगे दिल्ली 

@ChouhanShivraj @BJP4MP #Lockdown5 #Lockdownextention #UNLOCK1 #MadhyaPradesh #MPNews 

फॉलो करें : @SHRAWAN_TAMBOLI 
LIVETV :  http://ibc24.in/livetv  https://www.youtube.com/watch?v=Ewhum6Yii24 …","['chouhanshivraj', 'bjp4mp', 'shrawan_tamboli']","['http://ibc24.in/livetv', 'https://www.youtube.com/watch?v=Ewhum6Yii24']",[],0,2,13,"['#bhopal', '#lockdown5', '#lockdownextention', '#unlock1', '#madhyapradesh', '#mpnews']",[],https://twitter.com/IBC24News/status/1266995053508956160,False,,0,,,,,,,"[{'user_id': '106972578', 'username': 'IBC24News'}, {'user_id': '1251083774', 'username': 'ChouhanShivraj'}, {'user_id': '1618490684', 'username': 'BJP4MP'}, {'user_id': '806092886', 'username': 'SHRAWAN_TAMBOLI'}]",,,,
1266942566697586693,1266942566697586693,1590897621000,2020-05-31,09:30:21,IST,845509938084429826,sumitvishenlive,Sumit Singh Vishen🇮🇳 #StayHome #StaySafe,,"अब लॉक डाउन के बाद धीरे धीरे अनलॉक 01 के तरह बढ़ता भारत।। @PIB_India @PMOIndia
@dmdeoria @mcu_bhopal
#Lockdown5 #unlockone #Unlock1  pic.twitter.com/X2Vtxj2pKI","['pib_india', 'pmoindia', 'dmdeoria', 'mcu_bhopal']",[],['https://pbs.twimg.com/media/EZUVim3XQAAPxd6.jpg'],0,0,1,"['#lockdown5', '#unlockone', '#unlock1']",[],https://twitter.com/sumitvishenlive/status/1266942566697586693,False,,0,,,,,,,"[{'user_id': '845509938084429826', 'username': 'sumitvishenlive'}, {'user_id': '231033118', 'username': 'PIB_India'}, {'user_id': '471741741', 'username': 'PMOIndia'}, {'user_id': '858941468827803648', 'username': 'dmdeoria'}, {'user_id': '991559040382709760', 'username': 'mcu_bhopal'}]",,,,
1266914389745156097,1266914389745156097,1590890903000,2020-05-31,07:38:23,IST,1233261651870265344,jaoranagari,Jaora Nagari,,"NEWS Updates 📰
.
#unlock #unlock1 #lockdown5 #jaora #ratlam #indore #mumbai #delhi #madhyapradesh #bhopal #indiafightscorona #india @ India  https://www.instagram.com/p/CA1b0llp9qV/?igshid=1xcrf9gg8f292 …",[],['https://www.instagram.com/p/CA1b0llp9qV/?igshid=1xcrf9gg8f292'],[],0,0,0,"['#unlock', '#unlock1', '#lockdown5', '#jaora', '#ratlam', '#indore', '#mumbai', '#delhi', '#madhyapradesh', '#bhopal', '#indiafightscorona', '#india']",[],https://twitter.com/JaoraNagari/status/1266914389745156097,False,,0,,,,,,,"[{'user_id': '1233261651870265344', 'username': 'JaoraNagari'}]",,,,
