id,conversation_id,created_at,date,time,timezone,user_id,username,name,place,tweet,mentions,urls,photos,replies_count,retweets_count,likes_count,hashtags,cashtags,link,retweet,quote_url,video,near,geo,source,user_rt_id,user_rt,retweet_id,reply_to,retweet_date,translate,trans_src,trans_dest
1277669050760323073,1277669050760323073,1593455014000,2020-06-29,23:53:34,IST,22172661,manish4all,Manish Gupta,,"“Stop looking for reasons to be unhappy. Focus on the things you do have, and the reasons you should be happy.”
मेरे किसी मित्र ने मुझे ये कोट भेजा है...सचमुच ही विचारणीय और अमल करने लायक़ है... शुभरात्रि... #walk #health #relax #Jabalpur #British_Era #freinds #unlock1  pic.twitter.com/M2XHRbJZ93",[],[],['https://pbs.twimg.com/media/EbsxHgZUYAAMJDU.jpg'],0,0,2,"['#walk', '#health', '#relax', '#jabalpur', '#british_era', '#freinds', '#unlock1']",[],https://twitter.com/Manish4all/status/1277669050760323073,False,,0,,,,,,,"[{'user_id': '22172661', 'username': 'Manish4all'}]",,,,
1275130383533629442,1275130383533629442,1592849748000,2020-06-22,23:45:48,IST,22172661,manish4all,Manish Gupta,,टार्गेट अचीव्ड...#भँवरताल #वॉक #मॉर्निंग_वॉक #morning_walk #Jabalpur #smart_city #Unlock1  pic.twitter.com/Iv9S6vN9t4,[],[],['https://pbs.twimg.com/media/EbIsSZ0UYAEs9iF.jpg'],1,1,16,"['#भँवरताल', '#वॉक', '#मॉर्निंग_वॉक', '#morning_walk', '#jabalpur', '#smart_city', '#unlock1']",[],https://twitter.com/Manish4all/status/1275130383533629442,False,,0,,,,,,,"[{'user_id': '22172661', 'username': 'Manish4all'}]",,,,
1272935208027713536,1272935208027713536,1592326378000,2020-06-16,22:22:58,IST,230787443,ansh_kri,BONFA......krishan,,"@jabalpurdm @jabalpurpolice @ChouhanShivraj Seeking help!!
As our senior citizen parents are facing issues with the society commity members after there return to jabalpur after unlock1 from Noida (up) to there own home. They already under self quarantine mode.","['jabalpurdm', 'jabalpurpolice', 'chouhanshivraj']",[],[],0,0,0,[],[],https://twitter.com/ansh_kri/status/1272935208027713536,False,,0,,,,,,,"[{'user_id': '230787443', 'username': 'ansh_kri'}, {'user_id': '978941133383454726', 'username': 'jabalpurdm'}, {'user_id': '1389436345', 'username': 'jabalpurpolice'}, {'user_id': '1251083774', 'username': 'ChouhanShivraj'}]",,,,
1272521468715257856,1272521468715257856,1592227735000,2020-06-15,18:58:55,IST,106972578,ibc24news,IBC24 News,,"#Jabalpur: 1 साल की बच्ची मिली #CoronaPositive, जिले में 310 हुई कोरोना मरीजों की संख्या

#COVID2019 #IndiaFightsCoronavirus #Lockdownextention #UNLOCK1 #MPNews 

फॉलो करें : @AkankshaaPande1 
LIVETV :  http://ibc24.in/livetv  pic.twitter.com/HVuwZQcAjy",['akankshaapande1'],['http://ibc24.in/livetv'],[],0,0,6,"['#jabalpur', '#coronapositive', '#covid2019', '#indiafightscoronavirus', '#lockdownextention', '#unlock1', '#mpnews']",[],https://twitter.com/IBC24News/status/1272521468715257856,False,,1,,,,,,,"[{'user_id': '106972578', 'username': 'IBC24News'}, {'user_id': '1222838548237176834', 'username': 'AkankshaaPande1'}]",,,,
1269908254915653632,1269908254915653632,1591604696000,2020-06-08,13:54:56,IST,106972578,ibc24news,IBC24 News,,"#Jabalpur:   करीब 78 दिन बाद फिर खुले मॉल, बिना #Mask लोगों को नहीं दिया जा रहा प्रवेश, देखिए

#COVID2019 #IndiaFightsCoronavirus #Lockdown5 #Lockdownextention #UNLOCK1 #MPNews 

फॉलो करें : @jyotisingh10101 
LIVETV :  http://ibc24.in/livetv  https://www.youtube.com/watch?v=DTW8XZzzUD0 …",['jyotisingh10101'],"['http://ibc24.in/livetv', 'https://www.youtube.com/watch?v=DTW8XZzzUD0']",[],0,0,3,"['#jabalpur', '#mask', '#covid2019', '#indiafightscoronavirus', '#lockdown5', '#lockdownextention', '#unlock1', '#mpnews']",[],https://twitter.com/IBC24News/status/1269908254915653632,False,,0,,,,,,,"[{'user_id': '106972578', 'username': 'IBC24News'}, {'user_id': '831844851641638912', 'username': 'jyotisingh10101'}]",,,,
1269852187582009345,1269852187582009345,1591591328000,2020-06-08,10:12:08,IST,106972578,ibc24news,IBC24 News,,"आज से मध्यप्रदेश भी हुआ #Unlock, #Gwalior में खुले धार्मिक स्थल, #Bhopal #Jabalpur #Indore में अनुमति नहीं

#COVID2019 #IndiaFightsCoronavirus #Lockdown5 #Lockdownextention #UNLOCK1 #MPNews 

फॉलो करें : @triptisoni6194 
LIVETV :  http://ibc24.in/livetv  https://www.youtube.com/watch?v=DAPmhK60csQ …",['triptisoni6194'],"['http://ibc24.in/livetv', 'https://www.youtube.com/watch?v=DAPmhK60csQ']",[],1,1,4,"['#unlock', '#gwalior', '#bhopal', '#jabalpur', '#indore', '#covid2019', '#indiafightscoronavirus', '#lockdown5', '#lockdownextention', '#unlock1', '#mpnews']",[],https://twitter.com/IBC24News/status/1269852187582009345,False,,0,,,,,,,"[{'user_id': '106972578', 'username': 'IBC24News'}, {'user_id': '2858081263', 'username': 'triptisoni6194'}]",,,,
1267546374536433665,1267546374536433665,1591041580000,2020-06-02,01:29:40,IST,22172661,manish4all,Manish Gupta,,"#जबलपुर में फिर 11 #पॉज़िटिव. कुल 250, लगातार बढ़ रहे #कोरोना_वायरस के मरीज़. अब #Unlock1 में सारा शहर खुल गया है. इससे पहले @CMMadhyaPradesh का आँकलन था कि #Jabalpur में जून अंत तक 7000 मरीज़ हो सकते हैं. @jabalpurdm को चाहिए कि सख़्ती बनाए रखें ताकि #संक्रमण क़ाबू में रहे.","['cmmadhyapradesh', 'jabalpurdm']",[],[],2,2,12,"['#जबलपुर', '#पॉज़िटिव', '#कोरोना_वायरस', '#unlock1', '#jabalpur', '#संक्रमण']",[],https://twitter.com/Manish4all/status/1267546374536433665,False,,0,,,,,,,"[{'user_id': '22172661', 'username': 'Manish4all'}, {'user_id': '2506662439', 'username': 'CMMadhyaPradesh'}, {'user_id': '978941133383454726', 'username': 'jabalpurdm'}]",,,,
1267022090135203842,1267022090135203842,1590916581000,2020-05-31,14:46:21,IST,106972578,ibc24news,IBC24 News,,"#Jabalpur:  व्यापारियों ने लॉकडाउन का बनाया मजाक, जमकर मनाई पार्टी, कार से निकाला जुलूस

#LockdownIsLifeline #COVID2019 #IndiaFightsCoronavirus #Lockdown5 #Lockdownextention #UNLOCK1 

फॉलो करें : @jyotisingh10101 
LIVETV :  http://ibc24.in/livetv  https://www.youtube.com/watch?v=6rI480ksRIk …",['jyotisingh10101'],"['http://ibc24.in/livetv', 'https://www.youtube.com/watch?v=6rI480ksRIk']",[],1,2,4,"['#jabalpur', '#lockdownislifeline', '#covid2019', '#indiafightscoronavirus', '#lockdown5', '#lockdownextention', '#unlock1']",[],https://twitter.com/IBC24News/status/1267022090135203842,False,,0,,,,,,,"[{'user_id': '106972578', 'username': 'IBC24News'}, {'user_id': '831844851641638912', 'username': 'jyotisingh10101'}]",,,,
