id,conversation_id,created_at,date,time,timezone,user_id,username,name,place,tweet,mentions,urls,photos,replies_count,retweets_count,likes_count,hashtags,cashtags,link,retweet,quote_url,video,near,geo,source,user_rt_id,user_rt,retweet_id,reply_to,retweet_date,translate,trans_src,trans_dest
1272488739650994178,1272488739650994178,1592219931000,2020-06-15,16:48:51,IST,835140602,agcon_bpl,Agrawal Construction,,"#EnlightWithSage #Unlock1.0
#WeAreOpenNow
We are Commited for Safety and Security of our Customers. As a Safety Measures, We have Sanitized all our Sites, Offices and Near by Areas.
Book your Dream Home Today at SAGAR Eden Garden.
Only few Units left. 
Call us @ 9200700800  pic.twitter.com/36Kbyijcrv",[],[],['https://pbs.twimg.com/media/EajJwD_VAAE7H6q.jpg'],0,6,17,"['#enlightwithsage', '#unlock1', '#weareopennow']",[],https://twitter.com/agcon_bpl/status/1272488739650994178,False,,0,,,,,,,"[{'user_id': '835140602', 'username': 'agcon_bpl'}]",,,,
1271881465429516288,1271881465429516288,1592075146000,2020-06-14,00:35:46,IST,1038716834671808512,paulspeaking18,Swapnamoy Paul,,"Final Destination
#ContestAlert #film #movie #movies #bollywoodmovies #bollywood #meme #contestalert #contestentry #sweepstakes #giveaway #Unlock1 #vyaparappcontest #contests #2020goals
@Chef_Amit_Puri
@sagar
@gouravvaidya
@DebA
@sraboni_alam https://twitter.com/VyaparApp/status/1271808301060091905 …","['chef_amit_puri', 'sagar', 'gouravvaidya', 'deba', 'sraboni_alam']",['https://twitter.com/VyaparApp/status/1271808301060091905'],[],0,0,1,"['#contestalert', '#film', '#movie', '#movies', '#bollywoodmovies', '#bollywood', '#meme', '#contestalert', '#contestentry', '#sweepstakes', '#giveaway', '#unlock1', '#vyaparappcontest', '#contests', '#2020goals']",[],https://twitter.com/paulspeaking18/status/1271881465429516288,False,https://twitter.com/VyaparApp/status/1271808301060091905,0,,,,,,,"[{'user_id': '1038716834671808512', 'username': 'paulspeaking18'}, {'user_id': '598433840', 'username': 'Chef_Amit_Puri'}, {'user_id': '11080712', 'username': 'sagar'}, {'user_id': '356692321', 'username': 'gouravvaidya'}, {'user_id': '7371442', 'username': 'DebA'}, {'user_id': '781375160397864960', 'username': 'sraboni_alam'}]",,,,
1271881444164399104,1271808301060091905,1592075141000,2020-06-14,00:35:41,IST,1038716834671808512,paulspeaking18,Swapnamoy Paul,,"Final Destination
#ContestAlert #film #movie #movies #bollywoodmovies #bollywood #meme #contestalert #contestentry #sweepstakes #giveaway #Unlock1 #vyaparappcontest #contests #2020goals
@Chef_Amit_Puri
@sagar
@gouravvaidya
@DebA
@sraboni_alam","['vyaparapp', 'chef_amit_puri', 'sagar', 'gouravvaidya', 'deba', 'sraboni_alam']",[],[],0,0,1,"['#contestalert', '#film', '#movie', '#movies', '#bollywoodmovies', '#bollywood', '#meme', '#contestalert', '#contestentry', '#sweepstakes', '#giveaway', '#unlock1', '#vyaparappcontest', '#contests', '#2020goals']",[],https://twitter.com/paulspeaking18/status/1271881444164399104,False,,0,,,,,,,"[{'user_id': '1038716834671808512', 'username': 'paulspeaking18'}, {'user_id': '4666035931', 'username': 'VyaparApp'}, {'user_id': '598433840', 'username': 'Chef_Amit_Puri'}, {'user_id': '11080712', 'username': 'sagar'}, {'user_id': '356692321', 'username': 'gouravvaidya'}, {'user_id': '7371442', 'username': 'DebA'}, {'user_id': '781375160397864960', 'username': 'sraboni_alam'}]",,,,
1271845608408612864,1271845608408612864,1592066597000,2020-06-13,22:13:17,IST,627297055,sagar_satasiya,sagar satasiya,,"મને લાગે છે કે આ પાણીદાર સરકાર પર પાણી ન વળી જાય એ માટે શું પગલાં લેશે?
#Lockdown થી માણસો બચાવીને #economy ને મજબૂત કરીને કરશે શું??
#Unlock1 કરી ને માણસો મર્યા તો ભ્ભુખમારી થી બચાવ નો ફાયદો કેમ સમજાવશે?
#election પછી #lockdown કર્યું તો જવાબ શું આપશે?
#Comments what do u think?",[],[],[],0,0,0,"['#lockdown', '#economy', '#unlock1', '#election', '#lockdown', '#comments']",[],https://twitter.com/sagar_satasiya/status/1271845608408612864,False,,0,,,,,,,"[{'user_id': '627297055', 'username': 'sagar_satasiya'}]",,,,
1270289809773416448,1270289809773416448,1591695666000,2020-06-09,15:11:06,IST,835140602,agcon_bpl,Agrawal Construction,,"#EnlightWithSage #Unlock1.0
#WeAreOpenNow
We at Agrawal Constitution Co. are Commited for Safety and Security of our Customers. As a Safety Measures we are following Masking, Sanitization and Social Distancing.
Book your Dream Home Today at SAGAR Green Hills.
Call us @ 9200700800  pic.twitter.com/QujQlsHPdp",[],[],['https://pbs.twimg.com/media/EaD51ZPWsAE-aBJ.jpg'],0,15,29,"['#enlightwithsage', '#unlock1', '#weareopennow']",[],https://twitter.com/agcon_bpl/status/1270289809773416448,False,,0,,,,,,,"[{'user_id': '835140602', 'username': 'agcon_bpl'}]",,,,
1270229328224124928,1270229328224124928,1591681246000,2020-06-09,11:10:46,IST,1214171969416912898,sagar_vision,Sagar,,"Me bahar bade mandiro ki jagah Ghar ke pas vale mandir me jau to #vocalforlocal_swadeshi hoga kya....

#reopening #temple #VocalForLocal #Unlock1",[],[],[],0,0,2,"['#vocalforlocal_swadeshi', '#reopening', '#temple', '#vocalforlocal', '#unlock1']",[],https://twitter.com/sagar_vision/status/1270229328224124928,False,,0,,,,,,,"[{'user_id': '1214171969416912898', 'username': 'sagar_vision'}]",,,,
1270058247806803968,1266224529090547712,1591640457000,2020-06-08,23:50:57,IST,1248661182757498880,mudaliarrao,shrutika mudaliar,,"The lane towards Thakur public school has hawkers open full day even in curfew hours during lockdowns
I had complained days ago..now unlock1.0 has new rules
Vasant sagar complex backside
Thakur village
Kandivali east
Illegal hawkers are sprouting up here","['mybmcwardrs', 'mumbaipolice', 'mantralayaroom', 'mahadgipr', 'mumbaimatterz', 'mcgm_bmc', 'cmomaharashtra']",[],[],0,0,0,[],[],https://twitter.com/MudaliarRao/status/1270058247806803968,False,,0,,,,,,,"[{'user_id': '1248661182757498880', 'username': 'MudaliarRao'}, {'user_id': '1140643898345132032', 'username': 'mybmcWardRS'}, {'user_id': '4573405572', 'username': 'MumbaiPolice'}, {'user_id': '1139538746246746114', 'username': 'MantralayaRoom'}, {'user_id': '2862278167', 'username': 'MahaDGIPR'}, {'user_id': '1010049076434358273', 'username': 'mumbaimatterz'}, {'user_id': '3253281194', 'username': 'MCGM_BMC'}, {'user_id': '2597666894', 'username': 'CMOMaharashtra'}]",,,,
1270014867651477506,1270014867651477506,1591630114000,2020-06-08,20:58:34,IST,1038716834671808512,paulspeaking18,Swapnamoy Paul,,"B
#contest #contestgiveaway #contestalert #sweepstakes #giveaway #Unlock1
@Chef_Amit_Puri
@gouravvaidya
@sagar  https://twitter.com/VyaparApp/status/1269951192261693440 …","['chef_amit_puri', 'gouravvaidya', 'sagar']",['https://twitter.com/VyaparApp/status/1269951192261693440'],[],0,0,0,"['#contest', '#contestgiveaway', '#contestalert', '#sweepstakes', '#giveaway', '#unlock1']",[],https://twitter.com/paulspeaking18/status/1270014867651477506,False,https://twitter.com/VyaparApp/status/1269951192261693440,0,,,,,,,"[{'user_id': '1038716834671808512', 'username': 'paulspeaking18'}, {'user_id': '598433840', 'username': 'Chef_Amit_Puri'}, {'user_id': '356692321', 'username': 'gouravvaidya'}, {'user_id': '11080712', 'username': 'sagar'}]",,,,
1270014843139973120,1269951192261693440,1591630108000,2020-06-08,20:58:28,IST,1038716834671808512,paulspeaking18,Swapnamoy Paul,,"B
#contest #contestgiveaway #contestalert #sweepstakes #giveaway #Unlock1
@Chef_Amit_Puri
@gouravvaidya
@sagar","['vyaparapp', 'chef_amit_puri', 'gouravvaidya', 'sagar']",[],[],0,0,0,"['#contest', '#contestgiveaway', '#contestalert', '#sweepstakes', '#giveaway', '#unlock1']",[],https://twitter.com/paulspeaking18/status/1270014843139973120,False,,0,,,,,,,"[{'user_id': '1038716834671808512', 'username': 'paulspeaking18'}, {'user_id': '4666035931', 'username': 'VyaparApp'}, {'user_id': '598433840', 'username': 'Chef_Amit_Puri'}, {'user_id': '356692321', 'username': 'gouravvaidya'}, {'user_id': '11080712', 'username': 'sagar'}]",,,,
1269400072653025280,1269400072653025280,1591483536000,2020-06-07,04:15:36,IST,1038716834671808512,paulspeaking18,Swapnamoy Paul,,"Watermelon
#FoodContest #IndianContest #ContestAlert #railrecipe #foodie #unlock1 #funcontest #foodchallenge
@Chef_Amit_Puri
@sagar
@gouravvaidya https://twitter.com/RailRecipe/status/1269136343021391873 …","['chef_amit_puri', 'sagar', 'gouravvaidya']",['https://twitter.com/RailRecipe/status/1269136343021391873'],[],0,0,2,"['#foodcontest', '#indiancontest', '#contestalert', '#railrecipe', '#foodie', '#unlock1', '#funcontest', '#foodchallenge']",[],https://twitter.com/paulspeaking18/status/1269400072653025280,False,https://twitter.com/RailRecipe/status/1269136343021391873,0,,,,,,,"[{'user_id': '1038716834671808512', 'username': 'paulspeaking18'}, {'user_id': '598433840', 'username': 'Chef_Amit_Puri'}, {'user_id': '11080712', 'username': 'sagar'}, {'user_id': '356692321', 'username': 'gouravvaidya'}]",,,,
1269400053724176384,1269136343021391873,1591483531000,2020-06-07,04:15:31,IST,1038716834671808512,paulspeaking18,Swapnamoy Paul,,"Watermelon
#FoodContest #IndianContest #ContestAlert #railrecipe #foodie #unlock1 #funcontest #foodchallenge
@Chef_Amit_Puri
@sagar
@gouravvaidya","['railrecipe', 'chef_amit_puri', 'sagar', 'gouravvaidya']",[],[],0,1,2,"['#foodcontest', '#indiancontest', '#contestalert', '#railrecipe', '#foodie', '#unlock1', '#funcontest', '#foodchallenge']",[],https://twitter.com/paulspeaking18/status/1269400053724176384,False,,0,,,,,,,"[{'user_id': '1038716834671808512', 'username': 'paulspeaking18'}, {'user_id': '1163397216527978496', 'username': 'RailRecipe'}, {'user_id': '598433840', 'username': 'Chef_Amit_Puri'}, {'user_id': '11080712', 'username': 'sagar'}, {'user_id': '356692321', 'username': 'gouravvaidya'}]",,,,
1268898566950379520,1268898566950379520,1591363968000,2020-06-05,19:02:48,IST,627297055,sagar_satasiya,sagar satasiya,,"#Unlock1  ho gaya, government hospital me ab jagah nahi, private hospital aam aadmi afford nai kr shkta,ab or case badhe to government @vijayrupanibjp kya krenge?
@ANI @RealKingbhau @MpKhunt @PoonambenMaadam @ChovatiyaKunal","['vijayrupanibjp', 'ani', 'realkingbhau', 'mpkhunt', 'poonambenmaadam', 'chovatiyakunal']",[],[],0,0,1,['#unlock1'],[],https://twitter.com/sagar_satasiya/status/1268898566950379520,False,,0,,,,,,,"[{'user_id': '627297055', 'username': 'sagar_satasiya'}, {'user_id': '627355202', 'username': 'vijayrupanibjp'}, {'user_id': '355989081', 'username': 'ANI'}, {'user_id': '1263102227368927232', 'username': 'RealKingbhau'}, {'user_id': '528514106', 'username': 'MpKhunt'}, {'user_id': '2447086974', 'username': 'PoonambenMaadam'}, {'user_id': '1039141158784589824', 'username': 'ChovatiyaKunal'}]",,,,
1268552628507750400,1268552628507750400,1591281489000,2020-06-04,20:08:09,IST,1014426468250632192,gvidya_sagar,Vidya Sagar Gunti,,"లాక్ డౌన్ సిరీస్ ముగిసింది

అన్ లాక్ సిరీస్ మొదలైంది..

కరోనా మాత్రం డైలీ సిరియల్ లా రోజుకో ట్విస్ట్ ఇస్తోంది..

ఎన్ని సిరీస్ లు వచ్చినా.. సిరియల్ (కరోనా) ను బీట్ చేయడమే కష్టమే అనిపిస్తోంది..
#Unlock1 #Corona",[],[],[],0,0,1,"['#unlock1', '#corona']",[],https://twitter.com/GVidya_Sagar/status/1268552628507750400,False,,0,,,,,,,"[{'user_id': '1014426468250632192', 'username': 'GVidya_Sagar'}]",,,,
1268366368497446912,1268366368497446912,1591237082000,2020-06-04,07:48:02,IST,281972695,secret_sagar,Sagar,,#Lockdown happened because @narendramodi wants 1 Billions USD from @WorldBank when there are few cases and now #Unlock1 when we have over 2 lakh cases. These shows how much #PMCares pic.twitter.com/IyDxpEZBE4,"['narendramodi', 'worldbank']",[],['https://pbs.twimg.com/media/EZojP_uXgAIxtlw.jpg'],0,0,1,"['#lockdown', '#unlock1', '#pmcares']",[],https://twitter.com/secret_sagar/status/1268366368497446912,False,,0,,,,,,,"[{'user_id': '281972695', 'username': 'secret_sagar'}, {'user_id': '18839785', 'username': 'narendramodi'}, {'user_id': '27860681', 'username': 'WorldBank'}]",,,,
1266954317157654528,1266954317157654528,1590900422000,2020-05-31,10:17:02,IST,2740395599,sagar_kpdwnj,Sagar patel,,#ResumeGujRecruits #Unlock1 માં સરકારી ભરતી ખૂલસે કે નહી? બેરોજગાર યુવાનો ની હવે ધીરજ ખૂટી ગઈ છે. #Waiting Election 2022 @vijayrupanibjp @CMOGuj @PMOIndia @iBhupendrasinh @devanshijoshi71 @isudan_gadhvi @drmanishdoshi @paresh_dhanani @GauravGarg888 @TheLallantop @PradipsinhGuj,"['vijayrupanibjp', 'cmoguj', 'pmoindia', 'ibhupendrasinh', 'devanshijoshi71', 'isudan_gadhvi', 'drmanishdoshi', 'paresh_dhanani', 'gauravgarg888', 'thelallantop', 'pradipsinhguj']",[],[],0,3,1,"['#resumegujrecruits', '#unlock1', '#waiting']",[],https://twitter.com/sAgAr_kpdwnj/status/1266954317157654528,False,,0,,,,,,,"[{'user_id': '2740395599', 'username': 'sAgAr_kpdwnj'}, {'user_id': '627355202', 'username': 'vijayrupanibjp'}, {'user_id': '765535468104585217', 'username': 'CMOGuj'}, {'user_id': '471741741', 'username': 'PMOIndia'}, {'user_id': '978941664101322752', 'username': 'iBhupendrasinh'}, {'user_id': '4154916972', 'username': 'devanshijoshi71'}, {'user_id': '50243851', 'username': 'isudan_gadhvi'}, {'user_id': '3138512929', 'username': 'drmanishdoshi'}, {'user_id': '440098801', 'username': 'paresh_dhanani'}, {'user_id': '932322762491875330', 'username': 'GauravGarg888'}, {'user_id': '4057311554', 'username': 'TheLallantop'}, {'user_id': '481873419', 'username': 'PradipsinhGuj'}]",,,,
1266788787587354625,1266788787587354625,1590860957000,2020-05-30,23:19:17,IST,985117356,sagar_s95,Sagar Sheth,,"“Nationwide lockdown in containment zones extended up to June 30” - govt. Whether you would describe your zone as a containment zone or not is jaisi jiski shraddha.
#Unlock1 or #Lockdown5?",[],[],[],0,0,2,"['#unlock1', '#lockdown5']",[],https://twitter.com/sagar_s95/status/1266788787587354625,False,,0,,,,,,,"[{'user_id': '985117356', 'username': 'sagar_s95'}]",,,,
1266738364461584388,1266738364461584388,1590848935000,2020-05-30,19:58:55,IST,782839561416171520,sagar_m007,🚩SAGAR😎🇮🇳,,#Unlock1 i don't like this 😣😠 aise to covid-19 Mar dalega 🤧🐭🐭  pic.twitter.com/TL6cJ0YNJu,[],[],['https://pbs.twimg.com/media/EZRbz4vUMAECFKO.jpg'],1,0,4,['#unlock1'],[],https://twitter.com/sagar_M007/status/1266738364461584388,False,,0,,,,,,,"[{'user_id': '782839561416171520', 'username': 'sagar_M007'}]",,,,
