id,conversation_id,created_at,date,time,timezone,user_id,username,name,place,tweet,mentions,urls,photos,replies_count,retweets_count,likes_count,hashtags,cashtags,link,retweet,quote_url,video,near,geo,source,user_rt_id,user_rt,retweet_id,reply_to,retweet_date,translate,trans_src,trans_dest
1270581313565675525,1270581313565675525,1591765166000,2020-06-10,10:29:26,IST,106972578,ibc24news,IBC24 News,,"#Ratlam:  शहर में 24 लोगों की कोरोना रिपोर्ट आई पॉजिटिव,  एक बाबा की वजह से 24 लोग कोरोना पॉजिटिव

#COVID2019 #IndiaFightsCoronavirus #Lockdown5 #Lockdownextention #UNLOCK1 #MPNews 

फॉलो करें : @Rachana_Nitesh 
LIVETV :  http://ibc24.in/livetv  https://www.youtube.com/watch?v=-3QBG8VNevA …",['rachana_nitesh'],"['http://ibc24.in/livetv', 'https://www.youtube.com/watch?v=-3QBG8VNevA']",[],0,1,5,"['#ratlam', '#covid2019', '#indiafightscoronavirus', '#lockdown5', '#lockdownextention', '#unlock1', '#mpnews']",[],https://twitter.com/IBC24News/status/1270581313565675525,False,,0,,,,,,,"[{'user_id': '106972578', 'username': 'IBC24News'}, {'user_id': '2849638807', 'username': 'Rachana_Nitesh'}]",,,,
1266914389745156097,1266914389745156097,1590890903000,2020-05-31,07:38:23,IST,1233261651870265344,jaoranagari,Jaora Nagari,,"NEWS Updates 📰
.
#unlock #unlock1 #lockdown5 #jaora #ratlam #indore #mumbai #delhi #madhyapradesh #bhopal #indiafightscorona #india @ India  https://www.instagram.com/p/CA1b0llp9qV/?igshid=1xcrf9gg8f292 …",[],['https://www.instagram.com/p/CA1b0llp9qV/?igshid=1xcrf9gg8f292'],[],0,0,0,"['#unlock', '#unlock1', '#lockdown5', '#jaora', '#ratlam', '#indore', '#mumbai', '#delhi', '#madhyapradesh', '#bhopal', '#indiafightscorona', '#india']",[],https://twitter.com/JaoraNagari/status/1266914389745156097,False,,0,,,,,,,"[{'user_id': '1233261651870265344', 'username': 'JaoraNagari'}]",,,,
