id,conversation_id,created_at,date,time,timezone,user_id,username,name,place,tweet,mentions,urls,photos,replies_count,retweets_count,likes_count,hashtags,cashtags,link,retweet,quote_url,video,near,geo,source,user_rt_id,user_rt,retweet_id,reply_to,retweet_date,translate,trans_src,trans_dest
1276909300682616832,1276909300682616832,1593273875000,2020-06-27,21:34:35,IST,1013052436972359681,indorenewslive,Indore News,,"भीया आज मौसम बना है और बारिश का भी होगा इंतजार खत्म....
#RainAlertIndore
#IndiaFightsCorona #IndoreFightsCorona #StayHomeStaySafe #ICareForIndore #indorenewslive #corona #covid19 #lockdown5 #unlock1 #bhopal #gwalior #Ujjain #dewas #neemuch #mandsour #indorecity #Indori #indore pic.twitter.com/vvyJYvEeQZ",[],[],['https://pbs.twimg.com/media/Ebh-KSaUcAE3XPc.jpg'],1,0,2,"['#rainalertindore', '#indiafightscorona', '#indorefightscorona', '#stayhomestaysafe', '#icareforindore', '#indorenewslive', '#corona', '#covid19', '#lockdown5', '#unlock1', '#bhopal', '#gwalior', '#ujjain', '#dewas', '#neemuch', '#mandsour', '#indorecity', '#indori', '#indore']",[],https://twitter.com/IndoreNewsLive/status/1276909300682616832,False,,0,,,,,,,"[{'user_id': '1013052436972359681', 'username': 'IndoreNewsLive'}]",,,,
1274283768027602944,1274283768027602944,1592647900000,2020-06-20,15:41:40,IST,106972578,ibc24news,IBC24 News,,"#Gwalior: #CongressOffice में टिकट दावेदारों का हंगामा, दफ्तर में उड़ी #SocialDistancing की धज्जियां

@INCMP #COVID2019 #IndiaFightsCoronavirus #Lockdownextention #UNLOCK1 #MPNews 

फॉलो करें : @SHRAWAN_TAMBOLI 
LIVETV :  http://ibc24.in/livetv  pic.twitter.com/OABDmftqAj","['incmp', 'shrawan_tamboli']",['http://ibc24.in/livetv'],[],1,1,2,"['#gwalior', '#congressoffice', '#socialdistancing', '#covid2019', '#indiafightscoronavirus', '#lockdownextention', '#unlock1', '#mpnews']",[],https://twitter.com/IBC24News/status/1274283768027602944,False,,1,,,,,,,"[{'user_id': '106972578', 'username': 'IBC24News'}, {'user_id': '3257583379', 'username': 'INCMP'}, {'user_id': '806092886', 'username': 'SHRAWAN_TAMBOLI'}]",,,,
1272470966182928384,1272470966182928384,1592215694000,2020-06-15,15:38:14,IST,1148200700939124736,kajal98227082,Kajal,,"#Unlock1 #bhopal #MadhyaPradesh #madhyapradeshcrisis #BREAKING #Politics #mp #hindinews #gwalior #Indore #surkhi #sanchi #temple 

Unlock : 84 दिन बाद खुले धर्मस्थल : शिवराज ने आशीर्वाद लेकर शुरू किया चुनाव प्रचार https://tinyurl.com/vt44koe ",[],['https://tinyurl.com/vt44koe'],[],0,0,0,"['#unlock1', '#bhopal', '#madhyapradesh', '#madhyapradeshcrisis', '#breaking', '#politics', '#mp', '#hindinews', '#gwalior', '#indore', '#surkhi', '#sanchi', '#temple']",[],https://twitter.com/Kajal98227082/status/1272470966182928384,False,,0,,,,,,,"[{'user_id': '1148200700939124736', 'username': 'Kajal98227082'}]",,,,
1269854507527221248,1269854507527221248,1591591882000,2020-06-08,10:21:22,IST,1148200700939124736,kajal98227082,Kajal,,"#Unlock1 #IndiaFightsCoronavirus #MadhyaPradesh #Indore #Bhopal #gwalior #Indian 

Unlock 1.0: MP में आज से क्या खुला और क्या बंद है https://tinyurl.com/vt44koe ",[],['https://tinyurl.com/vt44koe'],[],0,0,0,"['#unlock1', '#indiafightscoronavirus', '#madhyapradesh', '#indore', '#bhopal', '#gwalior', '#indian']",[],https://twitter.com/Kajal98227082/status/1269854507527221248,False,,0,,,,,,,"[{'user_id': '1148200700939124736', 'username': 'Kajal98227082'}]",,,,
1269852187582009345,1269852187582009345,1591591328000,2020-06-08,10:12:08,IST,106972578,ibc24news,IBC24 News,,"आज से मध्यप्रदेश भी हुआ #Unlock, #Gwalior में खुले धार्मिक स्थल, #Bhopal #Jabalpur #Indore में अनुमति नहीं

#COVID2019 #IndiaFightsCoronavirus #Lockdown5 #Lockdownextention #UNLOCK1 #MPNews 

फॉलो करें : @triptisoni6194 
LIVETV :  http://ibc24.in/livetv  https://www.youtube.com/watch?v=DAPmhK60csQ …",['triptisoni6194'],"['http://ibc24.in/livetv', 'https://www.youtube.com/watch?v=DAPmhK60csQ']",[],1,1,4,"['#unlock', '#gwalior', '#bhopal', '#jabalpur', '#indore', '#covid2019', '#indiafightscoronavirus', '#lockdown5', '#lockdownextention', '#unlock1', '#mpnews']",[],https://twitter.com/IBC24News/status/1269852187582009345,False,,0,,,,,,,"[{'user_id': '106972578', 'username': 'IBC24News'}, {'user_id': '2858081263', 'username': 'triptisoni6194'}]",,,,
1269837408742318080,1269837408742318080,1591587805000,2020-06-08,09:13:25,IST,1148200700939124736,kajal98227082,Kajal,,"#MadhyaPradesh #Temples #tikamgarh #Unlock1 #CoronavirusIndia #Lockdown5 #public #Indore #gwalior #Bhopal #religious #SocialDistancing 

पट खुलने से पहले ही रामराजा और कुंडेश्वर मंदिर में लगी कतार
 https://tinyurl.com/vt44koe ",[],['https://tinyurl.com/vt44koe'],[],0,0,0,"['#madhyapradesh', '#temples', '#tikamgarh', '#unlock1', '#coronavirusindia', '#lockdown5', '#public', '#indore', '#gwalior', '#bhopal', '#religious', '#socialdistancing']",[],https://twitter.com/Kajal98227082/status/1269837408742318080,False,,0,,,,,,,"[{'user_id': '1148200700939124736', 'username': 'Kajal98227082'}]",,,,
1269093102754639875,1269093102754639875,1591410348000,2020-06-06,07:55:48,IST,1247150278756798464,vikasch10979808,vikas Chauhan,,#unlock1 @ Smart City - Gwalior  https://www.instagram.com/p/CBE6h_zgNGQ/?igshid=wjumzkebla0w …,[],['https://www.instagram.com/p/CBE6h_zgNGQ/?igshid=wjumzkebla0w'],[],0,0,1,['#unlock1'],[],https://twitter.com/vikasCh10979808/status/1269093102754639875,False,,0,,,,,,,"[{'user_id': '1247150278756798464', 'username': 'vikasCh10979808'}]",,,,
1269077562774433792,1269077562774433792,1591406643000,2020-06-06,06:54:03,IST,1171311347050545153,palak_parakh8,Palak & Parakh,,"207* confirm #COVIDー19 +ves in #Gwalior.
105 new cases in just 12 days!!
This is bcoz people only take Relaxations seriously and not Restrictions!!
🤷🏻‍♀️😢
#StayHome #Unlock1",[],[],[],1,1,1,"['#covidー19', '#gwalior', '#stayhome', '#unlock1']",[],https://twitter.com/palak_parakh8/status/1269077562774433792,False,,0,,,,,,,"[{'user_id': '1171311347050545153', 'username': 'palak_parakh8'}]",,,,
1267724024278286336,1267724024278286336,1591083935000,2020-06-02,13:15:35,IST,1013052436972359681,indorenewslive,Indore News,,"ध्यान रखें कोरोना से बचाव अच्छे मास्क से नही बल्कि अच्छी आदतों से होगा ....
आपकी सावधानी ही आपका बचाव है
#EPass #indore #indorenews #indorenewslive #corona #covid19 #lockdown5 #unlock1 #bhopal #gwalior #Ujjain #neemuch #mandsour #indorecity #coronavirus #IndoreFightsCorona pic.twitter.com/7UiKz503PT",[],[],['https://pbs.twimg.com/media/EZfcRa2XgAAxn4T.jpg'],1,0,1,"['#epass', '#indore', '#indorenews', '#indorenewslive', '#corona', '#covid19', '#lockdown5', '#unlock1', '#bhopal', '#gwalior', '#ujjain', '#neemuch', '#mandsour', '#indorecity', '#coronavirus', '#indorefightscorona']",[],https://twitter.com/IndoreNewsLive/status/1267724024278286336,False,,0,,,,,,,"[{'user_id': '1013052436972359681', 'username': 'IndoreNewsLive'}]",,,,
1267358585966653440,1267358585966653440,1590996807000,2020-06-01,13:03:27,IST,1013052436972359681,indorenewslive,Indore News,,"All The Best....
..
..
#indore #indorenews #indorenewslive #corona #covid19 #lockdown5 #unlock1 #bhopal #gwalior #Ujjain #dewas #neemuch #mandsour #indorecity #Indori #CoronaVirusOutBreak #coronavirus #coronavirusmemes #india #madhyapradesh #guna #shivpuri #IndoreFightsCorona pic.twitter.com/jHuUM9R6gD",[],[],[],1,0,2,"['#indore', '#indorenews', '#indorenewslive', '#corona', '#covid19', '#lockdown5', '#unlock1', '#bhopal', '#gwalior', '#ujjain', '#dewas', '#neemuch', '#mandsour', '#indorecity', '#indori', '#coronavirusoutbreak', '#coronavirus', '#coronavirusmemes', '#india', '#madhyapradesh', '#guna', '#shivpuri', '#indorefightscorona']",[],https://twitter.com/IndoreNewsLive/status/1267358585966653440,False,,1,,,,,,,"[{'user_id': '1013052436972359681', 'username': 'IndoreNewsLive'}]",,,,
1266928734260662273,1266928734260662273,1590894323000,2020-05-31,08:35:23,IST,2870223336,erravi07,भारत माता की जय🚩ॐ जय श्री राम🙏,,"@ChouhanShivraj मामा #gwalior चंबल मे बहुत सीट है उपचुनाव के लिए कुछ विकास दे दो बहुत अनदेखी हुई है सिटी थोड़े से संतुष्ट नहीं होगी अब

#sundayvibes #sachinpilot_ghar #ElonMusk #TajMahal #WorldNoTobaccoDay #Unlock1 #BoycottChineseProducts #SundayThoughts #SonuSood #BreakingNews",['chouhanshivraj'],[],[],0,2,2,"['#gwalior', '#sundayvibes', '#sachinpilot_ghar', '#elonmusk', '#tajmahal', '#worldnotobaccoday', '#unlock1', '#boycottchineseproducts', '#sundaythoughts', '#sonusood', '#breakingnews']",[],https://twitter.com/ErRavi07/status/1266928734260662273,False,,0,,,,,,,"[{'user_id': '2870223336', 'username': 'ErRavi07'}, {'user_id': '1251083774', 'username': 'ChouhanShivraj'}]",,,,
