id,conversation_id,created_at,date,time,timezone,user_id,username,name,place,tweet,mentions,urls,photos,replies_count,retweets_count,likes_count,hashtags,cashtags,link,retweet,quote_url,video,near,geo,source,user_rt_id,user_rt,retweet_id,reply_to,retweet_date,translate,trans_src,trans_dest
1277909130179682305,1277909130179682305,1593512253000,2020-06-30,15:47:33,IST,331545569,theindorerocks,Indore Rocks !!!,,"#Covid19 Alert ⚠
⚠ 
During #unlock1, you can now order for take away order for  PURE & DELICIOUS food from Old World Charms !! Food prepared  with utmost care & hygiene standards !! Check details only on…  https://www.instagram.com/p/CCDjpvplc8R/?igshid=rpewiy61jiys …",[],['https://www.instagram.com/p/CCDjpvplc8R/?igshid=rpewiy61jiys'],[],0,0,0,"['#covid19', '#unlock1']",[],https://twitter.com/TheIndoreRocks/status/1277909130179682305,False,,0,,,,,,,"[{'user_id': '331545569', 'username': 'TheIndoreRocks'}]",,,,
1276946589525749760,1276946589525749760,1593282766000,2020-06-28,00:02:46,IST,1114175338257338371,indore_info,INDORE INFO,," https://www.instagram.com/p/CB8fQpvlQPl/?igshid=1hm8k7j93x29l …
#indore_info #indore #reopenindore #govoffice #unlock1 #covid19 #indorereopen #information #updates pic.twitter.com/6meFQAZcs3",[],['https://www.instagram.com/p/CB8fQpvlQPl/?igshid=1hm8k7j93x29l'],[],0,0,0,"['#indore_info', '#indore', '#reopenindore', '#govoffice', '#unlock1', '#covid19', '#indorereopen', '#information', '#updates']",[],https://twitter.com/indore_info/status/1276946589525749760,False,,1,,,,,,,"[{'user_id': '1114175338257338371', 'username': 'indore_info'}]",,,,
1276909300682616832,1276909300682616832,1593273875000,2020-06-27,21:34:35,IST,1013052436972359681,indorenewslive,Indore News,,"भीया आज मौसम बना है और बारिश का भी होगा इंतजार खत्म....
#RainAlertIndore
#IndiaFightsCorona #IndoreFightsCorona #StayHomeStaySafe #ICareForIndore #indorenewslive #corona #covid19 #lockdown5 #unlock1 #bhopal #gwalior #Ujjain #dewas #neemuch #mandsour #indorecity #Indori #indore  pic.twitter.com/vvyJYvEeQZ",[],[],['https://pbs.twimg.com/media/Ebh-KSaUcAE3XPc.jpg'],1,0,2,"['#rainalertindore', '#indiafightscorona', '#indorefightscorona', '#stayhomestaysafe', '#icareforindore', '#indorenewslive', '#corona', '#covid19', '#lockdown5', '#unlock1', '#bhopal', '#gwalior', '#ujjain', '#dewas', '#neemuch', '#mandsour', '#indorecity', '#indori', '#indore']",[],https://twitter.com/IndoreNewsLive/status/1276909300682616832,False,,0,,,,,,,"[{'user_id': '1013052436972359681', 'username': 'IndoreNewsLive'}]",,,,
1276751206824570880,1276751206824570880,1593236183000,2020-06-27,11:06:23,IST,1214152115636977666,risingindore,RisingIndore.news,,"#Coronavirusupdates: 
#COVID19 India Tracker
(As On 27th June, 2020, 08:00 AM)

Confirmed Cases: 5,08,953
Active Cases: 1,97,387
Cured/Discharged/Migrated: 2,95,881
Deaths: 15,685
.
.
.

#CoronaUpdate #Covid19 #Coronavirus #unlock1 #Covid19 #Lockdown2020 #India #StayHome pic.twitter.com/JtAwz8YcJJ",[],[],['https://pbs.twimg.com/media/EbfucxEVAAUxFZ_.jpg'],0,0,0,"['#coronavirusupdates', '#covid19', '#coronaupdate', '#covid19', '#coronavirus', '#unlock1', '#covid19', '#lockdown2020', '#india', '#stayhome']",[],https://twitter.com/RisingIndore/status/1276751206824570880,False,,0,,,,,,,"[{'user_id': '1214152115636977666', 'username': 'RisingIndore'}]",,,,
1276537612669317120,1276508157695586305,1593185258000,2020-06-26,20:57:38,IST,1087585248471339008,prabhavim,Prabhavi,,"Noida has opted for Janta curfew, Punjab has sealed the boundaries, Indore is following lockdown on weekends, but why is Maharashtra not  taking any of such steps, despite the number of patients being the highest.😒😔 #Lockdown5 #Unlock1 #Maharashtra #udhavthakrey",['dev_fadnavis'],[],[],0,3,3,"['#lockdown5', '#unlock1', '#maharashtra', '#udhavthakrey']",[],https://twitter.com/PrabhaviM/status/1276537612669317120,False,,0,,,,,,,"[{'user_id': '1087585248471339008', 'username': 'PrabhaviM'}, {'user_id': '137780376', 'username': 'Dev_Fadnavis'}]",,,,
1276448525526511621,1276448525526511621,1593164018000,2020-06-26,15:03:38,IST,4860593421,mukulbhutda_,Mukul Bhutda (Maheshwari),,"इंदौरीयो के लिए बेहद ही गम्भीर समय, 🤔🤭

 आशा है सभी लोग सुरक्षित व सतर्क रहेंगे ।💯😌
#Indore #56dukan
#Unlock1
@Prakhardave18 https://twitter.com/iShankarLalwani/status/1276430758123626502 …",['prakhardave18'],['https://twitter.com/iShankarLalwani/status/1276430758123626502'],[],0,0,1,"['#indore', '#56dukan', '#unlock1']",[],https://twitter.com/MukulBhutda_/status/1276448525526511621,False,https://twitter.com/iShankarLalwani/status/1276430758123626502,0,,,,,,,"[{'user_id': '4860593421', 'username': 'MukulBhutda_'}, {'user_id': '2901749796', 'username': 'Prakhardave18'}]",,,,
1276446112379891713,1276397704025800704,1593163443000,2020-06-26,14:54:03,IST,1087585248471339008,prabhavim,Prabhavi,,"Noida has opted for Janta curfew, Punjab has sealed the boundaries, Indore is following lockdown on weekends, but why is Maharashtra not  taking any of such steps, despite the number of patients being the highest.😒😔 #Lockdown5 #Unlock1 #Maharashtra #udhavthakrey","['cmomaharashtra', 'pmoindia', 'officeofut']",[],[],0,0,0,"['#lockdown5', '#unlock1', '#maharashtra', '#udhavthakrey']",[],https://twitter.com/PrabhaviM/status/1276446112379891713,False,,0,,,,,,,"[{'user_id': '1087585248471339008', 'username': 'PrabhaviM'}, {'user_id': '2597666894', 'username': 'CMOMaharashtra'}, {'user_id': '471741741', 'username': 'PMOIndia'}, {'user_id': '1144169755672113155', 'username': 'OfficeofUT'}]",,,,
1276383820850139139,1275816038668496901,1593148591000,2020-06-26,10:46:31,IST,1087585248471339008,prabhavim,Prabhavi,,"Noida has opted for Janta curfew, Punjab has sealed the boundaries, Indore is following lockdown on weekends, but why is Maharashtra not  taking any of such steps, despite the number of patients being the highest.😒😔 #Lockdown5 #Unlock1 #Maharashtra #udhavthakrey",['pcmcindiagovin'],[],[],1,0,1,"['#lockdown5', '#unlock1', '#maharashtra', '#udhavthakrey']",[],https://twitter.com/PrabhaviM/status/1276383820850139139,False,,0,,,,,,,"[{'user_id': '1087585248471339008', 'username': 'PrabhaviM'}, {'user_id': '1715252378', 'username': 'pcmcindiagovin'}]",,,,
1276369271023493120,1276369271023493120,1593145122000,2020-06-26,09:48:42,IST,106972578,ibc24news,IBC24 News,,"#Indore में #Corona के 36 नए पॉजिटिव मरीज मिले, वहीं कोरोना से 24 घंटे में 3 मरीजों की हुई मौत

#COVID2019 #IndiaFightsCoronavirus #Lockdownextention #UNLOCK1 #MPNews 

फॉलो करें : @triptisoni6194 
LIVETV :  http://ibc24.in/livetv 
 https://www.youtube.com/watch?v=JAKFgsRdojw …",['triptisoni6194'],"['http://ibc24.in/livetv', 'https://www.youtube.com/watch?v=JAKFgsRdojw']",[],0,0,1,"['#indore', '#corona', '#covid2019', '#indiafightscoronavirus', '#lockdownextention', '#unlock1', '#mpnews']",[],https://twitter.com/IBC24News/status/1276369271023493120,False,,0,,,,,,,"[{'user_id': '106972578', 'username': 'IBC24News'}, {'user_id': '2858081263', 'username': 'triptisoni6194'}]",,,,
1276169749551030273,1276169749551030273,1593097553000,2020-06-25,20:35:53,IST,905021614546313216,indoretalk,Indore Talk,,"#NewsTalk: इंदौर हुआ अनलॉक कई क्षेत्रों में मिली छूठ। अनलॉक इंदौर में अलग-अलग बंटे  झोन में लागू रहेगी कुछ पाबंदियां। जनप्रतिनिधियों और प्रशासनिक अधिकारियों के बीच आयोजित बैठक के दौरान हुआ फैसला।

🎥  https://youtu.be/WmwXXXfZs0o 
#Indore #IndoreTalk #IndoreFightsCorona #Unlock1",[],['https://youtu.be/WmwXXXfZs0o'],[],0,0,6,"['#newstalk', '#indore', '#indoretalk', '#indorefightscorona', '#unlock1']",[],https://twitter.com/IndoreTalk/status/1276169749551030273,False,,0,,,,,,,"[{'user_id': '905021614546313216', 'username': 'IndoreTalk'}]",,,,
1276105113489166338,1276105113489166338,1593082142000,2020-06-25,16:19:02,IST,106972578,ibc24news,IBC24 News,,"जमातियों से फैला #Corona, #Indore को #Government ने #China का #Wuhan नहीं बनने दिया: नरोत्तम मिश्रा

@drnarottammisra @BJP4MP #COVID2019 #UNLOCK1 #MadhyaPradesh #MPNews 

फॉलो करें : @jyotisingh10101 
LIVETV :  http://ibc24.in/livetv 
 https://www.youtube.com/watch?v=lNTT1UZO_YQ …","['drnarottammisra', 'bjp4mp', 'jyotisingh10101']","['http://ibc24.in/livetv', 'https://www.youtube.com/watch?v=lNTT1UZO_YQ']",[],1,0,3,"['#corona', '#indore', '#government', '#china', '#wuhan', '#covid2019', '#unlock1', '#madhyapradesh', '#mpnews']",[],https://twitter.com/IBC24News/status/1276105113489166338,False,,0,,,,,,,"[{'user_id': '106972578', 'username': 'IBC24News'}, {'user_id': '779892669250101248', 'username': 'drnarottammisra'}, {'user_id': '1618490684', 'username': 'BJP4MP'}, {'user_id': '831844851641638912', 'username': 'jyotisingh10101'}]",,,,
1276019022102855681,1276019022102855681,1593061616000,2020-06-25,10:36:56,IST,106972578,ibc24news,IBC24 News,,"#Indore में 46 नए कोरोना पॉजिटिव मरीज मिले, जिले में #ActivePatient की संख्या 952 पहुंची

#COVID2019 #IndiaFightsCoronavirus #Lockdownextention #UNLOCK1 #MPNews 

फॉलो करें : @Rachana_Nitesh 
LIVETV :  http://ibc24.in/livetv 
 https://www.youtube.com/watch?v=e-hG1rApTgg …",['rachana_nitesh'],"['http://ibc24.in/livetv', 'https://www.youtube.com/watch?v=e-hG1rApTgg']",[],0,1,2,"['#indore', '#activepatient', '#covid2019', '#indiafightscoronavirus', '#lockdownextention', '#unlock1', '#mpnews']",[],https://twitter.com/IBC24News/status/1276019022102855681,False,,0,,,,,,,"[{'user_id': '106972578', 'username': 'IBC24News'}, {'user_id': '2849638807', 'username': 'Rachana_Nitesh'}]",,,,
1275671159292510209,1275671159292510209,1592978679000,2020-06-24,11:34:39,IST,106972578,ibc24news,IBC24 News,,"#Indore में #Corona के 31 नए पॉजिटिव मरीज मिले, वहीं 24 घंटे में 4 मरीजों की मौत

#COVID2019 #IndiaFightsCoronavirus #Lockdownextention #UNLOCK1 #MPNews 

फॉलो करें : @Rachana_Nitesh 
LIVETV :  http://ibc24.in/livetv 
 https://www.youtube.com/watch?v=whlfbdTifBc …",['rachana_nitesh'],"['http://ibc24.in/livetv', 'https://www.youtube.com/watch?v=whlfbdTifBc']",[],0,1,3,"['#indore', '#corona', '#covid2019', '#indiafightscoronavirus', '#lockdownextention', '#unlock1', '#mpnews']",[],https://twitter.com/IBC24News/status/1275671159292510209,False,,0,,,,,,,"[{'user_id': '106972578', 'username': 'IBC24News'}, {'user_id': '2849638807', 'username': 'Rachana_Nitesh'}]",,,,
1275599082459807744,1275599082459807744,1592961495000,2020-06-24,06:48:15,IST,331545569,theindorerocks,Indore Rocks !!!,,"Good morning / Namasté 🙏 #Indore !
.
जनहित में जारी: Pl DONT touch !!
.
City is opening up in #unlock1, after long & painful #lockdown forced  by #COVID19 !!
.
Most shops (not in malls), restaurants (home-delivery), pohaa & tea stalls/shops (yes,really thats Indore special...1/4  pic.twitter.com/MNSLpc7w1l",[],[],"['https://pbs.twimg.com/media/EbPWk1XUcAAEe8j.jpg', 'https://pbs.twimg.com/media/EbPWk1YU4AIXrhA.jpg', 'https://pbs.twimg.com/media/EbPWk1YU0AAzdxG.jpg', 'https://pbs.twimg.com/media/EbPWk1ZUwAAKwQd.jpg']",1,1,3,"['#indore', '#unlock1', '#lockdown', '#covid19']",[],https://twitter.com/TheIndoreRocks/status/1275599082459807744,False,,0,,,,,,,"[{'user_id': '331545569', 'username': 'TheIndoreRocks'}]",,,,
1275587070367535106,1275587070367535106,1592958631000,2020-06-24,06:00:31,IST,815443392230371329,codebetterindia,CodeBetter,,"Join #CodeBetter and start your IT #Career!
For Further Details:  http://codebetter.in  Or
Contact Us: +91 8823075444 /888900220

#onlineclasses #appdevelopment #iphoneapp #iphoneappdevelopment #iOS #unlock1 #IT #staysafe #workfromhome #indore #COVID19 #IndoreFightsCorona pic.twitter.com/TSIOVCHPHz",[],['http://codebetter.in'],['https://pbs.twimg.com/media/EbPLrh4X0AIkmdt.jpg'],0,0,0,"['#codebetter', '#career', '#onlineclasses', '#appdevelopment', '#iphoneapp', '#iphoneappdevelopment', '#ios', '#unlock1', '#it', '#staysafe', '#workfromhome', '#indore', '#covid19', '#indorefightscorona']",[],https://twitter.com/codebetterindia/status/1275587070367535106,False,,0,,,,,,,"[{'user_id': '815443392230371329', 'username': 'codebetterindia'}]",,,,
1275283055058407426,1275283055058407426,1592886148000,2020-06-23,09:52:28,IST,106972578,ibc24news,IBC24 News,,"#Indore में #Corona के 54 #NewPositivePatient मिले, वहीं 24 घंटे में कोरोना से 2 मरीजों की मौत

#COVID2019 #IndiaFightsCoronavirus #Lockdownextention #UNLOCK1 #MPNews 

फॉलो करें : @triptisoni6194 
LIVETV :  http://ibc24.in/livetv  pic.twitter.com/opMZvqkaUl",['triptisoni6194'],['http://ibc24.in/livetv'],[],0,0,5,"['#indore', '#corona', '#newpositivepatient', '#covid2019', '#indiafightscoronavirus', '#lockdownextention', '#unlock1', '#mpnews']",[],https://twitter.com/IBC24News/status/1275283055058407426,False,,1,,,,,,,"[{'user_id': '106972578', 'username': 'IBC24News'}, {'user_id': '2858081263', 'username': 'triptisoni6194'}]",,,,
1274990096836526080,1274990096836526080,1592816301000,2020-06-22,14:28:21,IST,1013052436972359681,indorenewslive,Indore News,,"कोरोना के संक्रमण से बचें Third Bin का उपयोग करें
#IndoreDefeatsCorona #LiterBin #SwachhIndore #IndoreRahegaNo1
#information #DustBin
#IndoreFightsCorona #StayHomeStaySafe #HealthForAll #IndoreNewslive #IndoreNews #Corona #Covid19 #LockDown5 #Unlock1 #IndoreCity #Indori #Indore  pic.twitter.com/3hZtYH4CIi",[],[],['https://pbs.twimg.com/media/EbGsuNcU4AACE6X.jpg'],0,0,1,"['#indoredefeatscorona', '#literbin', '#swachhindore', '#indorerahegano1', '#information', '#dustbin', '#indorefightscorona', '#stayhomestaysafe', '#healthforall', '#indorenewslive', '#indorenews', '#corona', '#covid19', '#lockdown5', '#unlock1', '#indorecity', '#indori', '#indore']",[],https://twitter.com/IndoreNewsLive/status/1274990096836526080,False,,0,,,,,,,"[{'user_id': '1013052436972359681', 'username': 'IndoreNewsLive'}]",,,,
1274203785737326592,1274203785737326592,1592628830000,2020-06-20,10:23:50,IST,106972578,ibc24news,IBC24 News,,"#Indore: शहर में 24 घंटे में कोरोना के 42 नए मरीज मिले, वहीं 24 घंटे में 4 मरीजों की हुई मौत

#COVID2019 #IndiaFightsCoronavirus #Lockdownextention #UNLOCK1 #MPNews 

फॉलो करें : @triptisoni6194 
LIVETV :  http://ibc24.in/livetv  pic.twitter.com/2z6JJzU0d6",['triptisoni6194'],['http://ibc24.in/livetv'],[],0,0,4,"['#indore', '#covid2019', '#indiafightscoronavirus', '#lockdownextention', '#unlock1', '#mpnews']",[],https://twitter.com/IBC24News/status/1274203785737326592,False,,1,,,,,,,"[{'user_id': '106972578', 'username': 'IBC24News'}, {'user_id': '2858081263', 'username': 'triptisoni6194'}]",,,,
1274198451002109953,1274196404534079489,1592627558000,2020-06-20,10:02:38,IST,331545569,theindorerocks,Indore Rocks !!!,,"2/2
#IndoreRocks !!!  http://IndoreRocks.com  !!!
🤘🏼
🤘🏼
🤘🏼
#internationalyogaday #staysafe #stayhealthy #unlock1 #morning #morningmotivation #goodvibes #goodmorning #good #nature #yogi #Indore #yogapractice #yogalife #yogini #lockdown #covid19 #ramdev #babaramdev #Indore",[],['http://IndoreRocks.com'],[],0,1,1,"['#indorerocks', '#internationalyogaday', '#staysafe', '#stayhealthy', '#unlock1', '#morning', '#morningmotivation', '#goodvibes', '#goodmorning', '#good', '#nature', '#yogi', '#indore', '#yogapractice', '#yogalife', '#yogini', '#lockdown', '#covid19', '#ramdev', '#babaramdev', '#indore']",[],https://twitter.com/TheIndoreRocks/status/1274198451002109953,False,,0,,,,,,,"[{'user_id': '331545569', 'username': 'TheIndoreRocks'}]",,,,
1273826485317414912,1273826485317414912,1592538875000,2020-06-19,09:24:35,IST,1122024819694784513,chahikhabar,चाही ख़बर,,इंदौर में 18/06/2020 क़ो 55 नए positive #indore #IndoreFightsCorona #Indorelockdown #unlock1 #MPFightsCorona #BREAKING #BreakingNews #COVID19 pic.twitter.com/etMbNuGIXI,[],[],['https://pbs.twimg.com/media/Ea2KbVZUwAEcOSF.jpg'],0,2,2,"['#indore', '#indorefightscorona', '#indorelockdown', '#unlock1', '#mpfightscorona', '#breaking', '#breakingnews', '#covid19']",[],https://twitter.com/ChahiKhabar/status/1273826485317414912,False,,0,,,,,,,"[{'user_id': '1122024819694784513', 'username': 'ChahiKhabar'}]",,,,
1273578737380937729,1273578737380937729,1592479807000,2020-06-18,17:00:07,IST,1013052436972359681,indorenewslive,Indore News,,"हेयर कटिंग सैलून और ब्यूटी पार्लर आज से ही खुल सकेंगे  ,आदेश जारी . कंटेन्मेंट एरिया में अभी अनुमति नही रहेगी ।

#IndoreFightsCorona #StayHomeStaySafe #IndoreNewslive #IndoreNews #Corona #Covid19 #LockDown5 #Unlock1 #IndoreCity #Indori #Indore #Salon #BeautyParlour #SalonNews pic.twitter.com/xMauCNLtTo",[],[],['https://pbs.twimg.com/media/EaypGZLU4AM0SXZ.jpg'],0,1,4,"['#indorefightscorona', '#stayhomestaysafe', '#indorenewslive', '#indorenews', '#corona', '#covid19', '#lockdown5', '#unlock1', '#indorecity', '#indori', '#indore', '#salon', '#beautyparlour', '#salonnews']",[],https://twitter.com/IndoreNewsLive/status/1273578737380937729,False,,0,,,,,,,"[{'user_id': '1013052436972359681', 'username': 'IndoreNewsLive'}]",,,,
1273478193719066624,1273478193719066624,1592455836000,2020-06-18,10:20:36,IST,106972578,ibc24news,IBC24 News,,"#Indore:  24 घंटे में कोरोना के 57 नए  पॉजिटिव  मरीज मिले, वहीं 3 मरीजों की हुई मौत

#COVID2019 #IndiaFightsCoronavirus #Lockdownextention #UNLOCK1 #MPNews 

फॉलो करें : @Rachana_Nitesh 
LIVETV :  http://ibc24.in/livetv  https://www.youtube.com/watch?v=kyWTEjYRT6w …",['rachana_nitesh'],"['http://ibc24.in/livetv', 'https://www.youtube.com/watch?v=kyWTEjYRT6w']",[],0,1,5,"['#indore', '#covid2019', '#indiafightscoronavirus', '#lockdownextention', '#unlock1', '#mpnews']",[],https://twitter.com/IBC24News/status/1273478193719066624,False,,0,,,,,,,"[{'user_id': '106972578', 'username': 'IBC24News'}, {'user_id': '2849638807', 'username': 'Rachana_Nitesh'}]",,,,
1273449819814547456,1273449819814547456,1592449071000,2020-06-18,08:27:51,IST,1122024819694784513,chahikhabar,चाही ख़बर,,इंदौर में 17/06/2020 क़ो 57 नए positive #indore #IndoreFightsCorona #Indorelockdown #unlock1 #MPFightsCorona #BREAKING #BreakingNews pic.twitter.com/wKj1MPA0ZH,[],[],['https://pbs.twimg.com/media/Eawz2kDUwAA2MJX.jpg'],0,2,3,"['#indore', '#indorefightscorona', '#indorelockdown', '#unlock1', '#mpfightscorona', '#breaking', '#breakingnews']",[],https://twitter.com/ChahiKhabar/status/1273449819814547456,False,,0,,,,,,,"[{'user_id': '1122024819694784513', 'username': 'ChahiKhabar'}]",,,,
1273115658633478146,1273115658633478146,1592369401000,2020-06-17,10:20:01,IST,106972578,ibc24news,IBC24 News,,"#Indore: 24 घंटे में कोरोना के 44 नए पॉजिटिव मरीज मिले, वहीं 4 लोगों की हुई मौत

#COVID2019 #IndiaFightsCoronavirus #Lockdownextention #UNLOCK1 #MadhyaPradesh #MPNews 

फॉलो करें : @Rachana_Nitesh 
LIVETV :  http://ibc24.in/livetv  https://www.youtube.com/watch?v=r8iRelvUdXc …",['rachana_nitesh'],"['http://ibc24.in/livetv', 'https://www.youtube.com/watch?v=r8iRelvUdXc']",[],0,1,6,"['#indore', '#covid2019', '#indiafightscoronavirus', '#lockdownextention', '#unlock1', '#madhyapradesh', '#mpnews']",[],https://twitter.com/IBC24News/status/1273115658633478146,False,,0,,,,,,,"[{'user_id': '106972578', 'username': 'IBC24News'}, {'user_id': '2849638807', 'username': 'Rachana_Nitesh'}]",,,,
1273082038208221187,1273082038208221187,1592361385000,2020-06-17,08:06:25,IST,331545569,theindorerocks,Indore Rocks !!!,,"Good morning #Indore !!
🤘🏼
🤘🏼
Have a rocking day ahead !!
🤘🏼
🤘🏼
🤘🏼
#IndoreRocks  http://IndoreRocks.com  !!!
🌼
🌸
#staysafe #stayhealthy #unlock #unlock1 #morning #morningmotivation #morningvibes #goodvibes #goodmorning #good
#nature #naturephotography #naturalbeauty pic.twitter.com/CxRgZRBuMw",[],['http://IndoreRocks.com'],['https://pbs.twimg.com/media/EarlV0NUMAA9XHv.jpg'],1,1,3,"['#indore', '#indorerocks', '#staysafe', '#stayhealthy', '#unlock', '#unlock1', '#morning', '#morningmotivation', '#morningvibes', '#goodvibes', '#goodmorning', '#good', '#nature', '#naturephotography', '#naturalbeauty']",[],https://twitter.com/TheIndoreRocks/status/1273082038208221187,False,,0,,,,,,,"[{'user_id': '331545569', 'username': 'TheIndoreRocks'}]",,,,
1272738882656718848,1272738882656718848,1592279570000,2020-06-16,09:22:50,IST,106972578,ibc24news,IBC24 News,,"#Indore में #Corona के 21 नए पॉजिटिव मरीज मिले, नीमच में भी 10 नए कोरोना मरीज मिले

#COVID2019 #IndiaFightsCoronavirus #Lockdownextention #UNLOCK1 #MadhyaPradesh #MPNews 

फॉलो करें : @triptisoni6194
LIVETV :  http://ibc24.in/livetv  https://www.youtube.com/watch?v=UUHhKo12_mY …",['triptisoni6194'],"['http://ibc24.in/livetv', 'https://www.youtube.com/watch?v=UUHhKo12_mY']",[],0,0,0,"['#indore', '#corona', '#covid2019', '#indiafightscoronavirus', '#lockdownextention', '#unlock1', '#madhyapradesh', '#mpnews']",[],https://twitter.com/IBC24News/status/1272738882656718848,False,,0,,,,,,,"[{'user_id': '106972578', 'username': 'IBC24News'}, {'user_id': '2858081263', 'username': 'triptisoni6194'}]",,,,
1272724926609321985,1272724926609321985,1592276243000,2020-06-16,08:27:23,IST,1122024819694784513,chahikhabar,चाही ख़बर,,इंदौर में 15/06/2020 को 21 नए positive #indore #IndoreFightsCorona #Indorelockdown #unlock1 #MPFightsCorona #BREAKING #BreakingNews #COVID19 pic.twitter.com/bijkzYCq32,[],[],['https://pbs.twimg.com/media/EamgkkyUMAAJICS.jpg'],0,2,2,"['#indore', '#indorefightscorona', '#indorelockdown', '#unlock1', '#mpfightscorona', '#breaking', '#breakingnews', '#covid19']",[],https://twitter.com/ChahiKhabar/status/1272724926609321985,False,,0,,,,,,,"[{'user_id': '1122024819694784513', 'username': 'ChahiKhabar'}]",,,,
1272479901145169920,1272479901145169920,1592217824000,2020-06-15,16:13:44,IST,1013052436972359681,indorenewslive,Indore News,,"इंदौर के सभी कोविड हास्पिटल में परामर्श केंद्र आरंभ कर दिए गए हैं।

#CovidHospital #CounselingCenters
#IndoreFightsCorona #Unlock1 #LockDown5 #IndiaFightsCorona #Indore #IndoreNewsLive #IndoreNews #BreakingNews #TodayNews #Corona #CoronaVirus #COVID19 https://indorenewslive.com/counseling-centers-have-been-started-in-all-the-covid-hospitals-in-indore-as-per-the-instructions-of-divisional-commissioner-pawan-sharma/ …",[],['https://indorenewslive.com/counseling-centers-have-been-started-in-all-the-covid-hospitals-in-indore-as-per-the-instructions-of-divisional-commissioner-pawan-sharma/'],[],0,1,1,"['#covidhospital', '#counselingcenters', '#indorefightscorona', '#unlock1', '#lockdown5', '#indiafightscorona', '#indore', '#indorenewslive', '#indorenews', '#breakingnews', '#todaynews', '#corona', '#coronavirus', '#covid19']",[],https://twitter.com/IndoreNewsLive/status/1272479901145169920,False,,0,,,,,,,"[{'user_id': '1013052436972359681', 'username': 'IndoreNewsLive'}]",,,,
1272470966182928384,1272470966182928384,1592215694000,2020-06-15,15:38:14,IST,1148200700939124736,kajal98227082,Kajal,,"#Unlock1 #bhopal #MadhyaPradesh #madhyapradeshcrisis #BREAKING #Politics #mp #hindinews #gwalior #Indore #surkhi #sanchi #temple 

Unlock : 84 दिन बाद खुले धर्मस्थल : शिवराज ने आशीर्वाद लेकर शुरू किया चुनाव प्रचार https://tinyurl.com/vt44koe ",[],['https://tinyurl.com/vt44koe'],[],0,0,0,"['#unlock1', '#bhopal', '#madhyapradesh', '#madhyapradeshcrisis', '#breaking', '#politics', '#mp', '#hindinews', '#gwalior', '#indore', '#surkhi', '#sanchi', '#temple']",[],https://twitter.com/Kajal98227082/status/1272470966182928384,False,,0,,,,,,,"[{'user_id': '1148200700939124736', 'username': 'Kajal98227082'}]",,,,
1272391397199364096,1272391397199364096,1592196723000,2020-06-15,10:22:03,IST,2306142584,dharmnagari,#Dharm_Nagari_ राष्ट्र सर्वोपरि,,"...2
#कोरोना संक्रमितों की संख्या 10,000 पार

आज गृहमंत्री @amitshah लेंगे सर्वदलीय बैठक लेंगे
-@DharmNagari #Dharma_Nagari_
#CoronaWarriors #कोरोना_योद्धा #Unlock1 #unlockingindia #ShivrajSinghChouhan #COVID19 #Indore #MadhyaPradesh #BJP #BJPJanSamvad #Congress #koronavirus pic.twitter.com/JTevKCBaEj","['amitshah', 'dharmnagari']",[],"['https://pbs.twimg.com/media/Eahvro2VAAA_Lmw.jpg', 'https://pbs.twimg.com/media/Eahws8jUEAEEsqJ.jpg', 'https://pbs.twimg.com/media/Eahws8kVAAALq2u.jpg', 'https://pbs.twimg.com/media/Eahws8mUwAEmyyp.jpg']",0,2,3,"['#कोरोना', '#dharma_nagari_', '#coronawarriors', '#कोरोना_योद्धा', '#unlock1', '#unlockingindia', '#shivrajsinghchouhan', '#covid19', '#indore', '#madhyapradesh', '#bjp', '#bjpjansamvad', '#congress', '#koronavirus']",[],https://twitter.com/DharmNagari/status/1272391397199364096,False,,0,,,,,,,"[{'user_id': '2306142584', 'username': 'DharmNagari'}, {'user_id': '1447949844', 'username': 'AmitShah'}]",,,,
1272384907587678208,1272384907587678208,1592195176000,2020-06-15,09:56:16,IST,106972578,ibc24news,IBC24 News,,"#Indore:  शहर में मिले कोरोना के 6 नए पॉजिटिव मरीज मिले,  पिछले 24 घंटे में 4 और मरीजों की मौत 

#COVID2019 #IndiaFightsCoronavirus #Lockdown5 #Lockdownextention #UNLOCK1 #MPNews 

फॉलो करें : @triptisoni6194 
LIVETV :  http://ibc24.in/livetv  https://www.youtube.com/watch?v=lNZY4y5HYso&t=1s …",['triptisoni6194'],"['http://ibc24.in/livetv', 'https://www.youtube.com/watch?v=lNZY4y5HYso&t=1s']",[],0,0,1,"['#indore', '#covid2019', '#indiafightscoronavirus', '#lockdown5', '#lockdownextention', '#unlock1', '#mpnews']",[],https://twitter.com/IBC24News/status/1272384907587678208,False,,0,,,,,,,"[{'user_id': '106972578', 'username': 'IBC24News'}, {'user_id': '2858081263', 'username': 'triptisoni6194'}]",,,,
1272229130549907457,1272229130549907457,1592158036000,2020-06-14,23:37:16,IST,1122024819694784513,chahikhabar,चाही ख़बर,,इंदौर में आज (14/06/2020) 6 नए positive #indore #IndoreFightsCorona #Indorelockdown #unlock1 #MPFightsCorona #BREAKING #BreakingNews pic.twitter.com/H3uPedZypu,[],[],['https://pbs.twimg.com/media/EafdpSWUwAAO4WT.jpg'],2,1,5,"['#indore', '#indorefightscorona', '#indorelockdown', '#unlock1', '#mpfightscorona', '#breaking', '#breakingnews']",[],https://twitter.com/ChahiKhabar/status/1272229130549907457,False,,0,,,,,,,"[{'user_id': '1122024819694784513', 'username': 'ChahiKhabar'}]",,,,
1272181820155518977,1272177924209127424,1592146756000,2020-06-14,20:29:16,IST,2306142584,dharmnagari,#Dharm_Nagari_ राष्ट्र सर्वोपरि,,"सच लिखा आपने दीदी
काश ! आपके जैसा भाव व कर्म सभी समर्थ लोगो के
हो जाए तो शायद इस धरती से आधा दुःख लोगो के वैसे ही कम हो जाए
💐
आपको बधाई !
-
#CoronaWarriors #कोरोना_योद्धा #Unlock1 #unlockingindia #ShivrajSinghChouhan #COVID19 #Indore #MadhyaPradesh #BJP #BJPJanSamvad #Congress","['anuradhatrived7', 'sabdhanicoachin']",[],[],0,0,0,"['#coronawarriors', '#कोरोना_योद्धा', '#unlock1', '#unlockingindia', '#shivrajsinghchouhan', '#covid19', '#indore', '#madhyapradesh', '#bjp', '#bjpjansamvad', '#congress']",[],https://twitter.com/DharmNagari/status/1272181820155518977,False,,0,,,,,,,"[{'user_id': '2306142584', 'username': 'DharmNagari'}, {'user_id': '1189785068232822784', 'username': 'AnuradhaTrived7'}, {'user_id': '505972364', 'username': 'SabdhaniCoachin'}]",,,,
1271875389011324928,1271875389011324928,1592073697000,2020-06-14,00:11:37,IST,1122024819694784513,chahikhabar,चाही ख़बर,,इंदौर में आज (13/06/2020) 34 नए positive #indore #IndoreFightsCorona #Indorelockdown #unlock1 #MPFightsCorona #BREAKING #BreakingNews pic.twitter.com/oa7wjuHISw,[],[],['https://pbs.twimg.com/media/Eaab61SUwAEtpDH.jpg'],0,1,3,"['#indore', '#indorefightscorona', '#indorelockdown', '#unlock1', '#mpfightscorona', '#breaking', '#breakingnews']",[],https://twitter.com/ChahiKhabar/status/1271875389011324928,False,,0,,,,,,,"[{'user_id': '1122024819694784513', 'username': 'ChahiKhabar'}]",,,,
1271856417691979776,1271856417691979776,1592069174000,2020-06-13,22:56:14,IST,1013052436972359681,indorenewslive,Indore News,,"इंदौर। प्रबंधन के ज्यादा बिल देने पर पत्रकार सुनील जोशी(नई दुनिया) राजश्री अपोलो हॉस्पिटल के पांचवी मंजिल पर धरने पर बैठे ।

#ICareForIndore #IndiaFightsCorona #indorenews #indorenewslive #corona #covid19 #lockdown5 #unlock1 #indore #IndoreFightsCorona
 https://www.facebook.com/152679872034327/posts/592884164680560/ … pic.twitter.com/5TBK6ukj3w",[],['https://www.facebook.com/152679872034327/posts/592884164680560/'],['https://pbs.twimg.com/media/EaaKqEpVAAEUx8t.jpg'],0,0,0,"['#icareforindore', '#indiafightscorona', '#indorenews', '#indorenewslive', '#corona', '#covid19', '#lockdown5', '#unlock1', '#indore', '#indorefightscorona']",[],https://twitter.com/IndoreNewsLive/status/1271856417691979776,False,,0,,,,,,,"[{'user_id': '1013052436972359681', 'username': 'IndoreNewsLive'}]",,,,
1271688086515113984,1271688086515113984,1592029041000,2020-06-13,11:47:21,IST,106972578,ibc24news,IBC24 News,,"#Indore: #Unlock1  में कोरोना से मौतों में इज़ाफा, 11 दिन में मौतों का आंकड़ा 4.8% तक पहुंचा 

#COVID2019 #IndiaFightsCoronavirus #Lockdown5 #Lockdownextention #UNLOCK1 

फॉलो करें : @triptisoni6194
LIVETV :  http://ibc24.in/livetv  pic.twitter.com/MBbDKCqdjg",['triptisoni6194'],['http://ibc24.in/livetv'],[],0,3,7,"['#indore', '#unlock1', '#covid2019', '#indiafightscoronavirus', '#lockdown5', '#lockdownextention', '#unlock1']",[],https://twitter.com/IBC24News/status/1271688086515113984,False,,1,,,,,,,"[{'user_id': '106972578', 'username': 'IBC24News'}, {'user_id': '2858081263', 'username': 'triptisoni6194'}]",,,,
1271659336922615809,1271659336922615809,1592022186000,2020-06-13,09:53:06,IST,86046157,ranashu,Ranjan Srivastava,,"Social distancing norms thrown to wind during union agriculture minister’s birthday bash via @htTweets  https://m.hindustantimes.com/india-news/social-distancing-norms-thrown-to-wind-during-union-agriculture-minister-s-birthday-bash/story-GfpIADeayMFvKXtP1ku7LI.html …
#COVID #COVID19 #Covid_19india #coronavirus #CoronaWarrior #Unlock1 #MadhyaPradesh #Bhopal #Indore @BJP4India @BJP4MP @INCIndia @INCMP @SevadalMP","['httweets', 'bjp4india', 'bjp4mp', 'incindia', 'incmp', 'sevadalmp']",['https://m.hindustantimes.com/india-news/social-distancing-norms-thrown-to-wind-during-union-agriculture-minister-s-birthday-bash/story-GfpIADeayMFvKXtP1ku7LI.html'],[],1,0,2,"['#covid', '#covid19', '#covid_19india', '#coronavirus', '#coronawarrior', '#unlock1', '#madhyapradesh', '#bhopal', '#indore']",[],https://twitter.com/ranashu/status/1271659336922615809,False,,0,,,,,,,"[{'user_id': '86046157', 'username': 'ranashu'}, {'user_id': '36327407', 'username': 'htTweets'}, {'user_id': '207809313', 'username': 'BJP4India'}, {'user_id': '1618490684', 'username': 'BJP4MP'}, {'user_id': '1153045459', 'username': 'INCIndia'}, {'user_id': '3257583379', 'username': 'INCMP'}, {'user_id': '1052960733833715713', 'username': 'SevadalMP'}]",,,,
1271624504029007872,1271624504029007872,1592013882000,2020-06-13,07:34:42,IST,1122024819694784513,chahikhabar,चाही ख़बर,,इंदौर में आज (12/06/2020) 57 नए positive #indore #IndoreFightsCorona #Indorelockdown #unlock1 #MPFightsCorona #BREAKING #BreakingNews pic.twitter.com/DkSwdiR1YK,[],[],['https://pbs.twimg.com/media/EaW3u_VU0AE1MF9.jpg'],1,0,0,"['#indore', '#indorefightscorona', '#indorelockdown', '#unlock1', '#mpfightscorona', '#breaking', '#breakingnews']",[],https://twitter.com/ChahiKhabar/status/1271624504029007872,False,,0,,,,,,,"[{'user_id': '1122024819694784513', 'username': 'ChahiKhabar'}]",,,,
1271385553351487488,1271385553351487488,1591956911000,2020-06-12,15:45:11,IST,106972578,ibc24news,IBC24 News,,"#Indore में राशन दुकानों से #Corona संक्रमण फैलने की आशंका, #BiometricMachine में अंगूठा लगाना जरुरी

 #IndiaFightsCoronavirus #Lockdown5 #Lockdownextention #UNLOCK1 #MPNews 

फॉलो करें : @jyotisingh10101 
LIVETV :  http://ibc24.in/livetv  https://www.youtube.com/watch?v=-b_1k9ve5Pk …",['jyotisingh10101'],"['http://ibc24.in/livetv', 'https://www.youtube.com/watch?v=-b_1k9ve5Pk']",[],0,0,2,"['#indore', '#corona', '#biometricmachine', '#indiafightscoronavirus', '#lockdown5', '#lockdownextention', '#unlock1', '#mpnews']",[],https://twitter.com/IBC24News/status/1271385553351487488,False,,0,,,,,,,"[{'user_id': '106972578', 'username': 'IBC24News'}, {'user_id': '831844851641638912', 'username': 'jyotisingh10101'}]",,,,
1271314519533342720,1271314519533342720,1591939975000,2020-06-12,11:02:55,IST,797786062739357696,bluetreelakes,BlueTreeLakes,,"What is #HomeQuarantine 👇
#Mumbai #Delhi #Lucknow
#Chennai #Bengaluru #Indore
#India #Rajasthan #haryana
#Indians #lockdownindia 🔒
#Unlock1 #Modi #Mumbaikar
#Pune #TamilNadu #Jaipur
#Kolkata #UP #Ahmedabad
#Gujarat #Maharashtra #thane #Indian #chembur #navimumbai #Gurgaon pic.twitter.com/hTFHSL5FlN",[],[],"['https://pbs.twimg.com/media/EaSdxZaUcAgHK-O.jpg', 'https://pbs.twimg.com/media/EaSdzecU4AEBlYH.jpg', 'https://pbs.twimg.com/media/EaSd0OoUYAING_9.jpg']",0,0,0,"['#homequarantine', '#mumbai', '#delhi', '#lucknow', '#chennai', '#bengaluru', '#indore', '#india', '#rajasthan', '#haryana', '#indians', '#lockdownindia', '#unlock1', '#modi', '#mumbaikar', '#pune', '#tamilnadu', '#jaipur', '#kolkata', '#up', '#ahmedabad', '#gujarat', '#maharashtra', '#thane', '#indian', '#chembur', '#navimumbai', '#gurgaon']",[],https://twitter.com/bluetreelakes/status/1271314519533342720,False,,0,,,,,,,"[{'user_id': '797786062739357696', 'username': 'bluetreelakes'}]",,,,
1271313531355316232,1271313531355316232,1591939740000,2020-06-12,10:59:00,IST,106972578,ibc24news,IBC24 News,,"#Indore: #Odd, #Even की तर्ज पर खुला बाजार, सुबह 10 से शाम 7 बजे तक कर सकेंगे बुकिंग

#COVID2019 #IndiaFightsCoronavirus #Lockdown5 #Lockdownextention #UNLOCK1 #MPNews 

फॉलो करें : @triptisoni6194 
LIVETV :  http://ibc24.in/livetv  pic.twitter.com/nVpqyRUpXs",['triptisoni6194'],['http://ibc24.in/livetv'],[],0,1,13,"['#indore', '#odd', '#even', '#covid2019', '#indiafightscoronavirus', '#lockdown5', '#lockdownextention', '#unlock1', '#mpnews']",[],https://twitter.com/IBC24News/status/1271313531355316232,False,,1,,,,,,,"[{'user_id': '106972578', 'username': 'IBC24News'}, {'user_id': '2858081263', 'username': 'triptisoni6194'}]",,,,
1271298285198700552,1271298285198700552,1591936105000,2020-06-12,09:58:25,IST,106972578,ibc24news,IBC24 News,,"#Indore:   24 घंटे में #Corona के 50 #NewPatient मिले, वहीं 24 घंटे में एक मरीज की मौत

#COVID2019 #IndiaFightsCoronavirus #Lockdown5 #Lockdownextention #UNLOCK1 #MPNews 

फॉलो करें : @triptisoni6194
LIVETV :  http://ibc24.in/livetv  pic.twitter.com/7n0PvoyC8M",['triptisoni6194'],['http://ibc24.in/livetv'],[],0,1,7,"['#indore', '#corona', '#newpatient', '#covid2019', '#indiafightscoronavirus', '#lockdown5', '#lockdownextention', '#unlock1', '#mpnews']",[],https://twitter.com/IBC24News/status/1271298285198700552,False,,1,,,,,,,"[{'user_id': '106972578', 'username': 'IBC24News'}, {'user_id': '2858081263', 'username': 'triptisoni6194'}]",,,,
1271189481647861761,1271189481647861761,1591910164000,2020-06-12,02:46:04,IST,1247974747364683776,facto_news,Facto Fact Check,,"True ! Muslim students were made to sit outside for board exams in Indore, MP
#FactoFactCheck #indore #MP #Unlock1 #Covid19 #Islamophobia https://factonews.co/true-muslim-students-were-made-to-sit-outside-for-board-exams-in-indore-mp/ …",[],['https://factonews.co/true-muslim-students-were-made-to-sit-outside-for-board-exams-in-indore-mp/'],[],0,18,17,"['#factofactcheck', '#indore', '#mp', '#unlock1', '#covid19', '#islamophobia']",[],https://twitter.com/Facto_news/status/1271189481647861761,False,,0,,,,,,,"[{'user_id': '1247974747364683776', 'username': 'Facto_news'}]",,,,
1271160500932325376,1271160500932325376,1591903255000,2020-06-12,00:50:55,IST,1122024819694784513,chahikhabar,चाही ख़बर,,इंदौर में आज (11/06/2020) 50 नए positive #indore #IndoreFightsCorona #Indorelockdown #unlock1 #MPFightsCorona #BREAKING #BreakingNews pic.twitter.com/oFlnZOh6aQ,[],[],['https://pbs.twimg.com/media/EaQRu4kUYAADdyY.jpg'],0,1,2,"['#indore', '#indorefightscorona', '#indorelockdown', '#unlock1', '#mpfightscorona', '#breaking', '#breakingnews']",[],https://twitter.com/ChahiKhabar/status/1271160500932325376,False,,0,,,,,,,"[{'user_id': '1122024819694784513', 'username': 'ChahiKhabar'}]",,,,
1271098845150105601,1271098845150105601,1591888555000,2020-06-11,20:45:55,IST,1074032359203209217,ladki_nakhreli,🌹,,#Unlock1 #indore  pic.twitter.com/cEPz9UcqCw,[],[],[],8,8,34,"['#unlock1', '#indore']",[],https://twitter.com/Ladki_Nakhreli/status/1271098845150105601,False,,1,,,,,,,"[{'user_id': '1074032359203209217', 'username': 'Ladki_Nakhreli'}]",,,,
1271038810155974662,1271038810155974662,1591874241000,2020-06-11,16:47:21,IST,1013052436972359681,indorenewslive,Indore News,,"इंदौर।कनाड़िया बायपास पर शराब प्रेमियों का जमावड़ा। संक्रमण का कोई भय नहीं।
#WineShop #LiquorShop #LiquoeLover #IndoreFightsCorona #StayHomeStaySafe #ICareForIndore #IndoreNewslive #IndoreNews #Corona #Covid19 #LockDown5 #Unlock1 #Bhopal #Mandsour #IndoreCity #Indori #Indore  pic.twitter.com/5uxMshy912",[],[],['https://pbs.twimg.com/media/EaOjCXhUwAAIQv5.jpg'],1,1,6,"['#wineshop', '#liquorshop', '#liquoelover', '#indorefightscorona', '#stayhomestaysafe', '#icareforindore', '#indorenewslive', '#indorenews', '#corona', '#covid19', '#lockdown5', '#unlock1', '#bhopal', '#mandsour', '#indorecity', '#indori', '#indore']",[],https://twitter.com/IndoreNewsLive/status/1271038810155974662,False,,0,,,,,,,"[{'user_id': '1013052436972359681', 'username': 'IndoreNewsLive'}]",,,,
1270914059357966341,1270914059357966341,1591844498000,2020-06-11,08:31:38,IST,1122024819694784513,chahikhabar,चाही ख़बर,,इंदौर में आज (10/06/2020) 41 नए positive #indore #IndoreFightsCorona #Indorelockdown #unlock1 #MPFightsCorona #BREAKING #BreakingNews pic.twitter.com/W7HJcpyhmZ,[],[],['https://pbs.twimg.com/media/EaMxmBkUwAE3omn.jpg'],0,1,1,"['#indore', '#indorefightscorona', '#indorelockdown', '#unlock1', '#mpfightscorona', '#breaking', '#breakingnews']",[],https://twitter.com/ChahiKhabar/status/1270914059357966341,False,,0,,,,,,,"[{'user_id': '1122024819694784513', 'username': 'ChahiKhabar'}]",,,,
1270567806891778049,1270567806891778049,1591761945000,2020-06-10,09:35:45,IST,106972578,ibc24news,IBC24 News,,"#Indore: शहर में कोरोना के 51 नए कोरोना पॉजिटिव मिले, वहीं एक और मरीज की इलाज के दौरान मौत

#COVID2019 #IndiaFightsCoronavirus #Lockdown5 #Lockdownextention #UNLOCK1 #MPNews 

फॉलो करें : @Rachana_Nitesh 
LIVETV :  http://ibc24.in/livetv  https://www.youtube.com/watch?v=LZgecjvBCY4 …",['rachana_nitesh'],"['http://ibc24.in/livetv', 'https://www.youtube.com/watch?v=LZgecjvBCY4']",[],1,1,6,"['#indore', '#covid2019', '#indiafightscoronavirus', '#lockdown5', '#lockdownextention', '#unlock1', '#mpnews']",[],https://twitter.com/IBC24News/status/1270567806891778049,False,,0,,,,,,,"[{'user_id': '106972578', 'username': 'IBC24News'}, {'user_id': '2849638807', 'username': 'Rachana_Nitesh'}]",,,,
1270421482255122432,1270421482255122432,1591727059000,2020-06-09,23:54:19,IST,1122024819694784513,chahikhabar,चाही ख़बर,,इंदौर में आज (09/06/2020) 51 नए positive #indore #IndoreFightsCorona #Indorelockdown #unlock1 #MPFightsCorona #BREAKING #BreakingNews pic.twitter.com/EesTLbu28e,[],[],['https://pbs.twimg.com/media/EaFxmJPWkAELkx-.jpg'],0,0,0,"['#indore', '#indorefightscorona', '#indorelockdown', '#unlock1', '#mpfightscorona', '#breaking', '#breakingnews']",[],https://twitter.com/ChahiKhabar/status/1270421482255122432,False,,0,,,,,,,"[{'user_id': '1122024819694784513', 'username': 'ChahiKhabar'}]",,,,
1270279480993595394,1270279480993595394,1591693203000,2020-06-09,14:30:03,IST,86046157,ranashu,Ranjan Srivastava,,"Madhya Pradesh’s Covid-19 peak likely in July, drop in tests: Data via @htTweets  https://m.hindustantimes.com/india-news/mp-s-peak-likely-in-july-drop-in-tests-data/story-qTtTz2eYp0o6dcmjRcOCuI.html …
#COVID__19 #COVID19India #Unlock1 #coronavirus #MadhyaPradesh #Bhopal #Indore",['httweets'],['https://m.hindustantimes.com/india-news/mp-s-peak-likely-in-july-drop-in-tests-data/story-qTtTz2eYp0o6dcmjRcOCuI.html'],[],1,3,3,"['#covid__19', '#covid19india', '#unlock1', '#coronavirus', '#madhyapradesh', '#bhopal', '#indore']",[],https://twitter.com/ranashu/status/1270279480993595394,False,,0,,,,,,,"[{'user_id': '86046157', 'username': 'ranashu'}, {'user_id': '36327407', 'username': 'htTweets'}]",,,,
1270205956345884673,1270205956345884673,1591675673000,2020-06-09,09:37:53,IST,106972578,ibc24news,IBC24 News,,"#Indore:  शहर में  कोरोना के 45 नए पॉजिटिव मरीज मिले, वहीं 24 में 2 मरीजों की हुई मौत

#COVID2019 #IndiaFightsCoronavirus #Lockdown5 #Lockdownextention #UNLOCK1 #MPNews 

फॉलो करें : @triptisoni6194
LIVETV :  http://ibc24.in/livetv  https://www.youtube.com/watch?v=46O7cfk-gt0 …",['triptisoni6194'],"['http://ibc24.in/livetv', 'https://www.youtube.com/watch?v=46O7cfk-gt0']",[],0,0,4,"['#indore', '#covid2019', '#indiafightscoronavirus', '#lockdown5', '#lockdownextention', '#unlock1', '#mpnews']",[],https://twitter.com/IBC24News/status/1270205956345884673,False,,0,,,,,,,"[{'user_id': '106972578', 'username': 'IBC24News'}, {'user_id': '2858081263', 'username': 'triptisoni6194'}]",,,,
1270054930280308740,1270054930280308740,1591639666000,2020-06-08,23:37:46,IST,1122024819694784513,chahikhabar,चाही ख़बर,,इंदौर में आज (08/06/2020) 45 नए positive #indore #IndoreFightsCorona #Indorelockdown #unlock1 #MPFightsCorona #BREAKING #BreakingNews pic.twitter.com/raC7V850qn,[],[],['https://pbs.twimg.com/media/EaAkN6HWkAYlldp.jpg'],0,2,3,"['#indore', '#indorefightscorona', '#indorelockdown', '#unlock1', '#mpfightscorona', '#breaking', '#breakingnews']",[],https://twitter.com/ChahiKhabar/status/1270054930280308740,False,,0,,,,,,,"[{'user_id': '1122024819694784513', 'username': 'ChahiKhabar'}]",,,,
1269903434120957952,1269903434120957952,1591603547000,2020-06-08,13:35:47,IST,1113747196099399680,thefirstindia,First India,,"#MadhyaPradesh | Religious places, shopping malls, restaurants and hotels reopen across the state except some restrictions in Bhopal and Indore.

#unlock2 #Unlock1 #Bhopal #Indore #Coronavirus pic.twitter.com/T6vx66n1QP",[],[],['https://pbs.twimg.com/media/EZ-aaVHU0AAfJ6P.jpg'],0,0,1,"['#madhyapradesh', '#unlock2', '#unlock1', '#bhopal', '#indore', '#coronavirus']",[],https://twitter.com/thefirstindia/status/1269903434120957952,False,,0,,,,,,,"[{'user_id': '1113747196099399680', 'username': 'thefirstindia'}]",,,,
1269898767995752449,1269898767995752449,1591602434000,2020-06-08,13:17:14,IST,1013052436972359681,indorenewslive,Indore News,,"पूरे चीन पंर भारी है महाराष्ट्र
#IndiaFightsCorona #Maharastra #IndoreFightsCorona #StayHomeStaySafe #Mycleanindia #ICareForIndore #HealthForAll #indorenews #indorenewslive #corona #covid19 #lockdown5 #unlock1 #Ujjain #dewas #indorecity #indore #india #indorenagari #IndoreBhopal pic.twitter.com/llQhjUB7Ov",[],[],['https://pbs.twimg.com/media/EZ-WLkMXsAIJLHa.jpg'],1,1,1,"['#indiafightscorona', '#maharastra', '#indorefightscorona', '#stayhomestaysafe', '#mycleanindia', '#icareforindore', '#healthforall', '#indorenews', '#indorenewslive', '#corona', '#covid19', '#lockdown5', '#unlock1', '#ujjain', '#dewas', '#indorecity', '#indore', '#india', '#indorenagari', '#indorebhopal']",[],https://twitter.com/IndoreNewsLive/status/1269898767995752449,False,,0,,,,,,,"[{'user_id': '1013052436972359681', 'username': 'IndoreNewsLive'}]",,,,
1269870892168802304,1269870892168802304,1591595788000,2020-06-08,11:26:28,IST,106972578,ibc24news,IBC24 News,,"आज #Indore दौरे पर रहेंगे सीएम शिवराज सिंह, कोरोना की तैयारियों को लेकर करेंगे समीक्षा बैठक

@ChouhanShivraj @BJP4MP #COVID2019 #IndiaFightsCoronavirus #Lockdown5 #UNLOCK1 #MPNews 

फॉलो करें : @SHRAWAN_TAMBOLI 
LIVETV :  http://ibc24.in/livetv  https://www.youtube.com/watch?v=L2bW_oOKbcM …","['chouhanshivraj', 'bjp4mp', 'shrawan_tamboli']","['http://ibc24.in/livetv', 'https://www.youtube.com/watch?v=L2bW_oOKbcM']",[],0,0,2,"['#indore', '#covid2019', '#indiafightscoronavirus', '#lockdown5', '#unlock1', '#mpnews']",[],https://twitter.com/IBC24News/status/1269870892168802304,False,,0,,,,,,,"[{'user_id': '106972578', 'username': 'IBC24News'}, {'user_id': '1251083774', 'username': 'ChouhanShivraj'}, {'user_id': '1618490684', 'username': 'BJP4MP'}, {'user_id': '806092886', 'username': 'SHRAWAN_TAMBOLI'}]",,,,
1269866072850616321,1269866072850616321,1591594639000,2020-06-08,11:07:19,IST,106972578,ibc24news,IBC24 News,,"#Indore में #Corona के 36 नए #Positive मरीज मिले,  एक और मरीज की इलाज के दौरान हुई मौत

#COVID2019 #IndiaFightsCoronavirus #Lockdown5 #Lockdownextention #UNLOCK1 #MPNews 

फॉलो करें : @SHRAWAN_TAMBOLI
LIVETV :  http://ibc24.in/livetv  https://www.youtube.com/watch?v=ZPRDnHIY1_8 …",['shrawan_tamboli'],"['http://ibc24.in/livetv', 'https://www.youtube.com/watch?v=ZPRDnHIY1_8']",[],0,2,6,"['#indore', '#corona', '#positive', '#covid2019', '#indiafightscoronavirus', '#lockdown5', '#lockdownextention', '#unlock1', '#mpnews']",[],https://twitter.com/IBC24News/status/1269866072850616321,False,,0,,,,,,,"[{'user_id': '106972578', 'username': 'IBC24News'}, {'user_id': '806092886', 'username': 'SHRAWAN_TAMBOLI'}]",,,,
1269854507527221248,1269854507527221248,1591591882000,2020-06-08,10:21:22,IST,1148200700939124736,kajal98227082,Kajal,,"#Unlock1 #IndiaFightsCoronavirus #MadhyaPradesh #Indore #Bhopal #gwalior #Indian 

Unlock 1.0: MP में आज से क्या खुला और क्या बंद है https://tinyurl.com/vt44koe ",[],['https://tinyurl.com/vt44koe'],[],0,0,0,"['#unlock1', '#indiafightscoronavirus', '#madhyapradesh', '#indore', '#bhopal', '#gwalior', '#indian']",[],https://twitter.com/Kajal98227082/status/1269854507527221248,False,,0,,,,,,,"[{'user_id': '1148200700939124736', 'username': 'Kajal98227082'}]",,,,
1269852187582009345,1269852187582009345,1591591328000,2020-06-08,10:12:08,IST,106972578,ibc24news,IBC24 News,,"आज से मध्यप्रदेश भी हुआ #Unlock, #Gwalior में खुले धार्मिक स्थल, #Bhopal #Jabalpur #Indore में अनुमति नहीं

#COVID2019 #IndiaFightsCoronavirus #Lockdown5 #Lockdownextention #UNLOCK1 #MPNews 

फॉलो करें : @triptisoni6194 
LIVETV :  http://ibc24.in/livetv  https://www.youtube.com/watch?v=DAPmhK60csQ …",['triptisoni6194'],"['http://ibc24.in/livetv', 'https://www.youtube.com/watch?v=DAPmhK60csQ']",[],1,1,4,"['#unlock', '#gwalior', '#bhopal', '#jabalpur', '#indore', '#covid2019', '#indiafightscoronavirus', '#lockdown5', '#lockdownextention', '#unlock1', '#mpnews']",[],https://twitter.com/IBC24News/status/1269852187582009345,False,,0,,,,,,,"[{'user_id': '106972578', 'username': 'IBC24News'}, {'user_id': '2858081263', 'username': 'triptisoni6194'}]",,,,
1269837408742318080,1269837408742318080,1591587805000,2020-06-08,09:13:25,IST,1148200700939124736,kajal98227082,Kajal,,"#MadhyaPradesh #Temples #tikamgarh #Unlock1 #CoronavirusIndia #Lockdown5 #public #Indore #gwalior #Bhopal #religious #SocialDistancing 

पट खुलने से पहले ही रामराजा और कुंडेश्वर मंदिर में लगी कतार
 https://tinyurl.com/vt44koe ",[],['https://tinyurl.com/vt44koe'],[],0,0,0,"['#madhyapradesh', '#temples', '#tikamgarh', '#unlock1', '#coronavirusindia', '#lockdown5', '#public', '#indore', '#gwalior', '#bhopal', '#religious', '#socialdistancing']",[],https://twitter.com/Kajal98227082/status/1269837408742318080,False,,0,,,,,,,"[{'user_id': '1148200700939124736', 'username': 'Kajal98227082'}]",,,,
1269807716366782466,1269807716366782466,1591580726000,2020-06-08,07:15:26,IST,36327407,httweets,Hindustan Times,,"#Unlock1 | Shrines will open in Ujjain, but places of worship to remain shut in Bhopal, Indore
 https://www.hindustantimes.com/india-news/shrines-will-open-in-ujjain-but-places-of-worship-to-remain-shut-in-bhopal-indore/story-KgFQePVCxQbsVSvaTImY3O.html … pic.twitter.com/gLr0WTlzJW",[],['https://www.hindustantimes.com/india-news/shrines-will-open-in-ujjain-but-places-of-worship-to-remain-shut-in-bhopal-indore/story-KgFQePVCxQbsVSvaTImY3O.html'],['https://pbs.twimg.com/media/EZ9DXnvWoAAlAE9.jpg'],5,34,339,['#unlock1'],[],https://twitter.com/htTweets/status/1269807716366782466,False,,0,,,,,,,"[{'user_id': '36327407', 'username': 'htTweets'}]",,,,
1269706616460492808,1269706616460492808,1591556622000,2020-06-08,00:33:42,IST,1122024819694784513,chahikhabar,चाही ख़बर,,इंदौर में आज (07/06/2020) 36 नए positive #indore #IndoreFightsCorona #Indorelockdown #unlock1 #MPFightsCorona #BREAKING #BreakingNews pic.twitter.com/wOefxSnwTV,[],[],['https://pbs.twimg.com/media/EZ7nbhKXkAQO4Hn.jpg'],1,1,3,"['#indore', '#indorefightscorona', '#indorelockdown', '#unlock1', '#mpfightscorona', '#breaking', '#breakingnews']",[],https://twitter.com/ChahiKhabar/status/1269706616460492808,False,,0,,,,,,,"[{'user_id': '1122024819694784513', 'username': 'ChahiKhabar'}]",,,,
1269608922329079813,1269608922329079813,1591533329000,2020-06-07,18:05:29,IST,1013052436972359681,indorenewslive,Indore News,,"मेरा मास्क, मेरी पहचान
मास्क का उपयोग आपकी सुरक्षा के लिए ज़रूरी है. #IndiaFightsCorona #IndoreFightsCorona #StayHomeStaySafe #SwachhBharat #ICareForIndore #HealthForAll #indorenews #indorenewslive #corona #covid19 #lockdown5 #unlock1 #indorecity #Indori #indore #Mask #FaceMask pic.twitter.com/slFP7iB6V5",[],[],['https://pbs.twimg.com/media/EZ6OksHXgAUTOTv.jpg'],0,1,1,"['#indiafightscorona', '#indorefightscorona', '#stayhomestaysafe', '#swachhbharat', '#icareforindore', '#healthforall', '#indorenews', '#indorenewslive', '#corona', '#covid19', '#lockdown5', '#unlock1', '#indorecity', '#indori', '#indore', '#mask', '#facemask']",[],https://twitter.com/IndoreNewsLive/status/1269608922329079813,False,,0,,,,,,,"[{'user_id': '1013052436972359681', 'username': 'IndoreNewsLive'}]",,,,
1269480646482620418,1269480646482620418,1591502746000,2020-06-07,09:35:46,IST,331545569,theindorerocks,Indore Rocks !!!,,"Rockstars, buy farm-fresh fruits & vegetables, 100% #organic only from #Indore's 1st & authentic farmer's market !! For home delivery 
& rates click below:
 http://www.indorerocks.com/events/Jaivik_Setu_Indore/161971 …
🍯
🥮
🚚
#IndiaFightsCorona #jaiviksetu, #IndoreFightsCorona #COVID #Covid19 #coronavirus #unlock1  pic.twitter.com/708Uph9ba6",[],['http://www.indorerocks.com/events/Jaivik_Setu_Indore/161971'],['https://pbs.twimg.com/media/EZ4Z6RiUcAMT_PM.jpg'],0,1,3,"['#organic', '#indore', '#indiafightscorona', '#jaiviksetu', '#indorefightscorona', '#covid', '#covid19', '#coronavirus', '#unlock1']",[],https://twitter.com/TheIndoreRocks/status/1269480646482620418,False,,0,,,,,,,"[{'user_id': '331545569', 'username': 'TheIndoreRocks'}]",,,,
1269338178735017991,1269338178735017991,1591468779000,2020-06-07,00:09:39,IST,1122024819694784513,chahikhabar,चाही ख़बर,,इंदौर में आज (06/06/2020) 27 नए positive #indore #IndoreFightsCorona #Indorelockdown #unlock1 #MPFightsCorona #BREAKING #BreakingNews pic.twitter.com/WvIog0pzhq,[],[],['https://pbs.twimg.com/media/EZ2YVRaWkAErzEd.jpg'],1,2,4,"['#indore', '#indorefightscorona', '#indorelockdown', '#unlock1', '#mpfightscorona', '#breaking', '#breakingnews']",[],https://twitter.com/ChahiKhabar/status/1269338178735017991,False,,0,,,,,,,"[{'user_id': '1122024819694784513', 'username': 'ChahiKhabar'}]",,,,
1269257958585700352,1269257958585700352,1591449653000,2020-06-06,18:50:53,IST,1484500868,azadatiq,ATIK PATEL,,"#इंदौर में #अपराध बढ़ने लगे हैं...
#Unlock1 होते ही गुंडे, बदमाश हुए सक्रिय।
@CMMadhyaPradesh
@mohdept
@DGP_MP
Woman gang-raped in Indore, six arrested  https://www.aninews.in/news/national/general-news/woman-gang-raped-in-indore-six-arrested20200605205503#.XtuXuUEOsws.twitter …","['cmmadhyapradesh', 'mohdept', 'dgp_mp']",['https://www.aninews.in/news/national/general-news/woman-gang-raped-in-indore-six-arrested20200605205503#.XtuXuUEOsws.twitter'],[],0,3,6,"['#इंदौर', '#अपराध', '#unlock1']",[],https://twitter.com/AZADATIQ/status/1269257958585700352,False,,0,,,,,,,"[{'user_id': '1484500868', 'username': 'AZADATIQ'}, {'user_id': '2506662439', 'username': 'CMMadhyaPradesh'}, {'user_id': '966157896554819584', 'username': 'mohdept'}, {'user_id': '764050691723714565', 'username': 'DGP_MP'}]",,,,
1269247811859562497,1269247811859562497,1591447234000,2020-06-06,18:10:34,IST,106972578,ibc24news,IBC24 News,,"#Indore:  कपड़ा बाजार खोलने की मंजूरी मिली, इन गाइडलाइन को फॉलो करके ही खोलनी है दुकान

#COVID2019 #IndiaFightsCoronavirus #Lockdown5 #Lockdownextention #UNLOCK1 #MPNews 

फॉलो करें : @vijaypandya07 
LIVETV :  http://ibc24.in/livetv  https://www.youtube.com/watch?v=fUjTZRQJwDc …",['vijaypandya07'],"['http://ibc24.in/livetv', 'https://www.youtube.com/watch?v=fUjTZRQJwDc']",[],0,0,3,"['#indore', '#covid2019', '#indiafightscoronavirus', '#lockdown5', '#lockdownextention', '#unlock1', '#mpnews']",[],https://twitter.com/IBC24News/status/1269247811859562497,False,,0,,,,,,,"[{'user_id': '106972578', 'username': 'IBC24News'}, {'user_id': '569772937', 'username': 'vijaypandya07'}]",,,,
1269134635172114432,1269134635172114432,1591420251000,2020-06-06,10:40:51,IST,106972578,ibc24news,IBC24 News,,"#Indore में #Corona के 35 #NewPatient मिले, वहीं 24 घंटे में 4 लोगों की मौत

#COVID2019 #IndiaFightsCoronavirus #Lockdown5 #Lockdownextention #UNLOCK1 #MPNews 

फॉलो करें : @triptisoni6194 
LIVETV :  http://ibc24.in/livetv  https://www.youtube.com/watch?v=uMs-Wsc3BJc …",['triptisoni6194'],"['http://ibc24.in/livetv', 'https://www.youtube.com/watch?v=uMs-Wsc3BJc']",[],0,0,3,"['#indore', '#corona', '#newpatient', '#covid2019', '#indiafightscoronavirus', '#lockdown5', '#lockdownextention', '#unlock1', '#mpnews']",[],https://twitter.com/IBC24News/status/1269134635172114432,False,,0,,,,,,,"[{'user_id': '106972578', 'username': 'IBC24News'}, {'user_id': '2858081263', 'username': 'triptisoni6194'}]",,,,
1269113020409618432,1269113020409618432,1591415097000,2020-06-06,09:14:57,IST,2164403707,nai_dunia,NaiDunia,,इंदौर में अनलॉक 1.0 में एहतियात के साथ निकला दूल्हा #Indore #Unlock1  pic.twitter.com/mptcuMXBbC,[],[],[],0,0,2,"['#indore', '#unlock1']",[],https://twitter.com/Nai_Dunia/status/1269113020409618432,False,,1,,,,,,,"[{'user_id': '2164403707', 'username': 'Nai_Dunia'}]",,,,
1268939517660221440,1268939517660221440,1591373731000,2020-06-05,21:45:31,IST,1013052436972359681,indorenewslive,Indore News,,"फीवर क्लीनिक से साढ़े 11 हजार से भी अधिक लोगों का हुआ उपचार, आसान हुआ इलाज, आमजन के और नजदीक पहुंची स्वास्थ्य सुविधाएं
 https://indorenewslive.com/fever-clinics-treated-more-than-11-and-a-half-thousand-people-made-easy-treatment-health-facilities-near-and-common/ …
#FeverClinic #IndiaFightsCorona #indorenews #indorenewslive #corona #covid19 #lockdown5 #unlock1 #indorecity #indore #IndoreFightsCorona pic.twitter.com/xt41oMKK1o",[],['https://indorenewslive.com/fever-clinics-treated-more-than-11-and-a-half-thousand-people-made-easy-treatment-health-facilities-near-and-common/'],['https://pbs.twimg.com/media/EZwtw7rWkAQEhuS.jpg'],0,0,4,"['#feverclinic', '#indiafightscorona', '#indorenews', '#indorenewslive', '#corona', '#covid19', '#lockdown5', '#unlock1', '#indorecity', '#indore', '#indorefightscorona']",[],https://twitter.com/IndoreNewsLive/status/1268939517660221440,False,,0,,,,,,,"[{'user_id': '1013052436972359681', 'username': 'IndoreNewsLive'}]",,,,
1268880222004359174,1268880222004359174,1591359594000,2020-06-05,17:49:54,IST,1715936318,shubhampinku,Shubham Sharma,,"इंदौर में 4 जून तक 147 कोरोना संक्रमित मिले हैं, जबकि भोपाल में 163 मरीज पॉजिटिव आए हैं. #Unlock1 में #Bhopal ने #indore को पछाड़ दिया है. अब तो जागों सरकार.",[],[],[],2,0,13,"['#unlock1', '#bhopal', '#indore']",[],https://twitter.com/Shubhampinku/status/1268880222004359174,False,,0,,,,,,,"[{'user_id': '1715936318', 'username': 'Shubhampinku'}]",,,,
1268830164823097347,1268830164823097347,1591347659000,2020-06-05,14:30:59,IST,106972578,ibc24news,IBC24 News,,"#Bhopal में #Indore से ज्यादा #Case,  6वें से 7वें स्थान पर पहुंचा #MadhyaPradesh
#COVID2019 #IndiaFightsCoronavirus #Lockdown5 #Lockdownextention #UNLOCK1 #MPNews 

फॉलो करें : @SHRAWAN_TAMBOLI 
LIVETV :  http://ibc24.in/livetv  https://www.youtube.com/watch?v=6CMyKFwSdPY …",['shrawan_tamboli'],"['http://ibc24.in/livetv', 'https://www.youtube.com/watch?v=6CMyKFwSdPY']",[],0,1,4,"['#bhopal', '#indore', '#case', '#madhyapradesh', '#covid2019', '#indiafightscoronavirus', '#lockdown5', '#lockdownextention', '#unlock1', '#mpnews']",[],https://twitter.com/IBC24News/status/1268830164823097347,False,,0,,,,,,,"[{'user_id': '106972578', 'username': 'IBC24News'}, {'user_id': '806092886', 'username': 'SHRAWAN_TAMBOLI'}]",,,,
1268770291020296192,1268770291020296192,1591333384000,2020-06-05,10:33:04,IST,106972578,ibc24news,IBC24 News,,"#Indore: शहर में कोरोना के 54 नए कोरोना मरीज मिले, वहीं 24 घंटे में 4 मरीजों की मौत

#LockdownIsLifeline #COVID2019 #IndiaFightsCoronavirus #Lockdown5 #Lockdownextention #UNLOCK1 #MPNews 

फॉलो करें : @triptisoni6194 
LIVETV :  http://ibc24.in/livetv  https://www.youtube.com/watch?v=u3R8h_WRtMk …",['triptisoni6194'],"['http://ibc24.in/livetv', 'https://www.youtube.com/watch?v=u3R8h_WRtMk']",[],0,0,4,"['#indore', '#lockdownislifeline', '#covid2019', '#indiafightscoronavirus', '#lockdown5', '#lockdownextention', '#unlock1', '#mpnews']",[],https://twitter.com/IBC24News/status/1268770291020296192,False,,0,,,,,,,"[{'user_id': '106972578', 'username': 'IBC24News'}, {'user_id': '2858081263', 'username': 'triptisoni6194'}]",,,,
1268400873161363459,1268400873161363459,1591245308000,2020-06-04,10:05:08,IST,43500847,pafcoms,Vivek Pathak 🇮🇳 विवेक पाठक,,"This was one of the best VC held with MP @iShankarLalwani sir where issues of Covid, Challenges of Unlock1, Care in Indore, Focus on Economy, etc are covered in shortest possible time.

Congratulations @iSinghApurva @irajpootshubham for successful hosting

 http://www.baatdeshki.in/news-indore-mp-lalwani-corona-warrior-vc.html …","['ishankarlalwani', 'isinghapurva', 'irajpootshubham']",['http://www.baatdeshki.in/news-indore-mp-lalwani-corona-warrior-vc.html'],[],0,2,6,[],[],https://twitter.com/pafcoms/status/1268400873161363459,False,,0,,,,,,,"[{'user_id': '43500847', 'username': 'pafcoms'}, {'user_id': '629235397', 'username': 'iShankarLalwani'}, {'user_id': '2911862552', 'username': 'iSinghApurva'}, {'user_id': '840613087396937729', 'username': 'irajpootshubham'}]",,,,
1268110168111210497,1268110168111210497,1591175999000,2020-06-03,14:49:59,IST,106972578,ibc24news,IBC24 News,,"#Indore: पुलिस एप से कर रही कोरोना को लेकर जागरुक, लोगों से ई-शपथ पत्र भी भरवाए जाएंगे

#LockdownIsLifeline #COVID2019 #IndiaFightsCoronavirus #Lockdown5 #Lockdownextention #UNLOCK1 #MPNews 

फॉलो करें : @SHRAWAN_TAMBOLI 
LIVETV :  http://ibc24.in/livetv  pic.twitter.com/IuACWnR1V4",['shrawan_tamboli'],['http://ibc24.in/livetv'],[],0,1,5,"['#indore', '#lockdownislifeline', '#covid2019', '#indiafightscoronavirus', '#lockdown5', '#lockdownextention', '#unlock1', '#mpnews']",[],https://twitter.com/IBC24News/status/1268110168111210497,False,,1,,,,,,,"[{'user_id': '106972578', 'username': 'IBC24News'}, {'user_id': '806092886', 'username': 'SHRAWAN_TAMBOLI'}]",,,,
1268041364802908161,1268041364802908161,1591159595000,2020-06-03,10:16:35,IST,106972578,ibc24news,IBC24 News,,"#Indore: शहर में कोरोना के 27 नए मरीज मिले, वहीं 24 घंटे में 3 लोगों की मौत  

#LockdownIsLifeline #COVID2019 #IndiaFightsCoronavirus #Lockdown5 #Lockdownextention #UNLOCK1 #MPNews 

फॉलो करें : @Rahulsinha1810
LIVETV :  http://ibc24.in/livetv  pic.twitter.com/uOwC3GqiHp",['rahulsinha1810'],['http://ibc24.in/livetv'],[],0,0,5,"['#indore', '#lockdownislifeline', '#covid2019', '#indiafightscoronavirus', '#lockdown5', '#lockdownextention', '#unlock1', '#mpnews']",[],https://twitter.com/IBC24News/status/1268041364802908161,False,,1,,,,,,,"[{'user_id': '106972578', 'username': 'IBC24News'}, {'user_id': '903126355818119170', 'username': 'Rahulsinha1810'}]",,,,
1268039831822544899,1268039831822544899,1591159229000,2020-06-03,10:10:29,IST,707546057299759104,udayjainind,Uday Jain,,"स्वागत है इन्दौर में अनलाॅक १ का‌|
जय हो। 
अब दाएं और बाएं दुकाने खोलो ताकि लोग रोटी कमा सकें। #unlock1 #indore 
प्रो.उदय जैन",[],[],[],0,0,1,"['#unlock1', '#indore']",[],https://twitter.com/udayjainind/status/1268039831822544899,False,,0,,,,,,,"[{'user_id': '707546057299759104', 'username': 'udayjainind'}]",,,,
1267820316530634753,1267820316530634753,1591106893000,2020-06-02,19:38:13,IST,114111030,gauravsc89,Gaurav Singh Chouhan,,Since March as per your expertise there was no need to put bamboo fence & imprison us. Why now?  Do share this genius exit strategy @comindore @GaurMalini @ChouhanShivraj @narendramodi @TOIIndiaNews @ndtv @rahulkanwal @BDUTT @RahulGandhi @priyankachopra #Indore #Unlock1 #COVID19,"['comindore', 'gaurmalini', 'chouhanshivraj', 'narendramodi', 'toiindianews', 'ndtv', 'rahulkanwal', 'bdutt', 'rahulgandhi', 'priyankachopra']",[],[],1,1,0,"['#indore', '#unlock1', '#covid19']",[],https://twitter.com/Gauravsc89/status/1267820316530634753,False,,0,,,,,,,"[{'user_id': '114111030', 'username': 'Gauravsc89'}, {'user_id': '982515077407477761', 'username': 'comindore'}, {'user_id': '1588642495', 'username': 'GaurMalini'}, {'user_id': '1251083774', 'username': 'ChouhanShivraj'}, {'user_id': '18839785', 'username': 'narendramodi'}, {'user_id': '29958928', 'username': 'TOIIndiaNews'}, {'user_id': '37034483', 'username': 'ndtv'}, {'user_id': '75509967', 'username': 'rahulkanwal'}, {'user_id': '19929890', 'username': 'BDUTT'}, {'user_id': '3171712086', 'username': 'RahulGandhi'}, {'user_id': '18681139', 'username': 'priyankachopra'}]",,,,
1267768432050593794,1267768432050593794,1591094522000,2020-06-02,16:12:02,IST,1267011784931545089,packagingvihaan,vihaan packaging,,#COVID19 #COVID19India #COVID19Pandemic #VocalForLocal #MakeInIndia #coronavirus #Indore #IndoreFightsCorona #indoredefeatscorona #indorelockdown #Unlock1 #unlock1Point0 #CoronavirusIndia #gocoronago pic.twitter.com/NMLa75cZYR,[],[],"['https://pbs.twimg.com/media/EZgCFfKVcAEaEFD.jpg', 'https://pbs.twimg.com/media/EZgCFfKUYAEFY1P.jpg']",0,0,0,"['#covid19', '#covid19india', '#covid19pandemic', '#vocalforlocal', '#makeinindia', '#coronavirus', '#indore', '#indorefightscorona', '#indoredefeatscorona', '#indorelockdown', '#unlock1', '#unlock1point0', '#coronavirusindia', '#gocoronago']",[],https://twitter.com/PackagingVihaan/status/1267768432050593794,False,,0,,,,,,,"[{'user_id': '1267011784931545089', 'username': 'PackagingVihaan'}]",,,,
1267759767784615936,1267759767784615936,1591092457000,2020-06-02,15:37:37,IST,1250749666951495683,ddnewsmp1,DDNewsMP,,"अतिरिक्त मुख्य सचिव लोक स्वास्थ्य और परिवार कल्याण मोहम्मद सुलेमान ने #Indore में की #Corona को लेकर उच्च स्तरीय बैठक। 
 इंदौर में दो हजार से ज्यादा कोरोना सर्वाइवर हो चुके हैं स्वस्थ।
#IndiaFightsCoronavirus
#Unlock1
#COVID19 pic.twitter.com/u1speiwscD",[],[],"['https://pbs.twimg.com/media/EZf8vFFVAAEdLqm.png', 'https://pbs.twimg.com/media/EZf8w75U8AA-Hma.png']",0,7,5,"['#indore', '#corona', '#indiafightscoronavirus', '#unlock1', '#covid19']",[],https://twitter.com/DDNewsMP1/status/1267759767784615936,False,,0,,,,,,,"[{'user_id': '1250749666951495683', 'username': 'DDNewsMP1'}]",,,,
1267724024278286336,1267724024278286336,1591083935000,2020-06-02,13:15:35,IST,1013052436972359681,indorenewslive,Indore News,,"ध्यान रखें कोरोना से बचाव अच्छे मास्क से नही बल्कि अच्छी आदतों से होगा ....
आपकी सावधानी ही आपका बचाव है
#EPass #indore #indorenews #indorenewslive #corona #covid19 #lockdown5 #unlock1 #bhopal #gwalior #Ujjain #neemuch #mandsour #indorecity #coronavirus #IndoreFightsCorona pic.twitter.com/7UiKz503PT",[],[],['https://pbs.twimg.com/media/EZfcRa2XgAAxn4T.jpg'],1,0,1,"['#epass', '#indore', '#indorenews', '#indorenewslive', '#corona', '#covid19', '#lockdown5', '#unlock1', '#bhopal', '#gwalior', '#ujjain', '#neemuch', '#mandsour', '#indorecity', '#coronavirus', '#indorefightscorona']",[],https://twitter.com/IndoreNewsLive/status/1267724024278286336,False,,0,,,,,,,"[{'user_id': '1013052436972359681', 'username': 'IndoreNewsLive'}]",,,,
1267696894001774592,1267696894001774592,1591077466000,2020-06-02,11:27:46,IST,1484500868,azadatiq,ATIK PATEL,,"@CMMadhyaPradesh
@OfficeOfKNath
#Unlock1: Indore Municipal Corporation to stop free ration  https://www.aninews.in/news/national/general-news/unlock1-indore-municipal-corporation-to-stop-free-ration20200602081818#.XtXqFdyB_Ig.twitter …","['cmmadhyapradesh', 'officeofknath']",['https://www.aninews.in/news/national/general-news/unlock1-indore-municipal-corporation-to-stop-free-ration20200602081818#.XtXqFdyB_Ig.twitter'],[],0,1,2,['#unlock1'],[],https://twitter.com/AZADATIQ/status/1267696894001774592,False,,0,,,,,,,"[{'user_id': '1484500868', 'username': 'AZADATIQ'}, {'user_id': '2506662439', 'username': 'CMMadhyaPradesh'}, {'user_id': '724205574565466112', 'username': 'OfficeOfKNath'}]",,,,
1267677560726421504,1267677560726421504,1591072857000,2020-06-02,10:10:57,IST,1208757180662349831,abhishekdubeydb,Abhishek Dubey,,"अनलॉक 1 में इलेक्ट्रॉनिक शोरूम सोमवार को खुले, ग्रीन जोन की तकरीबन 700 शॉप्स खुली हर अहतियात के साथ कैसे खरीदी हो रही है, पढ़िए इस लाइव रिपोर्ट में... #coronavirus #Unlock1 #indore #dainikbhaskar #इंदौर @mukesh1275 #journalism #photojournalism pic.twitter.com/UsjZkCPy4U",['mukesh1275'],[],['https://pbs.twimg.com/media/EZeyAxYUwAU-g69.jpg'],0,2,13,"['#coronavirus', '#unlock1', '#indore', '#dainikbhaskar', '#इंदौर', '#journalism', '#photojournalism']",[],https://twitter.com/AbhishekDubeydb/status/1267677560726421504,False,,0,,,,,,,"[{'user_id': '1208757180662349831', 'username': 'AbhishekDubeydb'}, {'user_id': '62192068', 'username': 'mukesh1275'}]",,,,
1267658535405367298,1267658535405367298,1591068321000,2020-06-02,08:55:21,IST,3991108098,dt_next,DT Next,,"The rush on the streets at Bhopal and Indore, the two key hotspots, gave no hint of scare that dominated the scene for over two months.#Unlock1
 https://www.dtnext.in/News/National/2020/06/02073624/1233682/MP-sheds-caution-as-Unlock-10-starts.vpf …",[],['https://www.dtnext.in/News/National/2020/06/02073624/1233682/MP-sheds-caution-as-Unlock-10-starts.vpf'],[],0,0,0,['#unlock1'],[],https://twitter.com/dt_next/status/1267658535405367298,False,,0,,,,,,,"[{'user_id': '3991108098', 'username': 'dt_next'}]",,,,
1267656071377649665,1267656071377649665,1591067733000,2020-06-02,08:45:33,IST,828841083257778176,latestly,LatestLY,,"Indore Municipal Corporation to Stop Free Ration to Needy After Unlock 1
 https://www.latestly.com/agency-news/india-news-unlock1-indore-municipal-corporation-to-stop-free-ration-1794506.html …
#Indore #MunicipalCorporation #FreeRation #Unlock1",[],['https://www.latestly.com/agency-news/india-news-unlock1-indore-municipal-corporation-to-stop-free-ration-1794506.html'],[],0,0,2,"['#indore', '#municipalcorporation', '#freeration', '#unlock1']",[],https://twitter.com/latestly/status/1267656071377649665,False,,0,,,,,,,"[{'user_id': '828841083257778176', 'username': 'latestly'}]",,,,
1267520502966505473,1267520502966505473,1591035411000,2020-06-01,23:46:51,IST,1122024819694784513,chahikhabar,चाही ख़बर,,इंदौर में आज (01/06/2020) 31 positive #indore #IndoreDefeatsCorona #StayHomeStaySafe #Unlock1 #COVIDー19 #COVID19 pic.twitter.com/ALIA0jzITo,[],[],['https://pbs.twimg.com/media/EZcjLC7XQAclaAc.jpg'],0,1,2,"['#indore', '#indoredefeatscorona', '#stayhomestaysafe', '#unlock1', '#covidー19', '#covid19']",[],https://twitter.com/ChahiKhabar/status/1267520502966505473,False,,0,,,,,,,"[{'user_id': '1122024819694784513', 'username': 'ChahiKhabar'}]",,,,
1267460743177306115,1267460743177306115,1591021164000,2020-06-01,19:49:24,IST,1248466962541211650,sachincanaskyou,Sachin Parmar🇮🇳,,"@IndoreCollector जी ऐसा हैं, जनता आपका साथ देगी, दूसरों से बदलने से पहले स्वयं को बदलना होगा, चाहे वो बदलाव का प्रारंभ राजनीति, प्रसाशनिक व सामाजिक क्यो न हो। #Indore #Unlock1 #Lockdownextention #Indorelockdown #IndoreFightsCorona #IndoreDefeatsCorona",['indorecollector'],[],[],0,0,0,"['#indore', '#unlock1', '#lockdownextention', '#indorelockdown', '#indorefightscorona', '#indoredefeatscorona']",[],https://twitter.com/SachinCanAskYou/status/1267460743177306115,False,,0,,,,,,,"[{'user_id': '1248466962541211650', 'username': 'SachinCanAskYou'}, {'user_id': '982516347996393472', 'username': 'IndoreCollector'}]",,,,
1267400049912426496,1267400049912426496,1591006693000,2020-06-01,15:48:13,IST,299200104,priyaa6,Priya A,,#Unlock1 #UnlockIndia #Indore #MadhyaPradesh pic.twitter.com/KkAevtFXjw,[],[],['https://pbs.twimg.com/media/EZa1oK8XQAA8dJf.jpg'],0,0,0,"['#unlock1', '#unlockindia', '#indore', '#madhyapradesh']",[],https://twitter.com/PriyaA6/status/1267400049912426496,False,,0,,,,,,,"[{'user_id': '299200104', 'username': 'PriyaA6'}]",,,,
1267388668785934336,1267388668785934336,1591003980000,2020-06-01,15:03:00,IST,67378160,dainikbhaskar,Dainik Bhaskar,,"इंदौर: अनलॉक-1 का पहला दिन / 68 दिन बाद दुकानदारों ने सफाई कर पूजा की, कंटेनमेंट जोन में गलियां सूनी, ट्रैफिक संभालने के लिए लंबे समय बाद डांस करते नजर आए रंजीत
 https://www.bhaskar.com/local/mp/indore/news/after-68-days-the-locks-of-the-shops-opened-the-shopkeepers-cleaned-and-worshiped-the-streets-were-still-deserted-in-the-red-zone-127362694.html … #Unlock1 #Indore",[],['https://www.bhaskar.com/local/mp/indore/news/after-68-days-the-locks-of-the-shops-opened-the-shopkeepers-cleaned-and-worshiped-the-streets-were-still-deserted-in-the-red-zone-127362694.html'],[],1,14,88,"['#unlock1', '#indore']",[],https://twitter.com/DainikBhaskar/status/1267388668785934336,False,,0,,,,,,,"[{'user_id': '67378160', 'username': 'DainikBhaskar'}]",,,,
1267370701327138818,1267370701327138818,1590999696000,2020-06-01,13:51:36,IST,110659851,tweetheart585,Sangeet,,"Awaiting my own eureka moment..!!

#me #eurekamoment #twitterpic #quarantinepic #quarantinelife #lockdown #instaphoto #quarantine #Unlock1 #mirrorselfie #life #picture #letsclick #India #Indore #Mumbai pic.twitter.com/Ls9FJlPOSZ",[],[],[],0,0,0,"['#me', '#eurekamoment', '#twitterpic', '#quarantinepic', '#quarantinelife', '#lockdown', '#instaphoto', '#quarantine', '#unlock1', '#mirrorselfie', '#life', '#picture', '#letsclick', '#india', '#indore', '#mumbai']",[],https://twitter.com/Tweetheart585/status/1267370701327138818,False,,1,,,,,,,"[{'user_id': '110659851', 'username': 'Tweetheart585'}]",,,,
1267358585966653440,1267358585966653440,1590996807000,2020-06-01,13:03:27,IST,1013052436972359681,indorenewslive,Indore News,,"All The Best....
..
..
#indore #indorenews #indorenewslive #corona #covid19 #lockdown5 #unlock1 #bhopal #gwalior #Ujjain #dewas #neemuch #mandsour #indorecity #Indori #CoronaVirusOutBreak #coronavirus #coronavirusmemes #india #madhyapradesh #guna #shivpuri #IndoreFightsCorona pic.twitter.com/jHuUM9R6gD",[],[],[],1,0,2,"['#indore', '#indorenews', '#indorenewslive', '#corona', '#covid19', '#lockdown5', '#unlock1', '#bhopal', '#gwalior', '#ujjain', '#dewas', '#neemuch', '#mandsour', '#indorecity', '#indori', '#coronavirusoutbreak', '#coronavirus', '#coronavirusmemes', '#india', '#madhyapradesh', '#guna', '#shivpuri', '#indorefightscorona']",[],https://twitter.com/IndoreNewsLive/status/1267358585966653440,False,,1,,,,,,,"[{'user_id': '1013052436972359681', 'username': 'IndoreNewsLive'}]",,,,
1267344277576790017,1267344277576790017,1590993396000,2020-06-01,12:06:36,IST,1235444196070154240,euromhow,EuroKidsMhow,,"City buses can operate in all areas apart from #Indore #Ujain and #Bhopal with 50% capacity

#Indorelockdown #IndustrialcapitalMP #Lockdown5 #MadhyaPradesh #Unlock1  pic.twitter.com/2cQaPIz8h3",[],[],['https://pbs.twimg.com/media/EZaC26zWkAA3ewv.jpg'],0,0,0,"['#indore', '#ujain', '#bhopal', '#indorelockdown', '#industrialcapitalmp', '#lockdown5', '#madhyapradesh', '#unlock1']",[],https://twitter.com/EuroMhow/status/1267344277576790017,False,,0,,,,,,,"[{'user_id': '1235444196070154240', 'username': 'EuroMhow'}]",,,,
1267297880391340033,1267297880391340033,1590982334000,2020-06-01,09:02:14,IST,1214174154,rahul_nagar13,rahul nagar,,मुसीबत के समय सबको मदद करने वाले एक बेहतरीन जनप्रतिनिधी sir @anwar_qadri #Indore #IndoreFightsCorona #Unlock1 @PMOIndia @ANI @ndtv @CMMadhyaPradesh @RahulGandhi @RubikaLiyaquat @INCIndia @priyankagandhi @OfficeOfKNath #CoronaWarriors,"['anwar_qadri', 'pmoindia', 'ani', 'ndtv', 'cmmadhyapradesh', 'rahulgandhi', 'rubikaliyaquat', 'incindia', 'priyankagandhi', 'officeofknath']",[],[],0,0,0,"['#indore', '#indorefightscorona', '#unlock1', '#coronawarriors']",[],https://twitter.com/rahul_nagar13/status/1267297880391340033,False,,0,,,,,,,"[{'user_id': '1214174154', 'username': 'rahul_nagar13'}, {'user_id': '330201405', 'username': 'anwar_qadri'}, {'user_id': '471741741', 'username': 'PMOIndia'}, {'user_id': '355989081', 'username': 'ANI'}, {'user_id': '37034483', 'username': 'ndtv'}, {'user_id': '2506662439', 'username': 'CMMadhyaPradesh'}, {'user_id': '3171712086', 'username': 'RahulGandhi'}, {'user_id': '1062742964', 'username': 'RubikaLiyaquat'}, {'user_id': '1153045459', 'username': 'INCIndia'}, {'user_id': '1094645942735855618', 'username': 'priyankagandhi'}, {'user_id': '724205574565466112', 'username': 'OfficeOfKNath'}]",,,,
1267296767365783554,1267296767365783554,1590982069000,2020-06-01,08:57:49,IST,1199606040204992513,__itsbhavesh17,Bhavesh Astoliya,,"दिशा निर्देशों का पालन
करें, अत्मसुरक्षा जरुरी,
बचना भी है 
और 
बचाना भी हैं ।।
#Unlock1
#delhi
#Mumbai
#Indore
#India",[],[],[],0,0,7,"['#unlock1', '#delhi', '#mumbai', '#indore', '#india']",[],https://twitter.com/__itsbhavesh17/status/1267296767365783554,False,,0,,,,,,,"[{'user_id': '1199606040204992513', 'username': '__itsbhavesh17'}]",,,,
1267276612870922240,1267275383667228673,1590977264000,2020-06-01,07:37:44,IST,3170232685,getnewsd,Newsd,,"District Collector, Indore, Meets Government Officials Over Unlock1
 https://newsd.in/coronavirus-india-live-updates-lockdown-5-june-1-unlock1-covid-19-death-toll/ …",[],['https://newsd.in/coronavirus-india-live-updates-lockdown-5-june-1-unlock1-covid-19-death-toll/'],[],1,0,0,[],[],https://twitter.com/GetNewsd/status/1267276612870922240,False,,0,,,,,,,"[{'user_id': '3170232685', 'username': 'GetNewsd'}]",,,,
1267235701059284993,1267235701059284993,1590967509000,2020-06-01,04:55:09,IST,355989081,ani,ANI,,"Madhya Pradesh: Indore District Collector Manish Singh held a meeting with government officials over #Unlock1 yesterday. He said, ""In central part of Indore, grocery shops & dairies will open but only for home delivery of goods. Fruit & vegetable sellers are allowed in the area"".  pic.twitter.com/EbTbjatBSg",[],[],"['https://pbs.twimg.com/media/EZYc-aiVAAAmfqY.png', 'https://pbs.twimg.com/media/EZYc_UzU4AAw05w.png', 'https://pbs.twimg.com/media/EZYdB0dUYAExrkw.png']",2,14,141,['#unlock1'],[],https://twitter.com/ANI/status/1267235701059284993,False,,0,,,,,,,"[{'user_id': '355989081', 'username': 'ANI'}]",,,,
1267194974954815488,1267194974954815488,1590957800000,2020-06-01,02:13:20,IST,160865093,iamsagarshah21,#FightAgainstCOVID19 #AtmaNirbhar Sagar Shah,,"Corona infected Top 20 cities
MUM 39686
DEL 19844
CHEN 14799
AMD 12180
Thane 9585
Pune 7919
Indore 3486
Kolkata 2125
Jaipur 1991
Surat 1620
Jodhpur 1530
Aurangabad 1501
Bhopal 1467
HYD 1461
Chengalpattu 1172
Nashik 1135
Raigad 1108
Vadodara 1057
Howrah 1029
Palghar 1018

#Unlock1",[],[],[],0,2,3,['#unlock1'],[],https://twitter.com/iamsagarshah21/status/1267194974954815488,False,,0,,,,,,,"[{'user_id': '160865093', 'username': 'iamsagarshah21'}]",,,,
1267180476881604612,1267180476881604612,1590954343000,2020-06-01,01:15:43,IST,2816705310,neerajmofficial,NEERAJ MISHRA🇮🇳,,"Details of #Lockdown5 and #Unlock1 by DIG Indore @hariips sir

#IndoreFightsCorona https://twitter.com/IndoreTalk/status/1267161213932167168 …",['hariips'],['https://twitter.com/IndoreTalk/status/1267161213932167168'],[],0,0,0,"['#lockdown5', '#unlock1', '#indorefightscorona']",[],https://twitter.com/neerajmofficial/status/1267180476881604612,False,https://twitter.com/IndoreTalk/status/1267161213932167168,0,,,,,,,"[{'user_id': '2816705310', 'username': 'neerajmofficial'}, {'user_id': '64478955', 'username': 'hariips'}]",,,,
1266975376913444864,1266975376913444864,1590905443000,2020-05-31,11:40:43,IST,1061600985708081154,postsrb,SRB Post,,"#Indore #indoreLockdown #Unlock1.0
इंदौर नगर निगम के 4 कर्मचारी समेत 55 की रिपोर्ट पॉजिटिव  https://www.srbpost.com/madhya-pradesh/indore/report-of-55-including-4-employees-of-indore-municipal-corporation-is-positive/ …",[],['https://www.srbpost.com/madhya-pradesh/indore/report-of-55-including-4-employees-of-indore-municipal-corporation-is-positive/'],[],0,0,0,"['#indore', '#indorelockdown', '#unlock1']",[],https://twitter.com/PostSrb/status/1266975376913444864,False,,0,,,,,,,"[{'user_id': '1061600985708081154', 'username': 'PostSrb'}]",,,,
1266914389745156097,1266914389745156097,1590890903000,2020-05-31,07:38:23,IST,1233261651870265344,jaoranagari,Jaora Nagari,,"NEWS Updates 📰
.
#unlock #unlock1 #lockdown5 #jaora #ratlam #indore #mumbai #delhi #madhyapradesh #bhopal #indiafightscorona #india @ India  https://www.instagram.com/p/CA1b0llp9qV/?igshid=1xcrf9gg8f292 …",[],['https://www.instagram.com/p/CA1b0llp9qV/?igshid=1xcrf9gg8f292'],[],0,0,0,"['#unlock', '#unlock1', '#lockdown5', '#jaora', '#ratlam', '#indore', '#mumbai', '#delhi', '#madhyapradesh', '#bhopal', '#indiafightscorona', '#india']",[],https://twitter.com/JaoraNagari/status/1266914389745156097,False,,0,,,,,,,"[{'user_id': '1233261651870265344', 'username': 'JaoraNagari'}]",,,,
1266734879796080641,1266734879796080641,1590848104000,2020-05-30,19:45:04,IST,1122024819694784513,chahikhabar,चाही ख़बर,,"गृह मंत्रालय ने ८ जुन २०२० से “Unlock 1” के लिए guideline जारी की
#indore #IndoreFightsCorona #Indorelockdown #Covid_19 #IndiaFightsCorona #unlock1 #Unlock https://twitter.com/PIBHomeAffairs/status/1266723964015050752 …",[],['https://twitter.com/PIBHomeAffairs/status/1266723964015050752'],[],0,1,1,"['#indore', '#indorefightscorona', '#indorelockdown', '#covid_19', '#indiafightscorona', '#unlock1', '#unlock']",[],https://twitter.com/ChahiKhabar/status/1266734879796080641,False,https://twitter.com/PIBHomeAffairs/status/1266723964015050752,0,,,,,,,"[{'user_id': '1122024819694784513', 'username': 'ChahiKhabar'}]",,,,
