id,conversation_id,created_at,date,time,timezone,user_id,username,name,place,tweet,mentions,urls,photos,replies_count,retweets_count,likes_count,hashtags,cashtags,link,retweet,quote_url,video,near,geo,source,user_rt_id,user_rt,retweet_id,reply_to,retweet_date,translate,trans_src,trans_dest
1276758918174142464,1276758918174142464,1593238021000,2020-06-27,11:37:01,IST,4863347892,infonashik,"DISTRICT INFORMATION OFFICE, NASHIK",,"व्यापाऱ्यांवर बंदसाठी दबाव आणल्यास कारवाई, 
पालकमंत्री @ChhaganCBhujbal यांचा इशारा
#Nashik #Unlock1  pic.twitter.com/u1Okxsh1uJ",['chhagancbhujbal'],[],['https://pbs.twimg.com/media/Ebf1dtmUcAU37u6.jpg'],0,2,3,"['#nashik', '#unlock1']",[],https://twitter.com/InfoNashik/status/1276758918174142464,False,,0,,,,,,,"[{'user_id': '4863347892', 'username': 'InfoNashik'}, {'user_id': '998082642447912960', 'username': 'ChhaganCBhujbal'}]",,,,
1274508599738478597,1274508599738478597,1592701504000,2020-06-21,06:35:04,IST,2769274002,thakkersgroup,Thakkers Group,,"#FathersDay #HappyFathersDay2020
#Thakkers #Nashik #Homesforall #PlotDesert island #Land #Homes #flat #officeClassical building #Showroom #Shop
#IndiaFightsCorona #Unlock1  pic.twitter.com/7CCHZF5Qkk",[],[],['https://pbs.twimg.com/media/Ea_20UgX0AEIV9B.jpg'],1,2,2,"['#fathersday', '#happyfathersday2020', '#thakkers', '#nashik', '#homesforall', '#plotdesert', '#land', '#homes', '#flat', '#officeclassical', '#showroom', '#shop', '#indiafightscorona', '#unlock1']",[],https://twitter.com/ThakkersGroup/status/1274508599738478597,False,,0,,,,,,,"[{'user_id': '2769274002', 'username': 'ThakkersGroup'}]",,,,
1274493496150417408,1274493496150417408,1592697903000,2020-06-21,05:35:03,IST,2769274002,thakkersgroup,Thakkers Group,,"#InternationalYogaDay #IDoYogaAtHome #MyLifeMyYoga
#Thakkers #Nashik #Homesforall #PlotDesert island #Land #Homes #flat #officeClassical building #Showroom #Shop
#IndiaFightsCorona #Unlock1  pic.twitter.com/wp4RZdJ80C",[],[],['https://pbs.twimg.com/media/Ea_pFKqX0AAp3W0.jpg'],1,2,1,"['#internationalyogaday', '#idoyogaathome', '#mylifemyyoga', '#thakkers', '#nashik', '#homesforall', '#plotdesert', '#land', '#homes', '#flat', '#officeclassical', '#showroom', '#shop', '#indiafightscorona', '#unlock1']",[],https://twitter.com/ThakkersGroup/status/1274493496150417408,False,,0,,,,,,,"[{'user_id': '2769274002', 'username': 'ThakkersGroup'}]",,,,
1274443962892251137,1274443962892251137,1592686093000,2020-06-21,02:18:13,IST,166589178,amitchhugani,amit chhugani,,It’s next to impossible to control the spread if this is gonna be the situation hardly anyone wearing mask. Humble request to shut this NMC ground at nashik road @CMOMaharashtra @AUThackeray @my_nmc @CollectorNashik @nashikpolice #Unlock1 #COVID19 pic.twitter.com/ID6TyfDMZk,"['cmomaharashtra', 'authackeray', 'my_nmc', 'collectornashik', 'nashikpolice']",[],[],0,0,2,"['#unlock1', '#covid19']",[],https://twitter.com/amitchhugani/status/1274443962892251137,False,,1,,,,,,,"[{'user_id': '166589178', 'username': 'amitchhugani'}, {'user_id': '2597666894', 'username': 'CMOMaharashtra'}, {'user_id': '1606048885', 'username': 'AUThackeray'}, {'user_id': '1194903022217809920', 'username': 'my_nmc'}, {'user_id': '3170521344', 'username': 'CollectorNashik'}, {'user_id': '1948902912', 'username': 'nashikpolice'}]",,,,
1272069446404698113,1272069446404698113,1592119964000,2020-06-14,13:02:44,IST,792369928862957568,maniyar_abrar,abrar maniyar,,"Real superhero 🙏....

#Doctor #GoCoronaGo #respect
#Heroes #Covid_19india #nurse #Medical #Nashik #Unlock1 #humanity #StayHomeStaySafe pic.twitter.com/QbrKIWaC7d",[],[],['https://pbs.twimg.com/media/EadLJHaVcAA4_1H.jpg'],0,0,3,"['#doctor', '#gocoronago', '#respect', '#heroes', '#covid_19india', '#nurse', '#medical', '#nashik', '#unlock1', '#humanity', '#stayhomestaysafe']",[],https://twitter.com/maniyar_abrar/status/1272069446404698113,False,,0,,,,,,,"[{'user_id': '792369928862957568', 'username': 'maniyar_abrar'}]",,,,
1271978181776588800,1271978181776588800,1592098205000,2020-06-14,07:00:05,IST,2769274002,thakkersgroup,Thakkers Group,,"#BloodForHumanity #BloodDonation #blood #blooddonorday #SafeBloodSavesLives
#Thakkers #Nashik #Homesforall #Plot🏝️ #Land #Homes #flat #office🏛️ #Showroom #Shop
#IndiaFightsCorona #Unlock1  pic.twitter.com/Qt9jNripo6",[],[],['https://pbs.twimg.com/media/Eab5amaXQAAsbc8.jpg'],0,2,1,"['#bloodforhumanity', '#blooddonation', '#blood', '#blooddonorday', '#safebloodsaveslives', '#thakkers', '#nashik', '#homesforall', '#plot', '#land', '#homes', '#flat', '#office', '#showroom', '#shop', '#indiafightscorona', '#unlock1']",[],https://twitter.com/ThakkersGroup/status/1271978181776588800,False,,0,,,,,,,"[{'user_id': '2769274002', 'username': 'ThakkersGroup'}]",,,,
1271238313001836544,1271238313001836544,1591921806000,2020-06-12,06:00:06,IST,2769274002,thakkersgroup,Thakkers Group,,".#EndChildLabour #WorldDayAgainstChildLabour #StopChildLabour #savechild #savechildhood #childlabour
#Thakkers #Nashik #Homesforall #Plot🏝️ #Land #Homes #flat #office🏛️ #Showroom #Shop
#IndiaFightsCorona #Unlock1  pic.twitter.com/Sn00kcQGJG",[],[],['https://pbs.twimg.com/media/EaRYgkoXYAI0iSB.jpg'],0,2,1,"['#endchildlabour', '#worlddayagainstchildlabour', '#stopchildlabour', '#savechild', '#savechildhood', '#childlabour', '#thakkers', '#nashik', '#homesforall', '#plot', '#land', '#homes', '#flat', '#office', '#showroom', '#shop', '#indiafightscorona', '#unlock1']",[],https://twitter.com/ThakkersGroup/status/1271238313001836544,False,,0,,,,,,,"[{'user_id': '2769274002', 'username': 'ThakkersGroup'}]",,,,
1270688829071077378,1270688829071077378,1591790799000,2020-06-10,17:36:39,IST,912916354419830784,info_nashik,Nashik Info,,#Unlock1 चा परिणाम दिसतोय तरी शासन उगाचच विषाची परीक्षा घेतेय. #CoronavirusOutbreak https://twitter.com/deshdoot/status/1270667372161052672 …,[],['https://twitter.com/deshdoot/status/1270667372161052672'],[],0,1,3,"['#unlock1', '#coronavirusoutbreak']",[],https://twitter.com/info_nashik/status/1270688829071077378,False,https://twitter.com/deshdoot/status/1270667372161052672,0,,,,,,,"[{'user_id': '912916354419830784', 'username': 'info_nashik'}]",,,,
1270538299472408576,1270538299472408576,1591754910000,2020-06-10,07:38:30,IST,3325491120,pawaskarnilesh,Nilesh Pawaskar,,"जिंदगी में हो अँधेरा
तो खुद को भी जलाना पड़ता है
उम्मीद के आसरे हल बंजर मे
चलाना पड़ता है,
यूँ तो लाखों घूमते हैं 
दुनिया में होकर के गुमशुदा
पहचान बनानी हो तो 
अपना मुकद्दर बनाना पड़ता है।

#Nashik #श्री कृष्णा #COVIDー19 #lockdown #Unlock1",[],[],[],1,1,0,"['#nashik', '#श्री', '#covidー19', '#lockdown', '#unlock1']",[],https://twitter.com/PawaskarNilesh/status/1270538299472408576,False,,0,,,,,,,"[{'user_id': '3325491120', 'username': 'PawaskarNilesh'}]",,,,
1269862819324932096,1269862819324932096,1591593863000,2020-06-08,10:54:23,IST,79137927,snowraj,Kamlesh Thakur,,"Has anyone travelled from #Nashik to #mumbai to and fro in #Unlock1.0 ??
Kindly, share your guidance and help.
Thanks in advance #COVID19India #coronavirus",[],[],[],0,0,0,"['#nashik', '#mumbai', '#unlock1', '#covid19india', '#coronavirus']",[],https://twitter.com/Snowraj/status/1269862819324932096,False,,0,,,,,,,"[{'user_id': '79137927', 'username': 'Snowraj'}]",,,,
1268775334779817984,1268775334779817984,1591334587000,2020-06-05,10:53:07,IST,553395840,saamtvnews,SaamTV News,,"FAST NEWS | जगातील महत्वाच्या 20 बातम्या | TOP 20 NEWS | 05June2020
 https://youtu.be/mCHHRs-qy1E 
#top20 #maharashtra #mumbai #pune #nashik #Unlock1",[],['https://youtu.be/mCHHRs-qy1E'],[],0,0,0,"['#top20', '#maharashtra', '#mumbai', '#pune', '#nashik', '#unlock1']",[],https://twitter.com/saamTVnews/status/1268775334779817984,False,,0,,,,,,,"[{'user_id': '553395840', 'username': 'saamTVnews'}]",,,,
1267194974954815488,1267194974954815488,1590957800000,2020-06-01,02:13:20,IST,160865093,iamsagarshah21,#FightAgainstCOVID19 #AtmaNirbhar Sagar Shah,,"Corona infected Top 20 cities
MUM 39686
DEL 19844
CHEN 14799
AMD 12180
Thane 9585
Pune 7919
Indore 3486
Kolkata 2125
Jaipur 1991
Surat 1620
Jodhpur 1530
Aurangabad 1501
Bhopal 1467
HYD 1461
Chengalpattu 1172
Nashik 1135
Raigad 1108
Vadodara 1057
Howrah 1029
Palghar 1018

#Unlock1",[],[],[],0,2,3,['#unlock1'],[],https://twitter.com/iamsagarshah21/status/1267194974954815488,False,,0,,,,,,,"[{'user_id': '160865093', 'username': 'iamsagarshah21'}]",,,,
