id,conversation_id,created_at,date,time,timezone,user_id,username,name,place,tweet,mentions,urls,photos,replies_count,retweets_count,likes_count,hashtags,cashtags,link,retweet,quote_url,video,near,geo,source,user_rt_id,user_rt,retweet_id,reply_to,retweet_date,translate,trans_src,trans_dest
1277276552934289410,1277154839097565187,1593361435000,2020-06-28,21:53:55,IST,19851442,nikhil_i,Nikhil I,,"#covid19India - Hyderabad tops the list of districts with increase in active cases for the period of 7 days for the first time. Bengaluru(KA),Madurai(TN),RangaReddy(TS) inching ahead. Has #Unlock1 caused the spread to newer districts? Solapur(MH) consistently shows more recovery.  pic.twitter.com/PloymrXKMC","['shamikaravi', 'pmoindia', 'narendramodi', 'nitiaayog', 'drharshvardhan', 'muditkapoor']",[],['https://pbs.twimg.com/media/EbnLaQOVcAgoLkd.jpg'],0,0,0,"['#covid19india', '#unlock1']",[],https://twitter.com/nikhil_i/status/1277276552934289410,False,,0,,,,,,,"[{'user_id': '19851442', 'username': 'nikhil_i'}, {'user_id': '2294172542', 'username': 'ShamikaRavi'}, {'user_id': '471741741', 'username': 'PMOIndia'}, {'user_id': '18839785', 'username': 'narendramodi'}, {'user_id': '1244137812', 'username': 'NITIAayog'}, {'user_id': '77732185', 'username': 'drharshvardhan'}, {'user_id': '47555290', 'username': 'muditkapoor'}]",,,,
1272036208894332929,1271871145931796480,1592112040000,2020-06-14,10:50:40,IST,216793273,kiran_mad,K%R@N,,"Name :Tejaswini Kiran Madgundi
Age : 8 yr
School : Indian model school,Solapur
#unlock1.0 challenge  pic.twitter.com/ry3jcnFhcw",['ddnewslive'],[],"['https://pbs.twimg.com/media/EacuJaNUEAUlsTn.jpg', 'https://pbs.twimg.com/media/EacuKKwU0AA3B_2.jpg', 'https://pbs.twimg.com/media/EacuK9BUYAALVKK.jpg', 'https://pbs.twimg.com/media/EacuLpSVAAEqjM0.jpg']",0,0,1,['#unlock1'],[],https://twitter.com/kiran_mad/status/1272036208894332929,False,,0,,,,,,,"[{'user_id': '216793273', 'username': 'kiran_mad'}, {'user_id': '1100927498', 'username': 'DDNewslive'}]",,,,
1271495875118891008,1271495875118891008,1591983214000,2020-06-12,23:03:34,IST,85306437,sakalmedianews,sakalmedia,,"चिंताजनक...! सोलापुरात एकाच दिवसात १०१ कोरोना बाधित ... एकूण पॅाझीटिव्ह १५०२ -  https://www.esakal.com/paschim-maharashtra-news/solapur/number-corona-infected-patients-reached-solapur-upto-%E0%A5%A7%E0%A5%AB%%A5%A6%E0%A5%A8-306574 …
#Sakal #SakalNews #viral #ViralNews #SakalMedia #news #MarathiNews #SakalSolapur #Solapur #Maharashtra #CoronavirusIndia #COVID19 #Unlock1",[],['https://www.esakal.com/paschim-maharashtra-news/solapur/number-corona-infected-patients-reached-solapur-upto-%E0%A5%A7%E0%A5%AB%%A5%A6%E0%A5%A8-306574'],[],1,0,0,"['#sakal', '#sakalnews', '#viral', '#viralnews', '#sakalmedia', '#news', '#marathinews', '#sakalsolapur', '#solapur', '#maharashtra', '#coronavirusindia', '#covid19', '#unlock1']",[],https://twitter.com/SakalMediaNews/status/1271495875118891008,False,,0,,,,,,,"[{'user_id': '85306437', 'username': 'SakalMediaNews'}]",,,,
1271098551200866305,1271098551200866305,1591888485000,2020-06-11,20:44:45,IST,85306437,sakalmedianews,sakalmedia,,"महापालिका हद्दीत गुरुवारी तब्बल 91 कोरोनाबाधित -  https://www.esakal.com/paschim-maharashtra-news/solapur/many-ninty-one-corona-were-affected-municipal-area-thursday-306043 …
#Sakal #SakalNews #viral #viralnews #SakalMedia #news #MarathiNews #Maharashtra #MaharashtraFightsCorona #coronavirus #COVID19 #SakalSolapur #Solapur #Unlock1",[],['https://www.esakal.com/paschim-maharashtra-news/solapur/many-ninty-one-corona-were-affected-municipal-area-thursday-306043'],[],0,0,0,"['#sakal', '#sakalnews', '#viral', '#viralnews', '#sakalmedia', '#news', '#marathinews', '#maharashtra', '#maharashtrafightscorona', '#coronavirus', '#covid19', '#sakalsolapur', '#solapur', '#unlock1']",[],https://twitter.com/SakalMediaNews/status/1271098551200866305,False,,0,,,,,,,"[{'user_id': '85306437', 'username': 'SakalMediaNews'}]",,,,
1270686450334396418,1270686450334396418,1591790232000,2020-06-10,17:27:12,IST,85306437,sakalmedianews,sakalmedia,,"सोलापूर जिल्ह्याच्या ग्रामीण भागात कोरोना बाधितांची शंभरी -  https://www.esakal.com/paschim-maharashtra-news/solapur/hundreds-corona-victims-rural-areas-solapur-district-305422 …
#Sakal #SakalNews #viral #viralnews #SakalMedia #news #MarathiNews #MaharashtraFightsCorona #CoronavirusLockdown #coronavirus #COVID19 #SakalSolapur #Solapur #Unlock1",[],['https://www.esakal.com/paschim-maharashtra-news/solapur/hundreds-corona-victims-rural-areas-solapur-district-305422'],[],0,1,6,"['#sakal', '#sakalnews', '#viral', '#viralnews', '#sakalmedia', '#news', '#marathinews', '#maharashtrafightscorona', '#coronaviruslockdown', '#coronavirus', '#covid19', '#sakalsolapur', '#solapur', '#unlock1']",[],https://twitter.com/SakalMediaNews/status/1270686450334396418,False,,0,,,,,,,"[{'user_id': '85306437', 'username': 'SakalMediaNews'}]",,,,
1270591612356362241,1270591612356362241,1591767621000,2020-06-10,11:10:21,IST,85306437,sakalmedianews,sakalmedia,,"आदेश नको, समन्वय साधा, सोलापूर कोरोनामुक्त करा  https://www.esakal.com/paschim-maharashtra-news/solapur/news-regarding-indian-medical-association-and-private-hospital …
#Sakal #SakalNews #viral #viralnews #SakalMedia #news #MarathiNews #MaharashtraFightsCorona #CoronavirusLockdown #coronavirus #COVID19 #Unlock1 #SakalSolapur #Solapur",[],['https://www.esakal.com/paschim-maharashtra-news/solapur/news-regarding-indian-medical-association-and-private-hospital'],[],0,0,0,"['#sakal', '#sakalnews', '#viral', '#viralnews', '#sakalmedia', '#news', '#marathinews', '#maharashtrafightscorona', '#coronaviruslockdown', '#coronavirus', '#covid19', '#unlock1', '#sakalsolapur', '#solapur']",[],https://twitter.com/SakalMediaNews/status/1270591612356362241,False,,0,,,,,,,"[{'user_id': '85306437', 'username': 'SakalMediaNews'}]",,,,
1270394238468001793,1270394238468001793,1591720563000,2020-06-09,22:06:03,IST,85306437,sakalmedianews,sakalmedia,,"सोलापूर शहरात आढळले  ४७ नवे कोरोनाबाधित, एकूण पॅाझिटीव्ह १२६८  https://www.esakal.com/paschim-maharashtra-news/solapur/47-corona-positive-patients-found-solapur-city-four-death-305082 …
#Sakal #SakalNews #viral #viralnews #SakalMedia #news #MarathiNews #MaharashtraFightsCorona #CoronavirusLockdown #coronavirus #COVID19 #SakalSolapur #Solapur #Unlock1",[],['https://www.esakal.com/paschim-maharashtra-news/solapur/47-corona-positive-patients-found-solapur-city-four-death-305082'],[],0,0,7,"['#sakal', '#sakalnews', '#viral', '#viralnews', '#sakalmedia', '#news', '#marathinews', '#maharashtrafightscorona', '#coronaviruslockdown', '#coronavirus', '#covid19', '#sakalsolapur', '#solapur', '#unlock1']",[],https://twitter.com/SakalMediaNews/status/1270394238468001793,False,,0,,,,,,,"[{'user_id': '85306437', 'username': 'SakalMediaNews'}]",,,,
1270235302175612931,1270235302175612931,1591682670000,2020-06-09,11:34:30,IST,85306437,sakalmedianews,sakalmedia,,"सोलापूर महापालिका देणार शहरवासियांना मास्क -  https://www.esakal.com/paschim-maharashtra-news/solapur/solapur-municipal-corporation-will-give-masks-citizens-304683 …
#Sakal #SakalNews #viral #viralnews #SakalMedia #news #MarathiNews #MaharashtraFightsCorona #CoronavirusLockdown #coronavirus #COVID19 #SakalSolapur #Solapur #Unlock1",[],['https://www.esakal.com/paschim-maharashtra-news/solapur/solapur-municipal-corporation-will-give-masks-citizens-304683'],[],0,1,2,"['#sakal', '#sakalnews', '#viral', '#viralnews', '#sakalmedia', '#news', '#marathinews', '#maharashtrafightscorona', '#coronaviruslockdown', '#coronavirus', '#covid19', '#sakalsolapur', '#solapur', '#unlock1']",[],https://twitter.com/SakalMediaNews/status/1270235302175612931,False,,0,,,,,,,"[{'user_id': '85306437', 'username': 'SakalMediaNews'}]",,,,
1270011239293386753,1270011239293386753,1591629249000,2020-06-08,20:44:09,IST,85306437,sakalmedianews,sakalmedia,,"मोठी बातमी ! लक्षणे नसलेल्या कोरोना पॉझिटिव्ह रुग्णाला करावा लागणार स्वत: खर्च -  https://www.esakal.com/maharashtra/asymptomatic-corona-positive-patient-will-have-bear-cost-himself-304489 …
#Sakal #SakalNews #viral #viralnews #SakalMedia #news #MarathiNews #MaharashtraFightsCorona #CoronavirusLockdown #coronavirus #COVID19 #SakalSolapur #Solapur #Unlock1 #unlock2",[],['https://www.esakal.com/maharashtra/asymptomatic-corona-positive-patient-will-have-bear-cost-himself-304489'],[],4,2,6,"['#sakal', '#sakalnews', '#viral', '#viralnews', '#sakalmedia', '#news', '#marathinews', '#maharashtrafightscorona', '#coronaviruslockdown', '#coronavirus', '#covid19', '#sakalsolapur', '#solapur', '#unlock1', '#unlock2']",[],https://twitter.com/SakalMediaNews/status/1270011239293386753,False,,0,,,,,,,"[{'user_id': '85306437', 'username': 'SakalMediaNews'}]",,,,
1270006370486681604,1270006370486681604,1591628088000,2020-06-08,20:24:48,IST,85306437,sakalmedianews,sakalmedia,,"आठ मृत्यूसह सोलापुरात आढळले 33 नवे कोरोनाबाधित, एकूण पॅाझिटीव्ह 1221 -  https://www.esakal.com/paschim-maharashtra-news/solapur/corona-patients-increased-solapur-304474 …
#Sakal #SakalNews #viral #viralnews #SakalMedia #news #MarathiNews #MaharashtraFightsCorona #coronavirus #COVID19 #SakalSolapur #Solapur #Unlock1 #unlock2",[],['https://www.esakal.com/paschim-maharashtra-news/solapur/corona-patients-increased-solapur-304474'],[],0,0,2,"['#sakal', '#sakalnews', '#viral', '#viralnews', '#sakalmedia', '#news', '#marathinews', '#maharashtrafightscorona', '#coronavirus', '#covid19', '#sakalsolapur', '#solapur', '#unlock1', '#unlock2']",[],https://twitter.com/SakalMediaNews/status/1270006370486681604,False,,0,,,,,,,"[{'user_id': '85306437', 'username': 'SakalMediaNews'}]",,,,
1268773675647393797,1268773675647393797,1591334191000,2020-06-05,10:46:31,IST,553395840,saamtvnews,SaamTV News,,"BREAKING | अनलॉकडाऊन 1.0मध्ये पुन्हा निर्बंध शिथिल
 https://youtu.be/-jzMbNvCACw 
#Unlock1 #maharashtra #mumbai #coronavirus #pune #kolhapur #solapur #nagpur",[],['https://youtu.be/-jzMbNvCACw'],[],0,1,0,"['#unlock1', '#maharashtra', '#mumbai', '#coronavirus', '#pune', '#kolhapur', '#solapur', '#nagpur']",[],https://twitter.com/saamTVnews/status/1268773675647393797,False,,0,,,,,,,"[{'user_id': '553395840', 'username': 'saamTVnews'}]",,,,
1266756117289410561,1266756117289410561,1590853168000,2020-05-30,21:09:28,IST,1112306388028526593,shashigawade90,Shashikant Gawade,,"#UnLock1 begins from 01/06/2020. All activities in areas outside the containment zones will be relaxed in phased manner...but States can impose restrictions based on their own  assessment.
I urge @CMOMaharashtra to issue MH and #Solapur specific guidelines at the earliest.  https://twitter.com/PIBHomeAffairs/status/1266723964015050752 …",['cmomaharashtra'],['https://twitter.com/PIBHomeAffairs/status/1266723964015050752'],[],0,0,0,"['#unlock1', '#solapur']",[],https://twitter.com/ShashiGawade90/status/1266756117289410561,False,https://twitter.com/PIBHomeAffairs/status/1266723964015050752,0,,,,,,,"[{'user_id': '1112306388028526593', 'username': 'ShashiGawade90'}, {'user_id': '2597666894', 'username': 'CMOMaharashtra'}]",,,,
