id,conversation_id,created_at,date,time,timezone,user_id,username,name,place,tweet,mentions,urls,photos,replies_count,retweets_count,likes_count,hashtags,cashtags,link,retweet,quote_url,video,near,geo,source,user_rt_id,user_rt,retweet_id,reply_to,retweet_date,translate,trans_src,trans_dest
1276569760377958400,1276569760377958400,1593192923000,2020-06-26,23:05:23,IST,2653038001,rajivsinhaindia,Rajiv Sinha Parivartan,,"@CMOMaharashtra @OfficeofUT @rajeshtope11 @NMMCCommr @sanjayips89 @AnilDeshmukhNCP

Sir,
Navi Mumbai me atleast unlock1 ka system rahne dijiye. Full unlock mat.

Log ko time par cheez mil bhi raha aur aaram bhi. Fir kyun unsafe hona hai.

Saloon to waise bhi dettol use karta tha.","['cmomaharashtra', 'officeofut', 'rajeshtope11', 'nmmccommr', 'sanjayips89', 'anildeshmukhncp']",[],[],1,0,2,[],[],https://twitter.com/rajivsinhaindia/status/1276569760377958400,False,,0,,,,,,,"[{'user_id': '2653038001', 'username': 'rajivsinhaindia'}, {'user_id': '2597666894', 'username': 'CMOMaharashtra'}, {'user_id': '1144169755672113155', 'username': 'OfficeofUT'}, {'user_id': '183145504', 'username': 'rajeshtope11'}, {'user_id': '1057583290624950272', 'username': 'NMMCCommr'}, {'user_id': '1192063362311561216', 'username': 'sanjayips89'}, {'user_id': '825563486591795200', 'username': 'AnilDeshmukhNCP'}]",,,,
1275803464803561473,1275803464803561473,1593010223000,2020-06-24,20:20:23,IST,904949009671888896,1point1solution,1Point1 Solutions,,"#Unlock1 #NewNormal #BAU
Our Centre Heads have been at the forefront of ensuring that our teams come back to work in a safe environment that puts their health first. In Navi Mumbai, our Centre Head Mr.Vikas Talikoti put in place numerous new normal measures.  pic.twitter.com/jSVEL4vaIP",[],[],['https://pbs.twimg.com/media/EbSQezsU0AAJ0ue.jpg'],0,3,4,"['#unlock1', '#newnormal', '#bau']",[],https://twitter.com/1POINT1Solution/status/1275803464803561473,False,,0,,,,,,,"[{'user_id': '904949009671888896', 'username': '1POINT1Solution'}]",,,,
1273002520906887168,1273002520906887168,1592342426000,2020-06-17,02:50:26,IST,535730853,14_aditi,: ),,"@OfficeofUT how many #Covid_19 tests are done on a daily basis in Mumbai, Thane, Kalyan, Dombivli, Ambarnath, Badlapur, Vasai, Virar, Navi Mumbai? 

Why is there unlock when there are less number beds/hospital facilities?#COVID19Mumbai #UdhavThackeray #Unlock1 #LockdownFailed",['officeofut'],[],[],0,0,0,"['#covid_19', '#covid19mumbai', '#udhavthackeray', '#unlock1', '#lockdownfailed']",[],https://twitter.com/14_aditi/status/1273002520906887168,False,,0,,,,,,,"[{'user_id': '535730853', 'username': '14_aditi'}, {'user_id': '1144169755672113155', 'username': 'OfficeofUT'}]",,,,
1270434383778856962,1270434383778856962,1591730135000,2020-06-10,00:45:35,IST,1180084730689048576,steffyshappypa1,steffyshappypaws,,"Unlock 1.0

Be careful and extra cautious!
.
.
.
.
.
.
#lockdown #unlock1 #staysafe #becareful #helpanimals @ Navi Mumbai (New Mumbai), India  https://www.instagram.com/p/CBOch00Hhjb/?igshid=15xw0g7mwewtz …",[],['https://www.instagram.com/p/CBOch00Hhjb/?igshid=15xw0g7mwewtz'],[],0,0,0,"['#lockdown', '#unlock1', '#staysafe', '#becareful', '#helpanimals']",[],https://twitter.com/steffyshappypa1/status/1270434383778856962,False,,0,,,,,,,"[{'user_id': '1180084730689048576', 'username': 'steffyshappypa1'}]",,,,
1269865496569999363,1269865496569999363,1591594501000,2020-06-08,11:05:01,IST,2241969301,nmtvnews,NMTV,,"Markets open and more relaxations make way in Lockdown 5.0 in Navi Mumbai
#COVID19 #Unlock1 #NaviMumbai #Lockdownrelaxations
 https://bit.ly/3dDxGOB 
@NMMCofficial @navimumbaicv @NaviMumbaiCity","['nmmcofficial', 'navimumbaicv', 'navimumbaicity']",['https://bit.ly/3dDxGOB'],[],0,1,2,"['#covid19', '#unlock1', '#navimumbai', '#lockdownrelaxations']",[],https://twitter.com/nmtvnews/status/1269865496569999363,False,,0,,,,,,,"[{'user_id': '2241969301', 'username': 'nmtvnews'}, {'user_id': '1057572039417126913', 'username': 'NMMCofficial'}, {'user_id': '757662307', 'username': 'navimumbaicv'}, {'user_id': '1248248583586852864', 'username': 'NaviMumbaiCity'}]",,,,
1268875909706117121,1268875909706117121,1591358566000,2020-06-05,17:32:46,IST,1232296009247518722,navimumbainet,Navi Mumbai Network,,"NMMC Declared 30 Containment Zones in Navi Mumbai:  Highest Number of Containment Zones in Turbhe
#Containmentzone #Unlock1 #Lockdown5 #NaviMumbai
 https://youtu.be/IxZITT2W15I  @navimumbaicv @NaviMumbaiCity @NMMCCommr @Navimumpolice @bjp_ghansoli @NMMConline @NaviMumbaiToday @i_anagh","['navimumbaicv', 'navimumbaicity', 'nmmccommr', 'navimumpolice', 'bjp_ghansoli', 'nmmconline', 'navimumbaitoday', 'i_anagh']",['https://youtu.be/IxZITT2W15I'],[],1,2,2,"['#containmentzone', '#unlock1', '#lockdown5', '#navimumbai']",[],https://twitter.com/NaviMumbaiNet/status/1268875909706117121,False,,0,,,,,,,"[{'user_id': '1232296009247518722', 'username': 'NaviMumbaiNet'}, {'user_id': '757662307', 'username': 'navimumbaicv'}, {'user_id': '1248248583586852864', 'username': 'NaviMumbaiCity'}, {'user_id': '1057583290624950272', 'username': 'NMMCCommr'}, {'user_id': '4845993580', 'username': 'Navimumpolice'}, {'user_id': '830849648592113664', 'username': 'bjp_ghansoli'}, {'user_id': '2318820422', 'username': 'NMMConline'}, {'user_id': '817721838650462209', 'username': 'NaviMumbaiToday'}, {'user_id': '143879313', 'username': 'i_anagh'}]",,,,
1268069259701297154,1268069259701297154,1591166245000,2020-06-03,12:07:25,IST,2467039227,mandeepswami1,Mandeep Swami,,"Contact Deepak Bhai in case you want to travel to Railway Station/Airports from Navi Mumbai during the lockdown.  

No e-pass required.

@kunal_dhariwal @Navimumpolice @NMMCofficial #Lockdown5 #Unlock1 #navimumbai #strandedworker
#Mumbai #nmmc pic.twitter.com/rLMrpuqFuA","['kunal_dhariwal', 'navimumpolice', 'nmmcofficial']",[],['https://pbs.twimg.com/media/EZkWQ-aXsAEa_Hg.jpg'],0,0,1,"['#lockdown5', '#unlock1', '#navimumbai', '#strandedworker', '#mumbai', '#nmmc']",[],https://twitter.com/MandeepSwami1/status/1268069259701297154,False,,0,,,,,,,"[{'user_id': '2467039227', 'username': 'MandeepSwami1'}, {'user_id': '3301393717', 'username': 'kunal_dhariwal'}, {'user_id': '4845993580', 'username': 'Navimumpolice'}, {'user_id': '1057572039417126913', 'username': 'NMMCofficial'}]",,,,
1267728526116974593,1267728526116974593,1591085008000,2020-06-02,13:33:28,IST,1100772324859568130,rajal58574324,Rajal Joshi,,"Does anyone know if we can be allowed to travel from Navi Mumbai (Maharashtra) to Udaipur (Rajsthan)? If yes, what's the procedure? #Unlock1 #queries #Maharashtra #Rajasthan #COVID19 #epass",[],[],[],1,0,0,"['#unlock1', '#queries', '#maharashtra', '#rajasthan', '#covid19', '#epass']",[],https://twitter.com/Rajal58574324/status/1267728526116974593,False,,0,,,,,,,"[{'user_id': '1100772324859568130', 'username': 'Rajal58574324'}]",,,,
1267681363760578561,1267681363760578561,1591073764000,2020-06-02,10:26:04,IST,3162977389,gkrspeaks,oxyMoron,,"@NMMConline @NMMCCommr Sir , may I know what is the testing protocol of Navi Mumbai residents who came in direct contact with CoVid19 patients? Can we get that document? #COVID19 #Unlock1 #IndiaFightsCorona","['nmmconline', 'nmmccommr']",[],[],0,0,0,"['#covid19', '#unlock1', '#indiafightscorona']",[],https://twitter.com/gkrspeaks/status/1267681363760578561,False,,0,,,,,,,"[{'user_id': '3162977389', 'username': 'gkrspeaks'}, {'user_id': '2318820422', 'username': 'NMMConline'}, {'user_id': '1057583290624950272', 'username': 'NMMCCommr'}]",,,,
1267324073161482242,1267324073161482242,1590988579000,2020-06-01,10:46:19,IST,295693924,fpjindia,Free Press Journal,,"Lockdown extended in containment zones till June 30: Here is the full list of containment zones in Mumbai, Navi Mumbai, Pune, and Thane 

#Unlock1 #MissionBeginAgain #coronavirus #COVID19India https://www.freepressjournal.in/mumbai/lockdown-extended-in-containment-zones-till-june-30-here-is-the-full-list-of-containment-zones-in-mumbai-navi-mumbai-pune-and-thane …",[],['https://www.freepressjournal.in/mumbai/lockdown-extended-in-containment-zones-till-june-30-here-is-the-full-list-of-containment-zones-in-mumbai-navi-mumbai-pune-and-thane'],[],0,0,1,"['#unlock1', '#missionbeginagain', '#coronavirus', '#covid19india']",[],https://twitter.com/fpjindia/status/1267324073161482242,False,,0,,,,,,,"[{'user_id': '295693924', 'username': 'fpjindia'}]",,,,
