id,conversation_id,created_at,date,time,timezone,user_id,username,name,place,tweet,mentions,urls,photos,replies_count,retweets_count,likes_count,hashtags,cashtags,link,retweet,quote_url,video,near,geo,source,user_rt_id,user_rt,retweet_id,reply_to,retweet_date,translate,trans_src,trans_dest
1276569687610908672,1276569687610908672,1593192905000,2020-06-26,23:05:05,IST,711482448891224064,parbhaniinfo,Parbhani Info - परभणी इन्फो,,"Press Note
District Civil Surgeon
District Civil Hospital Parbhani
Date 26 June 2020
#parbhani #ParbhaniInfo #maharashtra #india #covid #Unlock1 #pcmcp pic.twitter.com/VKbPxZcvnY",[],[],['https://pbs.twimg.com/media/EbdJWf6U8AAveLW.jpg'],0,5,7,"['#parbhani', '#parbhaniinfo', '#maharashtra', '#india', '#covid', '#unlock1', '#pcmcp']",[],https://twitter.com/ParbhaniInfo/status/1276569687610908672,False,,0,,,,,,,"[{'user_id': '711482448891224064', 'username': 'ParbhaniInfo'}]",,,,
1276236853910237185,1276236853910237185,1593113551000,2020-06-26,01:02:31,IST,711482448891224064,parbhaniinfo,Parbhani Info - परभणी इन्फो,,"Press Note
District Civil Surgeon,
District Civil Hospital Parbhani
Date 25 June 2020
#parbhani #ParbhaniInfo #maharashtra #india #covid #Unlock1 #pcmcp pic.twitter.com/P13cDqBscK",[],[],['https://pbs.twimg.com/media/EbYamVTU4AEL1Hp.jpg'],0,0,1,"['#parbhani', '#parbhaniinfo', '#maharashtra', '#india', '#covid', '#unlock1', '#pcmcp']",[],https://twitter.com/ParbhaniInfo/status/1276236853910237185,False,,0,,,,,,,"[{'user_id': '711482448891224064', 'username': 'ParbhaniInfo'}]",,,,
1275862475053731842,1275862475053731842,1593024293000,2020-06-25,00:14:53,IST,711482448891224064,parbhaniinfo,Parbhani Info - परभणी इन्फो,,"New containment zones
1. Hayat Hospital Gawhane Chowk
2. Iqbal Nagar
3. khadarabad Plot

#parbhani #ParbhaniInfo #maharashtra #india #covid #Unlock1 #pcmcp pic.twitter.com/GpFfavCLFg",[],[],['https://pbs.twimg.com/media/EbTGH0VU4AAkZM6.jpg'],0,5,7,"['#parbhani', '#parbhaniinfo', '#maharashtra', '#india', '#covid', '#unlock1', '#pcmcp']",[],https://twitter.com/ParbhaniInfo/status/1275862475053731842,False,,0,,,,,,,"[{'user_id': '711482448891224064', 'username': 'ParbhaniInfo'}]",,,,
1275807736559591424,1275807736559591424,1593011242000,2020-06-24,20:37:22,IST,711482448891224064,parbhaniinfo,Parbhani Info - परभणी इन्फो,,"Curfew within Parbhani Municipal limits for 3 days! 

starting from tonight 12 am 24 June 2002 to 12 am 27 June 2020

#parbhani #ParbhaniInfo #maharashtra #india #covid #Unlock1 #pcmcp pic.twitter.com/eMUwf7dH7M",[],[],"['https://pbs.twimg.com/media/EbSUWKgUYAAYf-z.jpg', 'https://pbs.twimg.com/media/EbSUXExUEAEi279.jpg', 'https://pbs.twimg.com/media/EbSUXkrUYAArPFw.jpg']",0,5,9,"['#parbhani', '#parbhaniinfo', '#maharashtra', '#india', '#covid', '#unlock1', '#pcmcp']",[],https://twitter.com/ParbhaniInfo/status/1275807736559591424,False,,0,,,,,,,"[{'user_id': '711482448891224064', 'username': 'ParbhaniInfo'}]",,,,
1275737333879300096,1275737333879300096,1592994457000,2020-06-24,15:57:37,IST,711482448891224064,parbhaniinfo,Parbhani Info - परभणी इन्फो,,"A map prepared by CSIR-NEERI, Mumbai showing #COVIDー19 cases in Maharashtra. (24th June 2020)

#MaharashtraFightsCorona #MedicalMaharashtra #MEDD #coronaupdatesindia #UnlockingIndia #Unlock1 #ParbhaniInfo #StayHomeStaySafeSaveLives #COVID19India #unlockindia #BeginAgain pic.twitter.com/oyOAqmSaPu",[],[],['https://pbs.twimg.com/media/EbRUVolU8AIAvQE.jpg'],0,3,3,"['#covidー19', '#maharashtrafightscorona', '#medicalmaharashtra', '#medd', '#coronaupdatesindia', '#unlockingindia', '#unlock1', '#parbhaniinfo', '#stayhomestaysafesavelives', '#covid19india', '#unlockindia', '#beginagain']",[],https://twitter.com/ParbhaniInfo/status/1275737333879300096,False,,0,,,,,,,"[{'user_id': '711482448891224064', 'username': 'ParbhaniInfo'}]",,,,
1275526454575370240,1275526454575370240,1592944179000,2020-06-24,01:59:39,IST,711482448891224064,parbhaniinfo,Parbhani Info - परभणी इन्फो,,"कोरोनातून बरे होणाऱ्यांचे सर्वाधिक प्रमाण कोल्हापूरात, मराठवाड्यात परभणी अव्वल

#parbhani #ParbhaniInfo #maharashtra #india #covid #Unlock1 #pcmcp https://www.sarkarnama.in/rajya-aurangabad/highest-number-people-recovering-corona-kolhapur-parbhani-tops-marathwada-56830 …",[],['https://www.sarkarnama.in/rajya-aurangabad/highest-number-people-recovering-corona-kolhapur-parbhani-tops-marathwada-56830'],[],0,2,3,"['#parbhani', '#parbhaniinfo', '#maharashtra', '#india', '#covid', '#unlock1', '#pcmcp']",[],https://twitter.com/ParbhaniInfo/status/1275526454575370240,False,,0,,,,,,,"[{'user_id': '711482448891224064', 'username': 'ParbhaniInfo'}]",,,,
1275514042208022528,1275514042208022528,1592941220000,2020-06-24,01:10:20,IST,711482448891224064,parbhaniinfo,Parbhani Info - परभणी इन्फो,,"National Information Center (NIC) of Govt. of India applauded the use of IT by @CollectorParbh1 in fight against #COVID19
@NICMeity
#parbhani #ParbhaniInfo #परभणी #maharashtra #india #covid #Unlock1  pic.twitter.com/uBzCrYDaFS","['collectorparbh1', 'nicmeity']",[],[],0,7,11,"['#covid19', '#parbhani', '#parbhaniinfo', '#परभणी', '#maharashtra', '#india', '#covid', '#unlock1']",[],https://twitter.com/ParbhaniInfo/status/1275514042208022528,False,,1,,,,,,,"[{'user_id': '711482448891224064', 'username': 'ParbhaniInfo'}, {'user_id': '1243053474457112576', 'username': 'CollectorParbh1'}, {'user_id': '731767022267174913', 'username': 'NICMeity'}]",,,,
1275474688299331584,1275474688299331584,1592931837000,2020-06-23,22:33:57,IST,711482448891224064,parbhaniinfo,Parbhani Info - परभणी इन्फो,,"Press Note,
District Civil Surgeon,
District Civil Hospital Parbhani,
date 23 June 2020

#parbhani #ParbhaniInfo #maharashtra #india #covid #Unlock1  pic.twitter.com/LkPgFWlyzS",[],[],['https://pbs.twimg.com/media/EbNldNlU4AIsSqn.jpg'],0,1,1,"['#parbhani', '#parbhaniinfo', '#maharashtra', '#india', '#covid', '#unlock1']",[],https://twitter.com/ParbhaniInfo/status/1275474688299331584,False,,0,,,,,,,"[{'user_id': '711482448891224064', 'username': 'ParbhaniInfo'}]",,,,
1274781141384359937,1274781141384359937,1592766483000,2020-06-22,00:38:03,IST,711482448891224064,parbhaniinfo,Parbhani Info - परभणी इन्फो,,"Press Note,
District Civil Surgeon,
District Civil Hospital Parbhani, date 21 June 2020

#parbhani #ParbhaniInfo #maharashtra #india #covid #Unlock1  pic.twitter.com/D3hqrzM5fb",[],[],['https://pbs.twimg.com/media/EbDurm7UwAEC_EL.jpg'],0,0,2,"['#parbhani', '#parbhaniinfo', '#maharashtra', '#india', '#covid', '#unlock1']",[],https://twitter.com/ParbhaniInfo/status/1274781141384359937,False,,0,,,,,,,"[{'user_id': '711482448891224064', 'username': 'ParbhaniInfo'}]",,,,
1274427370422669312,1274427370422669312,1592682137000,2020-06-21,01:12:17,IST,711482448891224064,parbhaniinfo,Parbhani Info - परभणी इन्फो,,"20. 06. 2020 रोजी 1 कोरोना बाधीत रूग्ण आढळल्याने खंडोबा बजार व अपना कार्नर प्रतिबंधित श्रेत्र /कंटेंमेंट झोन घोषीत.   Source: जिल्हा अधिकारी तथा जिल्हादंडअधिकारी कार्यालय परभणीची परेस नोट.
#parbhani #ParbhaniInfo #maharashtra #india #covid #Unlock1 #pcmcp pic.twitter.com/aiSLdgWxTz",[],[],['https://pbs.twimg.com/media/Ea-s7KIUEAAwMRE.jpg'],0,6,8,"['#parbhani', '#parbhaniinfo', '#maharashtra', '#india', '#covid', '#unlock1', '#pcmcp']",[],https://twitter.com/ParbhaniInfo/status/1274427370422669312,False,,0,,,,,,,"[{'user_id': '711482448891224064', 'username': 'ParbhaniInfo'}]",,,,
1274424935989997571,1274424935989997571,1592681557000,2020-06-21,01:02:37,IST,711482448891224064,parbhaniinfo,Parbhani Info - परभणी इन्फो,,"press Note,
District Civil Surgeon,
District Civil Hospital Parbhani, date 20 June 2020
#parbhani #ParbhaniInfo #maharashtra #india #covid #Unlock1  pic.twitter.com/YhX1WxyzIq",[],[],['https://pbs.twimg.com/media/Ea-qtNEVcAArx4n.jpg'],0,6,2,"['#parbhani', '#parbhaniinfo', '#maharashtra', '#india', '#covid', '#unlock1']",[],https://twitter.com/ParbhaniInfo/status/1274424935989997571,False,,0,,,,,,,"[{'user_id': '711482448891224064', 'username': 'ParbhaniInfo'}]",,,,
1274244168500428800,1274244168500428800,1592638458000,2020-06-20,13:04:18,IST,1269270060083941380,incparbhani,INC Parbhani,,"परभणी शहरातील नागरिकांच्या समस्या
सोडवण्याचे काम सभापतींनी करावे... आ. सुरेश वरपूडकर
#parbhani #ParbhaniInfo #maharashtra #india #covid #Unlock1 #pcmcp pic.twitter.com/dDbTxXIfoY",[],[],['https://pbs.twimg.com/media/Ea8GUDzUcAEe8CT.jpg'],0,1,0,"['#parbhani', '#parbhaniinfo', '#maharashtra', '#india', '#covid', '#unlock1', '#pcmcp']",[],https://twitter.com/INCParbhani/status/1274244168500428800,False,,0,,,,,,,"[{'user_id': '1269270060083941380', 'username': 'INCParbhani'}]",,,,
1274033082631286786,1274033082631286786,1592588131000,2020-06-19,23:05:31,IST,711482448891224064,parbhaniinfo,Parbhani Info - परभणी इन्फो,,"press Note,
District Civil Surgeon,
District Civil Hospital Parbhani, date 19 June 2020
#parbhani #ParbhaniInfo #maharashtra #india #covid #Unlock1  pic.twitter.com/njp0mOMUKt",[],[],['https://pbs.twimg.com/media/Ea5GUPxU4AAE3-Q.jpg'],0,0,1,"['#parbhani', '#parbhaniinfo', '#maharashtra', '#india', '#covid', '#unlock1']",[],https://twitter.com/ParbhaniInfo/status/1274033082631286786,False,,0,,,,,,,"[{'user_id': '711482448891224064', 'username': 'ParbhaniInfo'}]",,,,
1273930113772470272,1273930113772470272,1592563582000,2020-06-19,16:16:22,IST,711482448891224064,parbhaniinfo,Parbhani Info - परभणी इन्फो,,"#परभणी जिल्ह्यातील बाजारपेठेतील सर्व व्यवसाय व व्यवहार पूर्णतः पुर्ववत करावेत, अशी #मागणी जिल्हा व्यापारी महासंघाच्या एका शिष्टमंडळाने #जिल्हाधिकारी दिपक मुगळीकर यांची भेट घेवून केली.
रिपोर्ट – विनोद कापसीकर

#parbhani #ParbhaniInfo #maharashtra #india #covid #Unlock1  pic.twitter.com/mDr5Rq0e5y",[],[],['https://pbs.twimg.com/media/Ea3orB5UwAEEoOy.jpg'],0,6,7,"['#परभणी', '#मागणी', '#जिल्हाधिकारी', '#parbhani', '#parbhaniinfo', '#maharashtra', '#india', '#covid', '#unlock1']",[],https://twitter.com/ParbhaniInfo/status/1273930113772470272,False,,0,,,,,,,"[{'user_id': '711482448891224064', 'username': 'ParbhaniInfo'}]",,,,
