id,conversation_id,created_at,date,time,timezone,user_id,username,name,place,tweet,mentions,urls,photos,replies_count,retweets_count,likes_count,hashtags,cashtags,link,retweet,quote_url,video,near,geo,source,user_rt_id,user_rt,retweet_id,reply_to,retweet_date,translate,trans_src,trans_dest
1277480342668980225,1277480342668980225,1593410022000,2020-06-29,11:23:42,IST,2917441135,iam_commonman,Shrikant Dharmadikari,,"Is it allowed to travel from Mumbai to Pune (Mumbai-Pune exp way)?
Do we have to take pass for travel?
#Mumbai #Pune #Thane #Unlock1",[],[],[],1,1,2,"['#mumbai', '#pune', '#thane', '#unlock1']",[],https://twitter.com/iam_commonman/status/1277480342668980225,False,,0,,,,,,,"[{'user_id': '2917441135', 'username': 'iam_commonman'}]",,,,
1277153202366898177,1277153202366898177,1593332026000,2020-06-28,13:43:46,IST,30859231,toimumbai,TOI Mumbai,,"Visuals: Salons reopen in Thane on Sunday

#covid19
#Unlock1  pic.twitter.com/w3rbM36fIu",[],[],"['https://pbs.twimg.com/media/EblcCymUwAMVewe.jpg', 'https://pbs.twimg.com/media/EblcCylUEAIQUnN.jpg', 'https://pbs.twimg.com/media/EblcCyrVAAEdJ56.jpg']",3,9,86,"['#covid19', '#unlock1']",[],https://twitter.com/TOIMumbai/status/1277153202366898177,False,,0,,,,,,,"[{'user_id': '30859231', 'username': 'TOIMumbai'}]",,,,
1274306557250019328,1274306557250019328,1592653333000,2020-06-20,17:12:13,IST,629573093,riyalshaikh,Riyal shaikh,,"#Thane: Crackdown against double seat riding on #twowheelers; over Rs 73 lakh fine collected so far. 
#lockdown #CoronaLockdown #Unlock1
 https://mumbaimirror.indiatimes.com/coronavirus/news/thane-crackdown-against-double-seat-riding-on-two-wheelers-over-rs-73-lakh-fine-collected-so-far/articleshow/76480401.cms …",[],['https://mumbaimirror.indiatimes.com/coronavirus/news/thane-crackdown-against-double-seat-riding-on-two-wheelers-over-rs-73-lakh-fine-collected-so-far/articleshow/76480401.cms'],[],0,0,0,"['#thane', '#twowheelers', '#lockdown', '#coronalockdown', '#unlock1']",[],https://twitter.com/Riyalshaikh/status/1274306557250019328,False,,0,,,,,,,"[{'user_id': '629573093', 'username': 'Riyalshaikh'}]",,,,
1274305242595684354,1274305242595684354,1592653019000,2020-06-20,17:06:59,IST,914315655427481600,potholewarriors,@PotholeWarriors 🇮🇳 🏘 #PotholeFreeMumbai🛵🛣,,"No double seat allowed on any Bike 🛵in #Lockdown! Else pay fine!

#Thane: Crackdown against double seat riding on #twowheelers; over Rs 73 lakh fine collected so far
#lockdown #CoronaLockdown #Unlock1
@RoadsOfBombay
@thunderonroad
@TMCaTweetAway
 https://mumbaimirror.indiatimes.com/coronavirus/news/thane-crackdown-against-double-seat-riding-on-two-wheelers-over-rs-73-lakh-fine-collected-so-far/articleshow/76480401.cms …","['roadsofbombay', 'thunderonroad', 'tmcatweetaway']",['https://mumbaimirror.indiatimes.com/coronavirus/news/thane-crackdown-against-double-seat-riding-on-two-wheelers-over-rs-73-lakh-fine-collected-so-far/articleshow/76480401.cms'],[],3,10,10,"['#lockdown', '#thane', '#twowheelers', '#lockdown', '#coronalockdown', '#unlock1']",[],https://twitter.com/PotholeWarriors/status/1274305242595684354,False,,0,,,,,,,"[{'user_id': '914315655427481600', 'username': 'PotholeWarriors'}, {'user_id': '1095161120556429313', 'username': 'RoadsOfBombay'}, {'user_id': '921780382046994432', 'username': 'thunderonroad'}, {'user_id': '730504518', 'username': 'TMCaTweetAway'}]",,,,
1274303482955042818,1274303482955042818,1592652600000,2020-06-20,17:00:00,IST,990761677,mumbaimirror,Mumbai Mirror,,"#Thane: Crackdown against double seat riding on #twowheelers; over Rs 73 lakh fine collected so far
#lockdown #CoronaLockdown #Unlock1
 https://mumbaimirror.indiatimes.com/coronavirus/news/thane-crackdown-against-double-seat-riding-on-two-wheelers-over-rs-73-lakh-fine-collected-so-far/articleshow/76480401.cms …",[],['https://mumbaimirror.indiatimes.com/coronavirus/news/thane-crackdown-against-double-seat-riding-on-two-wheelers-over-rs-73-lakh-fine-collected-so-far/articleshow/76480401.cms'],[],7,10,52,"['#thane', '#twowheelers', '#lockdown', '#coronalockdown', '#unlock1']",[],https://twitter.com/MumbaiMirror/status/1274303482955042818,False,,0,,,,,,,"[{'user_id': '990761677', 'username': 'MumbaiMirror'}]",,,,
1273891733927890944,1273891733927890944,1592554431000,2020-06-19,13:43:51,IST,887994238780153856,digithane,DigiThane,,"#lunchtime #LunchBreak #Unlock1: #DigiBhau, #Thane's #virtual #advisor, asks you to continue practicing #socialdistancing while you break for #lunch/ #teatime at #work to #staysafe during #CoronavirusPandemic ! #Share @TMCaTweetAway @TMCsmartcity @Info_Thane1 pic.twitter.com/zFf1YSwL7x","['tmcatweetaway', 'tmcsmartcity', 'info_thane1']",[],['https://pbs.twimg.com/media/Ea3EmeaU4AEy5e0.jpg'],0,0,6,"['#lunchtime', '#lunchbreak', '#unlock1', '#digibhau', '#thane', '#virtual', '#advisor', '#socialdistancing', '#lunch', '#teatime', '#work', '#staysafe', '#coronaviruspandemic', '#share']",[],https://twitter.com/DigiThane/status/1273891733927890944,False,,0,,,,,,,"[{'user_id': '887994238780153856', 'username': 'DigiThane'}, {'user_id': '730504518', 'username': 'TMCaTweetAway'}, {'user_id': '4321869318', 'username': 'TMCsmartcity'}, {'user_id': '3286305680', 'username': 'Info_Thane1'}]",,,,
1273002520906887168,1273002520906887168,1592342426000,2020-06-17,02:50:26,IST,535730853,14_aditi,: ),,"@OfficeofUT how many #Covid_19 tests are done on a daily basis in Mumbai, Thane, Kalyan, Dombivli, Ambarnath, Badlapur, Vasai, Virar, Navi Mumbai? 

Why is there unlock when there are less number beds/hospital facilities?#COVID19Mumbai #UdhavThackeray #Unlock1 #LockdownFailed",['officeofut'],[],[],0,0,0,"['#covid_19', '#covid19mumbai', '#udhavthackeray', '#unlock1', '#lockdownfailed']",[],https://twitter.com/14_aditi/status/1273002520906887168,False,,0,,,,,,,"[{'user_id': '535730853', 'username': '14_aditi'}, {'user_id': '1144169755672113155', 'username': 'OfficeofUT'}]",,,,
1272068335048351744,1272068335048351744,1592119699000,2020-06-14,12:58:19,IST,797786062739357696,bluetreelakes,BlueTreeLakes,,"Clear Do's & Don'ts are needed for #IndiaFightsCorona 🤔👇
#IndiaFightsCOVID19 #Delhi #mumbai #Pune #Bengaluru
#Chennai #Modi #chembur #COVID19India #Thane #UP #CoronavirusIndia #Indian #Maharashtra #Unlock1
#LockdownFailed #Gujarat
#Lockdown5 #ICMR #IndiaFightsCoronavirus 😷 pic.twitter.com/vJuuvTJCmk",[],[],['https://pbs.twimg.com/media/EadLTuwXQAIrJ1v.jpg'],1,1,3,"['#indiafightscorona', '#indiafightscovid19', '#delhi', '#mumbai', '#pune', '#bengaluru', '#chennai', '#modi', '#chembur', '#covid19india', '#thane', '#up', '#coronavirusindia', '#indian', '#maharashtra', '#unlock1', '#lockdownfailed', '#gujarat', '#lockdown5', '#icmr', '#indiafightscoronavirus']",[],https://twitter.com/bluetreelakes/status/1272068335048351744,False,,0,,,,,,,"[{'user_id': '797786062739357696', 'username': 'bluetreelakes'}]",,,,
1271968635649581057,1271968635649581057,1592095929000,2020-06-14,06:22:09,IST,246943012,darshannpopat,Darshan N. Popat,,"1 hour 15 minutes to cover 24 km yesterday evening 19:37 at #Shilphata junction in #Unlock1 / #unlock2
Where we are heading ? 
#lockdownagain ?  

@CMOMaharashtra @Thane_R_Police @OfficeofUT @AUThackeray @AnilDeshmukhNCP pic.twitter.com/VZGHxkkL9z","['cmomaharashtra', 'thane_r_police', 'officeofut', 'authackeray', 'anildeshmukhncp']",[],"['https://pbs.twimg.com/media/EabwuR_U0AEyM7I.jpg', 'https://pbs.twimg.com/media/EabwuelU0AAgF7O.jpg']",2,3,19,"['#shilphata', '#unlock1', '#unlock2', '#lockdownagain']",[],https://twitter.com/DarshanNPopat/status/1271968635649581057,False,,0,,,,,,,"[{'user_id': '246943012', 'username': 'DarshanNPopat'}, {'user_id': '2597666894', 'username': 'CMOMaharashtra'}, {'user_id': '4650454815', 'username': 'Thane_R_Police'}, {'user_id': '1144169755672113155', 'username': 'OfficeofUT'}, {'user_id': '1606048885', 'username': 'AUThackeray'}, {'user_id': '825563486591795200', 'username': 'AnilDeshmukhNCP'}]",,,,
1271360749101674496,1271275389122301952,1591950997000,2020-06-12,14:06:37,IST,491986148,loksattalive,LoksattaLive,,"गोंधळ उडत असल्याने कर्मचाऱ्यांमध्ये तीव्र नाराजी; वाहतुकीची साधने वाढवण्याची मागणी...
#Lockdown5 #Unlock1 #Thane
 https://www.loksatta.com/thane-news/passengers-suffer-due-to-inadequate-transportation-zws-70-2185213/ …",[],['https://www.loksatta.com/thane-news/passengers-suffer-due-to-inadequate-transportation-zws-70-2185213/'],[],2,1,2,"['#lockdown5', '#unlock1', '#thane']",[],https://twitter.com/LoksattaLive/status/1271360749101674496,False,,0,,,,,,,"[{'user_id': '491986148', 'username': 'LoksattaLive'}]",,,,
1271314519533342720,1271314519533342720,1591939975000,2020-06-12,11:02:55,IST,797786062739357696,bluetreelakes,BlueTreeLakes,,"What is #HomeQuarantine 👇
#Mumbai #Delhi #Lucknow
#Chennai #Bengaluru #Indore
#India #Rajasthan #haryana
#Indians #lockdownindia 🔒
#Unlock1 #Modi #Mumbaikar
#Pune #TamilNadu #Jaipur
#Kolkata #UP #Ahmedabad
#Gujarat #Maharashtra #thane #Indian #chembur #navimumbai #Gurgaon pic.twitter.com/hTFHSL5FlN",[],[],"['https://pbs.twimg.com/media/EaSdxZaUcAgHK-O.jpg', 'https://pbs.twimg.com/media/EaSdzecU4AEBlYH.jpg', 'https://pbs.twimg.com/media/EaSd0OoUYAING_9.jpg']",0,0,0,"['#homequarantine', '#mumbai', '#delhi', '#lucknow', '#chennai', '#bengaluru', '#indore', '#india', '#rajasthan', '#haryana', '#indians', '#lockdownindia', '#unlock1', '#modi', '#mumbaikar', '#pune', '#tamilnadu', '#jaipur', '#kolkata', '#up', '#ahmedabad', '#gujarat', '#maharashtra', '#thane', '#indian', '#chembur', '#navimumbai', '#gurgaon']",[],https://twitter.com/bluetreelakes/status/1271314519533342720,False,,0,,,,,,,"[{'user_id': '797786062739357696', 'username': 'bluetreelakes'}]",,,,
1270934398796349440,1270934398796349440,1591849348000,2020-06-11,09:52:28,IST,2303078078,badal_taneja,Badal Taneja,,"@CMOMaharashtra @TMCaTweetAway @thanecv is #COVID19 over?It certainly seems from the attitude of people after #Unlock1 my local vegetable vendor in #thane #RustomjeeUrbania has gone back to old days where everyone is now cramping, picking choosing vegetables.#NoSocialDistancing","['cmomaharashtra', 'tmcatweetaway', 'thanecv']",[],[],0,0,0,"['#covid19', '#unlock1', '#thane', '#rustomjeeurbania', '#nosocialdistancing']",[],https://twitter.com/badal_taneja/status/1270934398796349440,False,,0,,,,,,,"[{'user_id': '2303078078', 'username': 'badal_taneja'}, {'user_id': '2597666894', 'username': 'CMOMaharashtra'}, {'user_id': '730504518', 'username': 'TMCaTweetAway'}, {'user_id': '937649067265363968', 'username': 'thanecv'}]",,,,
1270629245375574018,1270549814804049922,1591776593000,2020-06-10,13:39:53,IST,491986148,loksattalive,LoksattaLive,,"वाहतूक नियोजनाच्या अभावामुळे नोकरदारांना त्रास...
#Lockdown5 #Unlock1 #Thane #NaviMumbai https://www.loksatta.com/thane-news/harassment-of-employees-due-to-lack-of-transportation-planning-zws-70-2183386/ …",[],['https://www.loksatta.com/thane-news/harassment-of-employees-due-to-lack-of-transportation-planning-zws-70-2183386/'],[],1,0,3,"['#lockdown5', '#unlock1', '#thane', '#navimumbai']",[],https://twitter.com/LoksattaLive/status/1270629245375574018,False,,0,,,,,,,"[{'user_id': '491986148', 'username': 'LoksattaLive'}]",,,,
1270562770589609990,1270549814804049922,1591760745000,2020-06-10,09:15:45,IST,491986148,loksattalive,LoksattaLive,,"मुंबई-ठाण्यातील नोकरदार वर्गाची परवड; उपनगरांतून कार्यालयाचा प्रवास तीन ते पाच तासांचा
#Lockdown5 #Unlock1 #Mumbai #Thane
 https://www.loksatta.com/mumbai-news/confusion-of-the-working-class-in-mumbai-thane-abn-97-2183269/ …",[],['https://www.loksatta.com/mumbai-news/confusion-of-the-working-class-in-mumbai-thane-abn-97-2183269/'],[],1,0,2,"['#lockdown5', '#unlock1', '#mumbai', '#thane']",[],https://twitter.com/LoksattaLive/status/1270562770589609990,False,,0,,,,,,,"[{'user_id': '491986148', 'username': 'LoksattaLive'}]",,,,
1270400427813679108,1270400427813679108,1591722039000,2020-06-09,22:30:39,IST,1140475761284935681,shanawa16947935,Shanawaz Shaikh,,"Never seen this place this peaceful 😇✌️.
#Unlock1
#staysafethane
#thane  pic.twitter.com/GQ5EtKuVbx",[],[],[],0,0,1,"['#unlock1', '#staysafethane', '#thane']",[],https://twitter.com/Shanawa16947935/status/1270400427813679108,False,,1,,,,,,,"[{'user_id': '1140475761284935681', 'username': 'Shanawa16947935'}]",,,,
1270281600446500865,1270187771005530112,1591693708000,2020-06-09,14:38:28,IST,491986148,loksattalive,LoksattaLive,,"मुख्य रस्त्यांवर वाहनांच्या रांगा; सार्वजनिक वाहतुकीच्या अभावामुळे नोकरदारांचे हाल...
#Lockdown5 #Unlock1 #Thane
 https://www.loksatta.com/thane-news/heavy-traffic-jams-in-thane-after-lockdown-relief-zws-70-2182512/ …",[],['https://www.loksatta.com/thane-news/heavy-traffic-jams-in-thane-after-lockdown-relief-zws-70-2182512/'],[],1,0,2,"['#lockdown5', '#unlock1', '#thane']",[],https://twitter.com/LoksattaLive/status/1270281600446500865,False,,0,,,,,,,"[{'user_id': '491986148', 'username': 'LoksattaLive'}]",,,,
1270266241677131776,1270266241677131776,1591690047000,2020-06-09,13:37:27,IST,4254767061,olagarage,Olagarage,," http://Olagarage.com  is India’s leading online platform for four wheeler #servicing, repairing, #painting , and #detailing
#tuesdayvibes #Unlock1 #olagarage #branding
#TuesdayThoughts #Care #Car #CarServices #Unlocked #NaviMumbai #Thane #Delhi #Pune #Google #TwitterTrends pic.twitter.com/ezD6CUXCuF",[],['http://Olagarage.com'],['https://pbs.twimg.com/media/EaDkBmzWsAIQUGD.png'],1,2,4,"['#servicing', '#painting', '#detailing', '#tuesdayvibes', '#unlock1', '#olagarage', '#branding', '#tuesdaythoughts', '#care', '#car', '#carservices', '#unlocked', '#navimumbai', '#thane', '#delhi', '#pune', '#google', '#twittertrends']",[],https://twitter.com/Olagarage/status/1270266241677131776,False,,0,,,,,,,"[{'user_id': '4254767061', 'username': 'Olagarage'}]",,,,
1270225460790624256,1270225460790624256,1591680324000,2020-06-09,10:55:24,IST,85306437,sakalmedianews,sakalmedia,,"Breaking! 80 वर्षीय कोरोना रुग्ण शताब्दी रुग्णालयातून बेपत्ता; रुग्णालय प्रशासनाचा भोंगळ कारभार सुरूच

 https://www.esakal.com/mumbai/80-year-old-corona-patient-disappears-shatabdi-hospital-mismanagement-hospital-administration …
#Sakal #covid19 #SakalNews #thane #mumbai #Corona #lockdowneffect #CoronaVirus #MarathiNews #MissionBeginAgain #Unlock1",[],['https://www.esakal.com/mumbai/80-year-old-corona-patient-disappears-shatabdi-hospital-mismanagement-hospital-administration'],[],0,0,3,"['#sakal', '#covid19', '#sakalnews', '#thane', '#mumbai', '#corona', '#lockdowneffect', '#coronavirus', '#marathinews', '#missionbeginagain', '#unlock1']",[],https://twitter.com/SakalMediaNews/status/1270225460790624256,False,,0,,,,,,,"[{'user_id': '85306437', 'username': 'SakalMediaNews'}]",,,,
1269952114182127616,1269952114182127616,1591615153000,2020-06-08,16:49:13,IST,198819587,nileshamesar,nilesh amesar🇮🇳,,"The world is reopening 
So are we 

#unlock1.0 
#missionbeginagain
#realtorlife #realtor #property #home #office #mumbai #thane #realtorsofinstagram #propertyfinder pic.twitter.com/OugNUZyXJ2",[],[],['https://pbs.twimg.com/media/EZ_Gs_9UcAAirkq.jpg'],2,3,10,"['#unlock1', '#missionbeginagain', '#realtorlife', '#realtor', '#property', '#home', '#office', '#mumbai', '#thane', '#realtorsofinstagram', '#propertyfinder']",[],https://twitter.com/nileshamesar/status/1269952114182127616,False,,0,,,,,,,"[{'user_id': '198819587', 'username': 'nileshamesar'}]",,,,
1269949144954789891,1269949144954789891,1591614445000,2020-06-08,16:37:25,IST,947743660656943105,indradev_007,INDRADEV PANDEY,,Thane Rural - Queue for bus near Bhayandar station today #Unlock1  pic.twitter.com/KSSx9gNtZs,[],[],[],0,0,1,['#unlock1'],[],https://twitter.com/Indradev_007/status/1269949144954789891,False,,1,,,,,,,"[{'user_id': '947743660656943105', 'username': 'Indradev_007'}]",,,,
1269920225819889667,1269920225819889667,1591607550000,2020-06-08,14:42:30,IST,428027535,leothomasekar,Leons Thomasekar,,"Crowd at Marine Drive on Sunday, Crowd today to get inside the bus. With limited transport the 1st day itself led to chaos! 
I don't know what will happen in next few days! 
#MissionBeginAgain #Unlock1 #Mumbai #Thane",[],[],[],0,0,1,"['#missionbeginagain', '#unlock1', '#mumbai', '#thane']",[],https://twitter.com/LeoThomasekar/status/1269920225819889667,False,,0,,,,,,,"[{'user_id': '428027535', 'username': 'LeoThomasekar'}]",,,,
1269912673329639425,1269912673329639425,1591605749000,2020-06-08,14:12:29,IST,1083634938337849344,fashionistanik1,fashionistaniki 713,,#Throwback #traditionalwear #photoshoot #mondaythoughts #MondayMotivation #Unlock1 #fashionworld #fashionista #model #beauty #beautyqueens #BeautyBlogger @deewrite #Thane #mumbai #mumbaifashion #desigirl pic.twitter.com/n2jiyOfout,['deewrite'],[],['https://pbs.twimg.com/media/EZ-izt-XkAAQ6KI.jpg'],0,0,0,"['#throwback', '#traditionalwear', '#photoshoot', '#mondaythoughts', '#mondaymotivation', '#unlock1', '#fashionworld', '#fashionista', '#model', '#beauty', '#beautyqueens', '#beautyblogger', '#thane', '#mumbai', '#mumbaifashion', '#desigirl']",[],https://twitter.com/fashionistanik1/status/1269912673329639425,False,,0,,,,,,,"[{'user_id': '1083634938337849344', 'username': 'fashionistanik1'}, {'user_id': '2426892757', 'username': 'deewrite'}]",,,,
1269874433533136896,1269874433533136896,1591596632000,2020-06-08,11:40:32,IST,797786062739357696,bluetreelakes,BlueTreeLakes,,"Can the #Pune curve flatten soon..? 🤒😷📈📉
#PuneFightsCovid19 #India
#MaharashtraBachao #thane
#punelockdown #maharastra
#UddhavThackeray #Mumbai #CoronaUpdatesInIndia #COVID19India #Unlock1
#maharashtralockdown #punekar #CoronavirusIndia
#navimumbai #PCMC 🤒😷 pic.twitter.com/KFLESImdXy",[],[],['https://pbs.twimg.com/media/EZ9_8HvXYAIVv4n.jpg'],0,1,2,"['#pune', '#punefightscovid19', '#india', '#maharashtrabachao', '#thane', '#punelockdown', '#maharastra', '#uddhavthackeray', '#mumbai', '#coronaupdatesinindia', '#covid19india', '#unlock1', '#maharashtralockdown', '#punekar', '#coronavirusindia', '#navimumbai', '#pcmc']",[],https://twitter.com/bluetreelakes/status/1269874433533136896,False,,0,,,,,,,"[{'user_id': '797786062739357696', 'username': 'bluetreelakes'}]",,,,
1268800923750588416,1268800923750588416,1591340688000,2020-06-05,12:34:48,IST,1456759956,htmumbai,HTMumbai,,"#UNLOCK1 | Easing the lockdown: Shops in Thane opened amid confusion and chaos

(reports @Meghapol)

 https://www.hindustantimes.com/india-news/easing-the-lockdown-shops-in-thane-opened-amid-confusion-and-chaos/story-MOrUugzVoX9AnhITRnVxbP.html … pic.twitter.com/nm75uBTkaO",['meghapol'],['https://www.hindustantimes.com/india-news/easing-the-lockdown-shops-in-thane-opened-amid-confusion-and-chaos/story-MOrUugzVoX9AnhITRnVxbP.html'],['https://pbs.twimg.com/media/EZuvqT9XQAAZO7z.jpg'],1,2,0,['#unlock1'],[],https://twitter.com/HTMumbai/status/1268800923750588416,False,,0,,,,,,,"[{'user_id': '1456759956', 'username': 'HTMumbai'}, {'user_id': '102675741', 'username': 'Meghapol'}]",,,,
1268502583578103813,1268502583578103813,1591269558000,2020-06-04,16:49:18,IST,828841083257778176,latestly,LatestLY,,"Inter-District Movement Allowed in Mumbai Metropolitan Area, People Can Travel Between Mumbai, Mumbai Suburban, Thane, Palghar And Raigad Districts @CMOMaharashtra #Mumbai #Lockdown #MissionBeginAgain #Unlock1  https://www.latestly.com/india/news/inter-district-movement-allowed-in-mumbai-metropolitan-area-people-can-travel-between-mumbai-mumbai-suburban-thane-palghar-and-raigad-districts-1800615.html …",['cmomaharashtra'],['https://www.latestly.com/india/news/inter-district-movement-allowed-in-mumbai-metropolitan-area-people-can-travel-between-mumbai-mumbai-suburban-thane-palghar-and-raigad-districts-1800615.html'],[],0,0,0,"['#mumbai', '#lockdown', '#missionbeginagain', '#unlock1']",[],https://twitter.com/latestly/status/1268502583578103813,False,,0,,,,,,,"[{'user_id': '828841083257778176', 'username': 'latestly'}, {'user_id': '2597666894', 'username': 'CMOMaharashtra'}]",,,,
1268502262336360448,1268502262336360448,1591269481000,2020-06-04,16:48:01,IST,828841083257778176,latestly,LatestLY,,"Inter-District Movement Allowed in Mumbai Metropolitan Area, People Can Travel Between Mumbai, Mumbai Suburban, Thane, Palghar And Raigad Districts @CMOMaharashtra #Mumbai #Lockdown #MissionBeginAgain #Unlock1  https://www.latestly.com/india/news/inter-district-movement-allowed-in-mumbai-metropolitan-area-people-can-travel-between-mumbai-mumbai-suburban-thane-palghar-and-raigad-districts-1800615.html …",['cmomaharashtra'],['https://www.latestly.com/india/news/inter-district-movement-allowed-in-mumbai-metropolitan-area-people-can-travel-between-mumbai-mumbai-suburban-thane-palghar-and-raigad-districts-1800615.html'],[],0,0,0,"['#mumbai', '#lockdown', '#missionbeginagain', '#unlock1']",[],https://twitter.com/latestly/status/1268502262336360448,False,,0,,,,,,,"[{'user_id': '828841083257778176', 'username': 'latestly'}, {'user_id': '2597666894', 'username': 'CMOMaharashtra'}]",,,,
1268221055736311810,1268221055736311810,1591202436000,2020-06-03,22:10:36,IST,1166998410622144513,mumbaitez,Mumbai Tez News,,"#COVID19 | #Unlock1 : #Thane Municipal Corporation issues SOP For Operating Shops under It's Jurisdiction 

#Covid_19 #CoronaWarriors #Maharashtra #coronavirus
@ghodbunder pic.twitter.com/nDJTOBdYBO",['ghodbunder'],[],"['https://pbs.twimg.com/media/EZmf2XAUYAEuGgJ.jpg', 'https://pbs.twimg.com/media/EZmgSx-VAAIgg8x.jpg']",0,1,1,"['#covid19', '#unlock1', '#thane', '#covid_19', '#coronawarriors', '#maharashtra', '#coronavirus']",[],https://twitter.com/mumbaitez/status/1268221055736311810,False,,0,,,,,,,"[{'user_id': '1166998410622144513', 'username': 'mumbaitez'}, {'user_id': '1248698970328535040', 'username': 'ghodbunder'}]",,,,
1267893487233568770,1267893487233568770,1591124338000,2020-06-03,00:28:58,IST,41328700,sushantkarnik,Sushant Karnik,,"@CMOMaharashtra @PMOIndia @TMCaTweetAway @MSEDCL @MAHADISCOM @mieknathshinde  how do you expect us to stay at home with no electricity , frequent powercuts .#powercut #thane #mahavitaran #lockdownindia #Unlock1 #lockdownextension #corruption #SleeplessNight #fearmongering","['cmomaharashtra', 'pmoindia', 'tmcatweetaway', 'msedcl', 'mahadiscom', 'mieknathshinde']",[],[],0,1,0,"['#powercut', '#thane', '#mahavitaran', '#lockdownindia', '#unlock1', '#lockdownextension', '#corruption', '#sleeplessnight', '#fearmongering']",[],https://twitter.com/sushantkarnik/status/1267893487233568770,False,,0,,,,,,,"[{'user_id': '41328700', 'username': 'sushantkarnik'}, {'user_id': '2597666894', 'username': 'CMOMaharashtra'}, {'user_id': '471741741', 'username': 'PMOIndia'}, {'user_id': '730504518', 'username': 'TMCaTweetAway'}, {'user_id': '745122889184083968', 'username': 'MSEDCL'}, {'user_id': '773091598498406400', 'username': 'MAHADISCOM'}, {'user_id': '2611325450', 'username': 'mieknathshinde'}]",,,,
1267718370574471168,1267718370574471168,1591082587000,2020-06-02,12:53:07,IST,1166998410622144513,mumbaitez,Mumbai Tez News,,"@TMCaTweetAway has released SOP for #Thane’s standalone #shops & #stores to be adhered to, to ensure #safety for both #shopkeepers & #citizens
#COVID19India #covid
#Unlock1 #CoronaWarriors
@Hemangi54263877
@thanecv @WeAreThane @BeyondThane @ImThanekar @ThaneCity @KopriBridgeTNA pic.twitter.com/eNLs1I7SUu","['tmcatweetaway', 'hemangi54263877', 'thanecv', 'wearethane', 'beyondthane', 'imthanekar', 'thanecity', 'kopribridgetna']",[],"['https://pbs.twimg.com/media/EZfXG_1UEAE-eoN.jpg', 'https://pbs.twimg.com/media/EZfXICvUcAAgSGW.jpg']",0,3,2,"['#thane', '#shops', '#stores', '#safety', '#shopkeepers', '#citizens', '#covid19india', '#covid', '#unlock1', '#coronawarriors']",[],https://twitter.com/mumbaitez/status/1267718370574471168,False,,0,,,,,,,"[{'user_id': '1166998410622144513', 'username': 'mumbaitez'}, {'user_id': '730504518', 'username': 'TMCaTweetAway'}, {'user_id': '1256497277818060800', 'username': 'Hemangi54263877'}, {'user_id': '937649067265363968', 'username': 'thanecv'}, {'user_id': '2803127388', 'username': 'WeAreThane'}, {'user_id': '911677058819923970', 'username': 'BeyondThane'}, {'user_id': '2625061015', 'username': 'ImThanekar'}, {'user_id': '93337170', 'username': 'ThaneCity'}, {'user_id': '727781456857190400', 'username': 'KopriBridgeTNA'}]",,,,
1267689988893716480,1267689988893716480,1591075820000,2020-06-02,11:00:20,IST,3681973760,kaniikkaaa,Kanika Sharma,,"Red alert for Mumbai, Thane, Palghar and Raigad for Wednesday. There is a red alert for Palghar alone on Thursday as well. 
#Nisarga #CycloneNisarga #Mumbai #Thane #palghar mumbai police #Unlock1 #2020Protests #CSCSocialMediaDay #CoronaWarriors #Gujarat #Modi #MumbaiRains",[],[],[],0,0,0,"['#nisarga', '#cyclonenisarga', '#mumbai', '#thane', '#palghar', '#unlock1', '#2020protests', '#cscsocialmediaday', '#coronawarriors', '#gujarat', '#modi', '#mumbairains']",[],https://twitter.com/kaniikkaaa/status/1267689988893716480,False,,0,,,,,,,"[{'user_id': '3681973760', 'username': 'kaniikkaaa'}]",,,,
1267325455998173184,1267325455998173184,1590988909000,2020-06-01,10:51:49,IST,704889757332070400,sneha_tulsian,Sneha Tulsian,,"Dear Team, since #Unlock1 has started, please @PuneCityPolice @MumbaiPolice let us know if #ePaas is still required for traveling from Thane to Pune....
Your Swift reply will be highly appreciated 🙏😊","['punecitypolice', 'mumbaipolice']",[],[],0,0,0,"['#unlock1', '#epaas']",[],https://twitter.com/sneha_tulsian/status/1267325455998173184,False,,0,,,,,,,"[{'user_id': '704889757332070400', 'username': 'sneha_tulsian'}, {'user_id': '4707327216', 'username': 'PuneCityPolice'}, {'user_id': '4573405572', 'username': 'MumbaiPolice'}]",,,,
1267324073161482242,1267324073161482242,1590988579000,2020-06-01,10:46:19,IST,295693924,fpjindia,Free Press Journal,,"Lockdown extended in containment zones till June 30: Here is the full list of containment zones in Mumbai, Navi Mumbai, Pune, and Thane
#Unlock1 #MissionBeginAgain #coronavirus #COVID19India https://www.freepressjournal.in/mumbai/lockdown-extended-in-containment-zones-till-june-30-here-is-the-full-list-of-containment-zones-in-mumbai-navi-mumbai-pune-and-thane …",[],['https://www.freepressjournal.in/mumbai/lockdown-extended-in-containment-zones-till-june-30-here-is-the-full-list-of-containment-zones-in-mumbai-navi-mumbai-pune-and-thane'],[],0,0,1,"['#unlock1', '#missionbeginagain', '#coronavirus', '#covid19india']",[],https://twitter.com/fpjindia/status/1267324073161482242,False,,0,,,,,,,"[{'user_id': '295693924', 'username': 'fpjindia'}]",,,,
1267194974954815488,1267194974954815488,1590957800000,2020-06-01,02:13:20,IST,160865093,iamsagarshah21,#FightAgainstCOVID19 #AtmaNirbhar Sagar Shah,,"Corona infected Top 20 cities
MUM 39686
DEL 19844
CHEN 14799
AMD 12180
Thane 9585
Pune 7919
Indore 3486
Kolkata 2125
Jaipur 1991
Surat 1620
Jodhpur 1530
Aurangabad 1501
Bhopal 1467
HYD 1461
Chengalpattu 1172
Nashik 1135
Raigad 1108
Vadodara 1057
Howrah 1029
Palghar 1018

#Unlock1",[],[],[],0,2,3,['#unlock1'],[],https://twitter.com/iamsagarshah21/status/1267194974954815488,False,,0,,,,,,,"[{'user_id': '160865093', 'username': 'iamsagarshah21'}]",,,,
1267063787225374720,1267063787225374720,1590926522000,2020-05-31,17:32:02,IST,911677058819923970,beyondthane,Beyond Thane News,,"Are there any clear guidelines on what can be done and what can't be done starting tomorrow.. Around Mumbai Thane and KDMC.
Please share. Thanks.
@abpmajhatv
#Lockdown5 #Unlock1 #beyondThane",['abpmajhatv'],[],[],1,0,0,"['#lockdown5', '#unlock1', '#beyondthane']",[],https://twitter.com/BeyondThane/status/1267063787225374720,False,,0,,,,,,,"[{'user_id': '911677058819923970', 'username': 'BeyondThane'}, {'user_id': '52121743', 'username': 'abpmajhatv'}]",,,,
1266994485222944768,1266994485222944768,1590909999000,2020-05-31,12:56:39,IST,1128598111490723841,facilitiestours,Facilities Tours & Travels,,"The ministry of home affairs on Saturday issued fresh guidelines to reopen the country in a phased manner as the fourth phase of Lockdown draws to an end on May 31.
.
.
#news18 #facilitiestravels
#staysafedrivesafe
#staysafe #unlock1.0 #mumbai #thane  pic.twitter.com/Xlbi04cA1u",[],[],"['https://pbs.twimg.com/media/EZVEtx9U4Acv91u.jpg', 'https://pbs.twimg.com/media/EZVEwDvU4AA6o78.jpg']",0,0,1,"['#news18', '#facilitiestravels', '#staysafedrivesafe', '#staysafe', '#unlock1', '#mumbai', '#thane']",[],https://twitter.com/facilitiestours/status/1266994485222944768,False,,0,,,,,,,"[{'user_id': '1128598111490723841', 'username': 'facilitiestours'}]",,,,
1266984370289573888,1266984370289573888,1590907587000,2020-05-31,12:16:27,IST,34245009,indiatvnews,India TV,,"Maharashtra UNLOCK 1: Full list of Mumbai, Pune, Thane containment zones as lockdown extended till 30 June | via @IndiaTVNews
#Lockdown5 #Maharashtra #Mumbai #ContainmentZones #Unlock1
 https://www.indiatvnews.com/news/india/maharashtra-unlock-1-guidelines-lockdown-5-full-list-of-mumbai-hotspots-pune-thane-containment-zones-622129 …",['indiatvnews'],['https://www.indiatvnews.com/news/india/maharashtra-unlock-1-guidelines-lockdown-5-full-list-of-mumbai-hotspots-pune-thane-containment-zones-622129'],[],0,5,26,"['#lockdown5', '#maharashtra', '#mumbai', '#containmentzones', '#unlock1']",[],https://twitter.com/indiatvnews/status/1266984370289573888,False,,0,,,,,,,"[{'user_id': '34245009', 'username': 'indiatvnews'}]",,,,
