id,conversation_id,created_at,date,time,timezone,user_id,username,name,place,tweet,mentions,urls,photos,replies_count,retweets_count,likes_count,hashtags,cashtags,link,retweet,quote_url,video,near,geo,source,user_rt_id,user_rt,retweet_id,reply_to,retweet_date,translate,trans_src,trans_dest
1270583698040258561,1270583698040258561,1591765734000,2020-06-10,10:38:54,IST,3195403088,malegaonbazar,Malegaon Bazar.com,,"पोलीस अधीक्षक सुनील कडासने यांचे महत्त्वपूर्ण योगदान, #मालेगाव येथे दांडगा जनसंपर्क, अरबी, उर्दू भाषेत संवाद साधण्याचे कौशल्य
#Malegaon
#coronavirus
#Unlock1  https://twitter.com/InfoNashik/status/1270572283665559552 …",[],['https://twitter.com/InfoNashik/status/1270572283665559552'],[],0,0,1,"['#मालेगाव', '#malegaon', '#coronavirus', '#unlock1']",[],https://twitter.com/malegaonbazar/status/1270583698040258561,False,https://twitter.com/InfoNashik/status/1270572283665559552,0,,,,,,,"[{'user_id': '3195403088', 'username': 'malegaonbazar'}]",,,,
1270572283665559552,1270572283665559552,1591763013000,2020-06-10,09:53:33,IST,4863347892,infonashik,"DISTRICT INFORMATION OFFICE, NASHIK",,"पोलीस अधीक्षक सुनील कडासने यांचे महत्त्वपूर्ण योगदान, #मालेगाव येथे दांडगा जनसंपर्क, अरबी, उर्दू भाषेत संवाद साधण्याचे कौशल्य
#Malegaon
#coronavirus
#Unlock1  pic.twitter.com/m7mBP7fGQc",[],[],['https://pbs.twimg.com/media/EaH6vy_XgAAw2j7.jpg'],1,5,20,"['#मालेगाव', '#malegaon', '#coronavirus', '#unlock1']",[],https://twitter.com/InfoNashik/status/1270572283665559552,False,,0,,,,,,,"[{'user_id': '4863347892', 'username': 'InfoNashik'}]",,,,
1269770000820088832,1269770000820088832,1591571734000,2020-06-08,04:45:34,IST,1085105592,motwani_dhiraj,Dhiraj Motwani,,"Previously #nashikkars were worried abt #malegaon n they said we will nt count malegaon's tally as bcoz of them we r in red zone. 
And now the late batsman #nashiknmc did der job very well abt beating #malegaon
#coronaupdate #nashikfightscorona #Unlock1",[],[],[],0,0,1,"['#nashikkars', '#malegaon', '#nashiknmc', '#malegaon', '#coronaupdate', '#nashikfightscorona', '#unlock1']",[],https://twitter.com/Motwani_Dhiraj/status/1269770000820088832,False,,0,,,,,,,"[{'user_id': '1085105592', 'username': 'Motwani_Dhiraj'}]",,,,
1268757092845813760,1268757092845813760,1591330237000,2020-06-05,09:40:37,IST,940802631366316032,they_callmeak,Aamir Khan,,"#Unlock1 doesn't mean our responsibility is over. As a citizen we have to behave more responsibily, so that we could save our people and nation from #COVIDー19 . 

#Malegaon #मालेगांव #Lockdown5
@MuftiIsmailQsm @mlashaikhasif https://twitter.com/MalegaonNews/status/1268600567091339265 …","['muftiismailqsm', 'mlashaikhasif']",['https://twitter.com/MalegaonNews/status/1268600567091339265'],[],0,0,0,"['#unlock1', '#covidー19', '#malegaon', '#मालेगांव', '#lockdown5']",[],https://twitter.com/they_callmeAK/status/1268757092845813760,False,https://twitter.com/MalegaonNews/status/1268600567091339265,0,,,,,,,"[{'user_id': '940802631366316032', 'username': 'they_callmeAK'}, {'user_id': '1026917006677876736', 'username': 'MuftiIsmailQsm'}, {'user_id': '1022768807708950528', 'username': 'mlashaikhasif'}]",,,,
1268742372256411649,1268742372256411649,1591326728000,2020-06-05,08:42:08,IST,102355759,yogeshpagare,Yogesh Pagare,,"💁 मालेगावात आजपासुन अनलॉक सुरू : दुकाने, बाजारपेठा सुरू होणार

😇 शासनाचे नियम पाळून दुकाने सुरू करता येणार

💁🏻‍♂️ सविस्तर वाचा काय नियम आहेत ते

🤷🏻‍♀️ मालेगाव लाईव्ह ॲपवर 

 https://tiny.cc/Jayu 

या लिंक वर क्लिक करा, #malegaon_live #Malegaon #Unlock1",[],['https://tiny.cc/Jayu'],[],0,0,0,"['#malegaon_live', '#malegaon', '#unlock1']",[],https://twitter.com/yogeshpagare/status/1268742372256411649,False,,0,,,,,,,"[{'user_id': '102355759', 'username': 'yogeshpagare'}]",,,,
1267327964615708673,1267327964615708673,1590989507000,2020-06-01,11:01:47,IST,4863347892,infonashik,"DISTRICT INFORMATION OFFICE, NASHIK",,"मालेगावी 67 दिवसांनंतर 27 हजार यंत्रमाग सुरू, 6 हजार कामगार कामावर; टेक्सटाइल इंडस्ट्रीत रौनक, रोजगार मिळाल्याने कामगार वर्गात खुशीचा माहोल, महिनाभरात कापड उद्योगाला गती मिळणार
#Malegaon
#कोरोना
#Unlock1  pic.twitter.com/NGMNenwbY5",[],[],['https://pbs.twimg.com/media/EZZ0D6CXsAAC7hK.jpg'],0,3,11,"['#malegaon', '#कोरोना', '#unlock1']",[],https://twitter.com/InfoNashik/status/1267327964615708673,False,,0,,,,,,,"[{'user_id': '4863347892', 'username': 'InfoNashik'}]",,,,
1266950524802420737,1266950524802420737,1590899518000,2020-05-31,10:01:58,IST,3195403088,malegaonbazar,Malegaon Bazar.com,,"मालेगावी यंत्रमाग सुरू झाल्याने कामगार सुखावले
#Malegaon
#Unlock1
#StaySafeStayHealthy  pic.twitter.com/bER3uQkeGE  https://twitter.com/InfoNashik/status/1266947302310113281 …",[],['https://twitter.com/InfoNashik/status/1266947302310113281'],['https://pbs.twimg.com/media/EZUZ19KXYAA7L8v.jpg'],0,1,3,"['#malegaon', '#unlock1', '#staysafestayhealthy']",[],https://twitter.com/malegaonbazar/status/1266950524802420737,False,,0,,,,,,,"[{'user_id': '3195403088', 'username': 'malegaonbazar'}]",,,,
1266757682146406400,1266757682146406400,1590853541000,2020-05-30,21:15:41,IST,940802631366316032,they_callmeak,Aamir Khan,,"#Lockdown5 is announced. More than lockdown it's #unlockone . However, #coronavirus is still there. So don't get over excited & follow the #Social_Distancing
#TogetherWeCan
#LockdownExtended #Unlock #unlock1 #Malegaon
@MuftiIsmailQsm @MalegaonNews @SPNashikRural @CMOMaharashtra pic.twitter.com/qNnlzyTwmb","['muftiismailqsm', 'malegaonnews', 'spnashikrural', 'cmomaharashtra']",[],['https://pbs.twimg.com/media/EZRtW0wUEAQmqwK.jpg'],0,0,0,"['#lockdown5', '#unlockone', '#coronavirus', '#social_distancing', '#togetherwecan', '#lockdownextended', '#unlock', '#unlock1', '#malegaon']",[],https://twitter.com/they_callmeAK/status/1266757682146406400,False,,0,,,,,,,"[{'user_id': '940802631366316032', 'username': 'they_callmeAK'}, {'user_id': '1026917006677876736', 'username': 'MuftiIsmailQsm'}, {'user_id': '1053958348171669505', 'username': 'MalegaonNews'}, {'user_id': '703451973538832384', 'username': 'SPNashikRural'}, {'user_id': '2597666894', 'username': 'CMOMaharashtra'}]",,,,
