id,conversation_id,created_at,date,time,timezone,user_id,username,name,place,tweet,mentions,urls,photos,replies_count,retweets_count,likes_count,hashtags,cashtags,link,retweet,quote_url,video,near,geo,source,user_rt_id,user_rt,retweet_id,reply_to,retweet_date,translate,trans_src,trans_dest
1274648874880077824,1274648874880077824,1592734948000,2020-06-21,15:52:28,IST,629573093,riyalshaikh,Riyal shaikh,,"#Jalgaon:In the 5th phase of the lockdown on the backdrop of Corona the central government has given permission to open commercial complexes as well as malls in Unlock1 However, Umesh Patil has alleged that the business community has suffered dueto rejctn
 https://www.lokmat.com/jalgaon/will-go-court-if-trade-complex-does-not-start-mp-unmesh-patils-warning-a324/ …",[],['https://www.lokmat.com/jalgaon/will-go-court-if-trade-complex-does-not-start-mp-unmesh-patils-warning-a324/'],[],0,0,1,['#jalgaon'],[],https://twitter.com/Riyalshaikh/status/1274648874880077824,False,,0,,,,,,,"[{'user_id': '629573093', 'username': 'Riyalshaikh'}]",,,,
1270944173336621056,1270944173336621056,1591851678000,2020-06-11,10:31:18,IST,43855487,bsindia,Business Standard,,"LIVE | Maharashtra: Body of 82-year-old missing COVID-19 patient found in Jalgaon hospital's toilet

#COVID19 #Unlock1 #coronavirus

Catch all the latest updates here: https://mybs.in/2YNvwF7?721 ",[],['https://mybs.in/2YNvwF7?721'],[],1,4,11,"['#covid19', '#unlock1', '#coronavirus']",[],https://twitter.com/bsindia/status/1270944173336621056,False,,0,,,,,,,"[{'user_id': '43855487', 'username': 'bsindia'}]",,,,
1269586014772682754,1269586014772682754,1591527868000,2020-06-07,16:34:28,IST,849708060536950785,echheshkabra,Echhesh Kabra,,"Death rate due to #coronavirus in my district is 12.3 %, which is like four times entire nation's. And people here are so stupidly happy about #Unlock1 .Poor securities and facilities, alarming situation.  
Need strict rules! 
@CMOMaharashtra @rajeshtope11
#jalgaon #COVIDー19","['cmomaharashtra', 'rajeshtope11']",[],[],1,0,4,"['#coronavirus', '#unlock1', '#jalgaon', '#covidー19']",[],https://twitter.com/EchheshKabra/status/1269586014772682754,False,,0,,,,,,,"[{'user_id': '849708060536950785', 'username': 'EchheshKabra'}, {'user_id': '2597666894', 'username': 'CMOMaharashtra'}, {'user_id': '183145504', 'username': 'rajeshtope11'}]",,,,
1269334205881876481,1269334205881876481,1591467832000,2020-06-06,23:53:52,IST,896773420737638401,aakankshapilay1,Aakanksha 2.0,,"Death rate due to #coronavirus in my district is 12.3 %, which is like four times entire nation's. And people here are so stupidly happy about #Unlock1 .Poor securities and facilities, alarming situation.  
Need strict rules! 
@CMOMaharashtra @rajeshtope11
#jalgaon #COVIDー19","['cmomaharashtra', 'rajeshtope11']",[],[],0,1,7,"['#coronavirus', '#unlock1', '#jalgaon', '#covidー19']",[],https://twitter.com/AakankshaPilay1/status/1269334205881876481,False,,0,,,,,,,"[{'user_id': '896773420737638401', 'username': 'AakankshaPilay1'}, {'user_id': '2597666894', 'username': 'CMOMaharashtra'}, {'user_id': '183145504', 'username': 'rajeshtope11'}]",,,,
1268531418579243014,1268531418579243014,1591276433000,2020-06-04,18:43:53,IST,907239988735201280,chalisgaonvoice,Voice Of Chalisgaon™,,"चाळीसगाव ताुक्यातील डोण येथील कोरोना पॉझिटिव्ह च्या संपर्कात आलेले 8 जण क्वारनटाईन स्वब तपासणी साठी जळगांवला सौ. दै. बाजीराव 4/6/2020 @WeAreChalisgaon @WeAreNashik @ravi_landge40 @Bjp_jalgaon_ @WeAreJalgaon #chalisgaoncoronaupdate
#chalisgaonnews #COVIDー19 #Unlock1 #Maharashtra pic.twitter.com/BfJ3DbpMMA","['wearechalisgaon', 'wearenashik', 'ravi_landge40', 'bjp_jalgaon_', 'wearejalgaon']",[],['https://pbs.twimg.com/media/EZq6EdXWAAAAexS.jpg'],0,4,8,"['#chalisgaoncoronaupdate', '#chalisgaonnews', '#covidー19', '#unlock1', '#maharashtra']",[],https://twitter.com/ChalisgaonVoice/status/1268531418579243014,False,,0,,,,,,,"[{'user_id': '907239988735201280', 'username': 'ChalisgaonVoice'}, {'user_id': '2989496181', 'username': 'WeAreChalisgaon'}, {'user_id': '2483110664', 'username': 'WeAreNashik'}, {'user_id': '3369983713', 'username': 'ravi_landge40'}, {'user_id': '1011599046006530048', 'username': 'Bjp_jalgaon_'}, {'user_id': '748351649337466880', 'username': 'WeAreJalgaon'}]",,,,
1268125319225106433,1268125319225106433,1591179611000,2020-06-03,15:50:11,IST,916623605068316672,sunnytejwani1,Sunny Tejwani,,"@OfficeofUT @AnilDeshmukhNCP @AamchJalgaon @Suresh_Soni_ @JalgaonNewsApp #Unlock1 #Lockdown5 #Covid_19 #AatmaNirbharBharatAbhiyan
@indiatvnews @ndtv
 .
There is a limit which is soon going to be crossed of #MSMEs in jalgaon.  https://twitter.com/rahul121217/status/1268117449863561217 …","['officeofut', 'anildeshmukhncp', 'aamchjalgaon', 'suresh_soni_', 'jalgaonnewsapp', 'indiatvnews', 'ndtv']",['https://twitter.com/rahul121217/status/1268117449863561217'],[],0,1,1,"['#unlock1', '#lockdown5', '#covid_19', '#aatmanirbharbharatabhiyan', '#msmes']",[],https://twitter.com/SunnyTejwani1/status/1268125319225106433,False,https://twitter.com/rahul121217/status/1268117449863561217,0,,,,,,,"[{'user_id': '916623605068316672', 'username': 'SunnyTejwani1'}, {'user_id': '1144169755672113155', 'username': 'OfficeofUT'}, {'user_id': '825563486591795200', 'username': 'AnilDeshmukhNCP'}, {'user_id': '1356651414', 'username': 'AamchJalgaon'}, {'user_id': '1242779335523741696', 'username': 'Suresh_Soni_'}, {'user_id': '754543656942592000', 'username': 'JalgaonNewsApp'}, {'user_id': '34245009', 'username': 'indiatvnews'}, {'user_id': '37034483', 'username': 'ndtv'}]",,,,
