id,conversation_id,created_at,date,time,timezone,user_id,username,name,place,tweet,mentions,urls,photos,replies_count,retweets_count,likes_count,hashtags,cashtags,link,retweet,quote_url,video,near,geo,source,user_rt_id,user_rt,retweet_id,reply_to,retweet_date,translate,trans_src,trans_dest
1271052947208548352,1271052947208548352,1591877612000,2020-06-11,17:43:32,IST,1217395687131766784,livelokshahi,Lokshahi News,,"औरंगाबाद हत्याकांड झाला उघड; भाऊ म्हणून आला, खून करून गेला

 https://www.lokshahinews.com/cousin-murdered-brother-and-sister/ …
#aurangabadcrime #aurangabadnews #aurangabadmurder #aurangabad #coronavirus #covid19 #lockdown #unlock #Maharashtra #maharashtrapolice #doctor #coronawarrior #lockdown5 #unlock1 #policeservice",[],['https://www.lokshahinews.com/cousin-murdered-brother-and-sister/'],[],0,0,0,"['#aurangabadcrime', '#aurangabadnews', '#aurangabadmurder', '#aurangabad', '#coronavirus', '#covid19', '#lockdown', '#unlock', '#maharashtra', '#maharashtrapolice', '#doctor', '#coronawarrior', '#lockdown5', '#unlock1', '#policeservice']",[],https://twitter.com/LiveLokshahi/status/1271052947208548352,False,,0,,,,,,,"[{'user_id': '1217395687131766784', 'username': 'LiveLokshahi'}]",,,,
1268863792982765568,1268863792982765568,1591355677000,2020-06-05,16:44:37,IST,14866581,manojtulpule,manoj tulpulé,,"Shops, domestic repairs services reopened.
#Unlock1 #Aurangabad #maharashtra",[],[],[],0,0,1,"['#unlock1', '#aurangabad', '#maharashtra']",[],https://twitter.com/manojtulpule/status/1268863792982765568,False,,0,,,,,,,"[{'user_id': '14866581', 'username': 'manojtulpule'}]",,,,
1267891485166505984,1267891485166505984,1591123861000,2020-06-03,00:21:01,IST,910850379046297600,arpitasharadtoi,Arpita Sharad,,"A day after lockdown restrictions were eased, Covid-19 cases spurt to a whopping 62 in a single day in Tuesday in Aurangabad
#Unlock1
#coronavirus
#pandemic
#Nisarga",[],[],[],1,4,12,"['#unlock1', '#coronavirus', '#pandemic', '#nisarga']",[],https://twitter.com/ArpitaSharadToi/status/1267891485166505984,False,,0,,,,,,,"[{'user_id': '910850379046297600', 'username': 'ArpitaSharadToi'}]",,,,
1267822107531988992,1267822107531988992,1591107320000,2020-06-02,19:45:20,IST,3360174258,tv9marathi,TV9 Marathi,,"औरंगाबादमध्ये अनलॉक 1 ची अंमलबजावणी, कोरोना संसर्गाची स्थिती काय?
 https://www.tv9marathi.com/maharashtra/aurangabad-corona-updates-after-unlock-1-226759.html …
#CoronaUpdates #Aurangabad #Unlock1 #Lockdown5",[],['https://www.tv9marathi.com/maharashtra/aurangabad-corona-updates-after-unlock-1-226759.html'],[],1,1,25,"['#coronaupdates', '#aurangabad', '#unlock1', '#lockdown5']",[],https://twitter.com/TV9Marathi/status/1267822107531988992,False,,0,,,,,,,"[{'user_id': '3360174258', 'username': 'TV9Marathi'}]",,,,
1267345674972155904,1267345674972155904,1590993729000,2020-06-01,12:12:09,IST,1394866236,ravindra_pingle,ravindra pingle,,Please it's humble request to start domestic flights from Aurangabad IXU #strandedinAurangabad #Unlock1 #resumedomesticflights #jobAtrisk #NeedtoReturnToWork @HardeepSPuri @DGCAIndia @MoCA_GoI @Subhash_Desai @CMOMaharashtra @IndiGo6E @airindiain @FlyTruJet @fly_high_IXU,"['hardeepspuri', 'dgcaindia', 'moca_goi', 'subhash_desai', 'cmomaharashtra', 'indigo6e', 'airindiain', 'flytrujet', 'fly_high_ixu']",[],[],0,4,3,"['#strandedinaurangabad', '#unlock1', '#resumedomesticflights', '#jobatrisk', '#needtoreturntowork']",[],https://twitter.com/ravindra_pingle/status/1267345674972155904,False,,0,,,,,,,"[{'user_id': '1394866236', 'username': 'ravindra_pingle'}, {'user_id': '2289628938', 'username': 'HardeepSPuri'}, {'user_id': '1137307520093941760', 'username': 'DGCAIndia'}, {'user_id': '3619207820', 'username': 'MoCA_GoI'}, {'user_id': '1968218730', 'username': 'Subhash_Desai'}, {'user_id': '2597666894', 'username': 'CMOMaharashtra'}, {'user_id': '1467228402', 'username': 'IndiGo6E'}, {'user_id': '387573617', 'username': 'airindiain'}, {'user_id': '3162128623', 'username': 'FlyTruJet'}, {'user_id': '1089445204233412608', 'username': 'fly_high_IXU'}]",,,,
1267194974954815488,1267194974954815488,1590957800000,2020-06-01,02:13:20,IST,160865093,iamsagarshah21,#FightAgainstCOVID19 #AtmaNirbhar Sagar Shah,,"Corona infected Top 20 cities
MUM 39686
DEL 19844
CHEN 14799
AMD 12180
Thane 9585
Pune 7919
Indore 3486
Kolkata 2125
Jaipur 1991
Surat 1620
Jodhpur 1530
Aurangabad 1501
Bhopal 1467
HYD 1461
Chengalpattu 1172
Nashik 1135
Raigad 1108
Vadodara 1057
Howrah 1029
Palghar 1018

#Unlock1",[],[],[],0,2,3,['#unlock1'],[],https://twitter.com/iamsagarshah21/status/1267194974954815488,False,,0,,,,,,,"[{'user_id': '160865093', 'username': 'iamsagarshah21'}]",,,,
1266777261841149953,1266777261841149953,1590858209000,2020-05-30,22:33:29,IST,797724404,mominmak007,maqsood momin,,@unlock1 reopen mall @Aurangabad_Page,"['unlock1', 'aurangabad_page']",[],[],0,0,0,[],[],https://twitter.com/MominMak007/status/1266777261841149953,False,,0,,,,,,,"[{'user_id': '797724404', 'username': 'MominMak007'}, {'user_id': '219360169', 'username': 'unlock1'}, {'user_id': '203354742', 'username': 'Aurangabad_Page'}]",,,,
