id,conversation_id,created_at,date,time,timezone,user_id,username,name,place,tweet,mentions,urls,photos,replies_count,retweets_count,likes_count,hashtags,cashtags,link,retweet,quote_url,video,near,geo,source,user_rt_id,user_rt,retweet_id,reply_to,retweet_date,translate,trans_src,trans_dest
1267341176144752640,1267341176144752640,1590992657000,2020-06-01,11:54:17,IST,1248248583586852864,navimumbaicity,Navi Mumbai City,,"𝗨𝗡𝗟𝗢𝗖𝗞 𝟭.𝟬 | What will not open!

#NaviMumbai #panvel #Mumbai #unlockone #Lockdown5 #lockdownextended @Navimumpolice @sanjayips89 #Unlock1 @PanvelCorp pic.twitter.com/XLkMlPEK6n","['navimumpolice', 'sanjayips89', 'panvelcorp']",[],"['https://pbs.twimg.com/media/EZaADfpU4AAR-Ak.jpg', 'https://pbs.twimg.com/media/EZZ_2W6UcAEn1Sb.jpg', 'https://pbs.twimg.com/media/EZZ_2W6VAAEkHuh.jpg', 'https://pbs.twimg.com/media/EZZ_2W5UYAAYBh5.jpg']",1,0,0,"['#navimumbai', '#panvel', '#mumbai', '#unlockone', '#lockdown5', '#lockdownextended', '#unlock1']",[],https://twitter.com/NaviMumbaiCity/status/1267341176144752640,False,,0,,,,,,,"[{'user_id': '1248248583586852864', 'username': 'NaviMumbaiCity'}, {'user_id': '4845993580', 'username': 'Navimumpolice'}, {'user_id': '1192063362311561216', 'username': 'sanjayips89'}, {'user_id': '786818887757115392', 'username': 'PanvelCorp'}]",,,,
1267016091307393026,1267016091307393026,1590915150000,2020-05-31,14:22:30,IST,1248248583586852864,navimumbaicity,Navi Mumbai City,,"𝗨𝗡𝗟𝗢𝗖𝗞 𝟭.𝟬 | What will not open!

Click on the below link to view:
 https://navimumbai.city/detail/unlock-1-0-lockdown-5-0-what-s-allowed-what-s-not …
#NaviMumbai #panvel #Mumbai #unlockone #Lockdown5 #lockdownextended @Navimumpolice @sanjayips89 #Unlock1 @PanvelCorp pic.twitter.com/85sascEtwG","['navimumpolice', 'sanjayips89', 'panvelcorp']",['https://navimumbai.city/detail/unlock-1-0-lockdown-5-0-what-s-allowed-what-s-not'],['https://pbs.twimg.com/media/EZVYQ6hU0AE7p2v.jpg'],2,0,2,"['#navimumbai', '#panvel', '#mumbai', '#unlockone', '#lockdown5', '#lockdownextended', '#unlock1']",[],https://twitter.com/NaviMumbaiCity/status/1267016091307393026,False,,0,,,,,,,"[{'user_id': '1248248583586852864', 'username': 'NaviMumbaiCity'}, {'user_id': '4845993580', 'username': 'Navimumpolice'}, {'user_id': '1192063362311561216', 'username': 'sanjayips89'}, {'user_id': '786818887757115392', 'username': 'PanvelCorp'}]",,,,
