id,conversation_id,created_at,date,time,timezone,user_id,username,name,place,tweet,mentions,urls,photos,replies_count,retweets_count,likes_count,hashtags,cashtags,link,retweet,quote_url,video,near,geo,source,user_rt_id,user_rt,retweet_id,reply_to,retweet_date,translate,trans_src,trans_dest
1277094294428344321,1277094294428344321,1593317981000,2020-06-28,09:49:41,IST,1009318749852200960,pibimphal,PIB in Manipur,,"@MoHFW_INDIA
#IndiaFightsCorona
 
মীপুম খুদিংমক শাফনা লৈহন্নবা অমসুং ভারতনা #COVID 19গী মায়োক্তা লান্থেংনবা ঙম্নবা অয়ুক নুংথিল খাক্তনা মথৌ তৌরিবা পুলিস ফোর্সপু ইকাই খুম্নবা উৎলু

#TogetherAgainstCovid19 #HealthForAll #SwasthaBharat #CoronaOutbreak #Unlock1  pic.twitter.com/Nb9tsfoAhF",['mohfw_india'],[],['https://pbs.twimg.com/media/EbkmeugUwAY8RaU.jpg'],0,0,0,"['#indiafightscorona', '#covid', '#togetheragainstcovid19', '#healthforall', '#swasthabharat', '#coronaoutbreak', '#unlock1']",[],https://twitter.com/PIBImphal/status/1277094294428344321,False,,0,,,,,,,"[{'user_id': '1009318749852200960', 'username': 'PIBImphal'}, {'user_id': '2596143056', 'username': 'MoHFW_INDIA'}]",,,,
1276859182453415936,1276859182453415936,1593261926000,2020-06-27,18:15:26,IST,1009318749852200960,pibimphal,PIB in Manipur,,"@MoHFW_INDIA
#IndiaFightsCorona 

অদোমগী লাইওং হায়দোকপদা চিংনবীগনু। খুদক্তা 1075 (তোল ফ্রী)দা পাউ পীবীয়ু

#TogetherAgainstCovid19 #BadalkarApnaVyavaharKareinCoronaParVaar #HealthForAll #SwasthaBharat #CoronaOutbreak #Unlock1  pic.twitter.com/oAvhgfNzeS",['mohfw_india'],[],['https://pbs.twimg.com/media/EbhQpYMUMAEsc91.jpg'],0,0,1,"['#indiafightscorona', '#togetheragainstcovid19', '#badalkarapnavyavaharkareincoronaparvaar', '#healthforall', '#swasthabharat', '#coronaoutbreak', '#unlock1']",[],https://twitter.com/PIBImphal/status/1276859182453415936,False,,0,,,,,,,"[{'user_id': '1009318749852200960', 'username': 'PIBImphal'}, {'user_id': '2596143056', 'username': 'MoHFW_INDIA'}]",,,,
1276827816433029120,1276827816433029120,1593254448000,2020-06-27,16:10:48,IST,1009318749852200960,pibimphal,PIB in Manipur,,"@MoHFW_INDIA
#IndiaFightsCorona
#COVID19 শন্দোকপদগী কন্ননবা মতম পুম্নমক্তা গাইদলাইনশিং ইনবীয়ু অমসুং ইশাবু অমসুং অতোপ্পবু শোইদ-ঙামদনা থম্বীয়ু। ইশাগী লমচৎ হোংদোক্তুনা কোরোনাদা লান্দারসি। #TogetherAgainstCOVID19 #HealthForAll #SwasthaBharat #CoronaOutbreak #Unlock1  pic.twitter.com/O88DXhm8IW",['mohfw_india'],[],['https://pbs.twimg.com/media/Ebg0HlOUEAA1I6R.jpg'],0,0,0,"['#indiafightscorona', '#covid19', '#togetheragainstcovid19', '#healthforall', '#swasthabharat', '#coronaoutbreak', '#unlock1']",[],https://twitter.com/PIBImphal/status/1276827816433029120,False,,0,,,,,,,"[{'user_id': '1009318749852200960', 'username': 'PIBImphal'}, {'user_id': '2596143056', 'username': 'MoHFW_INDIA'}]",,,,
1276781961382473730,1276781961382473730,1593243515000,2020-06-27,13:08:35,IST,1009318749852200960,pibimphal,PIB in Manipur,,"@MoHFW_INDIA
#IndiaFightsCorona ঐখোয়গী লোইননা মখোয়গী থবক তৌবগী অচেৎপা পান্দম অদু হেন্না চেৎশিলহনগনি
#TogetherAgainstCovid19 #HealthForAll #SwasthaBharat #CoronaOutbreak #Unlock1  pic.twitter.com/59PMHMYyxv",['mohfw_india'],[],['https://pbs.twimg.com/media/EbgKaBpU8AI2dJJ.jpg'],0,0,0,"['#indiafightscorona', '#togetheragainstcovid19', '#healthforall', '#swasthabharat', '#coronaoutbreak', '#unlock1']",[],https://twitter.com/PIBImphal/status/1276781961382473730,False,,0,,,,,,,"[{'user_id': '1009318749852200960', 'username': 'PIBImphal'}, {'user_id': '2596143056', 'username': 'MoHFW_INDIA'}]",,,,
1276415015617130498,1276415015617130498,1593156029000,2020-06-26,12:50:29,IST,1009318749852200960,pibimphal,PIB in Manipur,,"@PIBImphal
#IndiaFightsCorona
অদোমগী খুৎ সাপোন অমসুং ঈশিংনা তোয়না অমসুং শেংনা হামদোকউ নত্রগা অলকোহোল-বেজ হেন্দ সেনিতাইজর শীজিন্নৌ। তরু-তনানবা খুৎ, অফবা খুৎনি।
#BadalkarApnaVyavaharKareinCoronaParVaar #TogetherAgainstCovid19 #HealthForAll #SwasthaBharat #CoronaOutbreak #Unlock1  pic.twitter.com/0O6t3nGBU9",['pibimphal'],[],['https://pbs.twimg.com/media/Eba8qskUYAAQf5G.jpg'],0,0,0,"['#indiafightscorona', '#badalkarapnavyavaharkareincoronaparvaar', '#togetheragainstcovid19', '#healthforall', '#swasthabharat', '#coronaoutbreak', '#unlock1']",[],https://twitter.com/PIBImphal/status/1276415015617130498,False,,0,,,,,,,"[{'user_id': '1009318749852200960', 'username': 'PIBImphal'}]",,,,
1276077266410209280,1276077266410209280,1593075503000,2020-06-25,14:28:23,IST,1009318749852200960,pibimphal,PIB in Manipur,,"@MIB_India
@PIBImphal
#IndiaFightsCorona
শাফনবা মীয়ামগী মরক্তা অরাপ্পা থম্মু। মসিগী ই-পাউ অসি মীয়ামদা খঙহল্লু অমসুং অদোমবু মতেং পাংনবা ঐখোয়বু মতেং পাংঙু।
 #BadalkarApnaVyavaharKareinCoronaParVaar #TogetherAgainstCovid19 #HealthForAll #SwasthaBharat #CoronaOutbreak #Unlock1  pic.twitter.com/ckyNyQ6xBE","['mib_india', 'pibimphal']",[],['https://pbs.twimg.com/media/EbWII4GVcAAxKH_.jpg'],0,0,0,"['#indiafightscorona', '#badalkarapnavyavaharkareincoronaparvaar', '#togetheragainstcovid19', '#healthforall', '#swasthabharat', '#coronaoutbreak', '#unlock1']",[],https://twitter.com/PIBImphal/status/1276077266410209280,False,,0,,,,,,,"[{'user_id': '1009318749852200960', 'username': 'PIBImphal'}, {'user_id': '920488039', 'username': 'MIB_India'}]",,,,
1275777365423996928,1275777365423996928,1593004001000,2020-06-24,18:36:41,IST,1009318749852200960,pibimphal,PIB in Manipur,,"@MoHFW_INDIA
#IndiaFightsCorona
সেক্যুরিতী পর্সোনেলশিংনা ঐখোয়বু কনবা ঙম্নবা মথ্বাই খুবাক্তা হাপ্লি। ঐখোয়গী মতেংনা মখোয়গী পুক্নীং চাউথোকহনবা ঙমগনি।
#TogetherAgainstCOVID19 #HealthForAll
#SwasthaBharat #CoronaOutbreak #Unlock1  pic.twitter.com/W02oTW7rQn",['mohfw_india'],[],['https://pbs.twimg.com/media/EbR4vYOU8AACdPD.jpg'],0,0,0,"['#indiafightscorona', '#togetheragainstcovid19', '#healthforall', '#swasthabharat', '#coronaoutbreak', '#unlock1']",[],https://twitter.com/PIBImphal/status/1275777365423996928,False,,0,,,,,,,"[{'user_id': '1009318749852200960', 'username': 'PIBImphal'}, {'user_id': '2596143056', 'username': 'MoHFW_INDIA'}]",,,,
1275400939898200064,1275400939898200064,1592914254000,2020-06-23,17:40:54,IST,1009318749852200960,pibimphal,PIB in Manipur,,"@MoHFW_INDIA
#IndiaFightsCorona 

মতম অসি ঐখোয়গী লৈবাক্কী অশেংবা অথৌবশিংগী মফমদা তৌবীমল খঙবা উৎকদবা মতমদুনি।

 #TogetherAgainstCOVID19 #HealthForAll #SwasthaBharat #CoronaOutbreak #Unlock1  pic.twitter.com/RfjkjWUGZt",['mohfw_india'],[],['https://pbs.twimg.com/media/EbMiX7xUYAEYRZ1.jpg'],0,0,0,"['#indiafightscorona', '#togetheragainstcovid19', '#healthforall', '#swasthabharat', '#coronaoutbreak', '#unlock1']",[],https://twitter.com/PIBImphal/status/1275400939898200064,False,,0,,,,,,,"[{'user_id': '1009318749852200960', 'username': 'PIBImphal'}, {'user_id': '2596143056', 'username': 'MoHFW_INDIA'}]",,,,
1275389664543694849,1275389664543694849,1592911566000,2020-06-23,16:56:06,IST,1009318749852200960,pibimphal,PIB in Manipur,,"#IndiaFightsCorona 
ভারতকী কোরোনা ৱরিয়রশিং লৈবাক অচিগী চাউথোকচনীংঙাইনি!

#TogetherAgainstCovid19 #HealthForAll #SwasthaBharat #CoronaOutbreak #Unlock1  pic.twitter.com/utKVlBSzWZ",[],[],['https://pbs.twimg.com/media/EbMYIBoU4AAIgON.jpg'],0,0,1,"['#indiafightscorona', '#togetheragainstcovid19', '#healthforall', '#swasthabharat', '#coronaoutbreak', '#unlock1']",[],https://twitter.com/PIBImphal/status/1275389664543694849,False,,0,,,,,,,"[{'user_id': '1009318749852200960', 'username': 'PIBImphal'}]",,,,
1275380844736069633,1275380844736069633,1592909463000,2020-06-23,16:21:03,IST,1009318749852200960,pibimphal,PIB in Manipur,,"@COVIDNewsByMIB 
য়ুমদা শাবা হন্না শিজিন্নবা য়াবা ফেস কভর/মাস্ক উপ্পগী অচুম্বা মওং খঙবীয়ু। মসি শেয়র তৌবীয়ু অমসুং অদোম্বু ঙাকশেন্নবা ঐখোয়দা তেংবাংবীয়ু।  হোংদোক্তুনা ইশাগী লমচৎ, তৌরসি কোরোনাদা লান।
#HealthForAll #SwasthaBharat #CoronaOutbreak #Unlock1 #TogetherAgainstCovid19 pic.twitter.com/OxGFRJC3d8",['covidnewsbymib'],[],['https://pbs.twimg.com/media/EbMQFtgUYAIGv1m.jpg'],0,0,0,"['#healthforall', '#swasthabharat', '#coronaoutbreak', '#unlock1', '#togetheragainstcovid19']",[],https://twitter.com/PIBImphal/status/1275380844736069633,False,,0,,,,,,,"[{'user_id': '1009318749852200960', 'username': 'PIBImphal'}, {'user_id': '1244892413262311425', 'username': 'COVIDNewsByMIB'}]",,,,
1269617588461400065,1269617588461400065,1591535396000,2020-06-07,18:39:56,IST,376097198,alisheikh181,Ali Sheikh,,"😍😍
#unlock1 #nephewlove💙 #familytime @ Mantripukhri, Imphal, Manipur  https://www.instagram.com/p/CBIpGOXlgBS1U-ncbZD4OdYAjsPvGUWC8ZQaoc0/?igshid=1ov3pw7mp7vw …",[],['https://www.instagram.com/p/CBIpGOXlgBS1U-ncbZD4OdYAjsPvGUWC8ZQaoc0/?igshid=1ov3pw7mp7vw'],[],0,0,0,"['#unlock1', '#nephewlove', '#familytime']",[],https://twitter.com/alisheikh181/status/1269617588461400065,False,,0,,,,,,,"[{'user_id': '376097198', 'username': 'alisheikh181'}]",,,,
