id,conversation_id,created_at,date,time,timezone,user_id,username,name,place,tweet,mentions,urls,photos,replies_count,retweets_count,likes_count,hashtags,cashtags,link,retweet,quote_url,video,near,geo,source,user_rt_id,user_rt,retweet_id,reply_to,retweet_date,translate,trans_src,trans_dest
1276008841688215558,1276008841688215558,1593059189000,2020-06-25,09:56:29,IST,921298485260951552,pibaizawl,PIB in Mizoram,,"#IndiaFightsCorona

Wear home-made reusable face-cover/mask at all times. Keep it clean by properly washing it before reusing.
 #BadalkarApnaVyavaharKareinCoronaParVaar #HealthForAll #SwasthaBharat #CoronaOutbreak #Unlock1 #TogetherAgainstCovid19 pic.twitter.com/uaFrOBmQrl",[],[],['https://pbs.twimg.com/media/EbVLRHeUMAAjyVx.jpg'],0,0,0,"['#indiafightscorona', '#badalkarapnavyavaharkareincoronaparvaar', '#healthforall', '#swasthabharat', '#coronaoutbreak', '#unlock1', '#togetheragainstcovid19']",[],https://twitter.com/PIBAizawl/status/1276008841688215558,False,,0,,,,,,,"[{'user_id': '921298485260951552', 'username': 'PIBAizawl'}]",,,,
1267329055067639808,1267329055067639808,1590989767000,2020-06-01,11:06:07,IST,754985248128065536,airnews_aizawl,AIR News Aizawl,," https://twitter.com/airnewsalerts/status/1267273383227674624?s=19 …
Vawiin June 1 atang hian rampumah #unlock1 chu tan a ni ta. A tahtawlin hna hrang hrang leh hmun hrang hrang te an inhawng ang.",[],['https://twitter.com/airnewsalerts/status/1267273383227674624?s=19'],[],0,0,0,['#unlock1'],[],https://twitter.com/airnews_aizawl/status/1267329055067639808,False,https://twitter.com/airnewsalerts/status/1267273383227674624,0,,,,,,,"[{'user_id': '754985248128065536', 'username': 'airnews_aizawl'}]",,,,
