id,conversation_id,created_at,date,time,timezone,user_id,username,name,place,tweet,mentions,urls,photos,replies_count,retweets_count,likes_count,hashtags,cashtags,link,retweet,quote_url,video,near,geo,source,user_rt_id,user_rt,retweet_id,reply_to,retweet_date,translate,trans_src,trans_dest
1277237300687024132,1277237300687024132,1593352077000,2020-06-28,19:17:57,IST,306902765,_ansumanrath,Ansuman Rath 🇮🇳,,"#Unlock1 From 2104 cases on 1st June, the numbers stand at 6614 on date. 5 districts identified as hotspot districts, identification of new containment zones in Bhubaneswar, Cuttack & Berhampur;& with Monsoon sporadic, it's anybody's guess what will happen post 30 June. #Unlock2 https://twitter.com/SujitBisoyiTOI/status/1267370551313674241 …",[],['https://twitter.com/SujitBisoyiTOI/status/1267370551313674241'],[],2,1,11,"['#unlock1', '#unlock2']",[],https://twitter.com/_AnsumanRath/status/1277237300687024132,False,https://twitter.com/SujitBisoyiTOI/status/1267370551313674241,0,,,,,,,"[{'user_id': '306902765', 'username': '_AnsumanRath'}]",,,,
1268803756541521920,1268803756541521920,1591341363000,2020-06-05,12:46:03,IST,1147745761930539008,bytesodisha,Odisha Bytes News,, https://odishabytes.com/odisha-fights-covid-19-heres-the-travel-advisory-for-weekend-shutdown-in-cuttack-bhubaneswar/ … @cpbbsrctc #Odisha #Coronavirus #COVID19 #Unlock1 #Bhubaneswar #Cuttack,['cpbbsrctc'],['https://odishabytes.com/odisha-fights-covid-19-heres-the-travel-advisory-for-weekend-shutdown-in-cuttack-bhubaneswar/'],[],0,0,0,"['#odisha', '#coronavirus', '#covid19', '#unlock1', '#bhubaneswar', '#cuttack']",[],https://twitter.com/BytesOdisha/status/1268803756541521920,False,,0,,,,,,,"[{'user_id': '1147745761930539008', 'username': 'BytesOdisha'}, {'user_id': '2208529736', 'username': 'cpbbsrctc'}]",,,,
1268733863376744448,1268733863376744448,1591324699000,2020-06-05,08:08:19,IST,113944555,tejal_,TCG,,"Beautiful flowers on the way to #Bhubaneswar from #Cuttack. After three months, this was a welcome sight. #Odisha #COVID19India #Unlock1  pic.twitter.com/JUvWwavFVh",[],[],"['https://pbs.twimg.com/media/EZtyqlaU0AIDX0o.jpg', 'https://pbs.twimg.com/media/EZtysiNVcAAytl3.jpg']",0,0,0,"['#bhubaneswar', '#cuttack', '#odisha', '#covid19india', '#unlock1']",[],https://twitter.com/tejal_/status/1268733863376744448,False,,0,,,,,,,"[{'user_id': '113944555', 'username': 'tejal_'}]",,,,
1268481423595515904,1268481423595515904,1591264513000,2020-06-04,15:25:13,IST,761150831584575488,news18odia,News18 Odia,,"ଗଞ୍ଜାମ ଜିଲ୍ଲାରେ ମୋଟ କରୋନା ସଂକ୍ରମିତଙ୍କ ସଂଖ୍ୟା ରାଜ୍ୟରେ ସର୍ବାଧିକ ହୋଇ ଏବେ ୫୨୧ରେ ପହଞ୍ଚିଛି । ନୟାଗଡ଼ ମୁଖ୍ୟ ଚିକିତ୍ସାଳୟର ଜଣେ ଷ୍ଟାଫ ନର୍ସ କରୋନାରେ ସଂକ୍ରମିତ ହୋଇଛନ୍ତି । @anandstdas #Odisha #Coronavirus #Lockdown5 #Unlock1 #Ganjam #Nayagarh #Cuttack

ପଢ଼ନ୍ତୁ ପୂରା ଖବର: http://odia.news18.com/news/coronavirus-latest-news/90-more-coronavirus-positive-people-found-in-odisha-2478-is-now-total-number-0406-ad-11993.html …",['anandstdas'],['http://odia.news18.com/news/coronavirus-latest-news/90-more-coronavirus-positive-people-found-in-odisha-2478-is-now-total-number-0406-ad-11993.html'],[],0,4,4,"['#odisha', '#coronavirus', '#lockdown5', '#unlock1', '#ganjam', '#nayagarh', '#cuttack']",[],https://twitter.com/News18Odia/status/1268481423595515904,False,,0,,,,,,,"[{'user_id': '761150831584575488', 'username': 'News18Odia'}, {'user_id': '819615392947523585', 'username': 'anandstdas'}]",,,,
1268185902108545025,1268152351799406592,1591194055000,2020-06-03,19:50:55,IST,714738836971130880,theabhijoshi,Abhishek Joshi,,This #Unlock1 is having more limitation thn the #Lockdown4 have witnessed....,"['cpbbsrctc', 'dcp_traffic', 'sagarika_nath', 'dcp_cuttack', 'sarangisudhansu', 'anupkumarsahoo', 'dcpbbsr', 'odisha_police']",[],[],0,0,0,"['#unlock1', '#lockdown4']",[],https://twitter.com/theabhijoshi/status/1268185902108545025,False,,0,,,,,,,"[{'user_id': '714738836971130880', 'username': 'theabhijoshi'}, {'user_id': '2208529736', 'username': 'cpbbsrctc'}, {'user_id': '1161257839433670657', 'username': 'DCP_TRAFFIC'}, {'user_id': '144353196', 'username': 'sagarika_nath'}, {'user_id': '849149173404278785', 'username': 'dcp_cuttack'}, {'user_id': '4079777432', 'username': 'SarangiSudhansu'}, {'user_id': '83771118', 'username': 'anupkumarsahoo'}, {'user_id': '848971330909331456', 'username': 'dcpbbsr'}, {'user_id': '848883073324167170', 'username': 'odisha_police'}]",,,,
1268152351799406592,1268152351799406592,1591186056000,2020-06-03,17:37:36,IST,2208529736,cpbbsrctc,COMMISSIONERATE POLICE,,"From #Lockdown4 we are moving towards #Unlock1. It is important for all to #MaskUpOdisha and maintain #SocialDistance to win against #COVID19.The Corona Sachetanata Rath was flagged off by @DCP_TRAFFIC @sagarika_nath at Traffic PS, Madhupatna @dcp_cuttack.
@SarangiSudhansu pic.twitter.com/n3tFMl6xj3","['dcp_traffic', 'sagarika_nath', 'sarangisudhansu']",[],"['https://pbs.twimg.com/media/EZlhdqsU0AMe3u7.jpg', 'https://pbs.twimg.com/media/EZlhgs_U0AAA0OB.jpg', 'https://pbs.twimg.com/media/EZlhjfoUYAAQIuL.jpg', 'https://pbs.twimg.com/media/EZlhnMBU8AENwo9.jpg']",9,21,288,"['#lockdown4', '#unlock1', '#maskupodisha', '#socialdistance', '#covid19']",[],https://twitter.com/cpbbsrctc/status/1268152351799406592,False,,0,,,,,,,"[{'user_id': '2208529736', 'username': 'cpbbsrctc'}, {'user_id': '1161257839433670657', 'username': 'DCP_TRAFFIC'}, {'user_id': '144353196', 'username': 'sagarika_nath'}, {'user_id': '4079777432', 'username': 'SarangiSudhansu'}]",,,,
1267781983163297792,1267781983163297792,1591097753000,2020-06-02,17:05:53,IST,869481462,sabaimtiyaz,IMTIYAZ ALAM,,Rain in Cuttack (Odisha) #Unlock1  pic.twitter.com/eDdS3qDPl5,[],[],[],0,0,0,['#unlock1'],[],https://twitter.com/SabaIMTIYAZ/status/1267781983163297792,False,,1,,,,,,,"[{'user_id': '869481462', 'username': 'SabaIMTIYAZ'}]",,,,
1267411500001607680,1267411500001607680,1591009423000,2020-06-01,16:33:43,IST,761150831584575488,news18odia,News18 Odia,,"ଲକଡାଉନ ପର ଠାରୁ ଆଜି ପ୍ରଥମ ଥର ସର୍ବସାଧାରଣଙ୍କ ପାଇଁ ରେଳସେବା ଆରମ୍ଭ ହୋଇଥିବାରୁ କଟକ ରେଳ ଷ୍ଟେସନରେ ସ୍ବତନ୍ତ୍ର ବ୍ୟବସ୍ଥା କରାଯାଇଥିଲା । ପ୍ରଥମ ଟ୍ରେନ ଭାବେ ଓଡ଼ିଶାରୁ ଚାଲିଲା ଜନଶତାବ୍ଦୀ ଏକ୍ସପ୍ରେସ । @anandstdas #Odisha #Unlock1 #Cuttack #Bhubaneswar #trains 

ପଢ଼ନ୍ତୁ ପୂରା ଖବର: http://odia.news18.com/news/coronavirus-latest-news/trains-start-running-from-and-to-cuttack-in-odisha-as-unlock-1-starts-0106-ad-nmc-11767.html …",['anandstdas'],['http://odia.news18.com/news/coronavirus-latest-news/trains-start-running-from-and-to-cuttack-in-odisha-as-unlock-1-starts-0106-ad-nmc-11767.html'],[],0,3,5,"['#odisha', '#unlock1', '#cuttack', '#bhubaneswar', '#trains']",[],https://twitter.com/News18Odia/status/1267411500001607680,False,,0,,,,,,,"[{'user_id': '761150831584575488', 'username': 'News18Odia'}, {'user_id': '819615392947523585', 'username': 'anandstdas'}]",,,,
1267405504449404928,1267405504449404928,1591007994000,2020-06-01,16:09:54,IST,1245362713938636800,odishatrails,OdishaTrails #ଓଡ଼ିଶାଟ୍ରେଲ୍ସ,,"List of what's ✅ #open & what's #locked ❌ in #Odisha
Complete shutdown on Saturdays & Sundays in 11dists- #Ganjam #Puri #Nayagarh #Khurda #Cuttack #Jagatsinghpur #Kendrapara #Jajpur #Bhadrak #Balasore #Bolangir
#Lockdown5 #Unlock1 #unlockone #UnlockingIndia #unlock_1 #travel pic.twitter.com/Hhrod7TqfE",[],[],['https://pbs.twimg.com/media/EZa6k_lUcAI_Ufo.jpg'],0,1,4,"['#open', '#locked', '#odisha', '#ganjam', '#puri', '#nayagarh', '#khurda', '#cuttack', '#jagatsinghpur', '#kendrapara', '#jajpur', '#bhadrak', '#balasore', '#bolangir', '#lockdown5', '#unlock1', '#unlockone', '#unlockingindia', '#unlock_1', '#travel']",[],https://twitter.com/OdishaTrails/status/1267405504449404928,False,,0,,,,,,,"[{'user_id': '1245362713938636800', 'username': 'OdishaTrails'}]",,,,
1267380970212261889,1267380970212261889,1591002144000,2020-06-01,14:32:24,IST,3064307360,niharkpanda,Nihar Kanta Panda,,"#Unlock1
#Odisha orders complete shutdown on Saturdays & Sundays in 11 districts - Ganjam, Puri, Nayagarh, Khurda, Cuttack, Jagatsinghpur, Kendrapara, Jajpur, Bhadrak, Balasore, Bolangir: Chief Secretary

Curfew hours remained  unchanged  from 7pm to 7am in #Odisha",[],[],[],1,2,3,"['#unlock1', '#odisha', '#odisha']",[],https://twitter.com/NiharKPanda/status/1267380970212261889,False,,0,,,,,,,"[{'user_id': '3064307360', 'username': 'NiharKPanda'}]",,,,
1267287339425951749,1267287339425951749,1590979821000,2020-06-01,08:20:21,IST,801667217452462080,rahul_barik18,Rahul Barik,,"Hello @dcp_cuttack sir... 
What will be the shop opening and closing time after Hon. #MHA New guidelines #Unlock1",['dcp_cuttack'],[],[],1,0,0,"['#mha', '#unlock1']",[],https://twitter.com/rahul_barik18/status/1267287339425951749,False,,0,,,,,,,"[{'user_id': '801667217452462080', 'username': 'rahul_barik18'}, {'user_id': '849149173404278785', 'username': 'dcp_cuttack'}]",,,,
1267087947720871937,1267087947720871937,1590932282000,2020-05-31,19:08:02,IST,901093024339554304,swainsatwik,Satwik Swain,,"People Celebrating #Unlock1 at #ZobraBarrage , #ZobraPark , Cuttack today evening !  pic.twitter.com/je5BAHj1U1",[],[],"['https://pbs.twimg.com/media/EZWZqqqUEAAm01U.jpg', 'https://pbs.twimg.com/media/EZWZsQvUMAEQv65.jpg', 'https://pbs.twimg.com/media/EZWZuWsUMAANOAd.jpg', 'https://pbs.twimg.com/media/EZWZv24UYAEnekP.jpg']",1,0,8,"['#unlock1', '#zobrabarrage', '#zobrapark']",[],https://twitter.com/SwainSatwik/status/1267087947720871937,False,,0,,,,,,,"[{'user_id': '901093024339554304', 'username': 'SwainSatwik'}]",,,,
