id,conversation_id,created_at,date,time,timezone,user_id,username,name,place,tweet,mentions,urls,photos,replies_count,retweets_count,likes_count,hashtags,cashtags,link,retweet,quote_url,video,near,geo,source,user_rt_id,user_rt,retweet_id,reply_to,retweet_date,translate,trans_src,trans_dest
1277919574084644864,1277919574084644864,1593514743000,2020-06-30,16:29:03,IST,902097220580777984,pibbhubaneswar,PIB in Odisha,,"""Timely lockdown & other decisions have saved the lives of millions of people. 
Since #Unlock1, negligence in personal & social behavior is also increasing. Now we have to be more careful than before:PM @narendramodi
@dpradhanbjp
@smritiirani
@pcsarangi
@naqvimukhtar pic.twitter.com/sCaVVPKn4i","['narendramodi', 'dpradhanbjp', 'smritiirani', 'pcsarangi', 'naqvimukhtar']",[],[],0,0,8,['#unlock1'],[],https://twitter.com/PIBBhubaneswar/status/1277919574084644864,False,,1,,,,,,,"[{'user_id': '902097220580777984', 'username': 'PIBBhubaneswar'}, {'user_id': '18839785', 'username': 'narendramodi'}, {'user_id': '1897514666', 'username': 'dpradhanbjp'}, {'user_id': '130104041', 'username': 'smritiirani'}, {'user_id': '1627817300', 'username': 'pcsarangi'}, {'user_id': '287156977', 'username': 'naqvimukhtar'}]",,,,
1277237300687024132,1277237300687024132,1593352077000,2020-06-28,19:17:57,IST,306902765,_ansumanrath,Ansuman Rath 🇮🇳,,"#Unlock1 From 2104 cases on 1st June, the numbers stand at 6614 on date. 5 districts identified as hotspot districts, identification of new containment zones in Bhubaneswar, Cuttack & Berhampur;& with Monsoon sporadic, it's anybody's guess what will happen post 30 June. #Unlock2 https://twitter.com/SujitBisoyiTOI/status/1267370551313674241 …",[],['https://twitter.com/SujitBisoyiTOI/status/1267370551313674241'],[],2,1,11,"['#unlock1', '#unlock2']",[],https://twitter.com/_AnsumanRath/status/1277237300687024132,False,https://twitter.com/SujitBisoyiTOI/status/1267370551313674241,0,,,,,,,"[{'user_id': '306902765', 'username': '_AnsumanRath'}]",,,,
1272503161677180928,1272503161677180928,1592223370000,2020-06-15,17:46:10,IST,1011986588392251392,xpresshome,HomeXpressOfficial,,"आइए हम सब डॉक्टरों और स्वास्थ्य कर्मचारियों के प्रति कृतज्ञता दिखाएं । जो लोग अपना जीवन हमारी सुरक्षा के लिए जोखिम में डाल रहे है उनकी सराहना करें।

#Covid19 #TogetherAgainstCovid19 #HealthForAll #SwasthaBharat #CoronaOutbreak #Unlock1 #HomeXpress #Bhubaneswar  pic.twitter.com/cD72ycnVhj",[],[],['https://pbs.twimg.com/media/EajW3jrVcAAl7UQ.jpg'],0,0,0,"['#covid19', '#togetheragainstcovid19', '#healthforall', '#swasthabharat', '#coronaoutbreak', '#unlock1', '#homexpress', '#bhubaneswar']",[],https://twitter.com/XpressHome/status/1272503161677180928,False,,0,,,,,,,"[{'user_id': '1011986588392251392', 'username': 'XpressHome'}]",,,,
1271389478288896005,1271389478288896005,1591957847000,2020-06-12,16:00:47,IST,369066646,sandeepmishra42,Sandeep Mishra,,"Again two pictures, two stories, law abiding citizens of #Bhubaneswar following state government's rules, staying indoors for two days, making mad rush on the rest of the five days  #WeekendShutdown #Unlock1 #OdishaFightsCorona pic.twitter.com/bh7Mzp8NRx",[],[],"['https://pbs.twimg.com/media/EaTh3SrVAAYfOy7.jpg', 'https://pbs.twimg.com/media/EaTh7_TUYAUL6qR.jpg']",0,0,2,"['#bhubaneswar', '#weekendshutdown', '#unlock1', '#odishafightscorona']",[],https://twitter.com/SandeepMishra42/status/1271389478288896005,False,,0,,,,,,,"[{'user_id': '369066646', 'username': 'SandeepMishra42'}]",,,,
1269888848613408769,1269888848613408769,1591600069000,2020-06-08,12:37:49,IST,1113747196099399680,thefirstindia,First India,,"#Odisha | Temples remain closed across the state as state govt has ordered that all religious places/places of worship will continue to remain closed for public till 30th June; visuals from #Bhubaneswar's Lingaraj Temple (pic 1) & Ram Temple (pic 2).

#Unlock #unlock2 #Unlock1  pic.twitter.com/ysyV997BZX",[],[],"['https://pbs.twimg.com/media/EZ-NHtEU4AUF3Qg.jpg', 'https://pbs.twimg.com/media/EZ-NJ2eUEAAa_b7.jpg']",0,1,1,"['#odisha', '#bhubaneswar', '#unlock', '#unlock2', '#unlock1']",[],https://twitter.com/thefirstindia/status/1269888848613408769,False,,0,,,,,,,"[{'user_id': '1113747196099399680', 'username': 'thefirstindia'}]",,,,
1269816172083646464,1269816172083646464,1591582742000,2020-06-08,07:49:02,IST,1108659417107447809,odishanewstune,Odisha News Tune,,"#ECoR resumes intra-State train services in Odisha

Bhubaneswar-Balangir Inter City Special train left Bhubaneswar Station at 6.30 am today from PF-1 with booking of 187 passengers from Bhubaneswar. 

@eastcoastrail #Unlock1 |  pic.twitter.com/IZrpb8iYGL",['eastcoastrail'],[],[],0,2,15,"['#ecor', '#unlock1']",[],https://twitter.com/OdishaNewsTune/status/1269816172083646464,False,,1,,,,,,,"[{'user_id': '1108659417107447809', 'username': 'OdishaNewsTune'}, {'user_id': '3017315815', 'username': 'eastcoastrail'}]",,,,
1269713810081931270,1269713810081931270,1591558337000,2020-06-08,01:02:17,IST,761150831584575488,news18odia,News18 Odia,,"ନିଜ ଭଉଣୀଙ୍କ ସହ ନୂଆପଲ୍ଲୀରେ ଏକ ଭଡ଼ା ଘରେ ରହୁଥିବା ଏହି ଯୁବତୀ ପୋଖରୀକୁ ଡେଇଁ ଆତ୍ମହତ୍ୟା ଉଦ୍ୟମ କରିଥିଲେ । ଆତ୍ମହତ୍ୟା ଉଦ୍ୟମର କାରଣ ଅସ୍ପଷ୍ଟ ଅଛି । ପୋଲିସ ତଦନ୍ତ ଆରମ୍ଭ କରିଛି । @anandstdas #Bhubaneswar #Odisha #suicide #crime #Lockdown5 #Unlock1 

ପଢ଼ନ୍ତୁ ପୂରା ଖବର: http://odia.news18.com/news/odisha/woman-bank-employee-in-bhubaneswar-attempts-suicide-by-jumping-into-pond-hospitalised-0706-ad-ppb-12275.html …",['anandstdas'],['http://odia.news18.com/news/odisha/woman-bank-employee-in-bhubaneswar-attempts-suicide-by-jumping-into-pond-hospitalised-0706-ad-ppb-12275.html'],[],0,3,10,"['#bhubaneswar', '#odisha', '#suicide', '#crime', '#lockdown5', '#unlock1']",[],https://twitter.com/News18Odia/status/1269713810081931270,False,,0,,,,,,,"[{'user_id': '761150831584575488', 'username': 'News18Odia'}, {'user_id': '819615392947523585', 'username': 'anandstdas'}]",,,,
1269655569817837568,1269655569817837568,1591544451000,2020-06-07,21:10:51,IST,4923787315,skagrawalla,Suman Kumar Agrawalla,,"46 centrally protected monuments of #Odisha under @ASIGoI will open from tomorrow.

#Unlock1 #Bhubaneswar #Puri https://twitter.com/PIBBhubaneswar/status/1269640773013774336 …",['asigoi'],['https://twitter.com/PIBBhubaneswar/status/1269640773013774336'],[],0,0,1,"['#odisha', '#unlock1', '#bhubaneswar', '#puri']",[],https://twitter.com/Skagrawalla/status/1269655569817837568,False,https://twitter.com/PIBBhubaneswar/status/1269640773013774336,0,,,,,,,"[{'user_id': '4923787315', 'username': 'Skagrawalla'}, {'user_id': '3249523351', 'username': 'ASIGoI'}]",,,,
1269133840334782465,1269133840334782465,1591420061000,2020-06-06,10:37:41,IST,104533618,utkal060,Utkal Mishra,,"Weekend shutdown 1st week started in odisha
#Unlock1
#Bhubaneswar
#OdishaFightsCorona",[],[],[],0,0,0,"['#unlock1', '#bhubaneswar', '#odishafightscorona']",[],https://twitter.com/utkal060/status/1269133840334782465,False,,0,,,,,,,"[{'user_id': '104533618', 'username': 'utkal060'}]",,,,
1268925560459231234,1268925560459231234,1591370403000,2020-06-05,20:50:03,IST,761150831584575488,news18odia,News18 Odia,,"ରାଜ୍ୟରେ ମୋଟ ୨,୬୦୮ ଜଣ କରୋନା ଆକ୍ରାନ୍ତଙ୍କ ମଧ୍ୟରୁ ଏ ଯାଏଁ ସୁସ୍ଥ ହେଲେଣି ୧,୬୦୪ ଜଣ ରୋଗୀ । ଆଜି ଗଞ୍ଜାମରୁ ସର୍ବାଧିକ ୩୫ ଓ କଟକରୁ ୨୨ ଆକ୍ରାନ୍ତ ସୁସ୍ଥ ହୋଇଛନ୍ତି । @anandstdas #OdishaFightsCorona #Odisha #Coronavirus #shutdown #Unlock1 #Bhubaneswar #Ganjam

ପଢ଼ନ୍ତୁ ପୂରା ଖବର: http://odia.news18.com/news/coronavirus-latest-news/good-news-for-odisha-as-123-coronavirus-positive-people-recover-in-a-day-0506-ad-12087.html …",['anandstdas'],['http://odia.news18.com/news/coronavirus-latest-news/good-news-for-odisha-as-123-coronavirus-positive-people-recover-in-a-day-0506-ad-12087.html'],[],0,5,17,"['#odishafightscorona', '#odisha', '#coronavirus', '#shutdown', '#unlock1', '#bhubaneswar', '#ganjam']",[],https://twitter.com/News18Odia/status/1268925560459231234,False,,0,,,,,,,"[{'user_id': '761150831584575488', 'username': 'News18Odia'}, {'user_id': '819615392947523585', 'username': 'anandstdas'}]",,,,
1268803756541521920,1268803756541521920,1591341363000,2020-06-05,12:46:03,IST,1147745761930539008,bytesodisha,Odisha Bytes News,, https://odishabytes.com/odisha-fights-covid-19-heres-the-travel-advisory-for-weekend-shutdown-in-cuttack-bhubaneswar/ … @cpbbsrctc #Odisha #Coronavirus #COVID19 #Unlock1 #Bhubaneswar #Cuttack,['cpbbsrctc'],['https://odishabytes.com/odisha-fights-covid-19-heres-the-travel-advisory-for-weekend-shutdown-in-cuttack-bhubaneswar/'],[],0,0,0,"['#odisha', '#coronavirus', '#covid19', '#unlock1', '#bhubaneswar', '#cuttack']",[],https://twitter.com/BytesOdisha/status/1268803756541521920,False,,0,,,,,,,"[{'user_id': '1147745761930539008', 'username': 'BytesOdisha'}, {'user_id': '2208529736', 'username': 'cpbbsrctc'}]",,,,
1268733863376744448,1268733863376744448,1591324699000,2020-06-05,08:08:19,IST,113944555,tejal_,TCG,,"Beautiful flowers on the way to #Bhubaneswar from #Cuttack. After three months, this was a welcome sight. #Odisha #COVID19India #Unlock1  pic.twitter.com/JUvWwavFVh",[],[],"['https://pbs.twimg.com/media/EZtyqlaU0AIDX0o.jpg', 'https://pbs.twimg.com/media/EZtysiNVcAAytl3.jpg']",0,0,0,"['#bhubaneswar', '#cuttack', '#odisha', '#covid19india', '#unlock1']",[],https://twitter.com/tejal_/status/1268733863376744448,False,,0,,,,,,,"[{'user_id': '113944555', 'username': 'tejal_'}]",,,,
1268410775464407041,1268410775464407041,1591247669000,2020-06-04,10:44:29,IST,1179336322193838080,xpressodisha,TNIE Odisha,,"With #Unlock1 coming into effect from June 1, @BMC on Wednesday announced reopening of all parks in #Bhubaneswar with an exclusive time slot for senior citizens.
 https://www.newindianexpress.com/cities/bhubaneswar/2020/jun/04/covid-19-unlock-10-parks-in-bhubaneswar-reopen-2151938.html … via @NewIndianXpress","['bmc', 'newindianxpress']",['https://www.newindianexpress.com/cities/bhubaneswar/2020/jun/04/covid-19-unlock-10-parks-in-bhubaneswar-reopen-2151938.html'],[],0,3,2,"['#unlock1', '#bhubaneswar']",[],https://twitter.com/XpressOdisha/status/1268410775464407041,False,,0,,,,,,,"[{'user_id': '1179336322193838080', 'username': 'XpressOdisha'}, {'user_id': '105278750', 'username': 'BMC'}, {'user_id': '94761188', 'username': 'NewIndianXpress'}]",,,,
1268400933970472961,1268400933970472961,1591245323000,2020-06-04,10:05:23,IST,1113747196099399680,thefirstindia,First India,,"IIT-Bhubaneswar to conduct online end-semester exams for outgoing students to facilitate their timely graduation

#IIT #Bhubaneswar #Exams #Exams2020 #Unlock1  pic.twitter.com/7NekBdviri",[],[],['https://pbs.twimg.com/media/EZpDzakU4AQxjIU.jpg'],1,0,1,"['#iit', '#bhubaneswar', '#exams', '#exams2020', '#unlock1']",[],https://twitter.com/thefirstindia/status/1268400933970472961,False,,0,,,,,,,"[{'user_id': '1113747196099399680', 'username': 'thefirstindia'}]",,,,
1268399179690360833,1268399179690360833,1591244904000,2020-06-04,09:58:24,IST,3291930775,sitammoharana,SitamMoharana_ANI,,"Odia movie actor brings back labourer""s family stuck in Bangalore by Air Asia flight. #Bhubaneswar #Odisha #Unlock1 @sabyaactor https://www.indiatvnews.com/video/news/odia-movie-actor-brings-back-labourer-s-family-stuck-in-bangalore-by-air-asia-flight-623235 …",['sabyaactor'],['https://www.indiatvnews.com/video/news/odia-movie-actor-brings-back-labourer-s-family-stuck-in-bangalore-by-air-asia-flight-623235'],[],0,1,2,"['#bhubaneswar', '#odisha', '#unlock1']",[],https://twitter.com/SitamMoharana/status/1268399179690360833,False,,0,,,,,,,"[{'user_id': '3291930775', 'username': 'SitamMoharana'}, {'user_id': '301380496', 'username': 'sabyaactor'}]",,,,
1268253983434514433,1268253983434514433,1591210287000,2020-06-04,00:21:27,IST,761150831584575488,news18odia,News18 Odia,,"ବସ୍ ମାଲିକମାନେ ରାଜି ହେବା ପରେ ଏବେ ପରିବହନ କର୍ମଚାରୀ ସଙ୍ଘ ରୁଷି ବସିଛି । ସରକାରଙ୍କ ଆଗରେ କରୋନା ଭାଇରସ୍ ସମ୍ପର୍କୀୟ କେତେକ ଦାବି ରଖି ଗୁରୁବାର ଠାରୁ ରାଜ୍ୟରେ ବସ୍ ଚଳାଚଳ ବନ୍ଦ ରଖିବାକୁ ନିଷ୍ପତ୍ତି ନେଇଛି । @anandstdas #Odisha #Bhubaneswar #bus #transport #Unlock1

ପଢ଼ନ୍ତୁ ପୂରା ଖବର: http://odia.news18.com/news/coronavirus-latest-news/private-buses-will-not-ply-in-odisha-from-today-as-transport-workers-are-on-strike-0306-ad-ss1-11957.html …",['anandstdas'],['http://odia.news18.com/news/coronavirus-latest-news/private-buses-will-not-ply-in-odisha-from-today-as-transport-workers-are-on-strike-0306-ad-ss1-11957.html'],[],0,3,15,"['#odisha', '#bhubaneswar', '#bus', '#transport', '#unlock1']",[],https://twitter.com/News18Odia/status/1268253983434514433,False,,0,,,,,,,"[{'user_id': '761150831584575488', 'username': 'News18Odia'}, {'user_id': '819615392947523585', 'username': 'anandstdas'}]",,,,
1268250109764087810,1268250109764087810,1591209363000,2020-06-04,00:06:03,IST,761150831584575488,news18odia,News18 Odia,,"ତନୁଶ୍ରୀଙ୍କ ଘର ଚଟାଣରେ ପଡ଼ି ରହିଥିଲା ଅବୋଧ ବାଳକ ସାଇରାମ୍ । ତା’ ବେକରେ ଏକ ଓଢ଼ଣୀ ଲାଗିଥିଲା ଓ ପାଟିରୁ ରକ୍ତ ବାହାରୁଥିଲା । ତା’ ପାଖରେ ତନୁଶ୍ରୀ ମଧ୍ଯ ଏକ ଖଟ ଉପରେ ଅଚେତ ଅବସ୍ଥାରେ ପଡ଼ିଥିଲେ l @anandstdas #Bhubaneswar #Odisha #crime #murder #Lockdown5 #Unlock1 

ପଢ଼ନ୍ତୁ ପୂରା ଖବର: http://odia.news18.com/news/odisha/five-year-old-boy-suspected-to-be-killed-by-neighbour-woman-in-bhubaneswar-odisha-0306-ad-ppb-11969.html …",['anandstdas'],['http://odia.news18.com/news/odisha/five-year-old-boy-suspected-to-be-killed-by-neighbour-woman-in-bhubaneswar-odisha-0306-ad-ppb-11969.html'],[],0,4,11,"['#bhubaneswar', '#odisha', '#crime', '#murder', '#lockdown5', '#unlock1']",[],https://twitter.com/News18Odia/status/1268250109764087810,False,,0,,,,,,,"[{'user_id': '761150831584575488', 'username': 'News18Odia'}, {'user_id': '819615392947523585', 'username': 'anandstdas'}]",,,,
1268142393175359489,1268142393175359489,1591183682000,2020-06-03,16:58:02,IST,761150831584575488,news18odia,News18 Odia,,"ସକାଳ ୫ଟାରୁ ୧୦ଟା ପର୍ଯ୍ୟନ୍ତ ଓ ସନ୍ଧ୍ୟାରେ ୪ରୁ ୬ଟା ପର୍ଯ୍ୟନ୍ତ ଖୋଲା ରହିବ ପାର୍କ । ସକାଳ ୫ଟା ରୁ ୭ଟା ପର୍ଯ୍ୟନ୍ତ ସବୁ ପାର୍କକୁ କେବଳ ସିନିଅର ସିଟିଜେନ (୬୦ ବର୍ଷ ବା ଅଧିକ) ଯାଇପାରିବେ । ଶନିବାର ଓ ରବିବାର ବନ୍ଦ ରହିବ ପାର୍କ । @anandstdas #Odisha #Bhubaneswar #Unlock1

ପଢ଼ନ୍ତୁ ପୂରା ଖବର: http://odia.news18.com/news/coronavirus-latest-news/parks-in-bhubaneswar-odisha-are-reopening-for-public-with-coronavirus-rules-0306-ad-nbb-11929.html …",['anandstdas'],['http://odia.news18.com/news/coronavirus-latest-news/parks-in-bhubaneswar-odisha-are-reopening-for-public-with-coronavirus-rules-0306-ad-nbb-11929.html'],[],0,4,10,"['#odisha', '#bhubaneswar', '#unlock1']",[],https://twitter.com/News18Odia/status/1268142393175359489,False,,0,,,,,,,"[{'user_id': '761150831584575488', 'username': 'News18Odia'}, {'user_id': '819615392947523585', 'username': 'anandstdas'}]",,,,
1267890840019451905,1267890840019451905,1591123707000,2020-06-03,00:18:27,IST,761150831584575488,news18odia,News18 Odia,,"ଏହି ପାଞ୍ଚଟି ଟ୍ରେନ୍ ଜୁନ୍ ୮ରୁ ୩୦ ତାରିଖ ମଧ୍ୟରେ ଚାଲିବ । ଶନିବାର ଓ ରବିବାର ଏହି ଟ୍ରେନଗୁଡ଼ିକ ଚଳାଚଳ କରିବ ନାହିଁ । ଜାଣନ୍ତୁ କେଉଁ କେଉଁ ସ୍ଥାନରୁ ଓ କେଉଁ ସମୟରେ ଏହି ଟ୍ରେନଗୁଡ଼ିକ ଚାଲିବ । @anandstdas #Odisha #train #railways #Coronavirus #Unlock1 #Bhubaneswar

ପଢ଼ନ୍ତୁ ପୂରା ଖବର: http://odia.news18.com/news/odisha/five-special-trains-will-run-inside-odisha-starting-june-8-says-railways-0206-ad-11889.html …",['anandstdas'],['http://odia.news18.com/news/odisha/five-special-trains-will-run-inside-odisha-starting-june-8-says-railways-0206-ad-11889.html'],[],0,4,25,"['#odisha', '#train', '#railways', '#coronavirus', '#unlock1', '#bhubaneswar']",[],https://twitter.com/News18Odia/status/1267890840019451905,False,,0,,,,,,,"[{'user_id': '761150831584575488', 'username': 'News18Odia'}, {'user_id': '819615392947523585', 'username': 'anandstdas'}]",,,,
1267882539085000704,1267882539085000704,1591121728000,2020-06-02,23:45:28,IST,761150831584575488,news18odia,News18 Odia,,"ଲକଡାଉନ ନିୟମାବଳୀର ଉଲ୍ଲଙ୍ଘନ କରି ଭୁବନେଶ୍ୱର ଓ ଆଖପାଖ ଅଞ୍ଚଳରେ ଆୟୋଜିତ ବିବାହ ଓ ଶୁଦ୍ଧକ୍ରିୟା ଆଦି ସାମାଜିକ କାର୍ଯ୍ୟରେ ଶତାଧିକ ଲୋକ ଭାଗନେଉଥିବା ଦେଖିବାକୁ ମିଳୁଛି । @anandstdas #Bhubaneswar #Odisha #lockdown #coronavirus #Unlock1 #SocialDistancing #COVID19

ପଢ଼ନ୍ତୁ ପୂରା ଖବର: http://odia.news18.com/news/coronavirus-latest-news/people-in-bhubaneswar-odisha-lax-in-lockdown-rules-so-police-will-be-stricter-with-them-0206-ad-ss1-11879.html …",['anandstdas'],['http://odia.news18.com/news/coronavirus-latest-news/people-in-bhubaneswar-odisha-lax-in-lockdown-rules-so-police-will-be-stricter-with-them-0206-ad-ss1-11879.html'],[],1,5,7,"['#bhubaneswar', '#odisha', '#lockdown', '#coronavirus', '#unlock1', '#socialdistancing', '#covid19']",[],https://twitter.com/News18Odia/status/1267882539085000704,False,,0,,,,,,,"[{'user_id': '761150831584575488', 'username': 'News18Odia'}, {'user_id': '819615392947523585', 'username': 'anandstdas'}]",,,,
1267813476367339521,1267813476367339521,1591105262000,2020-06-02,19:11:02,IST,2589377132,drmsdah,DRM Sealdah,,"#SealdahRailwayFightersagainstCorona
Passengers are getting ready to board 02201 Sealdah-Bhubaneswar Tri-weekly Special from Sealdah Railway Station. This is the first train departing from Sealdah Station among 200 Special trains to start on 01.06.2020 the first day of #Unlock1  pic.twitter.com/JU94en9fIi",[],[],"['https://pbs.twimg.com/media/EZgtl7sVcAADu5l.jpg', 'https://pbs.twimg.com/media/EZgtmuPUwAIpRJY.jpg', 'https://pbs.twimg.com/media/EZgtnimUwAEeQno.jpg', 'https://pbs.twimg.com/media/EZgtoTkUYAYpdJf.jpg']",1,3,38,"['#sealdahrailwayfightersagainstcorona', '#unlock1']",[],https://twitter.com/drmsdah/status/1267813476367339521,False,,0,,,,,,,"[{'user_id': '2589377132', 'username': 'drmsdah'}]",,,,
1267411500001607680,1267411500001607680,1591009423000,2020-06-01,16:33:43,IST,761150831584575488,news18odia,News18 Odia,,"ଲକଡାଉନ ପର ଠାରୁ ଆଜି ପ୍ରଥମ ଥର ସର୍ବସାଧାରଣଙ୍କ ପାଇଁ ରେଳସେବା ଆରମ୍ଭ ହୋଇଥିବାରୁ କଟକ ରେଳ ଷ୍ଟେସନରେ ସ୍ବତନ୍ତ୍ର ବ୍ୟବସ୍ଥା କରାଯାଇଥିଲା । ପ୍ରଥମ ଟ୍ରେନ ଭାବେ ଓଡ଼ିଶାରୁ ଚାଲିଲା ଜନଶତାବ୍ଦୀ ଏକ୍ସପ୍ରେସ । @anandstdas #Odisha #Unlock1 #Cuttack #Bhubaneswar #trains 

ପଢ଼ନ୍ତୁ ପୂରା ଖବର: http://odia.news18.com/news/coronavirus-latest-news/trains-start-running-from-and-to-cuttack-in-odisha-as-unlock-1-starts-0106-ad-nmc-11767.html …",['anandstdas'],['http://odia.news18.com/news/coronavirus-latest-news/trains-start-running-from-and-to-cuttack-in-odisha-as-unlock-1-starts-0106-ad-nmc-11767.html'],[],0,3,5,"['#odisha', '#unlock1', '#cuttack', '#bhubaneswar', '#trains']",[],https://twitter.com/News18Odia/status/1267411500001607680,False,,0,,,,,,,"[{'user_id': '761150831584575488', 'username': 'News18Odia'}, {'user_id': '819615392947523585', 'username': 'anandstdas'}]",,,,
1267351549174571008,1267351549174571008,1590995130000,2020-06-01,12:35:30,IST,3301564592,ashaasserts,Asha J Mohapatra,,"Welcome To #Unlock1 #unlockone
#Bhubaneswar Traffic Scenes 
Normalcy In Road n Traffic Chaos Are Back 😂  pic.twitter.com/05XQ6OPyDW",[],[],"['https://pbs.twimg.com/media/EZaJdHXWoAExurV.jpg', 'https://pbs.twimg.com/media/EZaJdHQWAAA226U.jpg']",2,0,20,"['#unlock1', '#unlockone', '#bhubaneswar']",[],https://twitter.com/AshaAsserts/status/1267351549174571008,False,,0,,,,,,,"[{'user_id': '3301564592', 'username': 'AshaAsserts'}]",,,,
1267318947797282816,1267318947797282816,1590987357000,2020-06-01,10:25:57,IST,957577037388005377,shalu_g16,Shalu Gupta,,"Super crowded roads. 
That’s what #Unlock1 feels like in #Bhubaneswar",[],[],[],0,0,0,"['#unlock1', '#bhubaneswar']",[],https://twitter.com/Shalu_g16/status/1267318947797282816,False,,0,,,,,,,"[{'user_id': '957577037388005377', 'username': 'Shalu_g16'}]",,,,
1267246927885803525,1267246927885803525,1590970186000,2020-06-01,05:39:46,IST,157991071,biswasukla3333,biswa,,12074 Bhubaneswar-howrah Jansatabdi dt 1 June 6:00AM starts it's journey.#Unlock1 #COVIDUpdates #railwayministry #ministryofRailway #PiyushGoyal pic.twitter.com/Ir5nEm3pg0,[],[],['https://pbs.twimg.com/media/EZYqVzvUMAA-ME-.jpg'],0,0,0,"['#unlock1', '#covidupdates', '#railwayministry', '#ministryofrailway', '#piyushgoyal']",[],https://twitter.com/Biswasukla3333/status/1267246927885803525,False,,0,,,,,,,"[{'user_id': '157991071', 'username': 'Biswasukla3333'}]",,,,
