id,conversation_id,created_at,date,time,timezone,user_id,username,name,place,tweet,mentions,urls,photos,replies_count,retweets_count,likes_count,hashtags,cashtags,link,retweet,quote_url,video,near,geo,source,user_rt_id,user_rt,retweet_id,reply_to,retweet_date,translate,trans_src,trans_dest
1277500118741053440,1277500118741053440,1593414737000,2020-06-29,12:42:17,IST,852553470,ptcnews,PTC NEWS,,"ਕੋਰੋਨਾ ਨੂੰ ਲੈ ਕੇ ਕੀ ਹੈ ਪੰਜਾਬ ਦੀ ਸਥਿਤੀ ?

#PunjabGovernment #Jalandhar #Amritsar #Lockdown #Unlock1 #Curfew #Punjab #PunjabNews #punjabinews #coronavirus https://youtu.be/LJWD6MgcwlU ",[],['https://youtu.be/LJWD6MgcwlU'],[],0,0,1,"['#punjabgovernment', '#jalandhar', '#amritsar', '#lockdown', '#unlock1', '#curfew', '#punjab', '#punjabnews', '#punjabinews', '#coronavirus']",[],https://twitter.com/ptcnews/status/1277500118741053440,False,,0,,,,,,,"[{'user_id': '852553470', 'username': 'ptcnews'}]",,,,
1276398386711654410,1276398386711654410,1593152064000,2020-06-26,11:44:24,IST,852553470,ptcnews,PTC NEWS,,"ਜਾਣੋ, ਕੋਰੋਨਾ ਨੂੰ ਲੈ ਕੇ ਕੀ ਹੈ ਪੰਜਾਬ ਦੀ ਸਥਿਤੀ ?

#PunjabGovernment #Jalandhar #Amritsar #Lockdown #Unlock1 #Curfew #Punjab #PunjabNews #punjabinews #coronavirus https://youtu.be/LVjVELXTwOU ",[],['https://youtu.be/LVjVELXTwOU'],[],0,0,2,"['#punjabgovernment', '#jalandhar', '#amritsar', '#lockdown', '#unlock1', '#curfew', '#punjab', '#punjabnews', '#punjabinews', '#coronavirus']",[],https://twitter.com/ptcnews/status/1276398386711654410,False,,0,,,,,,,"[{'user_id': '852553470', 'username': 'ptcnews'}]",,,,
1275389062501691400,1275389062501691400,1592911422000,2020-06-23,16:53:42,IST,567278796,pibchandigarh,PIB in Chandigarh,,"ਹਾਲਾਂਕਿ ਦੇਸ਼ ਵਿੱਚ #COVID19 ਕੇਸਾਂ ਦੀ ਗਿਣਤੀ ਲਗਾਤਾਰ ਵੱਧਦੀ ਜਾ ਰਹੀ ਹੈ, ਪਰ ਜਿਵੇਂ ਕਿ #Amritsar ਵਿਖੇ ਦੁੱਧ ਦੀ ਡੇਅਰੀ ਦੇ ਮਾਲਕ ਸ਼੍ਰੀ ਸੁਖਵਿੰਦਰ ਸਿੰਘ ਨੇ ਦੱਸਿਆ ਹੈ #Unlock1 ਵਿੱਚ  ਵਪਾਰੀਆਂ ਦਰਮਿਆਨ ਸਕਰਾਤਮਕਤਾ ਦੀ ਭਾਵਨਾ ਅਤੇ ਨਵੀਂ ਉਮੀਦ ਦਾ ਸੰਚਾਰ ਹੋਇਆ ਹੈ।#IndiaMoves
@PIB_India
@MIB_India https://twitter.com/PIBChandigarh/status/1275310332936810496 …","['pib_india', 'mib_india']",['https://twitter.com/PIBChandigarh/status/1275310332936810496'],[],0,1,1,"['#covid19', '#amritsar', '#unlock1', '#indiamoves']",[],https://twitter.com/PIBChandigarh/status/1275389062501691400,False,https://twitter.com/PIBChandigarh/status/1275310332936810496,0,,,,,,,"[{'user_id': '567278796', 'username': 'PIBChandigarh'}, {'user_id': '231033118', 'username': 'PIB_India'}, {'user_id': '920488039', 'username': 'MIB_India'}]",,,,
1275311557392560128,1275311557392560128,1592892944000,2020-06-23,11:45:44,IST,902151402964738051,pibshimla,PIB in Himachal Pradesh,,"Even though the number of #COVID19 cases continue to inch up in the country, the roll out of #Unlock1  has infused a sentiment of postivity and hope amongst the businessmen as stated by Shri Sukwinder Singh, a milk dairy owner in #Amritsar
@PIB_India @MIB_India @PunjabGovtIndia pic.twitter.com/oQcDpyLqqQ","['pib_india', 'mib_india', 'punjabgovtindia']",[],[],0,1,0,"['#covid19', '#unlock1', '#amritsar']",[],https://twitter.com/PIBShimla/status/1275311557392560128,False,,1,,,,,,,"[{'user_id': '902151402964738051', 'username': 'PIBShimla'}, {'user_id': '231033118', 'username': 'PIB_India'}, {'user_id': '920488039', 'username': 'MIB_India'}, {'user_id': '2998200620', 'username': 'PunjabGovtIndia'}]",,,,
1275310332936810496,1275310332936810496,1592892652000,2020-06-23,11:40:52,IST,567278796,pibchandigarh,PIB in Chandigarh,,"Even though the number of #COVID19 cases continue to inch up in the country, the roll out of #Unlock1  has infused a sentiment of postivity and hope amongst the businessmen as stated by Shri Sukwinder Singh, a milk dairy owner in #Amritsar
#IndiaMoves
@PIB_India @MIB_India pic.twitter.com/ytd6oahAKw","['pib_india', 'mib_india']",[],[],0,1,0,"['#covid19', '#unlock1', '#amritsar', '#indiamoves']",[],https://twitter.com/PIBChandigarh/status/1275310332936810496,False,,1,,,,,,,"[{'user_id': '567278796', 'username': 'PIBChandigarh'}, {'user_id': '231033118', 'username': 'PIB_India'}, {'user_id': '920488039', 'username': 'MIB_India'}]",,,,
1275253873091858432,1275253873091858432,1592879191000,2020-06-23,07:56:31,IST,4752707640,robchandigarh,ROB Chandigarh,,"Even though the number of #COVID19 cases continue to inch up in the country, the roll out of #Unlock1  has infused a sentiment of postivity and hope amongst the businessmen as stated by Shri Sukwinder Singh, a milk dairy owner in #Amritsar
#IndiaMoves
@BOC_MIB @PIB_India pic.twitter.com/hpokELzgio","['boc_mib', 'pib_india']",[],[],0,7,9,"['#covid19', '#unlock1', '#amritsar', '#indiamoves']",[],https://twitter.com/ROBChandigarh/status/1275253873091858432,False,,1,,,,,,,"[{'user_id': '4752707640', 'username': 'ROBChandigarh'}, {'user_id': '2586283550', 'username': 'BOC_MIB'}, {'user_id': '231033118', 'username': 'PIB_India'}]",,,,
1273832851083898882,1273832851083898882,1592540393000,2020-06-19,09:49:53,IST,1211291550241570818,newsphh,News PHH (PunjabHaryanaHimachal),,"क्या देश आत्मनिर्भरता की ओर बढ़ रहा है ?
#NewsPHH #Punjab #Haryana #Himachal #Chandigarh #Amritsar #Jalandhar #Patiala #Mansa #Mohali #Karnal #Faridabad #Hisar #Rohtak #Sirsa #Bhiwani #Shimla #Solan #Kangra #Mandi #Kullu #Unlock1 #FridayMorning",[],[],[],0,3,1,"['#newsphh', '#punjab', '#haryana', '#himachal', '#chandigarh', '#amritsar', '#jalandhar', '#patiala', '#mansa', '#mohali', '#karnal', '#faridabad', '#hisar', '#rohtak', '#sirsa', '#bhiwani', '#shimla', '#solan', '#kangra', '#mandi', '#kullu', '#unlock1', '#fridaymorning']",[],https://twitter.com/newsphh/status/1273832851083898882,False,,0,,,,,,,"[{'user_id': '1211291550241570818', 'username': 'newsphh'}]",,,,
1273462606259347457,1273462606259347457,1592452119000,2020-06-18,09:18:39,IST,1211291550241570818,newsphh,News PHH (PunjabHaryanaHimachal),,"क्या भारतीय नागरिकों को भी चीनी सामान का बॉयकॉट कर चीन के खिलाफ लड़ाई में अपना योगदान देना चाहिए ?
#NewsPHH #Punjab #Haryana #Himachal #Chandigarh #Amritsar #Patiala @Mansa #Karnal #Rohtak #Hisar #Shimla #Solan #Kangra #Unlock1 #Stayathome",['mansa'],[],[],0,3,1,"['#newsphh', '#punjab', '#haryana', '#himachal', '#chandigarh', '#amritsar', '#patiala', '#karnal', '#rohtak', '#hisar', '#shimla', '#solan', '#kangra', '#unlock1', '#stayathome']",[],https://twitter.com/newsphh/status/1273462606259347457,False,,0,,,,,,,"[{'user_id': '1211291550241570818', 'username': 'newsphh'}, {'user_id': '18859370', 'username': 'Mansa'}]",,,,
1273124025376653314,1273124025376653314,1592371395000,2020-06-17,10:53:15,IST,567278796,pibchandigarh,PIB in Chandigarh,,"With the government allowing opening up of malls under #Unlock1, another such mall becomes fully operational in Amritsar, #Punjab with the customers wearing masks & also adhering to #PhysicalDistancing.

#IndiaMoves
@PIB_India @MIB_India @PunjabGovtIndia pic.twitter.com/szoq2iFNu5","['pib_india', 'mib_india', 'punjabgovtindia']",[],[],0,3,3,"['#unlock1', '#punjab', '#physicaldistancing', '#indiamoves']",[],https://twitter.com/PIBChandigarh/status/1273124025376653314,False,,1,,,,,,,"[{'user_id': '567278796', 'username': 'PIBChandigarh'}, {'user_id': '231033118', 'username': 'PIB_India'}, {'user_id': '920488039', 'username': 'MIB_India'}, {'user_id': '2998200620', 'username': 'PunjabGovtIndia'}]",,,,
1273121580789481475,1273121580789481475,1592370812000,2020-06-17,10:43:32,IST,902151402964738051,pibshimla,PIB in Himachal Pradesh,,"With the government allowing opening up of malls under #Unlock1, another such mall becomes fully operational in Amritsar, #Punjab with the customers wearing masks & also adhering to #PhysicalDistancing
#IndiaMoves
@PIB_India @MIB_India @PunjabGovtIndia pic.twitter.com/Ia3mQ4T7BY","['pib_india', 'mib_india', 'punjabgovtindia']",[],[],0,1,1,"['#unlock1', '#punjab', '#physicaldistancing', '#indiamoves']",[],https://twitter.com/PIBShimla/status/1273121580789481475,False,,1,,,,,,,"[{'user_id': '902151402964738051', 'username': 'PIBShimla'}, {'user_id': '231033118', 'username': 'PIB_India'}, {'user_id': '920488039', 'username': 'MIB_India'}, {'user_id': '2998200620', 'username': 'PunjabGovtIndia'}]",,,,
1273067033752506368,1273067033752506368,1592357807000,2020-06-17,07:06:47,IST,4752707640,robchandigarh,ROB Chandigarh,,"With the government allowing opening up of malls under #Unlock1, another such mall becomes fully operational in Amritsar, Punjab with the customers wearing masks & also adhering to #PhysicalDistancing
#IndiaMoves
@PIB_India @MIB_India @BOC_MIB pic.twitter.com/djZBbpgl3O","['pib_india', 'mib_india', 'boc_mib']",[],[],0,12,9,"['#unlock1', '#physicaldistancing', '#indiamoves']",[],https://twitter.com/ROBChandigarh/status/1273067033752506368,False,,1,,,,,,,"[{'user_id': '4752707640', 'username': 'ROBChandigarh'}, {'user_id': '231033118', 'username': 'PIB_India'}, {'user_id': '920488039', 'username': 'MIB_India'}, {'user_id': '2586283550', 'username': 'BOC_MIB'}]",,,,
1272732653037383680,1272732653037383680,1592278085000,2020-06-16,08:58:05,IST,1211291550241570818,newsphh,News PHH (PunjabHaryanaHimachal),,"क्या कोरोना काल में लोगों को तनाव मुक्त रखने के लिए भी कैंपेन चलानी चाहिए ?
#NewsPHH #Punjab #Haryana #Himachal #Chandigarh #Amritsar #Jalandhar #Muktsar #Mansa #Karnal #Sirsa #Hisar #Gurgram #Shimla #Solan #Chamba #Kangra #Mandi #Unlock1 #TuesdayMorning",[],[],[],0,5,1,"['#newsphh', '#punjab', '#haryana', '#himachal', '#chandigarh', '#amritsar', '#jalandhar', '#muktsar', '#mansa', '#karnal', '#sirsa', '#hisar', '#gurgram', '#shimla', '#solan', '#chamba', '#kangra', '#mandi', '#unlock1', '#tuesdaymorning']",[],https://twitter.com/newsphh/status/1272732653037383680,False,,0,,,,,,,"[{'user_id': '1211291550241570818', 'username': 'newsphh'}]",,,,
1272582841302257665,1272582841302257665,1592242367000,2020-06-15,23:02:47,IST,565462327,aayushgoel83,Aayush,,"#BreakingNews
#Punjab #coronavirus cases on rise.
Reports 127 new #COVID19 cases, #Ludhiana adds 33 #Jalandhar 23 #Amritsar 20.
Total 3267. 

#PunjabCoronavirusUpdate #PunjabFightsCorona #COVIDー19 #CoronaUpdate @CMOPb #Lockdown5 #Unlock1 #unlockone #COVID19 @COVIDNewsByMIB pic.twitter.com/6oWwTJXoae","['cmopb', 'covidnewsbymib']",[],"['https://pbs.twimg.com/media/EakfVJzU0AADuG9.jpg', 'https://pbs.twimg.com/media/EakfV0vU4AIZFNZ.jpg']",0,0,0,"['#breakingnews', '#punjab', '#coronavirus', '#covid19', '#ludhiana', '#jalandhar', '#amritsar', '#punjabcoronavirusupdate', '#punjabfightscorona', '#covidー19', '#coronaupdate', '#lockdown5', '#unlock1', '#unlockone', '#covid19']",[],https://twitter.com/aayushgoel83/status/1272582841302257665,False,,0,,,,,,,"[{'user_id': '565462327', 'username': 'aayushgoel83'}, {'user_id': '1015206768694190081', 'username': 'CMOPb'}, {'user_id': '1244892413262311425', 'username': 'COVIDNewsByMIB'}]",,,,
1272175126713208832,1272175126713208832,1592145160000,2020-06-14,20:02:40,IST,565462327,aayushgoel83,Aayush,,"#BreakingNews

 77 new #COVID19 cases, #Ludhiana adds 22
#Amritsar tops with 206 active #coronavirus cases
 #Punjab total 3140. 

#PunjabCoronavirusUpdate #PunjabFightsCorona #COVIDー19 #CoronaUpdate @CMOPb #Lockdown5 #Unlock1 #COVID19 @COVIDNewsByMIB @TheWeekLive @pcs_iqbal pic.twitter.com/ljQMPoXY7W","['cmopb', 'covidnewsbymib', 'theweeklive', 'pcs_iqbal']",[],"['https://pbs.twimg.com/media/Eaesg2WUEAAU_nA.jpg', 'https://pbs.twimg.com/media/EaeshscUYAUn14Q.jpg']",0,0,1,"['#breakingnews', '#covid19', '#ludhiana', '#amritsar', '#coronavirus', '#punjab', '#punjabcoronavirusupdate', '#punjabfightscorona', '#covidー19', '#coronaupdate', '#lockdown5', '#unlock1', '#covid19']",[],https://twitter.com/aayushgoel83/status/1272175126713208832,False,,0,,,,,,,"[{'user_id': '565462327', 'username': 'aayushgoel83'}, {'user_id': '1015206768694190081', 'username': 'CMOPb'}, {'user_id': '1244892413262311425', 'username': 'COVIDNewsByMIB'}, {'user_id': '400630125', 'username': 'TheWeekLive'}, {'user_id': '965411209909547008', 'username': 'pcs_iqbal'}]",,,,
1271428760940638211,1271428760940638211,1591967213000,2020-06-12,18:36:53,IST,565462327,aayushgoel83,Aayush,,"#BreakingNews
#Punjab #coronavirus cases on rise.
Reports 99 new #COVID19 cases, #Amritsar adds 63.
state tally now at 2986

#PunjabCoronavirusUpdate #PunjabFightsCorona #COVIDー19 #CoronaUpdate @CMOPb #Lockdown5 #Unlock1 #unlockone #COVID19 @COVIDNewsByMIB @TheWeekLive pic.twitter.com/3PeNVTNtcL","['cmopb', 'covidnewsbymib', 'theweeklive']",[],"['https://pbs.twimg.com/media/EaUFsphUYAAu53s.jpg', 'https://pbs.twimg.com/media/EaUFtbnVcAIZuZP.jpg']",0,0,0,"['#breakingnews', '#punjab', '#coronavirus', '#covid19', '#amritsar', '#punjabcoronavirusupdate', '#punjabfightscorona', '#covidー19', '#coronaupdate', '#lockdown5', '#unlock1', '#unlockone', '#covid19']",[],https://twitter.com/aayushgoel83/status/1271428760940638211,False,,0,,,,,,,"[{'user_id': '565462327', 'username': 'aayushgoel83'}, {'user_id': '1015206768694190081', 'username': 'CMOPb'}, {'user_id': '1244892413262311425', 'username': 'COVIDNewsByMIB'}, {'user_id': '400630125', 'username': 'TheWeekLive'}]",,,,
1270353677308489728,1270353677308489728,1591710893000,2020-06-09,19:24:53,IST,852553470,ptcnews,PTC NEWS,,"ਮੁੱਖ ਮੰਤਰੀ ਕੈਪਟਨ ਅਮਰਿੰਦਰ ਸਿੰਘ ਅੰਮ੍ਰਿਤਸਰ ਦੇ ਵਿਧਾਇਕਾਂ ਨਾਲ ਲੰਚ ਕਰਕੇ ਟਟੋਲ ਰਹੇ ਨੇ ਮਾਝੇ ਦੀ ਨਬਜ਼
@capt_amarinder @sherryontopp #Amritsar #PunjabGovernment #LunchDiplomacy #Lockdown #Unlock1 #Curfew #punjabinews https://youtu.be/g5pfMZC_0ZU ","['capt_amarinder', 'sherryontopp']",['https://youtu.be/g5pfMZC_0ZU'],[],0,0,4,"['#amritsar', '#punjabgovernment', '#lunchdiplomacy', '#lockdown', '#unlock1', '#curfew', '#punjabinews']",[],https://twitter.com/ptcnews/status/1270353677308489728,False,,0,,,,,,,"[{'user_id': '852553470', 'username': 'ptcnews'}, {'user_id': '263090427', 'username': 'capt_amarinder'}, {'user_id': '1320600308', 'username': 'sherryontopp'}]",,,,
1269988547106238464,1269988547106238464,1591623839000,2020-06-08,19:13:59,IST,34245009,indiatvnews,India TV,,"SGPC authorities defy lockdown guidelines, offer langar at Golden Temple

#GoldenTemple #Amritsar #Unlock1 #coronavirus https://www.indiatvnews.com/news/india/golden-temple-offer-langar-sgpc-authorities-defy-lockdown-guidelines-624562 …",[],['https://www.indiatvnews.com/news/india/golden-temple-offer-langar-sgpc-authorities-defy-lockdown-guidelines-624562'],[],2,8,37,"['#goldentemple', '#amritsar', '#unlock1', '#coronavirus']",[],https://twitter.com/indiatvnews/status/1269988547106238464,False,,0,,,,,,,"[{'user_id': '34245009', 'username': 'indiatvnews'}]",,,,
1269930121990778880,1269930121990778880,1591609909000,2020-06-08,15:21:49,IST,1269140878951510016,khabaraap,Aap ki Khabar India,,"पाबंदियों के साथ देश भर में खुले धार्मिक स्थल, इन पांच बड़े शहरों में यूं भक्तिमय हुआ माहौल
#Unlock1 #Amritsar #GoldenTemple https://youtu.be/-rAU9Y5k_GA ",[],['https://youtu.be/-rAU9Y5k_GA'],[],0,0,0,"['#unlock1', '#amritsar', '#goldentemple']",[],https://twitter.com/KhabarAap/status/1269930121990778880,False,,0,,,,,,,"[{'user_id': '1269140878951510016', 'username': 'KhabarAap'}]",,,,
1269893470283419649,1269893470283419649,1591601171000,2020-06-08,12:56:11,IST,1874798778,thehansindiaweb,The Hans India,,"Devotees return to Golden Temple, Durgiana temple #GoldenTemple #Amritsar #Unlock1.0 #Punjab #COVID19 https://www.thehansindia.com/news/national/devotees-return-to-golden-temple-durgiana-temple-626874?utm_campaign=pubshare&utm_source=Twitter&utm_medium=1874798778&utm_content=auto-link&utm_id=139 …",[],['https://www.thehansindia.com/news/national/devotees-return-to-golden-temple-durgiana-temple-626874?utm_campaign=pubshare&utm_source=Twitter&utm_medium=1874798778&utm_content=auto-link&utm_id=139'],[],0,0,1,"['#goldentemple', '#amritsar', '#unlock1', '#punjab', '#covid19']",[],https://twitter.com/TheHansIndiaWeb/status/1269893470283419649,False,,0,,,,,,,"[{'user_id': '1874798778', 'username': 'TheHansIndiaWeb'}]",,,,
1269848372560531458,1269848372560531458,1591590419000,2020-06-08,09:56:59,IST,1113747196099399680,thefirstindia,First India,,"#Punjab | Devotees visit Harmandir Sahib (Golden Temple) in Amritsar to offer prayers as Government allows reopening of religious places from today.

#punjabfightscorona #Unlock #UnlockIndia #Unlock1 #unlockone #coronavirus pic.twitter.com/Z8f3V2kRlp",[],[],[],0,0,0,"['#punjab', '#punjabfightscorona', '#unlock', '#unlockindia', '#unlock1', '#unlockone', '#coronavirus']",[],https://twitter.com/thefirstindia/status/1269848372560531458,False,,1,,,,,,,"[{'user_id': '1113747196099399680', 'username': 'thefirstindia'}]",,,,
1269847088990478337,1269847088990478337,1591590113000,2020-06-08,09:51:53,IST,346406417,tv9gujarati,tv9gujarati,,"#Punjab: Devotees visit Harmandir Sahib (Golden Temple), Amritsar to offer prayers as Govt allows reopening of religious places from today. #Unlock1 #coronavirus pic.twitter.com/yJ2MSYinwL",[],[],"['https://pbs.twimg.com/media/EZ9nMMXXQAAiNCf.jpg', 'https://pbs.twimg.com/media/EZ9nMMVWkAAw8zl.jpg', 'https://pbs.twimg.com/media/EZ9nMMcWkAE4Ole.jpg']",0,1,16,"['#punjab', '#unlock1', '#coronavirus']",[],https://twitter.com/tv9gujarati/status/1269847088990478337,False,,0,,,,,,,"[{'user_id': '346406417', 'username': 'tv9gujarati'}]",,,,
1269844982795403265,1269844982795403265,1591589611000,2020-06-08,09:43:31,IST,631810714,cnbctv18news,CNBC-TV18,,"#Visuals | Devotees visit Golden Temple in Amritsar to offer prayers as govt allows reopening of religious places from today #Unlock1

(📷: ANI)  pic.twitter.com/FEzyCP2dRN",[],[],"['https://pbs.twimg.com/media/EZ9lQufUYAAjSxU.jpg', 'https://pbs.twimg.com/media/EZ9lQugU8AABLUx.jpg', 'https://pbs.twimg.com/media/EZ9lQufU4AMQ00H.jpg']",0,0,37,"['#visuals', '#unlock1']",[],https://twitter.com/CNBCTV18News/status/1269844982795403265,False,,0,,,,,,,"[{'user_id': '631810714', 'username': 'CNBCTV18News'}]",,,,
1269538112792715266,1269538112792715266,1591516447000,2020-06-07,13:24:07,IST,852553470,ptcnews,PTC NEWS,,"ਅੰਮ੍ਰਿਤਸਰ: ਘਰ ਜਾਣ ਲਈ ਬੇਤਾਬ ਪ੍ਰਵਾਸੀ ਮਜ਼ਦੂਰਾਂ ਵੱਲੋਂ ਰੇਲਵੇ ਸਟੇਸ਼ਨ ਦੇ ਬਾਹਰ ਧਰਨਾ ਪ੍ਰਦਰਸ਼ਨ 
#punjabinews #PunjabNews #Migrants #Lockdown #Unlock1 #Amritsar #RailwayStation #Protest #AmritsarNews https://youtu.be/gkpJu4xYrhE ",[],['https://youtu.be/gkpJu4xYrhE'],[],0,1,2,"['#punjabinews', '#punjabnews', '#migrants', '#lockdown', '#unlock1', '#amritsar', '#railwaystation', '#protest', '#amritsarnews']",[],https://twitter.com/ptcnews/status/1269538112792715266,False,,0,,,,,,,"[{'user_id': '852553470', 'username': 'ptcnews'}]",,,,
1268128423706165249,1268128423706165249,1591180351000,2020-06-03,16:02:31,IST,852553470,ptcnews,PTC NEWS,,"ਅੰਮ੍ਰਿਤਸਰ: ਨਹੀਂ ਖ਼ਤਮ ਹੋਣ ਦਾ ਨਾਮ ਲੈ ਰਹੀਆਂ ਪ੍ਰਵਾਸੀ ਮਜ਼ਦੂਰਾਂ ਦੀਆਂ ਦਿੱਕਤਾਂ 
#punjabinews #Migrants #Protest #NeedyPeople #Amritsar #AmritsarNews #Lockdown #Unlock1 #PunjabGovernment https://youtu.be/Jmj0s85y4LQ ",[],['https://youtu.be/Jmj0s85y4LQ'],[],0,0,2,"['#punjabinews', '#migrants', '#protest', '#needypeople', '#amritsar', '#amritsarnews', '#lockdown', '#unlock1', '#punjabgovernment']",[],https://twitter.com/ptcnews/status/1268128423706165249,False,,0,,,,,,,"[{'user_id': '852553470', 'username': 'ptcnews'}]",,,,
1268119381982285824,1268119381982285824,1591178195000,2020-06-03,15:26:35,IST,4752707640,robchandigarh,ROB Chandigarh,,"Despite rain, traffic movement can be seen on roads  in Amritsar in #Punjab as most of the activities have been opened up by the government in #Unlock1
@MIB_India @PIB_India pic.twitter.com/gtinOCrqyM","['mib_india', 'pib_india']",[],[],0,5,9,"['#punjab', '#unlock1']",[],https://twitter.com/ROBChandigarh/status/1268119381982285824,False,,1,,,,,,,"[{'user_id': '4752707640', 'username': 'ROBChandigarh'}, {'user_id': '920488039', 'username': 'MIB_India'}, {'user_id': '231033118', 'username': 'PIB_India'}]",,,,
1268051226941206529,1268051226941206529,1591161946000,2020-06-03,10:55:46,IST,567278796,pibchandigarh,PIB in Chandigarh,,"Despite rain, traffic in full swing  in Amritsar in #Punjab as most of the activities have been opened up by the government in #Unlock1 starting June 01, 2020.

#IndiaMoves
@PIB_India @MIB_India @PunjabGovtIndia @DDnewschd @airnews_chd pic.twitter.com/ZopdzCvtai","['pib_india', 'mib_india', 'punjabgovtindia', 'ddnewschd', 'airnews_chd']",[],[],0,4,4,"['#punjab', '#unlock1', '#indiamoves']",[],https://twitter.com/PIBChandigarh/status/1268051226941206529,False,,1,,,,,,,"[{'user_id': '567278796', 'username': 'PIBChandigarh'}, {'user_id': '231033118', 'username': 'PIB_India'}, {'user_id': '920488039', 'username': 'MIB_India'}, {'user_id': '2998200620', 'username': 'PunjabGovtIndia'}, {'user_id': '961193852525797376', 'username': 'DDnewschd'}, {'user_id': '824102156181639168', 'username': 'airnews_chd'}]",,,,
1267772182748213249,1267772182748213249,1591095417000,2020-06-02,16:26:57,IST,1211291550241570818,newsphh,News PHH (PunjabHaryanaHimachal),,"#Amritsar को #Delhi से जोड़ने के लिए #ExpressWay को अंतिम रूप देने के लिए आज केंद्रीय मंत्री @nitin_gadkari और पंजाब के मुख्यमंत्री @capt_amarinder के बीच वीडियो कॉन्फ्रेंसिंग हुई
@sdineshaa @HarsimratBadal_ #NewsPHH #Stayathome #Unlock1  pic.twitter.com/HRW56DBLPE","['nitin_gadkari', 'capt_amarinder', 'sdineshaa', 'harsimratbadal_']",[],"['https://pbs.twimg.com/media/EZgH7FzUEAEXWyK.jpg', 'https://pbs.twimg.com/media/EZgH-S7UMAAFfG4.jpg', 'https://pbs.twimg.com/media/EZgIBPQUEAAXMv2.jpg', 'https://pbs.twimg.com/media/EZgIELDU0AA6P1-.jpg']",0,1,4,"['#amritsar', '#delhi', '#expressway', '#newsphh', '#stayathome', '#unlock1']",[],https://twitter.com/newsphh/status/1267772182748213249,False,,0,,,,,,,"[{'user_id': '1211291550241570818', 'username': 'newsphh'}, {'user_id': '97217966', 'username': 'nitin_gadkari'}, {'user_id': '263090427', 'username': 'capt_amarinder'}, {'user_id': '59386018', 'username': 'sdineshaa'}, {'user_id': '3419800217', 'username': 'HarsimratBadal_'}]",,,,
1267555004099039232,1267464712117202944,1591043637000,2020-06-02,02:03:57,IST,2767274878,shubhvinder,Shubhvinder Singh ,,"In Unlock 1.0 , I will be going to Akal Takht Shri Harmandir Saheb Amritsar With My mom @BhupendraKaur1 for praying for the a better world with peace 🙏
#weeklycontest #Unlock1 #CarAndBike #cnbcontest @carandbike","['carandbike', 'bhupendrakaur1']",[],[],0,1,3,"['#weeklycontest', '#unlock1', '#carandbike', '#cnbcontest']",[],https://twitter.com/shubhvinder/status/1267555004099039232,False,,0,,,,,,,"[{'user_id': '2767274878', 'username': 'shubhvinder'}, {'user_id': '2278822326', 'username': 'carandbike'}, {'user_id': '1258207313367912448', 'username': 'BhupendraKaur1'}]",,,,
1267381644153049088,1267281876244410369,1591002305000,2020-06-01,14:35:05,IST,980579749,ankur_kaila,ღ ღ 🇮🇳,,"Resume Train Service from #Pathankot also. Start 18102/18310. Atleast Start Local Train Service from Pathankot to Amritsar, Jalandhar, Ludhiana, Kangra & Chandigarh & Provide relief to the public. 
@RailMinIndia @GM_NRly @capt_amarinder @iamsunnydeol
#lockdown5 #Unlock1","['drmfzr', 'railminindia', 'gm_nrly', 'capt_amarinder', 'iamsunnydeol']",[],[],0,0,0,"['#pathankot', '#lockdown5', '#unlock1']",[],https://twitter.com/ankur_kaila/status/1267381644153049088,False,,0,,,,,,,"[{'user_id': '980579749', 'username': 'ankur_kaila'}, {'user_id': '3062871188', 'username': 'drmfzr'}, {'user_id': '2602959463', 'username': 'RailMinIndia'}, {'user_id': '3282265236', 'username': 'GM_NRly'}, {'user_id': '263090427', 'username': 'capt_amarinder'}, {'user_id': '2583539371', 'username': 'iamsunnydeol'}]",,,,
1266929372163764224,1266929372163764224,1590894475000,2020-05-31,08:37:55,IST,1211291550241570818,newsphh,News PHH (PunjabHaryanaHimachal),,"क्या देश में मौजूदा स्थिति में #Unlock1 जरुरी था ?
#NewsPHH #Punjab #Haryana #Himachal #Chandigarh #Amritsar #GurdashPur #Patiala #Jalandhar #Bathinda #Rohtak #Panipat #Sirsa #Jind #Hisar #Gurugram #Shimla #Chamba #Solan #Una #Kangra #Dharamshala",[],[],[],0,2,4,"['#unlock1', '#newsphh', '#punjab', '#haryana', '#himachal', '#chandigarh', '#amritsar', '#gurdashpur', '#patiala', '#jalandhar', '#bathinda', '#rohtak', '#panipat', '#sirsa', '#jind', '#hisar', '#gurugram', '#shimla', '#chamba', '#solan', '#una', '#kangra', '#dharamshala']",[],https://twitter.com/newsphh/status/1266929372163764224,False,,0,,,,,,,"[{'user_id': '1211291550241570818', 'username': 'newsphh'}]",,,,
