id,conversation_id,created_at,date,time,timezone,user_id,username,name,place,tweet,mentions,urls,photos,replies_count,retweets_count,likes_count,hashtags,cashtags,link,retweet,quote_url,video,near,geo,source,user_rt_id,user_rt,retweet_id,reply_to,retweet_date,translate,trans_src,trans_dest
1277500118741053440,1277500118741053440,1593414737000,2020-06-29,12:42:17,IST,852553470,ptcnews,PTC NEWS,,"ਕੋਰੋਨਾ ਨੂੰ ਲੈ ਕੇ ਕੀ ਹੈ ਪੰਜਾਬ ਦੀ ਸਥਿਤੀ ?

#PunjabGovernment #Jalandhar #Amritsar #Lockdown #Unlock1 #Curfew #Punjab #PunjabNews #punjabinews #coronavirus https://youtu.be/LJWD6MgcwlU ",[],['https://youtu.be/LJWD6MgcwlU'],[],0,0,1,"['#punjabgovernment', '#jalandhar', '#amritsar', '#lockdown', '#unlock1', '#curfew', '#punjab', '#punjabnews', '#punjabinews', '#coronavirus']",[],https://twitter.com/ptcnews/status/1277500118741053440,False,,0,,,,,,,"[{'user_id': '852553470', 'username': 'ptcnews'}]",,,,
1276398386711654410,1276398386711654410,1593152064000,2020-06-26,11:44:24,IST,852553470,ptcnews,PTC NEWS,,"ਜਾਣੋ, ਕੋਰੋਨਾ ਨੂੰ ਲੈ ਕੇ ਕੀ ਹੈ ਪੰਜਾਬ ਦੀ ਸਥਿਤੀ ?

#PunjabGovernment #Jalandhar #Amritsar #Lockdown #Unlock1 #Curfew #Punjab #PunjabNews #punjabinews #coronavirus https://youtu.be/LVjVELXTwOU ",[],['https://youtu.be/LVjVELXTwOU'],[],0,0,2,"['#punjabgovernment', '#jalandhar', '#amritsar', '#lockdown', '#unlock1', '#curfew', '#punjab', '#punjabnews', '#punjabinews', '#coronavirus']",[],https://twitter.com/ptcnews/status/1276398386711654410,False,,0,,,,,,,"[{'user_id': '852553470', 'username': 'ptcnews'}]",,,,
1273832851083898882,1273832851083898882,1592540393000,2020-06-19,09:49:53,IST,1211291550241570818,newsphh,News PHH (PunjabHaryanaHimachal),,"क्या देश आत्मनिर्भरता की ओर बढ़ रहा है ?
#NewsPHH #Punjab #Haryana #Himachal #Chandigarh #Amritsar #Jalandhar #Patiala #Mansa #Mohali #Karnal #Faridabad #Hisar #Rohtak #Sirsa #Bhiwani #Shimla #Solan #Kangra #Mandi #Kullu #Unlock1 #FridayMorning",[],[],[],0,3,1,"['#newsphh', '#punjab', '#haryana', '#himachal', '#chandigarh', '#amritsar', '#jalandhar', '#patiala', '#mansa', '#mohali', '#karnal', '#faridabad', '#hisar', '#rohtak', '#sirsa', '#bhiwani', '#shimla', '#solan', '#kangra', '#mandi', '#kullu', '#unlock1', '#fridaymorning']",[],https://twitter.com/newsphh/status/1273832851083898882,False,,0,,,,,,,"[{'user_id': '1211291550241570818', 'username': 'newsphh'}]",,,,
1273587019466199047,1273587019466199047,1592481782000,2020-06-18,17:33:02,IST,852553470,ptcnews,PTC NEWS,,"ਅੱਜ ਪੰਜਾਬ 'ਚ ਕੋਰੋਨਾ ਨਾਲ 2 ਹੋਰ ਲੋਕਾਂ ਦੀ ਗਈ ਜਾਨ

#COVID19 #IndiaFightscorona #Jalandhar #Sangrur #PunjabGovernment #Lockdown #Unlock1 #Curfew #Punjab #PunjabNews #punjabinews https://youtu.be/xL4wlXWH2iI ",[],['https://youtu.be/xL4wlXWH2iI'],[],1,0,3,"['#covid19', '#indiafightscorona', '#jalandhar', '#sangrur', '#punjabgovernment', '#lockdown', '#unlock1', '#curfew', '#punjab', '#punjabnews', '#punjabinews']",[],https://twitter.com/ptcnews/status/1273587019466199047,False,,0,,,,,,,"[{'user_id': '852553470', 'username': 'ptcnews'}]",,,,
1272939728870887424,1272939728870887424,1592327456000,2020-06-16,22:40:56,IST,565462327,aayushgoel83,Aayush,,"#BreakingNews #BREAKING 

104 new #COVID19 cases #Ludhiana adds 22
#Jalandhar 31 #coronavirus cases
#Punjab total 3371

#PunjabCoronavirusUpdate #PunjabFightsCorona #COVIDー19 #CoronaUpdate @CMOPb #Lockdown5 #Unlock1 #COVID19 @COVIDNewsByMIB @TheWeekLive @pcs_iqbal pic.twitter.com/3ECoobrqtG","['cmopb', 'covidnewsbymib', 'theweeklive', 'pcs_iqbal']",[],"['https://pbs.twimg.com/media/Eapj6sdU4AEdBgS.jpg', 'https://pbs.twimg.com/media/Eapj7fEU8AAiLFn.jpg']",0,0,1,"['#breakingnews', '#breaking', '#covid19', '#ludhiana', '#jalandhar', '#coronavirus', '#punjab', '#punjabcoronavirusupdate', '#punjabfightscorona', '#covidー19', '#coronaupdate', '#lockdown5', '#unlock1', '#covid19']",[],https://twitter.com/aayushgoel83/status/1272939728870887424,False,,0,,,,,,,"[{'user_id': '565462327', 'username': 'aayushgoel83'}, {'user_id': '1015206768694190081', 'username': 'CMOPb'}, {'user_id': '1244892413262311425', 'username': 'COVIDNewsByMIB'}, {'user_id': '400630125', 'username': 'TheWeekLive'}, {'user_id': '965411209909547008', 'username': 'pcs_iqbal'}]",,,,
1272732653037383680,1272732653037383680,1592278085000,2020-06-16,08:58:05,IST,1211291550241570818,newsphh,News PHH (PunjabHaryanaHimachal),,"क्या कोरोना काल में लोगों को तनाव मुक्त रखने के लिए भी कैंपेन चलानी चाहिए ?
#NewsPHH #Punjab #Haryana #Himachal #Chandigarh #Amritsar #Jalandhar #Muktsar #Mansa #Karnal #Sirsa #Hisar #Gurgram #Shimla #Solan #Chamba #Kangra #Mandi #Unlock1 #TuesdayMorning",[],[],[],0,5,1,"['#newsphh', '#punjab', '#haryana', '#himachal', '#chandigarh', '#amritsar', '#jalandhar', '#muktsar', '#mansa', '#karnal', '#sirsa', '#hisar', '#gurgram', '#shimla', '#solan', '#chamba', '#kangra', '#mandi', '#unlock1', '#tuesdaymorning']",[],https://twitter.com/newsphh/status/1272732653037383680,False,,0,,,,,,,"[{'user_id': '1211291550241570818', 'username': 'newsphh'}]",,,,
1272582841302257665,1272582841302257665,1592242367000,2020-06-15,23:02:47,IST,565462327,aayushgoel83,Aayush,,"#BreakingNews
#Punjab #coronavirus cases on rise.
Reports 127 new #COVID19 cases, #Ludhiana adds 33 #Jalandhar 23 #Amritsar 20.
Total 3267. 

#PunjabCoronavirusUpdate #PunjabFightsCorona #COVIDー19 #CoronaUpdate @CMOPb #Lockdown5 #Unlock1 #unlockone #COVID19 @COVIDNewsByMIB pic.twitter.com/6oWwTJXoae","['cmopb', 'covidnewsbymib']",[],"['https://pbs.twimg.com/media/EakfVJzU0AADuG9.jpg', 'https://pbs.twimg.com/media/EakfV0vU4AIZFNZ.jpg']",0,0,0,"['#breakingnews', '#punjab', '#coronavirus', '#covid19', '#ludhiana', '#jalandhar', '#amritsar', '#punjabcoronavirusupdate', '#punjabfightscorona', '#covidー19', '#coronaupdate', '#lockdown5', '#unlock1', '#unlockone', '#covid19']",[],https://twitter.com/aayushgoel83/status/1272582841302257665,False,,0,,,,,,,"[{'user_id': '565462327', 'username': 'aayushgoel83'}, {'user_id': '1015206768694190081', 'username': 'CMOPb'}, {'user_id': '1244892413262311425', 'username': 'COVIDNewsByMIB'}]",,,,
1271422329361326080,1271422329361326080,1591965679000,2020-06-12,18:11:19,IST,14683007,jhoomer,Jhoomer Sinha,,"Now that unlock1.0 is in full swing, is Himalaya still visible from Jalandhar? Or Saharapur?",[],[],[],0,0,0,[],[],https://twitter.com/jhoomer/status/1271422329361326080,False,,0,,,,,,,"[{'user_id': '14683007', 'username': 'jhoomer'}]",,,,
1270349574385700864,1270349574385700864,1591709915000,2020-06-09,19:08:35,IST,852553470,ptcnews,PTC NEWS,,"ਜਲੰਧਰ 'ਚ 3 ਮੌਜੂਦਾ ਜੱਜ ਘਰਾਂ 'ਚ ਇਕਾਂਤਵਾਸ

@capt_amarinder #Jalandhar #PunjabGovernment #Lockdown #Unlock1 #Curfew #punjabinews #coronavirus https://youtu.be/aCnarP9o6TI ",['capt_amarinder'],['https://youtu.be/aCnarP9o6TI'],[],0,0,3,"['#jalandhar', '#punjabgovernment', '#lockdown', '#unlock1', '#curfew', '#punjabinews', '#coronavirus']",[],https://twitter.com/ptcnews/status/1270349574385700864,False,,0,,,,,,,"[{'user_id': '852553470', 'username': 'ptcnews'}, {'user_id': '263090427', 'username': 'capt_amarinder'}]",,,,
1269530128440147968,1269530128440147968,1591514544000,2020-06-07,12:52:24,IST,1597695978,bhartiyabasti,Bhartiya Basti,,"मजदूरों को लेकर बिहार से जालंधर जा रही बस का एक्सीडेंट, 17 लोग घायल
#bastinews #basti #uttarpradesh #upinnews
#bihar #jalandhar #MigrantWorkers #Lockdown5 #Unlock1
 https://bhartiyabastiportal.com/up-basti-news/accident-of-bus-going-from-bihar-to-jalandhar-due-to-laborers-17-people-injured/16485/ …",[],['https://bhartiyabastiportal.com/up-basti-news/accident-of-bus-going-from-bihar-to-jalandhar-due-to-laborers-17-people-injured/16485/'],[],0,1,2,"['#bastinews', '#basti', '#uttarpradesh', '#upinnews', '#bihar', '#jalandhar', '#migrantworkers', '#lockdown5', '#unlock1']",[],https://twitter.com/bhartiyabasti/status/1269530128440147968,False,,0,,,,,,,"[{'user_id': '1597695978', 'username': 'bhartiyabasti'}]",,,,
1267381644153049088,1267281876244410369,1591002305000,2020-06-01,14:35:05,IST,980579749,ankur_kaila,ღ ღ 🇮🇳,,"Resume Train Service from #Pathankot also. Start 18102/18310. Atleast Start Local Train Service from Pathankot to Amritsar, Jalandhar, Ludhiana, Kangra & Chandigarh & Provide relief to the public. 
@RailMinIndia @GM_NRly @capt_amarinder @iamsunnydeol
#lockdown5 #Unlock1","['drmfzr', 'railminindia', 'gm_nrly', 'capt_amarinder', 'iamsunnydeol']",[],[],0,0,0,"['#pathankot', '#lockdown5', '#unlock1']",[],https://twitter.com/ankur_kaila/status/1267381644153049088,False,,0,,,,,,,"[{'user_id': '980579749', 'username': 'ankur_kaila'}, {'user_id': '3062871188', 'username': 'drmfzr'}, {'user_id': '2602959463', 'username': 'RailMinIndia'}, {'user_id': '3282265236', 'username': 'GM_NRly'}, {'user_id': '263090427', 'username': 'capt_amarinder'}, {'user_id': '2583539371', 'username': 'iamsunnydeol'}]",,,,
1266929372163764224,1266929372163764224,1590894475000,2020-05-31,08:37:55,IST,1211291550241570818,newsphh,News PHH (PunjabHaryanaHimachal),,"क्या देश में मौजूदा स्थिति में #Unlock1 जरुरी था ?
#NewsPHH #Punjab #Haryana #Himachal #Chandigarh #Amritsar #GurdashPur #Patiala #Jalandhar #Bathinda #Rohtak #Panipat #Sirsa #Jind #Hisar #Gurugram #Shimla #Chamba #Solan #Una #Kangra #Dharamshala",[],[],[],0,2,4,"['#unlock1', '#newsphh', '#punjab', '#haryana', '#himachal', '#chandigarh', '#amritsar', '#gurdashpur', '#patiala', '#jalandhar', '#bathinda', '#rohtak', '#panipat', '#sirsa', '#jind', '#hisar', '#gurugram', '#shimla', '#chamba', '#solan', '#una', '#kangra', '#dharamshala']",[],https://twitter.com/newsphh/status/1266929372163764224,False,,0,,,,,,,"[{'user_id': '1211291550241570818', 'username': 'newsphh'}]",,,,
