id,conversation_id,created_at,date,time,timezone,user_id,username,name,place,tweet,mentions,urls,photos,replies_count,retweets_count,likes_count,hashtags,cashtags,link,retweet,quote_url,video,near,geo,source,user_rt_id,user_rt,retweet_id,reply_to,retweet_date,translate,trans_src,trans_dest
1274226978950836225,1274226978950836225,1592634360000,2020-06-20,11:56:00,IST,852553470,ptcnews,PTC NEWS,,"ਲੁਧਿਆਣਾ 'ਚ ਪਾਜ਼ੀਟਿਵ ਮਰੀਜ਼ਾਂ ਨੂੰ ਲੈਣ ਪਹੁੰਚੀ ਪੁਲਿਸ 'ਤੇ ਲੋਕਾਂ ਨੇ ਕੀਤਾ ਹਮਲਾ

#PunjabGovernment #Lockdown #Unlock1 #Curfew #Punjab #PunjabNews #punjabinews #coronavirus #Ludhiana #LudhianaPolice https://youtu.be/5mvOQkwZfX4 ",[],['https://youtu.be/5mvOQkwZfX4'],[],0,0,1,"['#punjabgovernment', '#lockdown', '#unlock1', '#curfew', '#punjab', '#punjabnews', '#punjabinews', '#coronavirus', '#ludhiana', '#ludhianapolice']",[],https://twitter.com/ptcnews/status/1274226978950836225,False,,0,,,,,,,"[{'user_id': '852553470', 'username': 'ptcnews'}]",,,,
1272939728870887424,1272939728870887424,1592327456000,2020-06-16,22:40:56,IST,565462327,aayushgoel83,Aayush,,"#BreakingNews #BREAKING 

104 new #COVID19 cases #Ludhiana adds 22
#Jalandhar 31 #coronavirus cases
#Punjab total 3371

#PunjabCoronavirusUpdate #PunjabFightsCorona #COVIDー19 #CoronaUpdate @CMOPb #Lockdown5 #Unlock1 #COVID19 @COVIDNewsByMIB @TheWeekLive @pcs_iqbal pic.twitter.com/3ECoobrqtG","['cmopb', 'covidnewsbymib', 'theweeklive', 'pcs_iqbal']",[],"['https://pbs.twimg.com/media/Eapj6sdU4AEdBgS.jpg', 'https://pbs.twimg.com/media/Eapj7fEU8AAiLFn.jpg']",0,0,1,"['#breakingnews', '#breaking', '#covid19', '#ludhiana', '#jalandhar', '#coronavirus', '#punjab', '#punjabcoronavirusupdate', '#punjabfightscorona', '#covidー19', '#coronaupdate', '#lockdown5', '#unlock1', '#covid19']",[],https://twitter.com/aayushgoel83/status/1272939728870887424,False,,0,,,,,,,"[{'user_id': '565462327', 'username': 'aayushgoel83'}, {'user_id': '1015206768694190081', 'username': 'CMOPb'}, {'user_id': '1244892413262311425', 'username': 'COVIDNewsByMIB'}, {'user_id': '400630125', 'username': 'TheWeekLive'}, {'user_id': '965411209909547008', 'username': 'pcs_iqbal'}]",,,,
1272582841302257665,1272582841302257665,1592242367000,2020-06-15,23:02:47,IST,565462327,aayushgoel83,Aayush,,"#BreakingNews
#Punjab #coronavirus cases on rise.
Reports 127 new #COVID19 cases, #Ludhiana adds 33 #Jalandhar 23 #Amritsar 20.
Total 3267. 

#PunjabCoronavirusUpdate #PunjabFightsCorona #COVIDー19 #CoronaUpdate @CMOPb #Lockdown5 #Unlock1 #unlockone #COVID19 @COVIDNewsByMIB pic.twitter.com/6oWwTJXoae","['cmopb', 'covidnewsbymib']",[],"['https://pbs.twimg.com/media/EakfVJzU0AADuG9.jpg', 'https://pbs.twimg.com/media/EakfV0vU4AIZFNZ.jpg']",0,0,0,"['#breakingnews', '#punjab', '#coronavirus', '#covid19', '#ludhiana', '#jalandhar', '#amritsar', '#punjabcoronavirusupdate', '#punjabfightscorona', '#covidー19', '#coronaupdate', '#lockdown5', '#unlock1', '#unlockone', '#covid19']",[],https://twitter.com/aayushgoel83/status/1272582841302257665,False,,0,,,,,,,"[{'user_id': '565462327', 'username': 'aayushgoel83'}, {'user_id': '1015206768694190081', 'username': 'CMOPb'}, {'user_id': '1244892413262311425', 'username': 'COVIDNewsByMIB'}]",,,,
1272175126713208832,1272175126713208832,1592145160000,2020-06-14,20:02:40,IST,565462327,aayushgoel83,Aayush,,"#BreakingNews

 77 new #COVID19 cases, #Ludhiana adds 22
#Amritsar tops with 206 active #coronavirus cases
 #Punjab total 3140. 

#PunjabCoronavirusUpdate #PunjabFightsCorona #COVIDー19 #CoronaUpdate @CMOPb #Lockdown5 #Unlock1 #COVID19 @COVIDNewsByMIB @TheWeekLive @pcs_iqbal pic.twitter.com/ljQMPoXY7W","['cmopb', 'covidnewsbymib', 'theweeklive', 'pcs_iqbal']",[],"['https://pbs.twimg.com/media/Eaesg2WUEAAU_nA.jpg', 'https://pbs.twimg.com/media/EaeshscUYAUn14Q.jpg']",0,0,1,"['#breakingnews', '#covid19', '#ludhiana', '#amritsar', '#coronavirus', '#punjab', '#punjabcoronavirusupdate', '#punjabfightscorona', '#covidー19', '#coronaupdate', '#lockdown5', '#unlock1', '#covid19']",[],https://twitter.com/aayushgoel83/status/1272175126713208832,False,,0,,,,,,,"[{'user_id': '565462327', 'username': 'aayushgoel83'}, {'user_id': '1015206768694190081', 'username': 'CMOPb'}, {'user_id': '1244892413262311425', 'username': 'COVIDNewsByMIB'}, {'user_id': '400630125', 'username': 'TheWeekLive'}, {'user_id': '965411209909547008', 'username': 'pcs_iqbal'}]",,,,
1271827263156137985,1271827263156137985,1592062223000,2020-06-13,21:00:23,IST,565462327,aayushgoel83,Aayush,,"#BreakingNews
#Punjab #coronavirus cases on rise.
Reports 77 new #COVID19 cases, #Ludhiana adds 26.
state tally now at 3063

#PunjabCoronavirusUpdate #PunjabFightsCorona #COVIDー19 #CoronaUpdate @CMOPb #Lockdown5 #Unlock1 #unlockone #COVID19 @COVIDNewsByMIB @TheWeekLive pic.twitter.com/w3VdlXhKY6","['cmopb', 'covidnewsbymib', 'theweeklive']",[],"['https://pbs.twimg.com/media/EaZwIXqUYAAjPCF.jpg', 'https://pbs.twimg.com/media/EaZwJcFVAAEJ3Ah.jpg']",0,0,1,"['#breakingnews', '#punjab', '#coronavirus', '#covid19', '#ludhiana', '#punjabcoronavirusupdate', '#punjabfightscorona', '#covidー19', '#coronaupdate', '#lockdown5', '#unlock1', '#unlockone', '#covid19']",[],https://twitter.com/aayushgoel83/status/1271827263156137985,False,,0,,,,,,,"[{'user_id': '565462327', 'username': 'aayushgoel83'}, {'user_id': '1015206768694190081', 'username': 'CMOPb'}, {'user_id': '1244892413262311425', 'username': 'COVIDNewsByMIB'}, {'user_id': '400630125', 'username': 'TheWeekLive'}]",,,,
1271496040806375426,1271496040806375426,1591983254000,2020-06-12,23:04:14,IST,3226677050,raakhijagga,raakhijagga,,#Punjab #coronavirus  Islamganj is second containment zone of #Ludhiana after Chhawni Mohalla.  Two containment zones in 8 days. #Unlock1 @iepunjab,['iepunjab'],[],[],3,1,3,"['#punjab', '#coronavirus', '#ludhiana', '#unlock1']",[],https://twitter.com/raakhijagga/status/1271496040806375426,False,,0,,,,,,,"[{'user_id': '3226677050', 'username': 'raakhijagga'}, {'user_id': '1252141918231748608', 'username': 'iepunjab'}]",,,,
1270948034763878400,1270948034763878400,1591852599000,2020-06-11,10:46:39,IST,567278796,pibchandigarh,PIB in Chandigarh,,"This Fast-food outlet in Ludhiana, #Punjab is back in action as the government allows opening up of hotels/restaurants under #Unlock1.

#IndiaFightsCorona
@PunjabGovtIndia @LudhianaDpro @PIB_India @MIB_India @DDnewschd @airnews_chd @DDNewslive pic.twitter.com/9J7MLv8xmH","['punjabgovtindia', 'ludhianadpro', 'pib_india', 'mib_india', 'ddnewschd', 'airnews_chd', 'ddnewslive']",[],[],1,1,0,"['#punjab', '#unlock1', '#indiafightscorona']",[],https://twitter.com/PIBChandigarh/status/1270948034763878400,False,,1,,,,,,,"[{'user_id': '567278796', 'username': 'PIBChandigarh'}, {'user_id': '2998200620', 'username': 'PunjabGovtIndia'}, {'user_id': '955669714134380544', 'username': 'LudhianaDpro'}, {'user_id': '231033118', 'username': 'PIB_India'}, {'user_id': '920488039', 'username': 'MIB_India'}, {'user_id': '961193852525797376', 'username': 'DDnewschd'}, {'user_id': '824102156181639168', 'username': 'airnews_chd'}, {'user_id': '1100927498', 'username': 'DDNewslive'}]",,,,
1270674505556545537,1270674505556545537,1591787384000,2020-06-10,16:39:44,IST,567278796,pibchandigarh,PIB in Chandigarh,,"#Unlock1 ਵਿੱਚ ਸਰਕਾਰ ਵੱਲੋਂ ਸ਼ੌਪਿੰਗ ਮੌਲ ਖੋਲ੍ਹਣ ਦੀ ਇਜ਼ਾਜ਼ਤ ਮਿਲਣ ਤੋਂ ਬਾਅਦ ਹਾਲਾਂਕਿ ਗ੍ਰਾਹਕ ਘਟ ਗਏ ਹਨ,ਪਰ ਸਾਰਿਆਂ ਦੀ ਸੁਰੱਖਿਆ ਨੂੰ ਯਕੀਨੀ ਬਣਾਉਣ ਲਈ  #Ludhiana ਦੇ #WaveMall ਵਿਖੇ ਸਟਾਫ ਦੁਆਰਾ ਪੂਰੀ ਸਾਵਧਾਨੀ ਵਰਤੀ ਜਾ ਰਹੀ ਹੈ।
@PIB_India
@MIB_India
@PunjabGovtIndia
@JalandharDdk https://twitter.com/PIBChandigarh/status/1270607518067118081 …","['pib_india', 'mib_india', 'punjabgovtindia', 'jalandharddk']",['https://twitter.com/PIBChandigarh/status/1270607518067118081'],[],0,1,0,"['#unlock1', '#ludhiana', '#wavemall']",[],https://twitter.com/PIBChandigarh/status/1270674505556545537,False,https://twitter.com/PIBChandigarh/status/1270607518067118081,0,,,,,,,"[{'user_id': '567278796', 'username': 'PIBChandigarh'}, {'user_id': '231033118', 'username': 'PIB_India'}, {'user_id': '920488039', 'username': 'MIB_India'}, {'user_id': '2998200620', 'username': 'PunjabGovtIndia'}, {'user_id': '954260932963721216', 'username': 'JalandharDdk'}]",,,,
1270657297371459584,1270657297371459584,1591783282000,2020-06-10,15:31:22,IST,4752707640,robchandigarh,ROB Chandigarh,,"Though customer footfall still eludes the shopping malls after the government allowed them to open up in #Unlock1, full precautions are being taken by the staff at the Wave Mall in #Ludhiana to ensure safety of all.

@PIB_India @MIB_India @PunjabGovtIndia @DDnewschd pic.twitter.com/0M5ksKMWbv","['pib_india', 'mib_india', 'punjabgovtindia', 'ddnewschd']",[],[],0,6,10,"['#unlock1', '#ludhiana']",[],https://twitter.com/ROBChandigarh/status/1270657297371459584,False,,1,,,,,,,"[{'user_id': '4752707640', 'username': 'ROBChandigarh'}, {'user_id': '231033118', 'username': 'PIB_India'}, {'user_id': '920488039', 'username': 'MIB_India'}, {'user_id': '2998200620', 'username': 'PunjabGovtIndia'}, {'user_id': '961193852525797376', 'username': 'DDnewschd'}]",,,,
1270609406669934593,1270609406669934593,1591771863000,2020-06-10,12:21:03,IST,902151402964738051,pibshimla,PIB in Himachal Pradesh,,"Though customer footfall still eludes the shopping malls after the government allowed them to open up in #Unlock1, full precautions are being taken by the staff at the Wave Mall in #Ludhiana to ensure safety of all.

@PIB_India @MIB_India @PunjabGovtIndia @DDnewschd pic.twitter.com/0PCB4MwRm2","['pib_india', 'mib_india', 'punjabgovtindia', 'ddnewschd']",[],[],0,0,0,"['#unlock1', '#ludhiana']",[],https://twitter.com/PIBShimla/status/1270609406669934593,False,,1,,,,,,,"[{'user_id': '902151402964738051', 'username': 'PIBShimla'}, {'user_id': '231033118', 'username': 'PIB_India'}, {'user_id': '920488039', 'username': 'MIB_India'}, {'user_id': '2998200620', 'username': 'PunjabGovtIndia'}, {'user_id': '961193852525797376', 'username': 'DDnewschd'}]",,,,
1270607518067118081,1270607518067118081,1591771413000,2020-06-10,12:13:33,IST,567278796,pibchandigarh,PIB in Chandigarh,,"Though customer footfall still eludes the shopping malls after the government allowed them to open up in #Unlock1, full precautions are being taken by the staff at the Wave Mall in #Ludhiana to ensure safety of all.

@PIB_India @MIB_India @PunjabGovtIndia @DDnewschd pic.twitter.com/yqKWVCCnNZ","['pib_india', 'mib_india', 'punjabgovtindia', 'ddnewschd']",[],[],0,0,2,"['#unlock1', '#ludhiana']",[],https://twitter.com/PIBChandigarh/status/1270607518067118081,False,,1,,,,,,,"[{'user_id': '567278796', 'username': 'PIBChandigarh'}, {'user_id': '231033118', 'username': 'PIB_India'}, {'user_id': '920488039', 'username': 'MIB_India'}, {'user_id': '2998200620', 'username': 'PunjabGovtIndia'}, {'user_id': '961193852525797376', 'username': 'DDnewschd'}]",,,,
1270604299295289344,1270604299295289344,1591770646000,2020-06-10,12:00:46,IST,567278796,pibchandigarh,PIB in Chandigarh,,"The Trust of Durga Mata Rani temple in Ludhiana, #Punjab has taken all the precautions for the safety of devotees as the temple was re-opened after the lifting of restrictions by the government in #Unlock1.

@PIB_India @MIB_India @DDNewslive @PunjabGovtIndia pic.twitter.com/yQVeHGqhNd","['pib_india', 'mib_india', 'ddnewslive', 'punjabgovtindia']",[],[],0,1,0,"['#punjab', '#unlock1']",[],https://twitter.com/PIBChandigarh/status/1270604299295289344,False,,1,,,,,,,"[{'user_id': '567278796', 'username': 'PIBChandigarh'}, {'user_id': '231033118', 'username': 'PIB_India'}, {'user_id': '920488039', 'username': 'MIB_India'}, {'user_id': '1100927498', 'username': 'DDNewslive'}, {'user_id': '2998200620', 'username': 'PunjabGovtIndia'}]",,,,
1270352898032107520,1270352898032107520,1591710707000,2020-06-09,19:21:47,IST,567278796,pibchandigarh,PIB in Chandigarh,,"#Unlock1 ਦੇ ਅਗਲੇ ਪੜਾਅ ਵਿੱਚ ਮੌਲ ਅਤੇ ਸ਼ੌਪਿੰਗ ਕੰਪਲੈਕਸ ਖੁੱਲ੍ਹ ਰਹੇ ਹਨ। #Punjab ਵਿੱਚ  #Ludhiana ਦਾ ਜੇਐੱਮਡੀ ਮੌਲ,ਪਾਬੰਦੀਆਂ ਹਟਾਉਣ ਤੋਂ ਬਾਅਦ ਖੁੱਲ੍ਹਿਆ ਹੈ ਹਾਲਾਂਕਿ ਪਹਿਲੇ ਦਿਨ ਗਾਹਕਾਂ ਦੀ ਬਹੁਤ ਜ਼ਿਆਦਾ ਭੀੜ ਨਹੀਂ ਹੋਈ।
@PIB_India
@MIB_India
@PunjabGovtIndia
@JalandharDdk https://twitter.com/PIBChandigarh/status/1270227179469602816 …","['pib_india', 'mib_india', 'punjabgovtindia', 'jalandharddk']",['https://twitter.com/PIBChandigarh/status/1270227179469602816'],[],0,0,0,"['#unlock1', '#punjab', '#ludhiana']",[],https://twitter.com/PIBChandigarh/status/1270352898032107520,False,https://twitter.com/PIBChandigarh/status/1270227179469602816,0,,,,,,,"[{'user_id': '567278796', 'username': 'PIBChandigarh'}, {'user_id': '231033118', 'username': 'PIB_India'}, {'user_id': '920488039', 'username': 'MIB_India'}, {'user_id': '2998200620', 'username': 'PunjabGovtIndia'}, {'user_id': '954260932963721216', 'username': 'JalandharDdk'}]",,,,
1270235220164308993,1270235220164308993,1591682650000,2020-06-09,11:34:10,IST,902151402964738051,pibshimla,PIB in Himachal Pradesh,,"Malls and shopping complexes are opening up in the next phase of #Unlock1.

JMD Mall in #Ludhiana, #Punjab opens up as restrictions are lifted  though day one did not witness much of customer footfall. pic.twitter.com/2bD493ppCf",[],[],"['https://pbs.twimg.com/media/EaDIH7QU0AA12rh.jpg', 'https://pbs.twimg.com/media/EaDIH7RUcAcyO1I.jpg']",0,1,0,"['#unlock1', '#ludhiana', '#punjab']",[],https://twitter.com/PIBShimla/status/1270235220164308993,False,,0,,,,,,,"[{'user_id': '902151402964738051', 'username': 'PIBShimla'}]",,,,
1270227179469602816,1270227179469602816,1591680733000,2020-06-09,11:02:13,IST,567278796,pibchandigarh,PIB in Chandigarh,,"Malls and shopping complexes are opening up in the next phase of #Unlock1.

JMD Mall in #Ludhiana, #Punjab opens up as restrictions are lifted  though day one did not witness much of customer footfall. pic.twitter.com/Es1h7D2BMS",[],[],"['https://pbs.twimg.com/media/EaDAtAVU8AEgrdT.jpg', 'https://pbs.twimg.com/media/EaDAtArUcAE0Zwn.jpg']",0,2,4,"['#unlock1', '#ludhiana', '#punjab']",[],https://twitter.com/PIBChandigarh/status/1270227179469602816,False,,0,,,,,,,"[{'user_id': '567278796', 'username': 'PIBChandigarh'}]",,,,
1270176584448737285,1270176584448737285,1591668671000,2020-06-09,07:41:11,IST,495780767,htpunjab,HT Punjab,,"#Unlock1 | Malls in Ludhiana get tepid response on first day; cinemas, gaming areas remain closed

 https://www.hindustantimes.com/cities/malls-in-ludhiana-get-tepid-response-on-first-day-cinemas-gaming-areas-remain-closed/story-yVSU26ZDc9u5sMT1oZntyM.html … pic.twitter.com/yxUTVxP2K9",[],['https://www.hindustantimes.com/cities/malls-in-ludhiana-get-tepid-response-on-first-day-cinemas-gaming-areas-remain-closed/story-yVSU26ZDc9u5sMT1oZntyM.html'],['https://pbs.twimg.com/media/EaCS2aJXgAsFwSM.jpg'],1,3,15,['#unlock1'],[],https://twitter.com/HTPunjab/status/1270176584448737285,False,,0,,,,,,,"[{'user_id': '495780767', 'username': 'HTPunjab'}]",,,,
1270173757210914816,1270173757210914816,1591667997000,2020-06-09,07:29:57,IST,4752707640,robchandigarh,ROB Chandigarh,,"Malls and shopping complexes are opening up in the next phase of #Unlock1 
JMD Mall in #Ludhiana, Punjab opens up as restrictions are lifted  though day one did not witness much of customer footfall.  pic.twitter.com/qEaHioSx7F",[],[],"['https://pbs.twimg.com/media/EaCQRoyU8AAkFR3.jpg', 'https://pbs.twimg.com/media/EaCQSjMU8AAzSyD.jpg']",0,8,12,"['#unlock1', '#ludhiana']",[],https://twitter.com/ROBChandigarh/status/1270173757210914816,False,,0,,,,,,,"[{'user_id': '4752707640', 'username': 'ROBChandigarh'}]",,,,
1270016394030178314,1270016394030178314,1591630478000,2020-06-08,21:04:38,IST,1440919153,sahanienterpris,Sahani Enterprises,,#estateagency #propertybusiness #propertymarket #property #gurugram #gurgaon #covidmarketing #covidlockdown #unlockpossibilities #unlock1 #unlockyourpotential #ludhiana #chandigarh #newyork @FitBharat pic.twitter.com/9yH4yL8Xxe,['fitbharat'],[],['https://pbs.twimg.com/media/EaABKuDUEAE-BLO.jpg'],0,0,1,"['#estateagency', '#propertybusiness', '#propertymarket', '#property', '#gurugram', '#gurgaon', '#covidmarketing', '#covidlockdown', '#unlockpossibilities', '#unlock1', '#unlockyourpotential', '#ludhiana', '#chandigarh', '#newyork']",[],https://twitter.com/Sahanienterpris/status/1270016394030178314,False,,0,,,,,,,"[{'user_id': '1440919153', 'username': 'Sahanienterpris'}, {'user_id': '1169506909684039680', 'username': 'FitBharat'}]",,,,
1268474119533858821,1268474119533858821,1591262771000,2020-06-04,14:56:11,IST,1231897318535774208,ritamenglish,Ritam English,,"Punjab: Gym owners and fitness trainers stage a demonstration in Ludhiana, urging the government to allow reopening of gyms. #Unlock1  pic.twitter.com/pGqB0F2TBs",[],[],"['https://pbs.twimg.com/media/EZqGbRcXgAYNsNd.png', 'https://pbs.twimg.com/media/EZqGct-WoAE64DC.png']",0,0,0,['#unlock1'],[],https://twitter.com/RitamEnglish/status/1268474119533858821,False,,0,,,,,,,"[{'user_id': '1231897318535774208', 'username': 'RitamEnglish'}]",,,,
1268469227301806081,1268469227301806081,1591261605000,2020-06-04,14:36:45,IST,3627700213,himalayan_mail,Himalayan Mail,,"#Punjab: Gym owners and fitness trainers stage a demonstration in #Ludhiana, urging the government to allow reopening of #gyms. #Unlock1
(ANI)  pic.twitter.com/gp3vP63yAO",[],[],"['https://pbs.twimg.com/media/EZqB4sQXkAASHeZ.jpg', 'https://pbs.twimg.com/media/EZqB4sVXkAAkjMt.jpg']",0,0,1,"['#punjab', '#ludhiana', '#gyms', '#unlock1']",[],https://twitter.com/himalayan_mail/status/1268469227301806081,False,,0,,,,,,,"[{'user_id': '3627700213', 'username': 'himalayan_mail'}]",,,,
1268464366052970496,1268464366052970496,1591260446000,2020-06-04,14:17:26,IST,633485882,news9tweets,NEWS9,,"#BIGNEWS: Gym owners in #Ludhiana, Punjab stage a protest demanding the govt to reopen gyms during #Unlock1.  pic.twitter.com/LMCX3nAL51",[],[],['https://pbs.twimg.com/media/EZp9mrdVcAESwGS.png'],0,0,1,"['#bignews', '#ludhiana', '#unlock1']",[],https://twitter.com/NEWS9TWEETS/status/1268464366052970496,False,,0,,,,,,,"[{'user_id': '633485882', 'username': 'NEWS9TWEETS'}]",,,,
1268459761604849664,1268459761604849664,1591259348000,2020-06-04,13:59:08,IST,37034483,ndtv,NDTV,,"Punjab | Gym owners and fitness trainers protest in Ludhiana, urge government to reopen gyms (news agency ANI).

#Unlock1  pic.twitter.com/ij7ReLR8Mu",[],[],"['https://pbs.twimg.com/media/EZp5DP_VAAAmnHs.png', 'https://pbs.twimg.com/media/EZp5EVXU4AUmpbC.png', 'https://pbs.twimg.com/media/EZp5FatUEAAKy2k.png']",13,29,287,['#unlock1'],[],https://twitter.com/ndtv/status/1268459761604849664,False,,0,,,,,,,"[{'user_id': '37034483', 'username': 'ndtv'}]",,,,
1268459561968517121,1268459561968517121,1591259301000,2020-06-04,13:58:21,IST,1015106434701250562,gulistannewstv,Gulistan News,,"Gym owners and fitness trainers stage a demonstration in Ludhiana, urging the government to allow reopening of gyms. #Unlock1 #Punjab pic.twitter.com/JM2BWfrU8q",[],[],"['https://pbs.twimg.com/media/EZp5OPeUEAA4mgE.png', 'https://pbs.twimg.com/media/EZp5OTkUMAAs14l.png']",0,0,3,"['#unlock1', '#punjab']",[],https://twitter.com/GulistanNewsTV/status/1268459561968517121,False,,0,,,,,,,"[{'user_id': '1015106434701250562', 'username': 'GulistanNewsTV'}]",,,,
1268459508528902144,1268459508528902144,1591259288000,2020-06-04,13:58:08,IST,782814731694280704,jk247news,JK 24x7 News,,"Gym owners and fitness trainers stage a demonstration in Ludhiana, urging the government to allow reopening of gyms. #Unlock1 #Punjab pic.twitter.com/K3MI8KlUWA",[],[],"['https://pbs.twimg.com/media/EZp5LbvUMAE0QSS.png', 'https://pbs.twimg.com/media/EZp5LaEU8AUW2GH.png']",0,0,0,"['#unlock1', '#punjab']",[],https://twitter.com/JK247News/status/1268459508528902144,False,,0,,,,,,,"[{'user_id': '782814731694280704', 'username': 'JK247News'}]",,,,
1268458131740229634,1268458131740229634,1591258960000,2020-06-04,13:52:40,IST,355989081,ani,ANI,,"Punjab: Gym owners and fitness trainers stage a demonstration in Ludhiana, urging the government to allow reopening of gyms. #Unlock1  pic.twitter.com/XKqKdNrYzH",[],[],"['https://pbs.twimg.com/media/EZp2iQFU8AMwohS.jpg', 'https://pbs.twimg.com/media/EZp221QUcAEvYMA.jpg', 'https://pbs.twimg.com/media/EZp3AatVAAAjwNO.jpg']",30,45,393,['#unlock1'],[],https://twitter.com/ANI/status/1268458131740229634,False,,0,,,,,,,"[{'user_id': '355989081', 'username': 'ANI'}]",,,,
1268391617402036225,1268391617402036225,1591243101000,2020-06-04,09:28:21,IST,3003121694,famepunjabi,Fame Punjabi,,"Ludhiana Roundup: Covid status, Air Marshal visit, Mission Fateh preparations and more  http://www.famepunjabi.in/news/ludhiana-roundup-covid-status-air-marshal-visit-mission-fateh-preparations-and-more/ … via @Fame Punjabi 

@LudhianaDpro @PpJagraon @Ludhiana_Police #Unlock1","['fame', 'ludhianadpro', 'ppjagraon', 'ludhiana_police']",['http://www.famepunjabi.in/news/ludhiana-roundup-covid-status-air-marshal-visit-mission-fateh-preparations-and-more/'],[],0,0,0,['#unlock1'],[],https://twitter.com/famepunjabi/status/1268391617402036225,False,,0,,,,,,,"[{'user_id': '3003121694', 'username': 'famepunjabi'}, {'user_id': '951123460838842373', 'username': 'fame'}, {'user_id': '955669714134380544', 'username': 'LudhianaDpro'}, {'user_id': '991981330576695296', 'username': 'PpJagraon'}, {'user_id': '3288660984', 'username': 'Ludhiana_Police'}]",,,,
1268062169997774850,1268062169997774850,1591164555000,2020-06-03,11:39:15,IST,902151402964738051,pibshimla,PIB in Himachal Pradesh,,"As #Unlock1 allows movement from 5:00 AM onwards, yoga classes have been resumed by the Bhartiya Yog Sansthan in a park in Ludhiana, #Punjab. Necessary care is taken to ensure proper #PhysicalDistancing
#YogaForWellbeing
#IndiaFightsCorona
@PIB_India @MIB_India @PunjabGovtIndia pic.twitter.com/ld3qy8kaSc","['pib_india', 'mib_india', 'punjabgovtindia']",[],[],1,0,2,"['#unlock1', '#punjab', '#physicaldistancing', '#yogaforwellbeing', '#indiafightscorona']",[],https://twitter.com/PIBShimla/status/1268062169997774850,False,,1,,,,,,,"[{'user_id': '902151402964738051', 'username': 'PIBShimla'}, {'user_id': '231033118', 'username': 'PIB_India'}, {'user_id': '920488039', 'username': 'MIB_India'}, {'user_id': '2998200620', 'username': 'PunjabGovtIndia'}]",,,,
1268052357981433857,1268052357981433857,1591162216000,2020-06-03,11:00:16,IST,567278796,pibchandigarh,PIB in Chandigarh,,"As #Unlock1 allows movement from 5:00 AM onwards, yoga classes have been resumed by the Bhartiya Yog Sansthan in a park in Ludhiana, #Punjab. Necessary care is taken to ensure proper #PhysicalDistancing.

#YogaForWellbeing
#IndiaFightsCorona
@PIB_India @moayush @PunjabGovtIndia pic.twitter.com/Fx4B3HfevH","['pib_india', 'moayush', 'punjabgovtindia']",[],[],1,3,6,"['#unlock1', '#punjab', '#physicaldistancing', '#yogaforwellbeing', '#indiafightscorona']",[],https://twitter.com/PIBChandigarh/status/1268052357981433857,False,,1,,,,,,,"[{'user_id': '567278796', 'username': 'PIBChandigarh'}, {'user_id': '231033118', 'username': 'PIB_India'}, {'user_id': '2650295678', 'username': 'moayush'}, {'user_id': '2998200620', 'username': 'PunjabGovtIndia'}]",,,,
1267752071547113474,1267752071547113474,1591090622000,2020-06-02,15:07:02,IST,4752707640,robchandigarh,ROB Chandigarh,,"As #Unlock1 begins, Ludhiana bus stand in #Punjab is back to life with a large number of passengers turning to board buses. All passengers are wearing masks& undergoing thermal scanning before being allowed to board the buses 

@PunjabGovtIndia @PIB_India @MIB_India @BOC_MIB pic.twitter.com/W8m80TO3gh","['punjabgovtindia', 'pib_india', 'mib_india', 'boc_mib']",[],[],0,10,18,"['#unlock1', '#punjab']",[],https://twitter.com/ROBChandigarh/status/1267752071547113474,False,,1,,,,,,,"[{'user_id': '4752707640', 'username': 'ROBChandigarh'}, {'user_id': '2998200620', 'username': 'PunjabGovtIndia'}, {'user_id': '231033118', 'username': 'PIB_India'}, {'user_id': '920488039', 'username': 'MIB_India'}, {'user_id': '2586283550', 'username': 'BOC_MIB'}]",,,,
1267736561673617410,1267736561673617410,1591086924000,2020-06-02,14:05:24,IST,3149614675,rozanaspokesman,Rozana Spokesman,,"ਬਾਕੀ ਸਭ ਖੋਲ੍ਹ ਦਿੱਤਾ ਪਰ ਜਿੱਥੇ ਸਿਹਤ ਬਣਨੀ,ਉਹੀ ਬੰਦ ਕਰ ਤੇ | Rozana Spokesman  https://youtu.be/W5MEmhUISsw  via @YouTube
#Ludhiana #GymOwners #Lockdown5 #Unlock1 @PunjabGovtIndia","['youtube', 'punjabgovtindia']",['https://youtu.be/W5MEmhUISsw'],[],0,0,0,"['#ludhiana', '#gymowners', '#lockdown5', '#unlock1']",[],https://twitter.com/RozanaSpokesman/status/1267736561673617410,False,,0,,,,,,,"[{'user_id': '3149614675', 'username': 'RozanaSpokesman'}, {'user_id': '10228272', 'username': 'YouTube'}, {'user_id': '2998200620', 'username': 'PunjabGovtIndia'}]",,,,
1267699193113542657,1267699193113542657,1591078015000,2020-06-02,11:36:55,IST,902151402964738051,pibshimla,PIB in Himachal Pradesh,,"As #Unlock1 begins, the Ludhiana bus stand in #Punjab springs back to life with a large number of passengers turning to board buses. All passengers are wearing masks and undergoing thermal scanning before being allowed to board the buses.

@PunjabGovtIndia @PIB_India @MIB_India pic.twitter.com/jVBHCi1bd4","['punjabgovtindia', 'pib_india', 'mib_india']",[],[],0,0,0,"['#unlock1', '#punjab']",[],https://twitter.com/PIBShimla/status/1267699193113542657,False,,1,,,,,,,"[{'user_id': '902151402964738051', 'username': 'PIBShimla'}, {'user_id': '2998200620', 'username': 'PunjabGovtIndia'}, {'user_id': '231033118', 'username': 'PIB_India'}, {'user_id': '920488039', 'username': 'MIB_India'}]",,,,
1267686773074718720,1267686773074718720,1591075053000,2020-06-02,10:47:33,IST,567278796,pibchandigarh,PIB in Chandigarh,,"As #Unlock1 begins, the Ludhiana bus stand in #Punjab springs back to life with a large number of passengers turning to board buses. All passengers are wearing masks and undergoing thermal scanning before being allowed to board the buses.

@PunjabGovtIndia @PIB_India @MIB_India pic.twitter.com/XWZjJ2yOlY","['punjabgovtindia', 'pib_india', 'mib_india']",[],[],0,5,4,"['#unlock1', '#punjab']",[],https://twitter.com/PIBChandigarh/status/1267686773074718720,False,,1,,,,,,,"[{'user_id': '567278796', 'username': 'PIBChandigarh'}, {'user_id': '2998200620', 'username': 'PunjabGovtIndia'}, {'user_id': '231033118', 'username': 'PIB_India'}, {'user_id': '920488039', 'username': 'MIB_India'}]",,,,
1267381644153049088,1267281876244410369,1591002305000,2020-06-01,14:35:05,IST,980579749,ankur_kaila,ღ ღ 🇮🇳,,"Resume Train Service from #Pathankot also. Start 18102/18310. Atleast Start Local Train Service from Pathankot to Amritsar, Jalandhar, Ludhiana, Kangra & Chandigarh & Provide relief to the public. 
@RailMinIndia @GM_NRly @capt_amarinder @iamsunnydeol
#lockdown5 #Unlock1","['drmfzr', 'railminindia', 'gm_nrly', 'capt_amarinder', 'iamsunnydeol']",[],[],0,0,0,"['#pathankot', '#lockdown5', '#unlock1']",[],https://twitter.com/ankur_kaila/status/1267381644153049088,False,,0,,,,,,,"[{'user_id': '980579749', 'username': 'ankur_kaila'}, {'user_id': '3062871188', 'username': 'drmfzr'}, {'user_id': '2602959463', 'username': 'RailMinIndia'}, {'user_id': '3282265236', 'username': 'GM_NRly'}, {'user_id': '263090427', 'username': 'capt_amarinder'}, {'user_id': '2583539371', 'username': 'iamsunnydeol'}]",,,,
1267129859404333057,1267129859404333057,1590942275000,2020-05-31,21:54:35,IST,785194391552032768,katochshailly,Shailly Katoch,,"Doddle 

#quarantinelife #lockdown2020 #lockdown5.0
#unlock1.0 @ Ludhiana, Punjab, India  https://www.instagram.com/p/CA29zuMnbmmT45RwCn5bWYR6BxCJXLXnSs8hag0/?igshid=mnuerw7tmv46 …",[],['https://www.instagram.com/p/CA29zuMnbmmT45RwCn5bWYR6BxCJXLXnSs8hag0/?igshid=mnuerw7tmv46'],[],0,0,0,"['#quarantinelife', '#lockdown2020', '#lockdown5', '#unlock1']",[],https://twitter.com/KatochShailly/status/1267129859404333057,False,,0,,,,,,,"[{'user_id': '785194391552032768', 'username': 'KatochShailly'}]",,,,
1266990232563593216,1266990232563593216,1590908985000,2020-05-31,12:39:45,IST,1256050187232874496,raj82906774,Breaking News,,"No tobacco day

#quotestoliveby
#thoughts
#thoughtoftheday
#inspirationalquotes
#unlock1
#lockdown
#indian
#modi
#ludhiana
#positivevibes
#sunday
#sundayfunday
#migrantworkers…  https://www.instagram.com/p/CA1-T93p1MB/?igshid=1tigsl0tprhl1 …",[],['https://www.instagram.com/p/CA1-T93p1MB/?igshid=1tigsl0tprhl1'],[],0,0,0,"['#quotestoliveby', '#thoughts', '#thoughtoftheday', '#inspirationalquotes', '#unlock1', '#lockdown', '#indian', '#modi', '#ludhiana', '#positivevibes', '#sunday', '#sundayfunday', '#migrantworkers']",[],https://twitter.com/Raj82906774/status/1266990232563593216,False,,0,,,,,,,"[{'user_id': '1256050187232874496', 'username': 'Raj82906774'}]",,,,
