id,conversation_id,created_at,date,time,timezone,user_id,username,name,place,tweet,mentions,urls,photos,replies_count,retweets_count,likes_count,hashtags,cashtags,link,retweet,quote_url,video,near,geo,source,user_rt_id,user_rt,retweet_id,reply_to,retweet_date,translate,trans_src,trans_dest
1275845274565586947,1275845274565586947,1593020192000,2020-06-24,23:06:32,IST,3328292636,air_bikaner,"All India Radio, BIKANER (Rajasthan)",,"#IndiaFightsCorona

गर्व है हमें देश के कोरोना वारियर्स पर! 

#TogetherAgainstCOVID19 #HealthForAll #SwasthaBharat #CoronaOutbreak #Unlock1 @cmhobikaner @Bikaner_Police @Bikanerudyog pic.twitter.com/jG0x5qTn1q","['cmhobikaner', 'bikaner_police', 'bikanerudyog']",[],['https://pbs.twimg.com/media/EbS2gb2U8AACA9p.jpg'],0,2,1,"['#indiafightscorona', '#togetheragainstcovid19', '#healthforall', '#swasthabharat', '#coronaoutbreak', '#unlock1']",[],https://twitter.com/AIR_Bikaner/status/1275845274565586947,False,,0,,,,,,,"[{'user_id': '3328292636', 'username': 'AIR_Bikaner'}, {'user_id': '4838512291', 'username': 'cmhobikaner'}, {'user_id': '878490335680372737', 'username': 'Bikaner_Police'}, {'user_id': '1160502121676058624', 'username': 'Bikanerudyog'}]",,,,
1274008821502029830,1274008821502029830,1592582347000,2020-06-19,21:29:07,IST,1259548280255418369,marwaditales,marwadi.tales,,"Unlock Marwadis, unlock business 
#Unlock1 #MarwadiTales #marwad #Rajasthan #rajasthani #marwar #mewar #Jodhpur #Pali #Barmer #Jalore #Sirohi #Jaipur #udaipur #bikaner #Jaisalmer #Kota #Mumbai #Bombay #Delhi #Pune #Bangalore #Chennai #rajasthandiaries @MarwadiTales pic.twitter.com/H1P9FCrU3z",['marwaditales'],[],['https://pbs.twimg.com/media/Ea4wROIXsAAF71V.jpg'],0,2,3,"['#unlock1', '#marwaditales', '#marwad', '#rajasthan', '#rajasthani', '#marwar', '#mewar', '#jodhpur', '#pali', '#barmer', '#jalore', '#sirohi', '#jaipur', '#udaipur', '#bikaner', '#jaisalmer', '#kota', '#mumbai', '#bombay', '#delhi', '#pune', '#bangalore', '#chennai', '#rajasthandiaries']",[],https://twitter.com/MarwadiTales/status/1274008821502029830,False,,0,,,,,,,"[{'user_id': '1259548280255418369', 'username': 'MarwadiTales'}]",,,,
1273962468440600577,1273962468440600577,1592571296000,2020-06-19,18:24:56,IST,3328292636,air_bikaner,"All India Radio, BIKANER (Rajasthan)",,"#IndiaFightsCorona

ख़ुद को और अपने प्रियजनों को सुरक्षित रखने के लिए बुनियादी सुरक्षात्मक उपायों का पालन करें। बदलकर अपना व्यवहार, करें कोरोना पर वार।

#TogetherAgainstCovid19 #Unlock1  pic.twitter.com/hod4FNOORf",[],[],['https://pbs.twimg.com/media/Ea4GHNJVcAEUx9P.jpg'],0,1,2,"['#indiafightscorona', '#togetheragainstcovid19', '#unlock1']",[],https://twitter.com/AIR_Bikaner/status/1273962468440600577,False,,0,,,,,,,"[{'user_id': '3328292636', 'username': 'AIR_Bikaner'}]",,,,
1272145524158840833,1272145524158840833,1592138102000,2020-06-14,18:05:02,IST,2164575084,1stindianews,First India News Rajasthan,,"#Bikaner : कोतवाली थाना क्षेत्र से हटाया कर्फ्यू

कलेक्टर कुमारपाल गौतम ने जारी किए आदेश, कोरोना पॉजिटिव मरीज आने पर लगाया था कर्फ्यू, अब सैम्पलिंग व रिपोर्ट नेगेटिव होने पर हटाया कर्फ्यू

#CoronaPandemic #Unlock1 #Lockdown5",[],[],[],1,2,18,"['#bikaner', '#coronapandemic', '#unlock1', '#lockdown5']",[],https://twitter.com/1stIndiaNews/status/1272145524158840833,False,,0,,,,,,,"[{'user_id': '2164575084', 'username': '1stIndiaNews'}]",,,,
1268498371024572416,1268498371024572416,1591268553000,2020-06-04,16:32:33,IST,2164575084,1stindianews,First India News Rajasthan,,"#Bikaner : देशनोक पालिका के प्रवेश द्वार पर भीड़

सोशल डिस्टेंस की खुलकर उड़ी धज्जियां, कर्मचारी भी बिना मास्क के आए नजर, कचरा पात्र वितरण को लेकर जुटी भीड़

@Bikaner_Police #Unlock1 #Lockdown5",['bikaner_police'],[],[],0,2,25,"['#bikaner', '#unlock1', '#lockdown5']",[],https://twitter.com/1stIndiaNews/status/1268498371024572416,False,,0,,,,,,,"[{'user_id': '2164575084', 'username': '1stIndiaNews'}, {'user_id': '878490335680372737', 'username': 'Bikaner_Police'}]",,,,
1268464180740448256,1268464180740448256,1591260402000,2020-06-04,14:16:42,IST,2989790052,a1tvrajasthan,A1TV,,"कोलायत : वन विभाग और पुलिस की संयुक्त कार्रवाई

टोपीदार बंदूक सहित 3 शिकारियों को किया गिरफ्तार, पूर्व में किया था हिरण शिकार, रेंजर जितेंद्र सिंह ने दी जानकारी #A1TVNews #CoronaPandemic #Lockdown5 #Unlock1 @Bikaner_Police",['bikaner_police'],[],[],0,0,1,"['#a1tvnews', '#coronapandemic', '#lockdown5', '#unlock1']",[],https://twitter.com/A1TVrajasthan/status/1268464180740448256,False,,0,,,,,,,"[{'user_id': '2989790052', 'username': 'A1TVrajasthan'}, {'user_id': '878490335680372737', 'username': 'Bikaner_Police'}]",,,,
1268463648667840516,1268463648667840516,1591260275000,2020-06-04,14:14:35,IST,2989790052,a1tvrajasthan,A1TV,,"#Bikaner : शराब के नशे में बेटे ने की पिता की हत्या

लाठी से पीट-पीटकर कर पिता को उतारा मौत के घाट, घटना के बाद आरोपी हुआ मौके से फरार, देर रात जामसर थाना क्षेत्र के कतरियासर गांव की घटना  #A1TVNews #CoronaPandemic #Lockdown5 #Unlock1 @Bikaner_Police",['bikaner_police'],[],[],0,0,2,"['#bikaner', '#a1tvnews', '#coronapandemic', '#lockdown5', '#unlock1']",[],https://twitter.com/A1TVrajasthan/status/1268463648667840516,False,,0,,,,,,,"[{'user_id': '2989790052', 'username': 'A1TVrajasthan'}, {'user_id': '878490335680372737', 'username': 'Bikaner_Police'}]",,,,
1268166462079930369,1268166462079930369,1591189420000,2020-06-03,18:33:40,IST,2164575084,1stindianews,First India News Rajasthan,,"#Bikaner : वेटरनरी विश्वविद्यालय से बड़ी खबर 

RPVT ऑनलाइन आवेदन की तिथि बढ़ाई, अब 20 जून तक अभ्यर्थी कर सकेंगे आवेदन, स्नातक प्रथम वर्ष में प्रवेश के लिए आयोजित होगा टेस्ट, RPVT समन्वयक प्रो. हेमंत दाधीच ने दी जानकारी

#CoronaVirus #Covid19 #Unlock1 #Lockdown5",[],[],[],1,6,43,"['#bikaner', '#coronavirus', '#covid19', '#unlock1', '#lockdown5']",[],https://twitter.com/1stIndiaNews/status/1268166462079930369,False,,0,,,,,,,"[{'user_id': '2164575084', 'username': '1stIndiaNews'}]",,,,
1268157648874201089,1268157648874201089,1591187319000,2020-06-03,17:58:39,IST,1657620379,rpbreakingnews,rpbreakingnews,,"बीकानेर-दिल्ली ट्रेन शुरू, मिलेगी राहत
#Bikaner #Unlock1 #Lockdown5 https://www.patrika.com/bikaner-news/bikaner-delhi-train-starts-relief-6160064/?utm_source=Facebook&utm_medium=Social&utm_campaign=PatrikaRP …",[],['https://www.patrika.com/bikaner-news/bikaner-delhi-train-starts-relief-6160064/?utm_source=Facebook&utm_medium=Social&utm_campaign=PatrikaRP'],[],1,0,38,"['#bikaner', '#unlock1', '#lockdown5']",[],https://twitter.com/rpbreakingnews/status/1268157648874201089,False,,0,,,,,,,"[{'user_id': '1657620379', 'username': 'rpbreakingnews'}]",,,,
1268096970347839489,1268096970347839489,1591172852000,2020-06-03,13:57:32,IST,992281640482127873,bikaneribhujia,Bhikharam Chandmal,,"#BhikharamChandmal

Cherish your childhood love forever: Bikaneri Bhujia

#vocalforlocal #aatmanirbharbharat #unlock1 #buylocal #bevocalforlocal #paprichaat #Bhelpuri #Bhujia #Namkeen #Bikaner #Rajasthan #India #Taste #Sweets #Papad #Rasgulla #Spices #BikaneriBhujia #Snacks #Food pic.twitter.com/pq2crcXaHz",[],[],['https://pbs.twimg.com/media/EZkvbROU4AA91KU.jpg'],0,0,2,"['#bhikharamchandmal', '#vocalforlocal', '#aatmanirbharbharat', '#unlock1', '#buylocal', '#bevocalforlocal', '#paprichaat', '#bhelpuri', '#bhujia', '#namkeen', '#bikaner', '#rajasthan', '#india', '#taste', '#sweets', '#papad', '#rasgulla', '#spices', '#bikaneribhujia', '#snacks', '#food']",[],https://twitter.com/bikaneribhujia/status/1268096970347839489,False,,0,,,,,,,"[{'user_id': '992281640482127873', 'username': 'bikaneribhujia'}]",,,,
1267840387772821506,1267840387772821506,1591111678000,2020-06-02,20:57:58,IST,2164575084,1stindianews,First India News Rajasthan,,"#Bikaner : नोखा में 2 कोरोना पॉजिटिव आये सामने, अब तक कुल 108 कोरोना पॉजिटिव, तो इधर रेल लौट रही पटरी पर, आज से शुरू हुई यात्री स्पेशल ट्रेन

#CoronaVirus #Covid19 #Unlock1 @kunwarraghav",['kunwarraghav'],[],[],1,5,20,"['#bikaner', '#coronavirus', '#covid19', '#unlock1']",[],https://twitter.com/1stIndiaNews/status/1267840387772821506,False,,0,,,,,,,"[{'user_id': '2164575084', 'username': '1stIndiaNews'}, {'user_id': '107043078', 'username': 'kunwarraghav'}]",,,,
1267816934612930560,1267816934612930560,1591106086000,2020-06-02,19:24:46,IST,2164575084,1stindianews,First India News Rajasthan,,"#Bikaner : कल से शुरू होगा रोडवेज बसों का संचालन 

बीकानेर डिपो से 7 रोडवेज बसों का होगा संचालन, अन्य डिपो की भी 7 बसों का होगा संचालन, जोधपुर,नागौर,जयपुर,कोटा,हनुमानगढ़ के चलेगी बसें, बीकानेर आगार प्रबधंक इंद्रा गोदारा ने दी जानकारी 

@RSRTC_OFFICIAL #Unlock1 #Lockdown5",['rsrtc_official'],[],[],0,5,41,"['#bikaner', '#unlock1', '#lockdown5']",[],https://twitter.com/1stIndiaNews/status/1267816934612930560,False,,0,,,,,,,"[{'user_id': '2164575084', 'username': '1stIndiaNews'}, {'user_id': '292247060', 'username': 'RSRTC_OFFICIAL'}]",,,,
1267816872046546944,1267816872046546944,1591106071000,2020-06-02,19:24:31,IST,1587915768,zeerajasthan_,ZEE Rajasthan,,"#Bikaner | पटरी पर लौटने लगा करोड़ों का कारोबार। 

कोटगेट बाजार से देखिये, ग्राउड जीरों वाली रिपोर्ट

@RounakVyas15
#coronavirusindia #Unlock1 #CoronaLockdown #RajasthanWithZee #ashokgehlotmodel pic.twitter.com/c11KglTIxq",['rounakvyas15'],[],[],0,3,21,"['#bikaner', '#coronavirusindia', '#unlock1', '#coronalockdown', '#rajasthanwithzee', '#ashokgehlotmodel']",[],https://twitter.com/zeerajasthan_/status/1267816872046546944,False,,1,,,,,,,"[{'user_id': '1587915768', 'username': 'zeerajasthan_'}, {'user_id': '1198187443553308672', 'username': 'RounakVyas15'}]",,,,
1267788837935370241,1267788837935370241,1591099387000,2020-06-02,17:33:07,IST,2164575084,1stindianews,First India News Rajasthan,,"#Bikaner : दिल्ली के लिए स्पेशल ट्रेन रवाना 

मेड़ता-जयपुर होते हुए ट्रेन पहुंचेगी दिल्ली, 63 यात्री हुए ट्रेन से रवाना,73 यात्रियों ने करवाए थे रिजर्वेशन, लॉकडाउन के 71 दिन बाद बीकानेर से रवाना हुई ट्रेन, स्टेशन पर यात्रियों की स्क्रीनिंग भी की गई 

#CoronaVirus #Unlock1",[],[],[],0,1,27,"['#bikaner', '#coronavirus', '#unlock1']",[],https://twitter.com/1stIndiaNews/status/1267788837935370241,False,,0,,,,,,,"[{'user_id': '2164575084', 'username': '1stIndiaNews'}]",,,,
1267777679450914816,1267777679450914816,1591096727000,2020-06-02,16:48:47,IST,1228613919259758593,tejjalexpressn,Tejjal Express News,,"#Bikaner : नोखा में 2 कोरोना पॉजिटिव मिले, CMHO बीएल मीना ने दी जानकारी 

#CoronaVirus #Covid19 #Unlock1",[],[],[],0,0,0,"['#bikaner', '#coronavirus', '#covid19', '#unlock1']",[],https://twitter.com/TejjalExpressN/status/1267777679450914816,False,,0,,,,,,,"[{'user_id': '1228613919259758593', 'username': 'TejjalExpressN'}]",,,,
1267777269419868162,1267777269419868162,1591096629000,2020-06-02,16:47:09,IST,2164575084,1stindianews,First India News Rajasthan,,"#Bikaner : नोखा में 2 कोरोना पॉजिटिव मिले, CMHO बीएल मीना ने दी जानकारी

#CoronaVirus #Covid19 #Unlock1 @kunwarraghav",['kunwarraghav'],[],[],1,6,36,"['#bikaner', '#coronavirus', '#covid19', '#unlock1']",[],https://twitter.com/1stIndiaNews/status/1267777269419868162,False,,0,,,,,,,"[{'user_id': '2164575084', 'username': '1stIndiaNews'}, {'user_id': '107043078', 'username': 'kunwarraghav'}]",,,,
1267361211781275650,1267361211781275650,1590997433000,2020-06-01,13:13:53,IST,1587915768,zeerajasthan_,ZEE Rajasthan,,"#Bikaner |  शहर में नजर आने लगी पहले जैसी चहल-पहल

@RounakVyas15 @Bikaner_Police #Unlock1  pic.twitter.com/7rd2kNeCjU","['rounakvyas15', 'bikaner_police']",[],[],1,2,22,"['#bikaner', '#unlock1']",[],https://twitter.com/zeerajasthan_/status/1267361211781275650,False,,1,,,,,,,"[{'user_id': '1587915768', 'username': 'zeerajasthan_'}, {'user_id': '1198187443553308672', 'username': 'RounakVyas15'}, {'user_id': '878490335680372737', 'username': 'Bikaner_Police'}]",,,,
1267311828217892865,1267311828217892865,1590985660000,2020-06-01,09:57:40,IST,193596065,hrhhotels,HRH Hotels,,"We care for you, and your safety is our priority.⁣
⁣
#Travel #Udaipur #Bikaner #Jaisalmer #Ranakpur #Kumbhalgarh #Rajasthan #ComingBackSoon #HolidayWithUs #HRHGroupOfHotels #HeritageHotels #Heritage #RoyalRetreat #India ⁣#Summer2020 #StayHome #StaySafe #SeeYouSoon #Unlock1  pic.twitter.com/zUgPwTl2Yx",[],[],"['https://pbs.twimg.com/media/EZZlYD_UwAM5NX0.jpg', 'https://pbs.twimg.com/media/EZZlYrUUcAMgY4L.jpg']",0,3,7,"['#travel', '#udaipur', '#bikaner', '#jaisalmer', '#ranakpur', '#kumbhalgarh', '#rajasthan', '#comingbacksoon', '#holidaywithus', '#hrhgroupofhotels', '#heritagehotels', '#heritage', '#royalretreat', '#india', '#summer2020', '#stayhome', '#staysafe', '#seeyousoon', '#unlock1']",[],https://twitter.com/HRHhotels/status/1267311828217892865,False,,0,,,,,,,"[{'user_id': '193596065', 'username': 'HRHhotels'}]",,,,
1267128075319468034,1267128075319468034,1590941849000,2020-05-31,21:47:29,IST,2164575084,1stindianews,First India News Rajasthan,,"#Bikaner : 30 जून तक बढ़ाए गए प्रतिबंधात्मक आदेश

कोरोना वायरस संक्रमण रोकथाम के लिए DM ने जारी किए आदेश, रात 9 से प्रातः 5 बजे तक सभी गैर आवश्यक गतिविधियों के लिए आवागमन पर प्रतिबंध, आदेश की अवहेलना पर होगी कड़ी कार्रवाई

@kunwarraghav #Covid19 #Lockdown5 #Unlock1",['kunwarraghav'],[],[],0,4,53,"['#bikaner', '#covid19', '#lockdown5', '#unlock1']",[],https://twitter.com/1stIndiaNews/status/1267128075319468034,False,,0,,,,,,,"[{'user_id': '2164575084', 'username': '1stIndiaNews'}, {'user_id': '107043078', 'username': 'kunwarraghav'}]",,,,
