id,conversation_id,created_at,date,time,timezone,user_id,username,name,place,tweet,mentions,urls,photos,replies_count,retweets_count,likes_count,hashtags,cashtags,link,retweet,quote_url,video,near,geo,source,user_rt_id,user_rt,retweet_id,reply_to,retweet_date,translate,trans_src,trans_dest
1277583503895392256,1277583503895392256,1593434618000,2020-06-29,18:13:38,IST,895969105680809988,ddnewsrajasthan,DD News Rajasthan,,"#Ajmer में भी बढ़ रही #Corona रिकवरी रेट, #Covid19 की एक्टिव रेट वर्तमान में 1.8 है और रिकवरी रेट 84.56, सीएमएचओ केके सोनी ने कहा - आमजन को कोरोना से घबराने की जरूरत नहीं, बल्कि सावधान रहने की जरूरत, #Unlock1 के चलते लोगों में लापरवाही नहीं होनी चाहिए  pic.twitter.com/34x5au9V0Y",[],[],"['https://pbs.twimg.com/media/Ebri05FUwAAAi2s.jpg', 'https://pbs.twimg.com/media/Ebri7RTVAAAZHNo.jpg']",0,0,1,"['#ajmer', '#corona', '#covid19', '#unlock1']",[],https://twitter.com/DDNewsRajasthan/status/1277583503895392256,False,,0,,,,,,,"[{'user_id': '895969105680809988', 'username': 'DDNewsRajasthan'}]",,,,
1275970174890373121,1275970174890373121,1593049970000,2020-06-25,07:22:50,IST,2164575084,1stindianews,First India News Rajasthan,,"#Ajmer : धार्मिक स्थल खोलने को लेकर प्रशासन की बैठक

कल कलेक्टर विश्वमोहन शर्मा की अध्यक्षता में हुई बैठक, बैठक में जनप्रतिनिधियों ने दिए अलग-अलग सुझाव, धार्मिक स्थलों को खोलने पर राज्य सरकार को रिपोर्ट भेजेगा प्रशासन...

#CoronaPandemic #Unlock1 #Lockdown5 pic.twitter.com/e4q9zxw1nY",[],[],['https://pbs.twimg.com/media/EbUoELbUMAEpM03.jpg'],1,4,14,"['#ajmer', '#coronapandemic', '#unlock1', '#lockdown5']",[],https://twitter.com/1stIndiaNews/status/1275970174890373121,False,,0,,,,,,,"[{'user_id': '2164575084', 'username': '1stIndiaNews'}]",,,,
1271771692977631232,1271771692977631232,1592048974000,2020-06-13,17:19:34,IST,2989790052,a1tvrajasthan,A1TV,,"#Ajmer : कोरोना ने मेडिकल स्टाफ को फिर लिया अपनी चपेट में

JLN अस्पताल के सर्जिकल ICU में कार्यरत थी नर्सिंगकर्मी, नर्सिंगकर्मी का मकान मालिक कल आया था पॉजिटिव #A1TVNews #CoronaPandemic #Lockdown5 #unlock1
@RaghusharmaINC",['raghusharmainc'],[],[],0,0,3,"['#ajmer', '#a1tvnews', '#coronapandemic', '#lockdown5', '#unlock1']",[],https://twitter.com/A1TVrajasthan/status/1271771692977631232,False,,0,,,,,,,"[{'user_id': '2989790052', 'username': 'A1TVrajasthan'}, {'user_id': '517767805', 'username': 'RaghusharmaINC'}]",,,,
1271398651902914560,1271398651902914560,1591960034000,2020-06-12,16:37:14,IST,2989790052,a1tvrajasthan,A1TV,,"#Ajmer #नसीराबाद : मौसम का बदला मिजाज

आसमान में छाए काले बादल, बादलों की गड़गड़ाहट के साथ बारिश हुई शुरू 
#WeatherUpdate #A1TVNews #CoronaPandemic #Lockdown5 #unlock1  pic.twitter.com/49QtnqvNPp",[],[],['https://pbs.twimg.com/media/EaTqTR7UMAAKUNv.png'],0,0,0,"['#ajmer', '#नसीराबाद', '#weatherupdate', '#a1tvnews', '#coronapandemic', '#lockdown5', '#unlock1']",[],https://twitter.com/A1TVrajasthan/status/1271398651902914560,False,,0,,,,,,,"[{'user_id': '2989790052', 'username': 'A1TVrajasthan'}]",,,,
1270341396428398592,1270341396428398592,1591707965000,2020-06-09,18:36:05,IST,2164575084,1stindianews,First India News Rajasthan,,"#Ajmer : 11 जून से और तेज होगा रोडवेज बसों का सफर

एमडी नवीन जैन ने सभी जोनल मैनेजर और चीफ मैनेजर्स को दिए दिशा निर्देश, 200 रूटों पर 500 ट्रिप और हो जाएंगे शुरू, आज से हो जाएगी ऑनलाइन टिकट की बुकिंग शुरू...

#CoronaPandemic #Unlock1 #Lockdown5 pic.twitter.com/DUdPjYhmae",[],[],['https://pbs.twimg.com/media/EaEotf8WsAEVdtG.jpg'],1,9,62,"['#ajmer', '#coronapandemic', '#unlock1', '#lockdown5']",[],https://twitter.com/1stIndiaNews/status/1270341396428398592,False,,0,,,,,,,"[{'user_id': '2164575084', 'username': '1stIndiaNews'}]",,,,
1270014635400466434,1270014635400466434,1591630059000,2020-06-08,20:57:39,IST,1253355596222541825,thedesertxpress,The Desert Xpress,,"#Rajasthan #Covid_19  8:30pm update

277new +ve & 6 Deaths reported

Cumulative+ve10876
Active+ve 2513
Deaths 246
Migrants+ve 3125
Cured 8117
Discharged 7714

#Ajmer #Jaipur #Unlock1 #StayHomeStaySafe pic.twitter.com/SZSE247AX8",[],[],['https://pbs.twimg.com/media/EZ__fZGWAAEPwXs.jpg'],0,1,2,"['#rajasthan', '#covid_19', '#ajmer', '#jaipur', '#unlock1', '#stayhomestaysafe']",[],https://twitter.com/TheDesertXpress/status/1270014635400466434,False,,0,,,,,,,"[{'user_id': '1253355596222541825', 'username': 'TheDesertXpress'}]",,,,
1269709731515568128,1269709731515568128,1591557364000,2020-06-08,00:46:04,IST,1657620379,rpbreakingnews,rpbreakingnews,,"Corona unlock-1.0- पुष्कर में बंदिशों को नहीं मान रहे विदेशी सैलानी
#Unlock1 #Lockdown5 #Ajmer
 https://www.patrika.com/ajmer-news/corona-unlock-1-0-foreign-tourists-are-not-accepting-the-restriction-6173401/?utm_source=Facebook&utm_medium=Social&utm_campaign=PatrikaRP …",[],['https://www.patrika.com/ajmer-news/corona-unlock-1-0-foreign-tourists-are-not-accepting-the-restriction-6173401/?utm_source=Facebook&utm_medium=Social&utm_campaign=PatrikaRP'],[],1,5,36,"['#unlock1', '#lockdown5', '#ajmer']",[],https://twitter.com/rpbreakingnews/status/1269709731515568128,False,,0,,,,,,,"[{'user_id': '1657620379', 'username': 'rpbreakingnews'}]",,,,
1269647147642892288,1269647147642892288,1591542443000,2020-06-07,20:37:23,IST,2164575084,1stindianews,First India News Rajasthan,,"#Ajmer #पुष्कर: आखिर प्रशासन क्यों नहीं दे रहा विदेशी पर्यटकों पर ध्यान ?

तीर्थ नगरी पुष्कर में उड़ रही सोशल डिस्टेंस की धज्जियां, विदेशी पर्यटक उड़ा रहे सोशल डिस्टेंस की धज्जियां, विदेशी पर्यटक उड़ा रहे राज्य सरकार की गाइडलाइन का मखौल...

#CoronaVirus #Covid19 #Unlock1  pic.twitter.com/W411ZVPa6U",[],[],['https://pbs.twimg.com/media/EZ6xTLvXYAEh12f.jpg'],0,8,32,"['#ajmer', '#पुष्कर', '#coronavirus', '#covid19', '#unlock1']",[],https://twitter.com/1stIndiaNews/status/1269647147642892288,False,,0,,,,,,,"[{'user_id': '2164575084', 'username': '1stIndiaNews'}]",,,,
1268843387785842688,1268843387785842688,1591350812000,2020-06-05,15:23:32,IST,3223305793,mttvindia,MTTV INDIA,,"#Ajmer : केंद्रीय मेडिकल टीम पहुंची अजमेर 

अजमेर दरगाह क्षेत्र का किया मेडिकल टीम ने सघन दौरा, कलेक्टर सहित जिले के अन्य वरिष्ठ अधिकारी भी हैं मौके पर, क्वॉरंटीन सेंटर का भी किया जा रहा निरीक्षण

#CoronaVirus #Covid19 #Unlock1 #Lockdown5",[],[],[],0,2,8,"['#ajmer', '#coronavirus', '#covid19', '#unlock1', '#lockdown5']",[],https://twitter.com/MTTVINDIA/status/1268843387785842688,False,,0,,,,,,,"[{'user_id': '3223305793', 'username': 'MTTVINDIA'}]",,,,
1268843245020348416,1268843245020348416,1591350778000,2020-06-05,15:22:58,IST,2164575084,1stindianews,First India News Rajasthan,,"#Ajmer : केंद्रीय मेडिकल टीम पहुंची अजमेर 

अजमेर दरगाह क्षेत्र का किया मेडिकल टीम ने सघन दौरा, कलेक्टर सहित जिले के अन्य वरिष्ठ अधिकारी भी हैं मौके पर, क्वॉरंटीन सेंटर का भी किया जा रहा निरीक्षण

#CoronaVirus #Covid19 #Unlock1 #Lockdown5",[],[],[],1,7,39,"['#ajmer', '#coronavirus', '#covid19', '#unlock1', '#lockdown5']",[],https://twitter.com/1stIndiaNews/status/1268843245020348416,False,,0,,,,,,,"[{'user_id': '2164575084', 'username': '1stIndiaNews'}]",,,,
1268838505343602688,1268838505343602688,1591349648000,2020-06-05,15:04:08,IST,1645356829,samacharnagar,Samachar Nagar Media House,,"#Ajmer : किशनगढ़ में ये कैसा अनलॉक

अब जनता परेशान तो अधिकारी बजा रहे घरों पर चैन की बंसी, दफ्तरों में साहब नहीं खाली कुर्सी खा रही पंखे की हवा, तो कई इलाकों में बिजली की आंख मिचोली से लोग हो रहे परेशान...

#CoronaVirus #Covid19 #Unlock1 #Lockdown5",[],[],[],0,0,0,"['#ajmer', '#coronavirus', '#covid19', '#unlock1', '#lockdown5']",[],https://twitter.com/samacharnagar/status/1268838505343602688,False,,0,,,,,,,"[{'user_id': '1645356829', 'username': 'samacharnagar'}]",,,,
1268838337005182976,1268838337005182976,1591349608000,2020-06-05,15:03:28,IST,2989790052,a1tvrajasthan,A1TV,,"#Ajmer : कोरोना पॉजिटिव बुजुर्ग की हुई मौत

धौला भाटा निवासी 58 वर्षीय बुजुर्ग की हुई मौत, कल बुजुर्ग को कराया था अस्पताल में भर्ती  #A1TVNews #CoronaPandemic #Lockdown5 #Unlock1 @IgpAjmer",['igpajmer'],[],[],0,0,1,"['#ajmer', '#a1tvnews', '#coronapandemic', '#lockdown5', '#unlock1']",[],https://twitter.com/A1TVrajasthan/status/1268838337005182976,False,,0,,,,,,,"[{'user_id': '2989790052', 'username': 'A1TVrajasthan'}, {'user_id': '880313112246616064', 'username': 'IgpAjmer'}]",,,,
1268837573339856896,1268837573339856896,1591349426000,2020-06-05,15:00:26,IST,2164575084,1stindianews,First India News Rajasthan,,"#Ajmer : किशनगढ़ में ये कैसा अनलॉक

अब जनता परेशान तो अधिकारी बजा रहे घरों पर चैन की बंसी, दफ्तरों में साहब नहीं खाली कुर्सी खा रही पंखे की हवा, तो कई इलाकों में बिजली की आंख मिचोली से लोग हो रहे परेशान...

#CoronaVirus #Covid19 #Unlock1 #Lockdown5 pic.twitter.com/cMNYbpRDO8",[],[],['https://pbs.twimg.com/media/EZvRCmbXYAE7g9H.jpg'],0,4,21,"['#ajmer', '#coronavirus', '#covid19', '#unlock1', '#lockdown5']",[],https://twitter.com/1stIndiaNews/status/1268837573339856896,False,,0,,,,,,,"[{'user_id': '2164575084', 'username': '1stIndiaNews'}]",,,,
1268833881731588099,1268833881731588099,1591348545000,2020-06-05,14:45:45,IST,2164575084,1stindianews,First India News Rajasthan,,"#Ajmer : केंद्रीय मेडिकल टीम ने दरगाह क्षेत्र का किया निरीक्षण, साथ ही कोविड सेंटर का भी किया निरीक्षण, कलेक्टर सहित जिले के तमाम अधिकारी हैं साथ में मौजूद

#CoronaVirus #Covid19 #Unlock1 #Lockdown5",[],[],[],0,7,34,"['#ajmer', '#coronavirus', '#covid19', '#unlock1', '#lockdown5']",[],https://twitter.com/1stIndiaNews/status/1268833881731588099,False,,0,,,,,,,"[{'user_id': '2164575084', 'username': '1stIndiaNews'}]",,,,
1268830812914569216,1268830812914569216,1591347814000,2020-06-05,14:33:34,IST,2164575084,1stindianews,First India News Rajasthan,,"#Ajmer : माहेश्वरी पब्लिक स्कूल की मान्यता रद्द करने की मांग

AAP पार्टी ने माहेश्वरी पब्लिक स्कूल की मान्यता रद्द करने की मांग की, जिला अध्यक्ष दीपक गुप्ता के नेतृत्व में कलेक्ट्रेट पहुंचे कार्यकर्ता...

#CoronaVirus #Covid19 #Unlock1 #Lockdown5 pic.twitter.com/H4omp3DbKH",[],[],['https://pbs.twimg.com/media/EZvKz01WkAAPahA.jpg'],0,8,52,"['#ajmer', '#coronavirus', '#covid19', '#unlock1', '#lockdown5']",[],https://twitter.com/1stIndiaNews/status/1268830812914569216,False,,0,,,,,,,"[{'user_id': '2164575084', 'username': '1stIndiaNews'}]",,,,
1268550757583904769,1268550757583904769,1591281043000,2020-06-04,20:00:43,IST,2164575084,1stindianews,First India News Rajasthan,,"#Ajmer : शहर के कर्फ्यू इलाकों की समीक्षा के लिए गई बैठक

बैठक में लिए गए अहम फैसले, अनेक इलाकों से हटाया गया कर्फ्यू व निषेधाज्ञा, लखन कोटड़ी के संचेती भवन के आस-पास में ही प्रभावी रहेगी निषेधाज्ञा...

#CoronaVirus #Covid19 #Unlock1 #Lockdown5 pic.twitter.com/VBTGYntlZk",[],[],['https://pbs.twimg.com/media/EZrMK3JWsAAh-HD.jpg'],0,5,21,"['#ajmer', '#coronavirus', '#covid19', '#unlock1', '#lockdown5']",[],https://twitter.com/1stIndiaNews/status/1268550757583904769,False,,0,,,,,,,"[{'user_id': '2164575084', 'username': '1stIndiaNews'}]",,,,
1268210015300550657,1268210015300550657,1591199804000,2020-06-03,21:26:44,IST,3223305793,mttvindia,MTTV INDIA,,"#Ajmer : जिले में मिले 6 कोरोना पॉजिटिव, 3 जवाजा, 2 अजमेर, 1 नसीराबाद से संक्रमित, 3 बिच्छू चौड़ा जालियां प्रथम जवाजा के,एक जटिया कॉलोनी अजमेर, और एक चंदवरदाई अजमेर व एक मिशन कम्पाउंड नसीराबाद निवासी है

#CoronaVirus #Covid19 #Unlock1 #Lockdown5",[],[],[],0,1,10,"['#ajmer', '#coronavirus', '#covid19', '#unlock1', '#lockdown5']",[],https://twitter.com/MTTVINDIA/status/1268210015300550657,False,,0,,,,,,,"[{'user_id': '3223305793', 'username': 'MTTVINDIA'}]",,,,
1268192847091634179,1268192847091634179,1591195711000,2020-06-03,20:18:31,IST,2164575084,1stindianews,First India News Rajasthan,,"#Ajmer : कोरोना को लेकर बरती जा रही सावधानियों और गाइडलाइन की उड़ी धज्जियां

2 पॉजिटिव मरीजों को अस्पताल लाई एम्बुलेंस खड़ी रही स्टाफ के इंतजार में, दोनों मरीज भी इस दौरान खुली सड़क पर खड़े रहे 20 मिनट...

#CoronaVirus #Covid19 #Unlock1 @RaghusharmaINC pic.twitter.com/v0397gR5ld",['raghusharmainc'],[],['https://pbs.twimg.com/media/EZmGnipXQAAkcpo.jpg'],1,9,30,"['#ajmer', '#coronavirus', '#covid19', '#unlock1']",[],https://twitter.com/1stIndiaNews/status/1268192847091634179,False,,0,,,,,,,"[{'user_id': '2164575084', 'username': '1stIndiaNews'}, {'user_id': '517767805', 'username': 'RaghusharmaINC'}]",,,,
1268183732017561601,1268183732017561601,1591193538000,2020-06-03,19:42:18,IST,2164575084,1stindianews,First India News Rajasthan,,"#Ajmer : जिले में मिले 6 कोरोना पॉजिटिव 

3 जवाजा 2 अजमेर 1 नसीराबाद का बताया जा रहा संक्रमित, 3 बिच्छू चौड़ा जालियां प्रथम जवाजा के,एक जटिया कॉलोनी अजमेर, और एक चंदवरदाई अजमेर व एक मिशन कम्पाउंड नसीराबाद निवासी

#CoronaVirus #Covid19 #Unlock1 #Lockdown5",[],[],[],1,6,29,"['#ajmer', '#coronavirus', '#covid19', '#unlock1', '#lockdown5']",[],https://twitter.com/1stIndiaNews/status/1268183732017561601,False,,0,,,,,,,"[{'user_id': '2164575084', 'username': '1stIndiaNews'}]",,,,
1268177766027059200,1268177766027059200,1591192115000,2020-06-03,19:18:35,IST,1262012277068378114,danielkhushi1,Khushi Daniel,,"#Ajmer #ब्यावर: सास-ससुर सहित अन्य युवक कोरोना पॉजिटिव 

बिछु चौड़ा जालिया प्रथम गांव में सास-ससुर निकले कोरोना पॉजिटिव, ब्यावर आने पर अस्पताल के आइसोलेशन वार्ड में किया गया भर्ती...

#CoronaVirus #Covid19 #Unlock1 #Lockdown5  pic.twitter.com/fPZdmwnDvg pic.twitter.com/8vfpNpxLgg",[],[],"['https://pbs.twimg.com/media/EZl48btXgAMzMPJ.jpg', 'https://pbs.twimg.com/media/EZl3FVQXgAA9b3h.jpg']",0,0,1,"['#ajmer', '#ब्यावर', '#coronavirus', '#covid19', '#unlock1', '#lockdown5']",[],https://twitter.com/DanielKhushi1/status/1268177766027059200,False,,0,,,,,,,"[{'user_id': '1262012277068378114', 'username': 'DanielKhushi1'}]",,,,
1268175712860753923,1268175712860753923,1591191626000,2020-06-03,19:10:26,IST,2164575084,1stindianews,First India News Rajasthan,,"#Ajmer #ब्यावर: सास-ससुर सहित अन्य युवक कोरोना पॉजिटिव 

बिछु चौड़ा जालिया प्रथम गांव में सास-ससुर निकले कोरोना पॉजिटिव, ब्यावर आने पर अस्पताल के आइसोलेशन वार्ड में किया गया भर्ती...

#CoronaVirus #Covid19 #Unlock1 #Lockdown5 pic.twitter.com/DzU5rSVX2Z",[],[],['https://pbs.twimg.com/media/EZl3FVQXgAA9b3h.jpg'],2,4,15,"['#ajmer', '#ब्यावर', '#coronavirus', '#covid19', '#unlock1', '#lockdown5']",[],https://twitter.com/1stIndiaNews/status/1268175712860753923,False,,0,,,,,,,"[{'user_id': '2164575084', 'username': '1stIndiaNews'}]",,,,
1268175511609638912,1268175511609638912,1591191578000,2020-06-03,19:09:38,IST,1120558446854586368,sher__avinash,TIGER_AVINASH,,"#Ajmer : नसीराबाद में फिर एक और कोरोना संक्रमित आया सामने

मुम्बई से कल आए युवक की जांच रिपोर्ट आई पॉजिटिव, कस्बे के मिशन कम्पाउंड का निवासी है युवक, चिकित्सा विभाग की टीम जुटी युवक को अजमेर भेजने की तैयारी में 

#CoronaVirus #Covid19 #Unlock1 #Lockdown5",[],[],[],0,1,4,"['#ajmer', '#coronavirus', '#covid19', '#unlock1', '#lockdown5']",[],https://twitter.com/SHER__AVINASH/status/1268175511609638912,False,,0,,,,,,,"[{'user_id': '1120558446854586368', 'username': 'SHER__AVINASH'}]",,,,
1268174908636516352,1268174908636516352,1591191434000,2020-06-03,19:07:14,IST,2164575084,1stindianews,First India News Rajasthan,,"#Ajmer : नसीराबाद में फिर एक और कोरोना संक्रमित आया सामने

मुम्बई से कल आए युवक की जांच रिपोर्ट आई पॉजिटिव, कस्बे के मिशन कम्पाउंड का निवासी है युवक, चिकित्सा विभाग की टीम जुटी युवक को अजमेर भेजने की तैयारी में 

#CoronaVirus #Covid19 #Unlock1 #Lockdown5",[],[],[],1,6,27,"['#ajmer', '#coronavirus', '#covid19', '#unlock1', '#lockdown5']",[],https://twitter.com/1stIndiaNews/status/1268174908636516352,False,,0,,,,,,,"[{'user_id': '2164575084', 'username': '1stIndiaNews'}]",,,,
1267815815748874240,1267815815748874240,1591105820000,2020-06-02,19:20:20,IST,2164575084,1stindianews,First India News Rajasthan,,"#Ajmer : कल से शुरू हो जाएगा रोडवेज का संचालन

अंतर जिला संचालन किया जाएगा शुरू, पूरी सावधानी और सुरक्षा के साथ घूमेगा रोडवेज की बसों का पहिया, जिले के अराईं, ब्यावर, किशनगढ़, पुष्कर आदि रूटों पर चलेंगी बसें...

#CoronaVirus #Covid19 #Unlock1 #Lockdown5 pic.twitter.com/rkynIx9Wz4",[],[],['https://pbs.twimg.com/media/EZgvtmXUwAE5TW2.jpg'],0,7,30,"['#ajmer', '#coronavirus', '#covid19', '#unlock1', '#lockdown5']",[],https://twitter.com/1stIndiaNews/status/1267815815748874240,False,,0,,,,,,,"[{'user_id': '2164575084', 'username': '1stIndiaNews'}]",,,,
1267789854865326088,1267789854865326088,1591099630000,2020-06-02,17:37:10,IST,2164575084,1stindianews,First India News Rajasthan,,"#Ajmer : कोरोना महामारी के 'साइड इफेक्ट' !

इस बार पुष्कर के देशी गुलाब की महक नहीं महकेगी दुनिया में, इंटरनेशनल फ्लाइट बंद होने से फूल नहीं भेजे जा सके देश से बाहर, ऐसे में पुष्कर के फूल उद्योग को भी लगा बड़ा झटका...

#CoronaVirus #Covid19 #Unlock1 #Lockdown5 pic.twitter.com/Mf07RE1Btl",[],[],['https://pbs.twimg.com/media/EZgYH3pXQAE7es7.jpg'],0,4,39,"['#ajmer', '#coronavirus', '#covid19', '#unlock1', '#lockdown5']",[],https://twitter.com/1stIndiaNews/status/1267789854865326088,False,,0,,,,,,,"[{'user_id': '2164575084', 'username': '1stIndiaNews'}]",,,,
1267378482587348992,1267378482587348992,1591001551000,2020-06-01,14:22:31,IST,2989790052,a1tvrajasthan,A1TV,,"#Ajmer  : निजी स्कूल के बाहर अभिभावकों का विरोध प्रदर्शन

स्कूल प्रशासन पर लगाया अधिक फीस लेने का आरोप, अभिभावकों ने  'नो स्कूल, नो फीस' के बैनर तले किया विरोध, स्कूल प्रशासन द्वारा नहीं दिया गया संतोषजनक जवाब  #A1TVNews #CoronaPandemic #Unlock1 @GovindDotasra @IgpAjmer","['govinddotasra', 'igpajmer']",[],[],0,0,6,"['#ajmer', '#a1tvnews', '#coronapandemic', '#unlock1']",[],https://twitter.com/A1TVrajasthan/status/1267378482587348992,False,,0,,,,,,,"[{'user_id': '2989790052', 'username': 'A1TVrajasthan'}, {'user_id': '4643150654', 'username': 'GovindDotasra'}, {'user_id': '880313112246616064', 'username': 'IgpAjmer'}]",,,,
