id,conversation_id,created_at,date,time,timezone,user_id,username,name,place,tweet,mentions,urls,photos,replies_count,retweets_count,likes_count,hashtags,cashtags,link,retweet,quote_url,video,near,geo,source,user_rt_id,user_rt,retweet_id,reply_to,retweet_date,translate,trans_src,trans_dest
1270736870079696903,1270736870079696903,1591802253000,2020-06-10,20:47:33,IST,2164575084,1stindianews,First India News Rajasthan,,"#Bharatpur : शहर के कई इलाकों से हटाया गया कर्फ्यू 

मोरी चारबाग,तारा महेंद्र कॉलोनी, सेवर, माली मोहल्ला, आनंद नगर,गांधीनगर, मालीपुरा व अचलपुरा से हटाया कर्फ्यू, जिला कलेक्टर नथमल डिडेल ने जारी किए आदेश, धारा-144 यथावत लागू रहेगी इन इलाकों में

#CoronaPandemic #Unlock1 #Curfew",[],[],[],0,1,29,"['#bharatpur', '#coronapandemic', '#unlock1', '#curfew']",[],https://twitter.com/1stIndiaNews/status/1270736870079696903,False,,0,,,,,,,"[{'user_id': '2164575084', 'username': '1stIndiaNews'}]",,,,
1270181417457254407,1270181417457254407,1591669823000,2020-06-09,08:00:23,IST,2164575084,1stindianews,First India News Rajasthan,,"#Bharatpur में पर्यटकों के लिए अच्छी खबर 

विश्व विख्यात केवलादेव नेशनल पार्क आज से खुला, सवा 2 महीने से बंद था विश्व विख्यात पक्षी विहार, 1st इंडिया न्यूज ने केवलादेव नेशनल पार्क का लिया जायजा, सरकार द्वारा जारी गाइडलाइन...
@MlaSanchore #RajasthanWithFirstIndia #Unlock1  pic.twitter.com/FFc57tUIku",['mlasanchore'],[],['https://pbs.twimg.com/media/EaCXQaXX0AAkhAX.jpg'],0,3,21,"['#bharatpur', '#rajasthanwithfirstindia', '#unlock1']",[],https://twitter.com/1stIndiaNews/status/1270181417457254407,False,,0,,,,,,,"[{'user_id': '2164575084', 'username': '1stIndiaNews'}, {'user_id': '3038910709', 'username': 'MlaSanchore'}]",,,,
1270014979027070976,1270014979027070976,1591630141000,2020-06-08,20:59:01,IST,2182715673,nandkishorekum5,Nand Kishore Kumawat,,"#Rajasthan #Covid_19  8:30pm update

277new +ve & 6 Deaths reported
67 #Alwar
60 #Bharatpur
36 #Jodhpur
34 #Jaipur
12 #Kota
11 #Pali
10 #Sirohi

Cumulative+ve10876
Active+ve 2513
Deaths 246
Migrants+ve 3125
Cured 8117
Discharged 7714

#Unlock1 #StayHomeStaySafe
Detailed chart 👇 pic.twitter.com/RWd7AUsdDJ",[],[],"['https://pbs.twimg.com/media/EZ__0S6XQAA7TDk.jpg', 'https://pbs.twimg.com/media/EZ__2p7WoAUQwTF.jpg']",0,0,3,"['#rajasthan', '#covid_19', '#alwar', '#bharatpur', '#jodhpur', '#jaipur', '#kota', '#pali', '#sirohi', '#unlock1', '#stayhomestaysafe']",[],https://twitter.com/NANDKISHOREKUM5/status/1270014979027070976,False,,0,,,,,,,"[{'user_id': '2182715673', 'username': 'NANDKISHOREKUM5'}]",,,,
1270012775125876736,1270012775125876736,1591629615000,2020-06-08,20:50:15,IST,1227857000475742208,indiacovid,Jodhpur Corona Updates,,"#Rajasthan #Covid_19  8:30pm update

277new +ve & 6 Deaths reported
67 #Alwar
60 #Bharatpur
36 #Jodhpur
34 #Jaipur
12 #Kota
11 #Pali
10 #Sirohi

Cumulative+ve10876
Active+ve 2513
Deaths 246
Migrants+ve 3125
Cured 8117
Discharged 7714

#Unlock1 #StayHomeStaySafe
Detailed chart 👇 pic.twitter.com/EBnRHPRA6E",[],[],['https://pbs.twimg.com/media/EZ_9nxuXQAEmjJD.jpg'],1,2,10,"['#rajasthan', '#covid_19', '#alwar', '#bharatpur', '#jodhpur', '#jaipur', '#kota', '#pali', '#sirohi', '#unlock1', '#stayhomestaysafe']",[],https://twitter.com/indiacovid/status/1270012775125876736,False,,0,,,,,,,"[{'user_id': '1227857000475742208', 'username': 'indiacovid'}]",,,,
1270011974282211328,1270011974282211328,1591629425000,2020-06-08,20:47:05,IST,1049674796764524545,akshaygour0141,Akshay Kumar Gour (akki),,"#Rajasthan #Covid_19  8:30pm update

277new +ve & 6 Deaths reported
67 #Alwar
60 #Bharatpur
36 #Jodhpur
34 #Jaipur
12 #Kota
11 #Pali
10 #Sirohi

Cumulative+ve10876
Active+ve 2513
Deaths 246
Migrants+ve 3125
Cured 8117
Discharged 7714

#Unlock1 #StayHomeStaySafe
Detailed chart 👇 pic.twitter.com/q79G7rMeez",[],[],"['https://pbs.twimg.com/media/EZ_9I_1XQAEBDAE.jpg', 'https://pbs.twimg.com/media/EZ_9J0JWAAEf2hS.jpg']",0,0,2,"['#rajasthan', '#covid_19', '#alwar', '#bharatpur', '#jodhpur', '#jaipur', '#kota', '#pali', '#sirohi', '#unlock1', '#stayhomestaysafe']",[],https://twitter.com/akshaygour0141/status/1270011974282211328,False,,0,,,,,,,"[{'user_id': '1049674796764524545', 'username': 'akshaygour0141'}]",,,,
1270011382700732416,1270011382700732416,1591629283000,2020-06-08,20:44:43,IST,707513296,mttvhimanshu,Himanshu Mathur,,"#Rajasthan #Covid_19  8:30pm update

277new +ve & 6 Deaths reported
67 #Alwar
60 #Bharatpur
36 #Jodhpur
34 #Jaipur
12 #Kota
11 #Pali
10 #Sirohi

Cumulative+ve10876
Active+ve 2513
Deaths 246
Migrants+ve 3125
Cured 8117
Discharged 7714
#Unlock1 #StayHomeStaySafe
Detailed chart 👇 pic.twitter.com/CraSw0AfCB",[],[],['https://pbs.twimg.com/media/EZ_8m02U8AYZpDX.jpg'],0,0,3,"['#rajasthan', '#covid_19', '#alwar', '#bharatpur', '#jodhpur', '#jaipur', '#kota', '#pali', '#sirohi', '#unlock1', '#stayhomestaysafe']",[],https://twitter.com/mttvhimanshu/status/1270011382700732416,False,,0,,,,,,,"[{'user_id': '707513296', 'username': 'mttvhimanshu'}]",,,,
1270011354145976321,1270011354145976321,1591629277000,2020-06-08,20:44:37,IST,1265534256748658688,jaysingh06,Jay Singh Choudhary,,"#Rajasthan #Covid_19  8:30pm update

277new +ve & 6 Deaths reported
67 #Alwar
60 #Bharatpur
36 #Jodhpur
34 #Jaipur
12 #Kota
11 #Pali
10 #Sirohi

Cumulative+ve10876
Active+ve 2513
Deaths 246
Migrants+ve 3125
Cured 8117
Discharged 7714

#Unlock1 #StayHomeStaySafe
Detailed chart pic.twitter.com/ogasKXTTWU",[],[],['https://pbs.twimg.com/media/EZ_8lZqXgAAlBib.jpg'],0,0,5,"['#rajasthan', '#covid_19', '#alwar', '#bharatpur', '#jodhpur', '#jaipur', '#kota', '#pali', '#sirohi', '#unlock1', '#stayhomestaysafe']",[],https://twitter.com/JaySingh06/status/1270011354145976321,False,,0,,,,,,,"[{'user_id': '1265534256748658688', 'username': 'JaySingh06'}]",,,,
1270011012381474823,1270011012381474823,1591629195000,2020-06-08,20:43:15,IST,133683366,pankaj_jain08,Pankaj💯 ➕,,"#Rajasthan #Covid_19  8:30pm update

277new +ve & 6 Deaths reported
67 #Alwar
60 #Bharatpur
36 #Jodhpur
34 #Jaipur
12 #Kota
11 #Pali
10 #Sirohi

Cumulative+ve10876
Active+ve 2513
Deaths 246
Migrants+ve 3125
Cured 8117
Discharged 7714

#Unlock1 #StayHomeStaySafe
Detailed chart 👇 pic.twitter.com/KVpb0UDH3o",[],[],"['https://pbs.twimg.com/media/EZ_8QfeVcAMe-zB.jpg', 'https://pbs.twimg.com/media/EZ_8RuvUEAEbMfP.jpg']",0,0,2,"['#rajasthan', '#covid_19', '#alwar', '#bharatpur', '#jodhpur', '#jaipur', '#kota', '#pali', '#sirohi', '#unlock1', '#stayhomestaysafe']",[],https://twitter.com/pankaj_jain08/status/1270011012381474823,False,,0,,,,,,,"[{'user_id': '133683366', 'username': 'pankaj_jain08'}]",,,,
1270010678099742720,1270010678099742720,1591629115000,2020-06-08,20:41:55,IST,1006946806989635584,vikastak1436,Vikas Tak,,"#Rajasthan #Covid_19 8 #June 8:30pm update

277new +ve & 6 Deaths reported
67 #Alwar
60 #Bharatpur
36 #Jodhpur
34 #Jaipur
12 #Kota
11 #Pali
10 #Sirohi

Cumulative+ve10876
Active+ve 2513
Deaths 246
Migrants+ve 3125
Cured 8117
Discharged 7714

#Unlock1 #StayHomeStaySafe pic.twitter.com/dVqpMUDOOs",[],[],['https://pbs.twimg.com/media/EZ_796WU0AgDG5C.jpg'],0,0,1,"['#rajasthan', '#covid_19', '#june', '#alwar', '#bharatpur', '#jodhpur', '#jaipur', '#kota', '#pali', '#sirohi', '#unlock1', '#stayhomestaysafe']",[],https://twitter.com/Vikastak1436/status/1270010678099742720,False,,0,,,,,,,"[{'user_id': '1006946806989635584', 'username': 'Vikastak1436'}]",,,,
1270009908675698688,1270009908675698688,1591628932000,2020-06-08,20:38:52,IST,138727664,dineshkumawat,Dinesh Kumawat,,"#Rajasthan #Covid_19  8:30pm update

277new +ve & 6 Deaths reported
67 #Alwar
60 #Bharatpur
36 #Jodhpur
34 #Jaipur
12 #Kota
11 #Pali
10 #Sirohi

Cumulative+ve10876
Active+ve 2513
Deaths 246
Migrants+ve 3125
Cured 8117
Discharged 7714

#Unlock1 #StayHomeStaySafe
Detailed chart 👇 pic.twitter.com/e0StXm2RWO",[],[],"['https://pbs.twimg.com/media/EZ_7QOuVcAAQcbY.jpg', 'https://pbs.twimg.com/media/EZ_7RaAU0AAHJek.jpg']",9,3,27,"['#rajasthan', '#covid_19', '#alwar', '#bharatpur', '#jodhpur', '#jaipur', '#kota', '#pali', '#sirohi', '#unlock1', '#stayhomestaysafe']",[],https://twitter.com/dineshkumawat/status/1270009908675698688,False,,0,,,,,,,"[{'user_id': '138727664', 'username': 'dineshkumawat'}]",,,,
1269874508057452548,1269874508057452548,1591596650000,2020-06-08,11:40:50,IST,1253355596222541825,thedesertxpress,The Desert Xpress,,"#Rajasthan #Covid_19 10:30am update
#Unlock1

97 new Positive & 1 Death reported
#Alwar 58
#Sirohi 3
#Bharatpur 4
#Kota 12
#Jhalawar 2
#Jaipur 4
#Dungarpur 6
#Banswara 3
#Bundi 2
#Baran 1
#Pali 2
Cumulative+ve10696
Active +ve 2641
Deaths 241
Migrants+ve 3095
Detailed report👇 pic.twitter.com/yrVaN22OZX",[],[],['https://pbs.twimg.com/media/EZ9_7xXWkAAQa22.jpg'],0,0,2,"['#rajasthan', '#covid_19', '#unlock1', '#alwar', '#sirohi', '#bharatpur', '#kota', '#jhalawar', '#jaipur', '#dungarpur', '#banswara', '#bundi', '#baran', '#pali']",[],https://twitter.com/TheDesertXpress/status/1269874508057452548,False,,0,,,,,,,"[{'user_id': '1253355596222541825', 'username': 'TheDesertXpress'}]",,,,
1269873980200103936,1269873980200103936,1591596524000,2020-06-08,11:38:44,IST,1049674796764524545,akshaygour0141,Akshay Kumar Gour (akki),,"#Rajasthan #Covid_19 10:30am update
#Unlock1

97 new Positive & 1 Death reported
#Alwar 58
#Sirohi 3
#Bharatpur 4
#Kota 12
#Jhalawar 2
#Jaipur 4
#Dungarpur 6
#Banswara 3
#Bundi 2
#Baran 1
#Pali 2
Cumulative+ve10696
Active +ve 2641
Deaths 241
Migrants+ve 3095
Detailed report👇 pic.twitter.com/enhx7u2azJ",[],[],['https://pbs.twimg.com/media/EZ9_pYRWAAI5hFU.jpg'],0,0,0,"['#rajasthan', '#covid_19', '#unlock1', '#alwar', '#sirohi', '#bharatpur', '#kota', '#jhalawar', '#jaipur', '#dungarpur', '#banswara', '#bundi', '#baran', '#pali']",[],https://twitter.com/akshaygour0141/status/1269873980200103936,False,,0,,,,,,,"[{'user_id': '1049674796764524545', 'username': 'akshaygour0141'}]",,,,
1269873735252635652,1269873735252635652,1591596466000,2020-06-08,11:37:46,IST,1006946806989635584,vikastak1436,Vikas Tak,,"#Rajasthan #Covid_19 8 #June 10:30am update
#Unlock1

97 new Positive & 1 Death reported
#Alwar 58
#Sirohi 3
#Bharatpur 4
#Kota 12
#Jhalawar 2
#Jaipur 4
#Dungarpur 6
#Banswara 3
#Bundi 2
#Baran 1
#Pali 2
Cumulative+ve10696
Active +ve 2641
Deaths 241
Migrants+ve 3095
#StayHome pic.twitter.com/KV91VrC1PU",[],[],['https://pbs.twimg.com/media/EZ9_az6UcAEbRfB.jpg'],0,0,0,"['#rajasthan', '#covid_19', '#june', '#unlock1', '#alwar', '#sirohi', '#bharatpur', '#kota', '#jhalawar', '#jaipur', '#dungarpur', '#banswara', '#bundi', '#baran', '#pali', '#stayhome']",[],https://twitter.com/Vikastak1436/status/1269873735252635652,False,,0,,,,,,,"[{'user_id': '1006946806989635584', 'username': 'Vikastak1436'}]",,,,
1269873261673721856,1269873261673721856,1591596353000,2020-06-08,11:35:53,IST,863774890083614722,ronakt999,ronak__trivedi,,"#Rajasthan #Covid_19 10:30am update
#Unlock1

97 new Positive & 1 Death reported
#Alwar 58
#Sirohi 3
#Bharatpur 4
#Kota 12
#Jhalawar 2
#Jaipur 4
#Dungarpur 6
#Banswara 3
#Bundi 2
#Baran 1
#Pali 2
Cumulative+ve10696
Active +ve 2641
Deaths 241
Migrants+ve 3095",[],[],[],0,0,0,"['#rajasthan', '#covid_19', '#unlock1', '#alwar', '#sirohi', '#bharatpur', '#kota', '#jhalawar', '#jaipur', '#dungarpur', '#banswara', '#bundi', '#baran', '#pali']",[],https://twitter.com/ronakt999/status/1269873261673721856,False,,0,,,,,,,"[{'user_id': '863774890083614722', 'username': 'ronakt999'}]",,,,
1269872770902605825,1269872770902605825,1591596236000,2020-06-08,11:33:56,IST,1227857000475742208,indiacovid,Jodhpur Corona Updates,,"#Rajasthan #Covid_19 10:30am update
#Unlock1

97 new Positive & 1 Death reported
#Alwar 58
#Sirohi 3
#Bharatpur 4
#Kota 12
#Jhalawar 2
#Jaipur 4
#Dungarpur 6
#Banswara 3
#Bundi 2
#Baran 1
#Pali 2
Cumulative+ve10696
Active +ve 2641
Deaths 241
Migrants+ve 3095
Detailed report👇 pic.twitter.com/jd1L8tNNJ3",[],[],['https://pbs.twimg.com/media/EZ9-iv2XkAEyUXj.jpg'],0,2,4,"['#rajasthan', '#covid_19', '#unlock1', '#alwar', '#sirohi', '#bharatpur', '#kota', '#jhalawar', '#jaipur', '#dungarpur', '#banswara', '#bundi', '#baran', '#pali']",[],https://twitter.com/indiacovid/status/1269872770902605825,False,,0,,,,,,,"[{'user_id': '1227857000475742208', 'username': 'indiacovid'}]",,,,
1269871584090734592,1269871584090734592,1591595953000,2020-06-08,11:29:13,IST,2182715673,nandkishorekum5,Nand Kishore Kumawat,,"#Rajasthan #Covid_19 10:30am update
#Unlock1

97 new Positive & 1 Death reported
#Alwar 58
#Sirohi 3
#Bharatpur 4
#Kota 12
#Jhalawar 2
#Jaipur 4
#Dungarpur 6
#Banswara 3
#Bundi 2
#Baran 1
#Pali 2
Cumulative+ve10696
Active +ve 2641
Deaths 241
Migrants+ve 3095
Detailed report👇 pic.twitter.com/5yEIRFRsLg",[],[],['https://pbs.twimg.com/media/EZ99c1BX0AAxKhi.jpg'],0,0,2,"['#rajasthan', '#covid_19', '#unlock1', '#alwar', '#sirohi', '#bharatpur', '#kota', '#jhalawar', '#jaipur', '#dungarpur', '#banswara', '#bundi', '#baran', '#pali']",[],https://twitter.com/NANDKISHOREKUM5/status/1269871584090734592,False,,0,,,,,,,"[{'user_id': '2182715673', 'username': 'NANDKISHOREKUM5'}]",,,,
1269871412669448192,1269871412669448192,1591595912000,2020-06-08,11:28:32,IST,138727664,dineshkumawat,Dinesh Kumawat,,"#Rajasthan #Covid_19 10:30am update
#Unlock1

97 new Positive & 1 Death reported
#Alwar 58
#Sirohi 3
#Bharatpur 4
#Kota 12
#Jhalawar 2
#Jaipur 4
#Dungarpur 6
#Banswara 3
#Bundi 2
#Baran 1
#Pali 2
Cumulative+ve10696
Active +ve 2641
Deaths 241
Migrants+ve 3095
Detailed report👇 pic.twitter.com/Rq38Ar6tQj",[],[],"['https://pbs.twimg.com/media/EZ99TerUwAIP20W.jpg', 'https://pbs.twimg.com/media/EZ99UWuU4AAS35M.jpg']",2,4,18,"['#rajasthan', '#covid_19', '#unlock1', '#alwar', '#sirohi', '#bharatpur', '#kota', '#jhalawar', '#jaipur', '#dungarpur', '#banswara', '#bundi', '#baran', '#pali']",[],https://twitter.com/dineshkumawat/status/1269871412669448192,False,,0,,,,,,,"[{'user_id': '138727664', 'username': 'dineshkumawat'}]",,,,
1269684874350395392,1269684874350395392,1591551438000,2020-06-07,23:07:18,IST,2164575084,1stindianews,First India News Rajasthan,,"#Bharatpur : कोरोना संक्रमित मरीजों का बढ़ता ग्राफ

एक साथ 36 पॉजिटिव मामले और आये सामने, भरतपुर में अब तक 675 संक्रमित मरीज आ चुके सामने, 234 संक्रमित मरीज स्वस्थ होकर जा चुके हैं घरों पर, CMHO डॉ.कप्तान सिंह ने दी जानकारी

#CoronaVirus #Covid19 #Unlock1 #Lockdown5",[],[],[],2,2,39,"['#bharatpur', '#coronavirus', '#covid19', '#unlock1', '#lockdown5']",[],https://twitter.com/1stIndiaNews/status/1269684874350395392,False,,0,,,,,,,"[{'user_id': '2164575084', 'username': '1stIndiaNews'}]",,,,
1269655161770635264,1269655161770635264,1591544354000,2020-06-07,21:09:14,IST,1006946806989635584,vikastak1436,Vikas Tak,,"#Rajasthan #COVID19 7 #June 8:30pm update

262 new +ve & 9 reported

81 #Jodhpur
63 #Bharatpur
38 #Jaipur
11 #Sikar

Cumulative+ve 10599
#Active +ve 2605
#Deaths 240
#Migrants +ve 3040
#Cured 7754
#Discharged 7390

#IndiaFightsCorona #StayHomeStaySafe
#StayHome #Unlock1  pic.twitter.com/d5uRL1VkXX",[],[],['https://pbs.twimg.com/media/EZ64oHIU4AAGOoX.jpg'],1,0,0,"['#rajasthan', '#covid19', '#june', '#jodhpur', '#bharatpur', '#jaipur', '#sikar', '#active', '#deaths', '#migrants', '#cured', '#discharged', '#indiafightscorona', '#stayhomestaysafe', '#stayhome', '#unlock1']",[],https://twitter.com/Vikastak1436/status/1269655161770635264,False,,0,,,,,,,"[{'user_id': '1006946806989635584', 'username': 'Vikastak1436'}]",,,,
1269596901118181377,1269596901118181377,1591530463000,2020-06-07,17:17:43,IST,2164575084,1stindianews,First India News Rajasthan,,"#Bharatpur #कामां: जुरहरा का नवजात शिशु मिला कोरोना पॉजिटिव, RRT टीम ने नवजात के परिजनों को किया क्वॉरंटीन, जुरहरा CHC प्रभारी ने की पुष्टि

#CoronaVirus #Covid19 #Unlock1 #Lockdown5",[],[],[],1,5,54,"['#bharatpur', '#कामां', '#coronavirus', '#covid19', '#unlock1', '#lockdown5']",[],https://twitter.com/1stIndiaNews/status/1269596901118181377,False,,0,,,,,,,"[{'user_id': '2164575084', 'username': '1stIndiaNews'}]",,,,
1269335595563835392,1269335595563835392,1591468163000,2020-06-06,23:59:23,IST,1262012277068378114,danielkhushi1,Khushi Daniel,,"#Bharatpur : कोरोना संक्रमित मरीजों का बढ़ता ग्राफ !

एक साथ 35 संक्रमित मामले और आए सामने, आज 63 लोगों में मिले हैं कोरोना वायरस के लक्षण, जिले में अब 609 पर पहुंची संक्रमित मरीजों की संख्या... 

#CoronaVirus #Covid19 #Unlock1 #Lockdown5 pic.twitter.com/37bmlLC4Uh",[],[],['https://pbs.twimg.com/media/EZ19eQYWkAEOhFr.jpg'],0,0,1,"['#bharatpur', '#coronavirus', '#covid19', '#unlock1', '#lockdown5']",[],https://twitter.com/DanielKhushi1/status/1269335595563835392,False,,0,,,,,,,"[{'user_id': '1262012277068378114', 'username': 'DanielKhushi1'}]",,,,
1269308711631294465,1269308711631294465,1591461754000,2020-06-06,22:12:34,IST,2164575084,1stindianews,First India News Rajasthan,,"#Bharatpur : कोरोना संक्रमित मरीजों का बढ़ता ग्राफ !

एक साथ 35 संक्रमित मामले और आए सामने, आज 63 लोगों में मिले हैं कोरोना वायरस के लक्षण, जिले में अब 609 पर पहुंची संक्रमित मरीजों की संख्या... 

#CoronaVirus #Covid19 #Unlock1 #Lockdown5 pic.twitter.com/oR0ricKS2k",[],[],['https://pbs.twimg.com/media/EZ19eQYWkAEOhFr.jpg'],2,9,80,"['#bharatpur', '#coronavirus', '#covid19', '#unlock1', '#lockdown5']",[],https://twitter.com/1stIndiaNews/status/1269308711631294465,False,,0,,,,,,,"[{'user_id': '2164575084', 'username': '1stIndiaNews'}]",,,,
1269248888374005765,1269248888374005765,1591447491000,2020-06-06,18:14:51,IST,2164575084,1stindianews,First India News Rajasthan,,"#Bharatpur : पर्यटन मंत्री @vishvendrabtp का कुम्हेर दौरा

कर्फ्यू ग्रस्त इलाकों का जायजा लिया पर्यटन मंत्री ने, अधिकारियों से कर्फ़्यू को लेकर लिया फीडबैक, प्रशासनिक व्यवस्थाओं पर संतुष्टि जताई पर्यटन मंत्री ने, SDM उत्सव कौशल सहित कई अधिकारी रहे मौजूद

#Unlock1 #Lockdown5",['vishvendrabtp'],[],[],2,19,152,"['#bharatpur', '#unlock1', '#lockdown5']",[],https://twitter.com/1stIndiaNews/status/1269248888374005765,False,,0,,,,,,,"[{'user_id': '2164575084', 'username': '1stIndiaNews'}, {'user_id': '1073430007832240128', 'username': 'vishvendrabtp'}]",,,,
1269221739483017216,1269221739483017216,1591441018000,2020-06-06,16:26:58,IST,2164575084,1stindianews,First India News Rajasthan,,"#Bharatpur : कामां क्षेत्र के लिए राहत की खबर

93 व्यक्तियों की कोरोना जांच रिपोर्ट आई नेगेटिव, 3 जून को लिए गए थे सभी व्यक्तियों के सैंपल, सभी व्यक्तियों को क्वॉरंटीन सेंटर में किया गया था भर्ती, BCMHO डॉ.केडी शर्मा ने दी जानकारी

#CoronaVirus #Covid19 #Unlock1 #Lockdown5",[],[],[],0,6,51,"['#bharatpur', '#coronavirus', '#covid19', '#unlock1', '#lockdown5']",[],https://twitter.com/1stIndiaNews/status/1269221739483017216,False,,0,,,,,,,"[{'user_id': '2164575084', 'username': '1stIndiaNews'}]",,,,
1269218902992707584,1269218902992707584,1591440342000,2020-06-06,16:15:42,IST,2164575084,1stindianews,First India News Rajasthan,,"#Bharatpur : कोरोना के खौफ के बीच एक अच्छी खबर 

656 कोरोना संदिग्ध लोगों की रिपोर्ट आई नेगेटिव, गत 3 मई भेजे गए थे सभी 656 लोगों के सैंपल, रिपोर्ट नेगेटिव आने पर चिकित्सा विभाग ने ली राहत की सांस...

#CoronaVirus #Covid19 #Unlock1 #Lockdown5 pic.twitter.com/P5KkyqfsIJ",[],[],['https://pbs.twimg.com/media/EZ0r2hoWoAEnPMf.jpg'],8,7,57,"['#bharatpur', '#coronavirus', '#covid19', '#unlock1', '#lockdown5']",[],https://twitter.com/1stIndiaNews/status/1269218902992707584,False,,0,,,,,,,"[{'user_id': '2164575084', 'username': '1stIndiaNews'}]",,,,
1269194628374368263,1269194628374368263,1591434554000,2020-06-06,14:39:14,IST,2164575084,1stindianews,First India News Rajasthan,,"#Bharatpur : व्यापारियों के लिए एक अच्छी खबर 

भरतपुर के कल से खुलेंगे बाजार, कलेक्टर नथमल डिडेल दी फर्स्ट इंडिया न्यूज़ को जानकारी, कहा-'कर्फ्यू लगने से आर्थिक गतिविधियां हो गई थी ठप, इसलिए कल सुबह 9 बजे से शाम 6 बजे बाजार खोलने की दी गई छूट...

#CoronaVirus #Covid19 #Unlock1  pic.twitter.com/bSJ5gY6RgB",[],[],['https://pbs.twimg.com/media/EZ0Vxv9WoAAzg3N.jpg'],0,4,38,"['#bharatpur', '#coronavirus', '#covid19', '#unlock1']",[],https://twitter.com/1stIndiaNews/status/1269194628374368263,False,,0,,,,,,,"[{'user_id': '2164575084', 'username': '1stIndiaNews'}]",,,,
1269193546151706625,1269193546151706625,1591434296000,2020-06-06,14:34:56,IST,2164575084,1stindianews,First India News Rajasthan,,"#Bharatpur : एक साथ 28 संक्रमित मरीज और आए सामने

जिले के विभिन्न इलाकों के रहने वाले हैं संक्रमित मरीज, भरतपुर में लगातार बढ़ रही संक्रमित मरीजों की संख्या, हॉटस्पॉट बने शहर के अलावा अन्य कई इलाकों में भी लगाया कर्फ्यू

#CoronaVirus #Covid19 #Unlock1 #Lockdown5 pic.twitter.com/VWLCNPrlwt",[],[],['https://pbs.twimg.com/media/EZ0UzChXgAc76A3.png'],0,4,26,"['#bharatpur', '#coronavirus', '#covid19', '#unlock1', '#lockdown5']",[],https://twitter.com/1stIndiaNews/status/1269193546151706625,False,,0,,,,,,,"[{'user_id': '2164575084', 'username': '1stIndiaNews'}]",,,,
1268870771520266248,1268870771520266248,1591357341000,2020-06-05,17:12:21,IST,2164575084,1stindianews,First India News Rajasthan,,"#Bharatpur : कोरोना का कहर जारी 

27 कोरोना पॉजिटिव मरीज और आये सामने, जिले में कोरोना पॉजिटिव का कुल आंकड़ा पहुंचा 537 पर, CMHO डॉ.कप्तान सिंह ने दी जानकारी

#CoronaVirus #Covid19 #Unlock1 #Lockdown5",[],[],[],2,2,58,"['#bharatpur', '#coronavirus', '#covid19', '#unlock1', '#lockdown5']",[],https://twitter.com/1stIndiaNews/status/1268870771520266248,False,,0,,,,,,,"[{'user_id': '2164575084', 'username': '1stIndiaNews'}]",,,,
1268593184969560064,1268593184969560064,1591291159000,2020-06-04,22:49:19,IST,2164575084,1stindianews,First India News Rajasthan,,"#Bharatpur : कोरोना मरीजों की लगातार बढ़ रही संख्या

थोड़ी देर पहले सामने आए थे 2 पॉजिटिव मरीज, अब एक साथ 9 संक्रमित मरीज और आए सामने, 6 पॉजिटिव मरीज एसपी कार्यालय का बताया गया स्टाफ, सभी को कोरोना वार्ड में किया जा रहा शिफ्ट

#CoronaVirus #Covid19 #Unlock1 #Lockdown5 pic.twitter.com/METVeib9RV",[],[],['https://pbs.twimg.com/media/EZryuSxX0AAxVLf.png'],0,3,30,"['#bharatpur', '#coronavirus', '#covid19', '#unlock1', '#lockdown5']",[],https://twitter.com/1stIndiaNews/status/1268593184969560064,False,,0,,,,,,,"[{'user_id': '2164575084', 'username': '1stIndiaNews'}]",,,,
1268525189853179905,1268525189853179905,1591274947000,2020-06-04,18:19:07,IST,2164575084,1stindianews,First India News Rajasthan,,"#Bharatpur #नदबई: लखनपुर में 2 व कवई में निकला 1 कोरोना पॉजिटिव

3 कोरोना पॉजिटिव को भेजा जिला चिकित्सालय, डॉ.अजय महलवाल के नेतृत्व में पहुंची चिकित्सा टीम, कोरोना पॉजिटिव के संपर्क में आए लोगों की कर रहे जांच

#CoronaVirus #Covid19 #Unlock1 #Lockdown5",[],[],[],0,3,15,"['#bharatpur', '#नदबई', '#coronavirus', '#covid19', '#unlock1', '#lockdown5']",[],https://twitter.com/1stIndiaNews/status/1268525189853179905,False,,0,,,,,,,"[{'user_id': '2164575084', 'username': '1stIndiaNews'}]",,,,
1268489340574785537,1268489340574785537,1591266400000,2020-06-04,15:56:40,IST,2164575084,1stindianews,First India News Rajasthan,,"#Bharatpur : जुरहरा में एक कोरोना पॉजिटिव

जुरहेरी के बाद कोरोना की थाना क्षेत्र के गांव में दस्तक, 29 वर्षीय युवक कोरोना पॉजिटिव, CHC प्रभारी पयम शुक्ला ने दी जानकारी 

#CoronaVirus #Covid19 #Unlock1 #Lockdown5",[],[],[],0,1,22,"['#bharatpur', '#coronavirus', '#covid19', '#unlock1', '#lockdown5']",[],https://twitter.com/1stIndiaNews/status/1268489340574785537,False,,0,,,,,,,"[{'user_id': '2164575084', 'username': '1stIndiaNews'}]",,,,
1268427268659044352,1268427268659044352,1591251601000,2020-06-04,11:50:01,IST,2182715673,nandkishorekum5,Nand Kishore Kumawat,,"#Covid_19 #Rajasthan 10:30am update

Today's total positive till 10.30 am is 68

#Barmer 2
#Jodhpur 12
#Bharatpur 16
#Kota 7
#Jaipur 12
#Churu 12
#Jhunjhunu 5
#Sawaimadhopur 1
#Nagaur 1

Cumulative positive 9720
Total death in state 209

#IndiaFightsCorona #Unlock1  pic.twitter.com/ET09qh8xv4",[],[],['https://pbs.twimg.com/media/EZpb3ixWoAcDbHs.jpg'],1,0,1,"['#covid_19', '#rajasthan', '#barmer', '#jodhpur', '#bharatpur', '#kota', '#jaipur', '#churu', '#jhunjhunu', '#sawaimadhopur', '#nagaur', '#indiafightscorona', '#unlock1']",[],https://twitter.com/NANDKISHOREKUM5/status/1268427268659044352,False,,0,,,,,,,"[{'user_id': '2182715673', 'username': 'NANDKISHOREKUM5'}]",,,,
1268418735724998656,1268418735724998656,1591249567000,2020-06-04,11:16:07,IST,1253355596222541825,thedesertxpress,The Desert Xpress,,"#Covid_19 #Rajasthan 4 #June 10:30am update

Today's total positive is 68

#Barmer 2
#Jodhpur 12
#Bharatpur 16
#Kota 7
#Jaipur 12
#Churu 12
#Jhunjhunu 5
#Sawaimadhopur 1
#Nagaur 1

Cumulative positive 9720
Total death in state 209

#IndiaFightsCorona #Unlock1
#StayHomeSaveLives pic.twitter.com/dPB3M9gd9b",[],[],['https://pbs.twimg.com/media/EZpUFG2XYAA8CKV.jpg'],1,0,2,"['#covid_19', '#rajasthan', '#june', '#barmer', '#jodhpur', '#bharatpur', '#kota', '#jaipur', '#churu', '#jhunjhunu', '#sawaimadhopur', '#nagaur', '#indiafightscorona', '#unlock1', '#stayhomesavelives']",[],https://twitter.com/TheDesertXpress/status/1268418735724998656,False,,0,,,,,,,"[{'user_id': '1253355596222541825', 'username': 'TheDesertXpress'}]",,,,
1268417792803401728,1268417792803401728,1591249342000,2020-06-04,11:12:22,IST,1006946806989635584,vikastak1436,Vikas Tak,,"#Covid_19 #Rajasthan 4 #June 10:30am update

Today's total positive is 68

#Barmer 2
#Jodhpur 12
#Bharatpur 16
#Kota 7
#Jaipur 12
#Churu 12
#Jhunjhunu 5
#Sawaimadhopur 1
#Nagaur 1

Cumulative positive 9720
Total death in state 209

#IndiaFightsCorona #Unlock1
#StayHomeSaveLives pic.twitter.com/496dntJ6Q1",[],[],['https://pbs.twimg.com/media/EZpTQG9VAAAzGcM.jpg'],1,0,0,"['#covid_19', '#rajasthan', '#june', '#barmer', '#jodhpur', '#bharatpur', '#kota', '#jaipur', '#churu', '#jhunjhunu', '#sawaimadhopur', '#nagaur', '#indiafightscorona', '#unlock1', '#stayhomesavelives']",[],https://twitter.com/Vikastak1436/status/1268417792803401728,False,,0,,,,,,,"[{'user_id': '1006946806989635584', 'username': 'Vikastak1436'}]",,,,
1268417398471868419,1268417398471868419,1591249248000,2020-06-04,11:10:48,IST,138727664,dineshkumawat,Dinesh Kumawat,,"#Covid_19 #Rajasthan 10:30am update

Today's total positive till 10.30 am is 68

#Barmer 2
#Jodhpur 12
#Bharatpur 16
#Kota 7
#Jaipur 12
#Churu 12
#Jhunjhunu 5
#Sawaimadhopur 1
#Nagaur 1

Cumulative positive 9720
Total death in state 209

#IndiaFightsCorona #Unlock1
#StaySafe pic.twitter.com/hS9oq3zOdF",[],[],['https://pbs.twimg.com/media/EZpS41xUYAEAp47.jpg'],2,2,13,"['#covid_19', '#rajasthan', '#barmer', '#jodhpur', '#bharatpur', '#kota', '#jaipur', '#churu', '#jhunjhunu', '#sawaimadhopur', '#nagaur', '#indiafightscorona', '#unlock1', '#staysafe']",[],https://twitter.com/dineshkumawat/status/1268417398471868419,False,,0,,,,,,,"[{'user_id': '138727664', 'username': 'dineshkumawat'}]",,,,
1268213197586259969,1268213197586259969,1591200563000,2020-06-03,21:39:23,IST,2164575084,1stindianews,First India News Rajasthan,,"#Bharatpur : 15 और कोरोना पॉजिटिव आये सामने

संक्रमित मरीजों की संख्या पहुंची 470 पर, लगातार बढ़ रही भरतपुर में संक्रमित मरीजों की संख्या, जिले के विभिन्न इलाकों में मिले कोरोना संक्रमित मरीज, CMHO डॉ. कप्तान सिंह ने दी जानकारी

#CoronaVirus #Covid19 #Unlock1 #Lockdown5",[],[],[],2,7,42,"['#bharatpur', '#coronavirus', '#covid19', '#unlock1', '#lockdown5']",[],https://twitter.com/1stIndiaNews/status/1268213197586259969,False,,0,,,,,,,"[{'user_id': '2164575084', 'username': '1stIndiaNews'}]",,,,
1268205078307094528,1268205078307094528,1591198627000,2020-06-03,21:07:07,IST,2164575084,1stindianews,First India News Rajasthan,,"#Bharatpur :  कोरोना संक्रमित मरीजों की संख्या बढ़ने का मामला

भाजपा प्रदेश महामंत्री भजनलाल शर्मा ने जताई गहरी चिंता, मुख्यमंत्री अशोक गहलोत को पत्र भेजा भाजपा प्रदेश महामंत्री ने...

#CoronaVirus #Covid19 #Unlock1 #Lockdown5 pic.twitter.com/uHoTT09j5r",[],[],['https://pbs.twimg.com/media/EZmRuuAWkAAVuxi.jpg'],3,5,34,"['#bharatpur', '#coronavirus', '#covid19', '#unlock1', '#lockdown5']",[],https://twitter.com/1stIndiaNews/status/1268205078307094528,False,,0,,,,,,,"[{'user_id': '2164575084', 'username': '1stIndiaNews'}]",,,,
1268185962917625856,1268185962917625856,1591194069000,2020-06-03,19:51:09,IST,2164575084,1stindianews,First India News Rajasthan,,"#Bharatpur : जिले के कई इलाकों में लगाया गया कर्फ्यू

कलेक्टर नथमल डिडेल ने जारी किए आदेश, गांव कंजौली, गुंडवा, महाराजसर,जाट मडोली,मामटोली,हाडोली, खोहरी,सोनगांव व नदबई के वार्ड-12 में लगाया कर्फ्यू, सभी इलाकों में जीरो मोबिलिटी निषेधाज्ञा लागू की कलेक्टर ने 
#CoronaVirus #Unlock1",[],[],[],0,4,42,"['#bharatpur', '#coronavirus', '#unlock1']",[],https://twitter.com/1stIndiaNews/status/1268185962917625856,False,,0,,,,,,,"[{'user_id': '2164575084', 'username': '1stIndiaNews'}]",,,,
1268184394671546370,1268184394671546370,1591193696000,2020-06-03,19:44:56,IST,1262012277068378114,danielkhushi1,Khushi Daniel,,"#Bharatpur | कैबिनेट मंत्री ने कोरोना जांच रिपोर्ट पर उठाए सवाल, भरतपुर मेडिकल कॉलेज की रिपोर्ट को बताया गलत

#CoronaVirus #Covid19 #Unlock1 #Lockdown5
@devendra_zee @RaghusharmaINC @vishvendrabtp pic.twitter.com/LAxZ92jQ5C","['devendra_zee', 'raghusharmainc', 'vishvendrabtp']",[],[],0,0,3,"['#bharatpur', '#coronavirus', '#covid19', '#unlock1', '#lockdown5']",[],https://twitter.com/DanielKhushi1/status/1268184394671546370,False,,1,,,,,,,"[{'user_id': '1262012277068378114', 'username': 'DanielKhushi1'}, {'user_id': '1029375545341964289', 'username': 'devendra_zee'}, {'user_id': '517767805', 'username': 'RaghusharmaINC'}, {'user_id': '1073430007832240128', 'username': 'vishvendrabtp'}]",,,,
1268170244490539008,1268170244490539008,1591190322000,2020-06-03,18:48:42,IST,1587915768,zeerajasthan_,ZEE Rajasthan,,"#Bharatpur | कैबिनेट मंत्री ने कोरोना जांच रिपोर्ट पर उठाए सवाल, भरतपुर मेडिकल कॉलेज की रिपोर्ट को बताया गलत

#CoronaVirus #Covid19 #Unlock1 #Lockdown5
@devendra_zee @RaghusharmaINC @vishvendrabtp pic.twitter.com/pQ4hI5xZXH","['devendra_zee', 'raghusharmainc', 'vishvendrabtp']",[],[],0,5,29,"['#bharatpur', '#coronavirus', '#covid19', '#unlock1', '#lockdown5']",[],https://twitter.com/zeerajasthan_/status/1268170244490539008,False,,1,,,,,,,"[{'user_id': '1587915768', 'username': 'zeerajasthan_'}, {'user_id': '1029375545341964289', 'username': 'devendra_zee'}, {'user_id': '517767805', 'username': 'RaghusharmaINC'}, {'user_id': '1073430007832240128', 'username': 'vishvendrabtp'}]",,,,
1268059146047324160,1268059146047324160,1591163834000,2020-06-03,11:27:14,IST,2164575084,1stindianews,First India News Rajasthan,,"#Bharatpur में आज कर्फ्यू की सख्ती के साथ पालना 

सुबह से ही सन्नाटा पसरा है बाजार व सड़कों पर, फर्स्ट इंडिया न्यूज़ ने हीरादास इलाके का लिया जायजा...
#Covid19 #CoronaPandemic #CoronaVirusUpdates #Unlock1 #Lockdown5 #Curfew pic.twitter.com/G6oJInpOY1",[],[],['https://pbs.twimg.com/media/EZkM_g5WoAA6PfT.jpg'],1,4,27,"['#bharatpur', '#covid19', '#coronapandemic', '#coronavirusupdates', '#unlock1', '#lockdown5', '#curfew']",[],https://twitter.com/1stIndiaNews/status/1268059146047324160,False,,0,,,,,,,"[{'user_id': '2164575084', 'username': '1stIndiaNews'}]",,,,
1268051516528549891,1268051516528549891,1591162015000,2020-06-03,10:56:55,IST,133564034,bhawanisinghjpr,Bhawani Singh,,"#Rajasthan
#Covid  positive in last 12 hrs 102
Jaipur 28
Alwer 13
Baran 3
Bharatpur 18
Churu 1
Dholpur 1
Dungarpur 3
Jhalawar 10
Karauli 2
Kota 3
Nagaur 13
Rajsamand 3
Sirohi 2
Other state 2
Total positive 9475
Total death in state 203
#COVID19
#Unlock1",[],[],[],0,0,1,"['#rajasthan', '#covid', '#covid19', '#unlock1']",[],https://twitter.com/BhawaniSinghjpr/status/1268051516528549891,False,,0,,,,,,,"[{'user_id': '133564034', 'username': 'BhawaniSinghjpr'}]",,,,
1267844503500730368,1267844503500730368,1591112659000,2020-06-02,21:14:19,IST,1265534256748658688,jaysingh06,Jay Singh Choudhary,,"#IndiaFightsCorona #Unlock1

June 2nd, 10:30am #Rajasthan 33/33 #COVID19  Update

171new +ve & 2 Deaths reported
#Bharatpur 70
#Jaipur 34
#Dausa 4
#Jodhpur 12
#Churu 2
#Tonk 1
#Dholpur 1
#Jhunjhunu 4
#Jhalawar 23
#Alwar 10
#Kota 10
Cumulative +ve 9271
Active +ve 2803
Deaths 201",[],[],[],0,0,3,"['#indiafightscorona', '#unlock1', '#rajasthan', '#covid19', '#bharatpur', '#jaipur', '#dausa', '#jodhpur', '#churu', '#tonk', '#dholpur', '#jhunjhunu', '#jhalawar', '#alwar', '#kota']",[],https://twitter.com/JaySingh06/status/1267844503500730368,False,,0,,,,,,,"[{'user_id': '1265534256748658688', 'username': 'JaySingh06'}]",,,,
1267840349633830912,1267840349633830912,1591111669000,2020-06-02,20:57:49,IST,1587915768,zeerajasthan_,ZEE Rajasthan,,"#Bharatpur | पर्यटन मंत्री विश्वेंद्र सिंह ने रिपोर्ट में गड़बड़ी का लगाया आरोप।

@vishvendrabtp @devendra_zee @RaghusharmaINC
#coronavirusindia #Unlock1 #CoronaLockdown #RajasthanWithZee #AatmanirbharBharat pic.twitter.com/lUXny0zdf6","['vishvendrabtp', 'devendra_zee', 'raghusharmainc']",[],[],0,3,31,"['#bharatpur', '#coronavirusindia', '#unlock1', '#coronalockdown', '#rajasthanwithzee', '#aatmanirbharbharat']",[],https://twitter.com/zeerajasthan_/status/1267840349633830912,False,,1,,,,,,,"[{'user_id': '1587915768', 'username': 'zeerajasthan_'}, {'user_id': '1073430007832240128', 'username': 'vishvendrabtp'}, {'user_id': '1029375545341964289', 'username': 'devendra_zee'}, {'user_id': '517767805', 'username': 'RaghusharmaINC'}]",,,,
1267824138145558532,1267824138145558532,1591107804000,2020-06-02,19:53:24,IST,2164575084,1stindianews,First India News Rajasthan,,"#Bharatpur : बयाना की सुनारगली को जीरो मोबिलिटी क्षेत्र किया घोषित

सुनारगली निवासी 65 वर्षीय महिला पाई गई कोरोना पॉजिटिव, इसके बाद ऐहतियात के तौर पर लगाया गया कर्फ्यू, जिला कलेक्टर नथमल डिडेल ने जारी किए आदेश

#CoronaVirus #Covid19 #Unlock1 #Lockdown5",[],[],[],0,3,25,"['#bharatpur', '#coronavirus', '#covid19', '#unlock1', '#lockdown5']",[],https://twitter.com/1stIndiaNews/status/1267824138145558532,False,,0,,,,,,,"[{'user_id': '2164575084', 'username': '1stIndiaNews'}]",,,,
1267799306137935875,1267799306137935875,1591101883000,2020-06-02,18:14:43,IST,2164575084,1stindianews,First India News Rajasthan,,"#Bharatpur #वैर:  CHC वैर की टीम पहुंची भुसावर के गांव घाटरी

जहाज,निठार,घाटरी व वल्लभगढ़ के लोगों के लिए सैम्पल, रेंडम सैम्पल कलेक्शन टीम ने 63 सैम्पल किए कलेक्ट, सभी सैम्पल जांच के लिए भेजे मेडिकल कॉलेज भरतपुर, डॉ.अजय सैनी ने दी जानकारी

#CoronaVirus #Covid19 #Unlock1",[],[],[],2,6,27,"['#bharatpur', '#वैर', '#coronavirus', '#covid19', '#unlock1']",[],https://twitter.com/1stIndiaNews/status/1267799306137935875,False,,0,,,,,,,"[{'user_id': '2164575084', 'username': '1stIndiaNews'}]",,,,
1267795850094403584,1267795850094403584,1591101059000,2020-06-02,18:00:59,IST,2164575084,1stindianews,First India News Rajasthan,,"#Bharatpur : कोरोना मरीजों की बढ़ती संख्या 

फर्स्ट इंडिया न्यूज़ की खबर का हुआ असर, शहर में कल से कर्फ्यू की कड़ाई से कराई जाएगी पालना, सिर्फ अस्पताल और दवाई की दुकानें ही खुल सकेंगी...

#CoronaVirus #Covid19 #Unlock1 #Lockdown5 pic.twitter.com/ajUkle4hzT",[],[],['https://pbs.twimg.com/media/EZgdl9GX0AM_lnN.jpg'],0,6,29,"['#bharatpur', '#coronavirus', '#covid19', '#unlock1', '#lockdown5']",[],https://twitter.com/1stIndiaNews/status/1267795850094403584,False,,0,,,,,,,"[{'user_id': '2164575084', 'username': '1stIndiaNews'}]",,,,
1267703669946036226,1267703669946036226,1591079082000,2020-06-02,11:54:42,IST,133683366,pankaj_jain08,Pankaj💯 ➕,,"#IndiaFightsCorona #Unlock1

June 2nd, 10:30am #Rajasthan 33/33 #COVID19  Update

171new +ve & 2 Deaths reported
#Bharatpur 70
#Jaipur 34
#Dausa 4
#Jodhpur 12
#Churu 2
#Tonk 1
#Dholpur 1
#Jhunjhunu 4
#Jhalawar 23
#Alwar 10
#Kota 10
Cumulative +ve 9271
Active +ve 2803
Deaths 201 pic.twitter.com/xWJ3tLPziH",[],[],['https://pbs.twimg.com/media/EZfJwczVAAAFE_s.jpg'],0,0,3,"['#indiafightscorona', '#unlock1', '#rajasthan', '#covid19', '#bharatpur', '#jaipur', '#dausa', '#jodhpur', '#churu', '#tonk', '#dholpur', '#jhunjhunu', '#jhalawar', '#alwar', '#kota']",[],https://twitter.com/pankaj_jain08/status/1267703669946036226,False,,0,,,,,,,"[{'user_id': '133683366', 'username': 'pankaj_jain08'}]",,,,
1267700869505712128,1267700869505712128,1591078414000,2020-06-02,11:43:34,IST,852226879855763461,pwnkusharma,Pawan Sharma (Saraswat),,"#IndiaFightsCorona #Unlock1

June 2nd, 10:30am #Rajasthan 33/33 #COVID19  Update

171new +ve & 2 Deaths reported
#Bharatpur 70
#Jaipur 34
#Dausa 4
#Jodhpur 12
#Churu 2
#Tonk 1
#Dholpur 1
#Jhunjhunu 4
#Jhalawar 23
#Alwar 10
#Kota 10
Cumulative +ve 9271
Active +ve 2803
Deaths 201",[],[],[],1,1,2,"['#indiafightscorona', '#unlock1', '#rajasthan', '#covid19', '#bharatpur', '#jaipur', '#dausa', '#jodhpur', '#churu', '#tonk', '#dholpur', '#jhunjhunu', '#jhalawar', '#alwar', '#kota']",[],https://twitter.com/Pwnkusharma/status/1267700869505712128,False,,0,,,,,,,"[{'user_id': '852226879855763461', 'username': 'Pwnkusharma'}]",,,,
1267699599361241090,1267699599361241090,1591078111000,2020-06-02,11:38:31,IST,1049674796764524545,akshaygour0141,Akshay Kumar Gour (akki),,"#IndiaFightsCorona #Unlock1

June 2nd, 10:30am #Rajasthan 33/33 #COVID19  Update

171new +ve & 2 Deaths reported
#Bharatpur 70
#Jaipur 34
#Dausa 4
#Jodhpur 12
#Churu 2
#Tonk 1
#Dholpur 1
#Jhunjhunu 4
#Jhalawar 23
#Alwar 10
#Kota 10
Cumulative +ve 9271
Active +ve 2803
Deaths 201 pic.twitter.com/rGBCh5CKH2",[],[],"['https://pbs.twimg.com/media/EZfGDNNWsAAyqAU.jpg', 'https://pbs.twimg.com/media/EZfGD8oXgAAj3Ik.jpg']",1,0,2,"['#indiafightscorona', '#unlock1', '#rajasthan', '#covid19', '#bharatpur', '#jaipur', '#dausa', '#jodhpur', '#churu', '#tonk', '#dholpur', '#jhunjhunu', '#jhalawar', '#alwar', '#kota']",[],https://twitter.com/akshaygour0141/status/1267699599361241090,False,,0,,,,,,,"[{'user_id': '1049674796764524545', 'username': 'akshaygour0141'}]",,,,
1267690495993659392,1267690495993659392,1591075941000,2020-06-02,11:02:21,IST,2182715673,nandkishorekum5,Nand Kishore Kumawat,,"#IndiaFightsCorona #Unlock1

June 2nd, 10:30am #Rajasthan 33/33 #COVID19  Update

171new +ve & 2 Deaths reported
#Bharatpur 70
#Jaipur 34
#Dausa 4
#Jodhpur 12
#Churu 2
#Tonk 1
#Dholpur 1
#Jhunjhunu 4
#Jhalawar 23
#Alwar 10
#Kota 10
Cumulative +ve 9271
Active +ve 2803
Deaths 201 pic.twitter.com/dlwnvy7Kb7",[],[],['https://pbs.twimg.com/media/EZe9uz6XQAc5XMQ.jpg'],0,0,2,"['#indiafightscorona', '#unlock1', '#rajasthan', '#covid19', '#bharatpur', '#jaipur', '#dausa', '#jodhpur', '#churu', '#tonk', '#dholpur', '#jhunjhunu', '#jhalawar', '#alwar', '#kota']",[],https://twitter.com/NANDKISHOREKUM5/status/1267690495993659392,False,,0,,,,,,,"[{'user_id': '2182715673', 'username': 'NANDKISHOREKUM5'}]",,,,
1267690223967690755,1267690223967690755,1591075876000,2020-06-02,11:01:16,IST,280049922,ritendra4u,Ritendra Yadav,,"#IndiaFightsCorona #Unlock1

June 2nd, 10:30am #Rajasthan 33/33 #COVID19  Update

171new +ve & 2 Deaths reported
#Bharatpur 70
#Jaipur 34
#Dausa 4
#Jodhpur 12
#Churu 2
#Tonk 1
#Dholpur 1
#Jhunjhunu 4
#Jhalawar 23
#Alwar 10
#Kota 10
Cumulative +ve 9271
Active +ve 2803
Deaths 201 pic.twitter.com/80iHVVRAgE",[],[],['https://pbs.twimg.com/media/EZe9hoFVAAEna9u.jpg'],0,0,1,"['#indiafightscorona', '#unlock1', '#rajasthan', '#covid19', '#bharatpur', '#jaipur', '#dausa', '#jodhpur', '#churu', '#tonk', '#dholpur', '#jhunjhunu', '#jhalawar', '#alwar', '#kota']",[],https://twitter.com/ritendra4u/status/1267690223967690755,False,,0,,,,,,,"[{'user_id': '280049922', 'username': 'ritendra4u'}]",,,,
1267687898058559490,1267687898058559490,1591075322000,2020-06-02,10:52:02,IST,1006946806989635584,vikastak1436,Vikas Tak,,"#June 2nd, 10:30am #Rajasthan 33/33 #COVID19  Update

171new +ve & 2 Deaths reported
#Bharatpur 70
#Jaipur 34
#Dausa 4
#Jodhpur 12
#Churu 2
#Tonk 1
#Dholpur 1
#Jhunjhunu 4
#Jhalawar 23
#Alwar 10
#Kota 10
Cumulative +ve 9271
Active +ve 2803
Deaths 201 
#IndiaFightsCorona #Unlock1  pic.twitter.com/LbAuGqKXEr",[],[],"['https://pbs.twimg.com/media/EZe7Z60UEAE0oRi.jpg', 'https://pbs.twimg.com/media/EZe7as-VcAAspWk.jpg']",0,0,2,"['#june', '#rajasthan', '#covid19', '#bharatpur', '#jaipur', '#dausa', '#jodhpur', '#churu', '#tonk', '#dholpur', '#jhunjhunu', '#jhalawar', '#alwar', '#kota', '#indiafightscorona', '#unlock1']",[],https://twitter.com/Vikastak1436/status/1267687898058559490,False,,0,,,,,,,"[{'user_id': '1006946806989635584', 'username': 'Vikastak1436'}]",,,,
1267687504410337280,1267687504410337280,1591075228000,2020-06-02,10:50:28,IST,138727664,dineshkumawat,Dinesh Kumawat,,"#IndiaFightsCorona #Unlock1

June 2nd, 10:30am #Rajasthan 33/33 #COVID19  Update

171new +ve & 2 Deaths reported
#Bharatpur 70
#Jaipur 34
#Dausa 4
#Jodhpur 12
#Churu 2
#Tonk 1
#Dholpur 1
#Jhunjhunu 4
#Jhalawar 23
#Alwar 10
#Kota 10
Cumulative +ve 9271
Active +ve 2803
Deaths 201 pic.twitter.com/BEjZtAUoKW",[],[],"['https://pbs.twimg.com/media/EZe7DCNU4AIf8Kq.jpg', 'https://pbs.twimg.com/media/EZe7D8aVcAAgPeM.jpg']",4,5,16,"['#indiafightscorona', '#unlock1', '#rajasthan', '#covid19', '#bharatpur', '#jaipur', '#dausa', '#jodhpur', '#churu', '#tonk', '#dholpur', '#jhunjhunu', '#jhalawar', '#alwar', '#kota']",[],https://twitter.com/dineshkumawat/status/1267687504410337280,False,,0,,,,,,,"[{'user_id': '138727664', 'username': 'dineshkumawat'}]",,,,
1267440984033550336,1267440984033550336,1591016453000,2020-06-01,18:30:53,IST,2904130864,abhisekdwivedy,Abhisek Dwivedy,,"The Grey-headed swamphen (Porphyrio poliocephalus) manage to thrive in human-managed habitats such as rice fields, often destroying the crops. (Bharatpur)
#birdphotography #birdwatching #BirdTwitter #birding #bird #NaturePhotography #nikonphotography #photography #Unlock1  pic.twitter.com/KQ1l84AwWg",[],[],['https://pbs.twimg.com/media/EZba11BXYAojKoy.jpg'],0,0,1,"['#birdphotography', '#birdwatching', '#birdtwitter', '#birding', '#bird', '#naturephotography', '#nikonphotography', '#photography', '#unlock1']",[],https://twitter.com/abhisekdwivedy/status/1267440984033550336,False,,0,,,,,,,"[{'user_id': '2904130864', 'username': 'abhisekdwivedy'}]",,,,
1267387584751124481,1267387584751124481,1591003721000,2020-06-01,14:58:41,IST,2989790052,a1tvrajasthan,A1TV,,"भरतपुर में आज 27 नए कोरोना पॉजिटिव मिले

एसपी कार्यालय के ही 13 कर्मचारी मिले कोरोना पॉजिटिव, जिले में कोरोना पॉजिटिव की संख्या हुई 297
 #A1TVNews #A1TVVideo #CoronaPandemic #Lockdown5 #Unlock1 @vishvendrabtp @BHARATPUR_DM @BharatpurPolice","['vishvendrabtp', 'bharatpur_dm', 'bharatpurpolice']",[],[],0,0,2,"['#a1tvnews', '#a1tvvideo', '#coronapandemic', '#lockdown5', '#unlock1']",[],https://twitter.com/A1TVrajasthan/status/1267387584751124481,False,,0,,,,,,,"[{'user_id': '2989790052', 'username': 'A1TVrajasthan'}, {'user_id': '1073430007832240128', 'username': 'vishvendrabtp'}, {'user_id': '928863630833209344', 'username': 'BHARATPUR_DM'}, {'user_id': '811819383219552256', 'username': 'BharatpurPolice'}]",,,,
1267346986963013632,1267346986963013632,1590994042000,2020-06-01,12:17:22,IST,852226879855763461,pwnkusharma,Pawan Sharma (Saraswat),,"#IndiaFightsCorona
10:30am #Covid_19 #Rajasthan update

149 new +ve & 4 Deaths Reports
#Baran 27
#Bharatpur 44
#Dausa 2
#Jaipur 32
#Jhalawar 5
#Jhunjhunu 4
#Kota 10
#Pali 21
#Sirohi 3
#Tonk 1

Cumulative+ve 8980
Active+ve 2742
Deaths198
Migrants+ve 2543
#Lockdown5 #Unlock1",[],[],[],0,0,5,"['#indiafightscorona', '#covid_19', '#rajasthan', '#baran', '#bharatpur', '#dausa', '#jaipur', '#jhalawar', '#jhunjhunu', '#kota', '#pali', '#sirohi', '#tonk', '#lockdown5', '#unlock1']",[],https://twitter.com/Pwnkusharma/status/1267346986963013632,False,,0,,,,,,,"[{'user_id': '852226879855763461', 'username': 'Pwnkusharma'}]",,,,
1267346220395053057,1267346220395053057,1590993859000,2020-06-01,12:14:19,IST,1250295757606760450,asylumseeker00,COVID 19 India Updates,,"10:30am #Covid_19 #Rajasthan update

149 new +ve & 4 Deaths Reported
#Baran 27
#Bharatpur 44
#Dausa 2
#Jaipur 32
#Jhalawar 5
#Jhunjhunu 4
#Kota 10
#Pali 21
#Sirohi 3
#Tonk 1

Cumulative+ve 8980
Active+ve 2742
Deaths198
Migrants+ve 2543
#Lockdown5 #Unlock1  pic.twitter.com/QliigNBNQb",[],[],['https://pbs.twimg.com/media/EZaEp09VAAA-HIG.jpg'],2,0,2,"['#covid_19', '#rajasthan', '#baran', '#bharatpur', '#dausa', '#jaipur', '#jhalawar', '#jhunjhunu', '#kota', '#pali', '#sirohi', '#tonk', '#lockdown5', '#unlock1']",[],https://twitter.com/Asylumseeker00/status/1267346220395053057,False,,0,,,,,,,"[{'user_id': '1250295757606760450', 'username': 'Asylumseeker00'}]",,,,
1267332186883141638,1267332186883141638,1590990513000,2020-06-01,11:18:33,IST,1253355596222541825,thedesertxpress,The Desert Xpress,,"#IndiaFightsCorona
10:30am #Covid_19 #Rajasthan update

149 new +ve & 4 Deaths Reported
#Baran 27
#Bharatpur 44
#Dausa 2
#Jaipur 32
#Jhalawar 5
#Jhunjhunu 4
#Kota 10
#Pali 21
#Sirohi 3
#Tonk 1

Cumulative+ve 8980
Active+ve 2742
Deaths198
Migrants+ve 2543
#Lockdown5 #Unlock1  pic.twitter.com/JjicA12oHB",[],[],['https://pbs.twimg.com/media/EZZ34m0XQAAaW0_.jpg'],1,0,1,"['#indiafightscorona', '#covid_19', '#rajasthan', '#baran', '#bharatpur', '#dausa', '#jaipur', '#jhalawar', '#jhunjhunu', '#kota', '#pali', '#sirohi', '#tonk', '#lockdown5', '#unlock1']",[],https://twitter.com/TheDesertXpress/status/1267332186883141638,False,,0,,,,,,,"[{'user_id': '1253355596222541825', 'username': 'TheDesertXpress'}]",,,,
1267331251679170560,1267331251679170560,1590990290000,2020-06-01,11:14:50,IST,852226879855763461,pwnkusharma,Pawan Sharma (Saraswat),,"#IndiaFightsCorona
10:30am #Covid_19 #Rajasthan update

149 new +ve & 4 Deaths Reported
#Baran 27
#Bharatpur 44
#Dausa 2
#Jaipur 32
#Jhalawar 5
#Jhunjhunu 4
#Kota 10
#Pali 21
#Sirohi 3
#Tonk 1

Cumulative+ve 8980
Active+ve 2742
Deaths198
Migrants+ve 2543
#Lockdown5 #Unlock1",[],[],[],0,1,1,"['#indiafightscorona', '#covid_19', '#rajasthan', '#baran', '#bharatpur', '#dausa', '#jaipur', '#jhalawar', '#jhunjhunu', '#kota', '#pali', '#sirohi', '#tonk', '#lockdown5', '#unlock1']",[],https://twitter.com/Pwnkusharma/status/1267331251679170560,False,,0,,,,,,,"[{'user_id': '852226879855763461', 'username': 'Pwnkusharma'}]",,,,
1267330003454345217,1267330003454345217,1590989993000,2020-06-01,11:09:53,IST,280049922,ritendra4u,Ritendra Yadav,,"#IndiaFightsCorona
10:30am #Covid_19 #Rajasthan update

149 new +ve & 4 Deaths Reported
#Baran 27
#Bharatpur 44
#Dausa 2
#Jaipur 32
#Jhalawar 5
#Jhunjhunu 4
#Kota 10
#Pali 21
#Sirohi 3
#Tonk 1

Cumulative+ve 8980
Active+ve 2742
Deaths198
Migrants+ve 2543
#Lockdown5 #Unlock1  pic.twitter.com/xf7BnfHKzL",[],[],['https://pbs.twimg.com/media/EZZ159-UcAAKx9V.jpg'],1,0,0,"['#indiafightscorona', '#covid_19', '#rajasthan', '#baran', '#bharatpur', '#dausa', '#jaipur', '#jhalawar', '#jhunjhunu', '#kota', '#pali', '#sirohi', '#tonk', '#lockdown5', '#unlock1']",[],https://twitter.com/ritendra4u/status/1267330003454345217,False,,0,,,,,,,"[{'user_id': '280049922', 'username': 'ritendra4u'}]",,,,
1267329418160214016,1267329418160214016,1590989853000,2020-06-01,11:07:33,IST,2182715673,nandkishorekum5,Nand Kishore Kumawat,,"#IndiaFightsCorona
10:30am #Covid_19 #Rajasthan update

149 new +ve & 4 Deaths Reported
#Baran 27
#Bharatpur 44
#Dausa 2
#Jaipur 32
#Jhalawar 5
#Jhunjhunu 4
#Kota 10
#Pali 21
#Sirohi 3
#Tonk 1

Cumulative+ve 8980
Active+ve 2742
Deaths198
Migrants+ve 2543
#Lockdown5 #Unlock1  pic.twitter.com/PCxDtKCIRv",[],[],['https://pbs.twimg.com/media/EZZ1XCeXkAYODHX.jpg'],1,0,0,"['#indiafightscorona', '#covid_19', '#rajasthan', '#baran', '#bharatpur', '#dausa', '#jaipur', '#jhalawar', '#jhunjhunu', '#kota', '#pali', '#sirohi', '#tonk', '#lockdown5', '#unlock1']",[],https://twitter.com/NANDKISHOREKUM5/status/1267329418160214016,False,,0,,,,,,,"[{'user_id': '2182715673', 'username': 'NANDKISHOREKUM5'}]",,,,
1267329086688550912,1267329086688550912,1590989774000,2020-06-01,11:06:14,IST,1229126400520511488,newsrj21,RJ21 News,,"#IndiaFightsCorona
10:30am #Covid_19 #Rajasthan update

149 new +ve & 4 Deaths Reported
#Baran 27
#Bharatpur 44
#Dausa 2
#Jaipur 32
#Jhalawar 5
#Jhunjhunu 4
#Kota 10
#Pali 21
#Sirohi 3
#Tonk 1

Cumulative+ve 8980
Active+ve 2742
Deaths198
Migrants+ve 2543
#Lockdown5 #Unlock1  pic.twitter.com/oLnuofCWMJ",[],[],['https://pbs.twimg.com/media/EZZ1E4sWoAAbnie.jpg'],1,0,4,"['#indiafightscorona', '#covid_19', '#rajasthan', '#baran', '#bharatpur', '#dausa', '#jaipur', '#jhalawar', '#jhunjhunu', '#kota', '#pali', '#sirohi', '#tonk', '#lockdown5', '#unlock1']",[],https://twitter.com/NewsRJ21/status/1267329086688550912,False,,0,,,,,,,"[{'user_id': '1229126400520511488', 'username': 'NewsRJ21'}]",,,,
1267328968484503552,1267328968484503552,1590989746000,2020-06-01,11:05:46,IST,1006946806989635584,vikastak1436,Vikas Tak,,"#IndiaFightsCorona
10:30am #Covid_19 #Rajasthan update

149 new +ve & 4 Deaths Reported
#Baran 27
#Bharatpur 44
#Dausa 2
#Jaipur 32
#Jhalawar 5
#Jhunjhunu 4
#Kota 10
#Pali 21
#Sirohi 3
#Tonk 1

Cumulative+ve 8980
Active+ve 2742
Deaths198
Migrants+ve 2543
#Lockdown5 #Unlock1  pic.twitter.com/nordA2FWUH",[],[],['https://pbs.twimg.com/media/EZZ0-I4VAAAuKEq.jpg'],1,0,0,"['#indiafightscorona', '#covid_19', '#rajasthan', '#baran', '#bharatpur', '#dausa', '#jaipur', '#jhalawar', '#jhunjhunu', '#kota', '#pali', '#sirohi', '#tonk', '#lockdown5', '#unlock1']",[],https://twitter.com/Vikastak1436/status/1267328968484503552,False,,0,,,,,,,"[{'user_id': '1006946806989635584', 'username': 'Vikastak1436'}]",,,,
1267328296557084672,1267328296557084672,1590989586000,2020-06-01,11:03:06,IST,138727664,dineshkumawat,Dinesh Kumawat,,"#IndiaFightsCorona
10:30am #Covid_19 #Rajasthan update

149 new +ve & 4 Deaths Reported
#Baran 27
#Bharatpur 44
#Dausa 2
#Jaipur 32
#Jhalawar 5
#Jhunjhunu 4
#Kota 10
#Pali 21
#Sirohi 3
#Tonk 1

Cumulative+ve 8980
Active+ve 2742
Deaths198
Migrants+ve 2543
#Lockdown5 #Unlock1  pic.twitter.com/GBlnG7m1kY",[],[],['https://pbs.twimg.com/media/EZZ0W0jUwAIupp-.jpg'],6,7,26,"['#indiafightscorona', '#covid_19', '#rajasthan', '#baran', '#bharatpur', '#dausa', '#jaipur', '#jhalawar', '#jhunjhunu', '#kota', '#pali', '#sirohi', '#tonk', '#lockdown5', '#unlock1']",[],https://twitter.com/dineshkumawat/status/1267328296557084672,False,,0,,,,,,,"[{'user_id': '138727664', 'username': 'dineshkumawat'}]",,,,
1267039788563120128,1267039788563120128,1590920800000,2020-05-31,15:56:40,IST,2164575084,1stindianews,First India News Rajasthan,,"#Bharatpur : अनिरुद्ध ने कोरोना को लेकर जताई चिंता 

कोरोना हॉट स्पॉट बनने पर गहरी चिंता जताई अनिरुद्ध सिंह ने, कोरोना को लेकर आमजन के लिए एक वीडियो किया जारी, लोगों से घर से बाहर न निकलने की अपील कर रहे वीडियो में अनिरुद्ध...

#CoronaVirus #Covid19 #Unlock1  pic.twitter.com/rYXV9lNNAh",[],[],['https://pbs.twimg.com/media/EZVt2OIWsAA6uPW.jpg'],0,7,31,"['#bharatpur', '#coronavirus', '#covid19', '#unlock1']",[],https://twitter.com/1stIndiaNews/status/1267039788563120128,False,,0,,,,,,,"[{'user_id': '2164575084', 'username': '1stIndiaNews'}]",,,,
