id,conversation_id,created_at,date,time,timezone,user_id,username,name,place,tweet,mentions,urls,photos,replies_count,retweets_count,likes_count,hashtags,cashtags,link,retweet,quote_url,video,near,geo,source,user_rt_id,user_rt,retweet_id,reply_to,retweet_date,translate,trans_src,trans_dest
1277453866892529665,1277453866892529665,1593403710000,2020-06-29,09:38:30,IST,3076302008,mohdasiflove,Mohammed Asif ansari,,"#Kota #लाडपुरा: कैथून नगर में कल बंद रहेगा मुख्य बाजार

कैथून व्यापार संघ ने किया बंद का आह्वान, मुख्य बाजार में कर्फ्यू लगने पर हुआ विरोध, व्यापारियों की बाजार से कर्फ़्यू हटाने की है मांग, 100 मीटर की परिधि में कर्फ्यू की कर रहे मांग

#CoronaPandemic #Unlock1 #Lockdown",[],[],[],0,0,1,"['#kota', '#लाडपुरा', '#coronapandemic', '#unlock1', '#lockdown']",[],https://twitter.com/MohdasifLove/status/1277453866892529665,False,,0,,,,,,,"[{'user_id': '3076302008', 'username': 'MohdasifLove'}]",,,,
1277290651369930752,1277290651369930752,1593364796000,2020-06-28,22:49:56,IST,1587915768,zeerajasthan_,ZEE Rajasthan,,"#Unlock1 के शुरुआती दिनों में इक्का-दुक्का #PositiveCase सामने आ रहे थे।
#RajasthanNews #Kota #Lockdown #Corona https://zeenews.india.com/hindi/india/rajasthan/coronavirus-postive-patient-graph-reaches-in-last-7-days-in-kota/703030 …",[],['https://zeenews.india.com/hindi/india/rajasthan/coronavirus-postive-patient-graph-reaches-in-last-7-days-in-kota/703030'],[],1,5,46,"['#unlock1', '#positivecase', '#rajasthannews', '#kota', '#lockdown', '#corona']",[],https://twitter.com/zeerajasthan_/status/1277290651369930752,False,,0,,,,,,,"[{'user_id': '1587915768', 'username': 'zeerajasthan_'}]",,,,
1277275044155023362,1277275044155023362,1593361075000,2020-06-28,21:47:55,IST,2164575084,1stindianews,First India News Rajasthan,,"#Kota #लाडपुरा: कैथून नगर में कल बंद रहेगा मुख्य बाजार

कैथून व्यापार संघ ने किया बंद का आह्वान, मुख्य बाजार में कर्फ्यू लगने पर हुआ विरोध, व्यापारियों की बाजार से कर्फ़्यू हटाने की है मांग, 100 मीटर की परिधि में कर्फ्यू की कर रहे मांग

#CoronaPandemic #Unlock1 #Lockdown5",[],[],[],0,2,22,"['#kota', '#लाडपुरा', '#coronapandemic', '#unlock1', '#lockdown5']",[],https://twitter.com/1stIndiaNews/status/1277275044155023362,False,,0,,,,,,,"[{'user_id': '2164575084', 'username': '1stIndiaNews'}]",,,,
1275020932482912256,1275020932482912256,1592823653000,2020-06-22,16:30:53,IST,1260862039989288960,directormms,MakeMyStyles (MMS) Director,,"Make My Styles - Redefining Beauty with Style and comfort.

DOWNLOAD APP FOR FREE.

 https://lnkd.in/fkMATQG 
#kota
#jaipur
#Bangalore
#makemystyles
#mms
#Corona
#innovation
#COVID19
#Unlock1
#digitalmarketing
#socialmedia pic.twitter.com/Z9bisZe60H",[],['https://lnkd.in/fkMATQG'],['https://pbs.twimg.com/media/EbHGSfnUMAI9VtP.jpg'],0,0,0,"['#kota', '#jaipur', '#bangalore', '#makemystyles', '#mms', '#corona', '#innovation', '#covid19', '#unlock1', '#digitalmarketing', '#socialmedia']",[],https://twitter.com/DirectorMms/status/1275020932482912256,False,,0,,,,,,,"[{'user_id': '1260862039989288960', 'username': 'DirectorMms'}]",,,,
1274325143028822018,1274325143028822018,1592657764000,2020-06-20,18:26:04,IST,1260862039989288960,directormms,MakeMyStyles (MMS) Director,,"A good look is not always about the attire you carry, it's rather about the skin that glows and the beauty that flows

DOWNLOAD APP FOR FREE.
 https://lnkd.in/fkMATQG 
#kota
#jaipur
#Bangalore
#makemystyles
#mms
#Corona
#AatmaNirbharBharatAbhiyan
#COVID19
#Unlock1  pic.twitter.com/421UEX0UIX",[],['https://lnkd.in/fkMATQG'],['https://pbs.twimg.com/media/Ea9Nr5rVcAE_Qhh.jpg'],0,0,0,"['#kota', '#jaipur', '#bangalore', '#makemystyles', '#mms', '#corona', '#aatmanirbharbharatabhiyan', '#covid19', '#unlock1']",[],https://twitter.com/DirectorMms/status/1274325143028822018,False,,0,,,,,,,"[{'user_id': '1260862039989288960', 'username': 'DirectorMms'}]",,,,
1274008821502029830,1274008821502029830,1592582347000,2020-06-19,21:29:07,IST,1259548280255418369,marwaditales,marwadi.tales,,"Unlock Marwadis, unlock business 
#Unlock1 #MarwadiTales #marwad #Rajasthan #rajasthani #marwar #mewar #Jodhpur #Pali #Barmer #Jalore #Sirohi #Jaipur #udaipur #bikaner #Jaisalmer #Kota #Mumbai #Bombay #Delhi #Pune #Bangalore #Chennai #rajasthandiaries @MarwadiTales pic.twitter.com/H1P9FCrU3z",['marwaditales'],[],['https://pbs.twimg.com/media/Ea4wROIXsAAF71V.jpg'],0,2,3,"['#unlock1', '#marwaditales', '#marwad', '#rajasthan', '#rajasthani', '#marwar', '#mewar', '#jodhpur', '#pali', '#barmer', '#jalore', '#sirohi', '#jaipur', '#udaipur', '#bikaner', '#jaisalmer', '#kota', '#mumbai', '#bombay', '#delhi', '#pune', '#bangalore', '#chennai', '#rajasthandiaries']",[],https://twitter.com/MarwadiTales/status/1274008821502029830,False,,0,,,,,,,"[{'user_id': '1259548280255418369', 'username': 'MarwadiTales'}]",,,,
1273979200681029632,1273979200681029632,1592575285000,2020-06-19,19:31:25,IST,2164575084,1stindianews,First India News Rajasthan,,"#Kota : ऑरेन्ज जोन में आने के बाद भी कोरोना के साये में कोटा

बाजार खुलने के बावजूद भी मंदे कारोबार से कारोबारी निराश, ऐसे में बाजार में किरायेदार-मालिकों में किराये की किचकिच...

#CoronaPandemic #Unlock1 #Lockdown5 pic.twitter.com/zeBbCXn0Uj",[],[],['https://pbs.twimg.com/media/Ea4VUXBUMAIootp.jpg'],0,2,19,"['#kota', '#coronapandemic', '#unlock1', '#lockdown5']",[],https://twitter.com/1stIndiaNews/status/1273979200681029632,False,,0,,,,,,,"[{'user_id': '2164575084', 'username': '1stIndiaNews'}]",,,,
1273237409421910016,1273237409421910016,1592398428000,2020-06-17,18:23:48,IST,1260862039989288960,directormms,MakeMyStyles (MMS) Director,,"Start your weekend early,  Pamper yourself with all the things you love.

DOWNLOAD APP FOR FREE.
 https://lnkd.in/fkMATQG 
#kota
#jaipur
#Bangalore
#makemystyles
#mms
#Corona
#AatmaNirbharBharatAbhiyan
#COVID19
#Unlock1  pic.twitter.com/byDDhT8E1l",[],['https://lnkd.in/fkMATQG'],['https://pbs.twimg.com/media/EatxT9QUcAEVfyD.jpg'],0,0,0,"['#kota', '#jaipur', '#bangalore', '#makemystyles', '#mms', '#corona', '#aatmanirbharbharatabhiyan', '#covid19', '#unlock1']",[],https://twitter.com/DirectorMms/status/1273237409421910016,False,,0,,,,,,,"[{'user_id': '1260862039989288960', 'username': 'DirectorMms'}]",,,,
1272881243080855552,1272881243080855552,1592313511000,2020-06-16,18:48:31,IST,2164575084,1stindianews,First India News Rajasthan,,"#Kota : चिह्नित स्थानों पर कर्फ्यू की निषेधाज्ञा लागू

भीमगंजमण्डी के सिविल लाइन मॉडल टाउन के पास मकान नम्बर 128 के चारों तरफ लगाया कर्फ्यू, बोरखेड़ा के बजरंग नगर सीसीएच बिल्डिंग फ्लैट नम्बर 802 के चारों ओर कर्फ्यू लागू...

#CoronaVirus #Unlock1 #Lockdown5 pic.twitter.com/AiDBERbxCn",[],[],['https://pbs.twimg.com/media/EaounbQWsAERhXU.jpg'],2,1,18,"['#kota', '#coronavirus', '#unlock1', '#lockdown5']",[],https://twitter.com/1stIndiaNews/status/1272881243080855552,False,,0,,,,,,,"[{'user_id': '2164575084', 'username': '1stIndiaNews'}]",,,,
1272835705106911232,1272835705106911232,1592302654000,2020-06-16,15:47:34,IST,1260862039989288960,directormms,MakeMyStyles (MMS) Director,,"Save big time when you book a Salon Appointment on our app.

DOWNLOAD APP FOR FREE.
 https://lnkd.in/fkMATQG 
#kota
#jaipur
#Bangalore
#makemystyles
#mms
#Corona
#AatmaNirbharBharatAbhiyan
#COVID19
#Unlock1  pic.twitter.com/CLPuixHnZI",[],['https://lnkd.in/fkMATQG'],['https://pbs.twimg.com/media/EaoD-jOUcAAEm3b.jpg'],0,0,0,"['#kota', '#jaipur', '#bangalore', '#makemystyles', '#mms', '#corona', '#aatmanirbharbharatabhiyan', '#covid19', '#unlock1']",[],https://twitter.com/DirectorMms/status/1272835705106911232,False,,0,,,,,,,"[{'user_id': '1260862039989288960', 'username': 'DirectorMms'}]",,,,
1272472402237124608,1272472402237124608,1592216036000,2020-06-15,15:43:56,IST,1260862039989288960,directormms,MakeMyStyles (MMS) Director,,"A good look is not always about the attire you carry, it's rather about the skin that glows and the beauty that flows

DOWNLOAD APP FOR FREE.
 https://lnkd.in/fkMATQG 
#kota
#jaipur
#Bangalore
#makemystyles
#mms
#Corona
#AatmaNirbharBharatAbhiyan
#COVID19
#Unlock1  pic.twitter.com/yGogrKjTZP",[],['https://lnkd.in/fkMATQG'],['https://pbs.twimg.com/media/Eai4d1BUYAA6G5z.jpg'],0,0,0,"['#kota', '#jaipur', '#bangalore', '#makemystyles', '#mms', '#corona', '#aatmanirbharbharatabhiyan', '#covid19', '#unlock1']",[],https://twitter.com/DirectorMms/status/1272472402237124608,False,,0,,,,,,,"[{'user_id': '1260862039989288960', 'username': 'DirectorMms'}]",,,,
1271400913278623745,1271400913278623745,1591960573000,2020-06-12,16:46:13,IST,1260862039989288960,directormms,MakeMyStyles (MMS) Director,,"MakeMyStyles - Makes you feel yourself, relaxed and refreshed.

Follow the Steps and Book Your Favourite Nearest Salon in a Single Tap.
 https://lnkd.in/fkMATQG 
#kota
#jaipur
#Bangalore
#makemystyles
#mms
#Corona
#AatmaNirbharBharatAbhiyan
#COVID19
#Unlock1  pic.twitter.com/PVnAXZbzJF",[],['https://lnkd.in/fkMATQG'],['https://pbs.twimg.com/media/EaTqiczU0AA5HDI.jpg'],0,0,0,"['#kota', '#jaipur', '#bangalore', '#makemystyles', '#mms', '#corona', '#aatmanirbharbharatabhiyan', '#covid19', '#unlock1']",[],https://twitter.com/DirectorMms/status/1271400913278623745,False,,0,,,,,,,"[{'user_id': '1260862039989288960', 'username': 'DirectorMms'}]",,,,
1271051963237449729,1271051963237449729,1591877377000,2020-06-11,17:39:37,IST,1260862039989288960,directormms,MakeMyStyles (MMS) Director,,"Now Maintain Social Distancing with Make My Styles 
 https://lnkd.in/fkMATQG 

Few simple steps and you’ll find yourself at your seat on time #salonbooking
#kota
#jaipur
#Bangalore
#makemystyles
#mms
#Corona
#AatmaNirbharBharatAbhiyan
#COVID19
#Unlock1  pic.twitter.com/n22Th1ePpp",[],['https://lnkd.in/fkMATQG'],['https://pbs.twimg.com/media/EaOtHYhWkAQaX2e.jpg'],0,0,0,"['#salonbooking', '#kota', '#jaipur', '#bangalore', '#makemystyles', '#mms', '#corona', '#aatmanirbharbharatabhiyan', '#covid19', '#unlock1']",[],https://twitter.com/DirectorMms/status/1271051963237449729,False,,0,,,,,,,"[{'user_id': '1260862039989288960', 'username': 'DirectorMms'}]",,,,
1270306115864141824,1270306115864141824,1591699553000,2020-06-09,16:15:53,IST,1260862039989288960,directormms,MakeMyStyles (MMS) Director,,"Few simple steps and you’ll find yourself at your seat on time…Download our app to find out more. 

DownLoad for free now.

 https://lnkd.in/fkMATQG 
#Jaipur #Kota #bangalore #makemystyles #mms #quarantinedays #lockdown #sonusood #unlock1 #beautyindustry #hairstylist pic.twitter.com/sneo6bT57V",[],['https://lnkd.in/fkMATQG'],['https://pbs.twimg.com/media/EaEGmxZXgAII3xt.jpg'],0,0,0,"['#jaipur', '#kota', '#bangalore', '#makemystyles', '#mms', '#quarantinedays', '#lockdown', '#sonusood', '#unlock1', '#beautyindustry', '#hairstylist']",[],https://twitter.com/DirectorMms/status/1270306115864141824,False,,0,,,,,,,"[{'user_id': '1260862039989288960', 'username': 'DirectorMms'}]",,,,
1270014979027070976,1270014979027070976,1591630141000,2020-06-08,20:59:01,IST,2182715673,nandkishorekum5,Nand Kishore Kumawat,,"#Rajasthan #Covid_19  8:30pm update

277new +ve & 6 Deaths reported
67 #Alwar
60 #Bharatpur
36 #Jodhpur
34 #Jaipur
12 #Kota
11 #Pali
10 #Sirohi

Cumulative+ve10876
Active+ve 2513
Deaths 246
Migrants+ve 3125
Cured 8117
Discharged 7714

#Unlock1 #StayHomeStaySafe
Detailed chart 👇 pic.twitter.com/RWd7AUsdDJ",[],[],"['https://pbs.twimg.com/media/EZ__0S6XQAA7TDk.jpg', 'https://pbs.twimg.com/media/EZ__2p7WoAUQwTF.jpg']",0,0,3,"['#rajasthan', '#covid_19', '#alwar', '#bharatpur', '#jodhpur', '#jaipur', '#kota', '#pali', '#sirohi', '#unlock1', '#stayhomestaysafe']",[],https://twitter.com/NANDKISHOREKUM5/status/1270014979027070976,False,,0,,,,,,,"[{'user_id': '2182715673', 'username': 'NANDKISHOREKUM5'}]",,,,
1270012775125876736,1270012775125876736,1591629615000,2020-06-08,20:50:15,IST,1227857000475742208,indiacovid,Jodhpur Corona Updates,,"#Rajasthan #Covid_19  8:30pm update

277new +ve & 6 Deaths reported
67 #Alwar
60 #Bharatpur
36 #Jodhpur
34 #Jaipur
12 #Kota
11 #Pali
10 #Sirohi

Cumulative+ve10876
Active+ve 2513
Deaths 246
Migrants+ve 3125
Cured 8117
Discharged 7714

#Unlock1 #StayHomeStaySafe
Detailed chart 👇 pic.twitter.com/EBnRHPRA6E",[],[],['https://pbs.twimg.com/media/EZ_9nxuXQAEmjJD.jpg'],1,2,10,"['#rajasthan', '#covid_19', '#alwar', '#bharatpur', '#jodhpur', '#jaipur', '#kota', '#pali', '#sirohi', '#unlock1', '#stayhomestaysafe']",[],https://twitter.com/indiacovid/status/1270012775125876736,False,,0,,,,,,,"[{'user_id': '1227857000475742208', 'username': 'indiacovid'}]",,,,
1270011974282211328,1270011974282211328,1591629425000,2020-06-08,20:47:05,IST,1049674796764524545,akshaygour0141,Akshay Kumar Gour (akki),,"#Rajasthan #Covid_19  8:30pm update

277new +ve & 6 Deaths reported
67 #Alwar
60 #Bharatpur
36 #Jodhpur
34 #Jaipur
12 #Kota
11 #Pali
10 #Sirohi

Cumulative+ve10876
Active+ve 2513
Deaths 246
Migrants+ve 3125
Cured 8117
Discharged 7714

#Unlock1 #StayHomeStaySafe
Detailed chart 👇 pic.twitter.com/q79G7rMeez",[],[],"['https://pbs.twimg.com/media/EZ_9I_1XQAEBDAE.jpg', 'https://pbs.twimg.com/media/EZ_9J0JWAAEf2hS.jpg']",0,0,2,"['#rajasthan', '#covid_19', '#alwar', '#bharatpur', '#jodhpur', '#jaipur', '#kota', '#pali', '#sirohi', '#unlock1', '#stayhomestaysafe']",[],https://twitter.com/akshaygour0141/status/1270011974282211328,False,,0,,,,,,,"[{'user_id': '1049674796764524545', 'username': 'akshaygour0141'}]",,,,
1270011382700732416,1270011382700732416,1591629283000,2020-06-08,20:44:43,IST,707513296,mttvhimanshu,Himanshu Mathur,,"#Rajasthan #Covid_19  8:30pm update

277new +ve & 6 Deaths reported
67 #Alwar
60 #Bharatpur
36 #Jodhpur
34 #Jaipur
12 #Kota
11 #Pali
10 #Sirohi

Cumulative+ve10876
Active+ve 2513
Deaths 246
Migrants+ve 3125
Cured 8117
Discharged 7714
#Unlock1 #StayHomeStaySafe
Detailed chart 👇 pic.twitter.com/CraSw0AfCB",[],[],['https://pbs.twimg.com/media/EZ_8m02U8AYZpDX.jpg'],0,0,3,"['#rajasthan', '#covid_19', '#alwar', '#bharatpur', '#jodhpur', '#jaipur', '#kota', '#pali', '#sirohi', '#unlock1', '#stayhomestaysafe']",[],https://twitter.com/mttvhimanshu/status/1270011382700732416,False,,0,,,,,,,"[{'user_id': '707513296', 'username': 'mttvhimanshu'}]",,,,
1270011354145976321,1270011354145976321,1591629277000,2020-06-08,20:44:37,IST,1265534256748658688,jaysingh06,Jay Singh Choudhary,,"#Rajasthan #Covid_19  8:30pm update

277new +ve & 6 Deaths reported
67 #Alwar
60 #Bharatpur
36 #Jodhpur
34 #Jaipur
12 #Kota
11 #Pali
10 #Sirohi

Cumulative+ve10876
Active+ve 2513
Deaths 246
Migrants+ve 3125
Cured 8117
Discharged 7714

#Unlock1 #StayHomeStaySafe
Detailed chart pic.twitter.com/ogasKXTTWU",[],[],['https://pbs.twimg.com/media/EZ_8lZqXgAAlBib.jpg'],0,0,5,"['#rajasthan', '#covid_19', '#alwar', '#bharatpur', '#jodhpur', '#jaipur', '#kota', '#pali', '#sirohi', '#unlock1', '#stayhomestaysafe']",[],https://twitter.com/JaySingh06/status/1270011354145976321,False,,0,,,,,,,"[{'user_id': '1265534256748658688', 'username': 'JaySingh06'}]",,,,
1270011012381474823,1270011012381474823,1591629195000,2020-06-08,20:43:15,IST,133683366,pankaj_jain08,Pankaj💯 ➕,,"#Rajasthan #Covid_19  8:30pm update

277new +ve & 6 Deaths reported
67 #Alwar
60 #Bharatpur
36 #Jodhpur
34 #Jaipur
12 #Kota
11 #Pali
10 #Sirohi

Cumulative+ve10876
Active+ve 2513
Deaths 246
Migrants+ve 3125
Cured 8117
Discharged 7714

#Unlock1 #StayHomeStaySafe
Detailed chart 👇 pic.twitter.com/KVpb0UDH3o",[],[],"['https://pbs.twimg.com/media/EZ_8QfeVcAMe-zB.jpg', 'https://pbs.twimg.com/media/EZ_8RuvUEAEbMfP.jpg']",0,0,2,"['#rajasthan', '#covid_19', '#alwar', '#bharatpur', '#jodhpur', '#jaipur', '#kota', '#pali', '#sirohi', '#unlock1', '#stayhomestaysafe']",[],https://twitter.com/pankaj_jain08/status/1270011012381474823,False,,0,,,,,,,"[{'user_id': '133683366', 'username': 'pankaj_jain08'}]",,,,
1270010678099742720,1270010678099742720,1591629115000,2020-06-08,20:41:55,IST,1006946806989635584,vikastak1436,Vikas Tak,,"#Rajasthan #Covid_19 8 #June 8:30pm update

277new +ve & 6 Deaths reported
67 #Alwar
60 #Bharatpur
36 #Jodhpur
34 #Jaipur
12 #Kota
11 #Pali
10 #Sirohi

Cumulative+ve10876
Active+ve 2513
Deaths 246
Migrants+ve 3125
Cured 8117
Discharged 7714

#Unlock1 #StayHomeStaySafe pic.twitter.com/dVqpMUDOOs",[],[],['https://pbs.twimg.com/media/EZ_796WU0AgDG5C.jpg'],0,0,1,"['#rajasthan', '#covid_19', '#june', '#alwar', '#bharatpur', '#jodhpur', '#jaipur', '#kota', '#pali', '#sirohi', '#unlock1', '#stayhomestaysafe']",[],https://twitter.com/Vikastak1436/status/1270010678099742720,False,,0,,,,,,,"[{'user_id': '1006946806989635584', 'username': 'Vikastak1436'}]",,,,
1270009908675698688,1270009908675698688,1591628932000,2020-06-08,20:38:52,IST,138727664,dineshkumawat,Dinesh Kumawat,,"#Rajasthan #Covid_19  8:30pm update

277new +ve & 6 Deaths reported
67 #Alwar
60 #Bharatpur
36 #Jodhpur
34 #Jaipur
12 #Kota
11 #Pali
10 #Sirohi

Cumulative+ve10876
Active+ve 2513
Deaths 246
Migrants+ve 3125
Cured 8117
Discharged 7714

#Unlock1 #StayHomeStaySafe
Detailed chart 👇 pic.twitter.com/e0StXm2RWO",[],[],"['https://pbs.twimg.com/media/EZ_7QOuVcAAQcbY.jpg', 'https://pbs.twimg.com/media/EZ_7RaAU0AAHJek.jpg']",9,3,27,"['#rajasthan', '#covid_19', '#alwar', '#bharatpur', '#jodhpur', '#jaipur', '#kota', '#pali', '#sirohi', '#unlock1', '#stayhomestaysafe']",[],https://twitter.com/dineshkumawat/status/1270009908675698688,False,,0,,,,,,,"[{'user_id': '138727664', 'username': 'dineshkumawat'}]",,,,
1269874508057452548,1269874508057452548,1591596650000,2020-06-08,11:40:50,IST,1253355596222541825,thedesertxpress,The Desert Xpress,,"#Rajasthan #Covid_19 10:30am update
#Unlock1

97 new Positive & 1 Death reported
#Alwar 58
#Sirohi 3
#Bharatpur 4
#Kota 12
#Jhalawar 2
#Jaipur 4
#Dungarpur 6
#Banswara 3
#Bundi 2
#Baran 1
#Pali 2
Cumulative+ve10696
Active +ve 2641
Deaths 241
Migrants+ve 3095
Detailed report👇 pic.twitter.com/yrVaN22OZX",[],[],['https://pbs.twimg.com/media/EZ9_7xXWkAAQa22.jpg'],0,0,2,"['#rajasthan', '#covid_19', '#unlock1', '#alwar', '#sirohi', '#bharatpur', '#kota', '#jhalawar', '#jaipur', '#dungarpur', '#banswara', '#bundi', '#baran', '#pali']",[],https://twitter.com/TheDesertXpress/status/1269874508057452548,False,,0,,,,,,,"[{'user_id': '1253355596222541825', 'username': 'TheDesertXpress'}]",,,,
1269873980200103936,1269873980200103936,1591596524000,2020-06-08,11:38:44,IST,1049674796764524545,akshaygour0141,Akshay Kumar Gour (akki),,"#Rajasthan #Covid_19 10:30am update
#Unlock1

97 new Positive & 1 Death reported
#Alwar 58
#Sirohi 3
#Bharatpur 4
#Kota 12
#Jhalawar 2
#Jaipur 4
#Dungarpur 6
#Banswara 3
#Bundi 2
#Baran 1
#Pali 2
Cumulative+ve10696
Active +ve 2641
Deaths 241
Migrants+ve 3095
Detailed report👇 pic.twitter.com/enhx7u2azJ",[],[],['https://pbs.twimg.com/media/EZ9_pYRWAAI5hFU.jpg'],0,0,0,"['#rajasthan', '#covid_19', '#unlock1', '#alwar', '#sirohi', '#bharatpur', '#kota', '#jhalawar', '#jaipur', '#dungarpur', '#banswara', '#bundi', '#baran', '#pali']",[],https://twitter.com/akshaygour0141/status/1269873980200103936,False,,0,,,,,,,"[{'user_id': '1049674796764524545', 'username': 'akshaygour0141'}]",,,,
1269873735252635652,1269873735252635652,1591596466000,2020-06-08,11:37:46,IST,1006946806989635584,vikastak1436,Vikas Tak,,"#Rajasthan #Covid_19 8 #June 10:30am update
#Unlock1

97 new Positive & 1 Death reported
#Alwar 58
#Sirohi 3
#Bharatpur 4
#Kota 12
#Jhalawar 2
#Jaipur 4
#Dungarpur 6
#Banswara 3
#Bundi 2
#Baran 1
#Pali 2
Cumulative+ve10696
Active +ve 2641
Deaths 241
Migrants+ve 3095
#StayHome pic.twitter.com/KV91VrC1PU",[],[],['https://pbs.twimg.com/media/EZ9_az6UcAEbRfB.jpg'],0,0,0,"['#rajasthan', '#covid_19', '#june', '#unlock1', '#alwar', '#sirohi', '#bharatpur', '#kota', '#jhalawar', '#jaipur', '#dungarpur', '#banswara', '#bundi', '#baran', '#pali', '#stayhome']",[],https://twitter.com/Vikastak1436/status/1269873735252635652,False,,0,,,,,,,"[{'user_id': '1006946806989635584', 'username': 'Vikastak1436'}]",,,,
1269873261673721856,1269873261673721856,1591596353000,2020-06-08,11:35:53,IST,863774890083614722,ronakt999,ronak__trivedi,,"#Rajasthan #Covid_19 10:30am update
#Unlock1

97 new Positive & 1 Death reported
#Alwar 58
#Sirohi 3
#Bharatpur 4
#Kota 12
#Jhalawar 2
#Jaipur 4
#Dungarpur 6
#Banswara 3
#Bundi 2
#Baran 1
#Pali 2
Cumulative+ve10696
Active +ve 2641
Deaths 241
Migrants+ve 3095",[],[],[],0,0,0,"['#rajasthan', '#covid_19', '#unlock1', '#alwar', '#sirohi', '#bharatpur', '#kota', '#jhalawar', '#jaipur', '#dungarpur', '#banswara', '#bundi', '#baran', '#pali']",[],https://twitter.com/ronakt999/status/1269873261673721856,False,,0,,,,,,,"[{'user_id': '863774890083614722', 'username': 'ronakt999'}]",,,,
1269872770902605825,1269872770902605825,1591596236000,2020-06-08,11:33:56,IST,1227857000475742208,indiacovid,Jodhpur Corona Updates,,"#Rajasthan #Covid_19 10:30am update
#Unlock1

97 new Positive & 1 Death reported
#Alwar 58
#Sirohi 3
#Bharatpur 4
#Kota 12
#Jhalawar 2
#Jaipur 4
#Dungarpur 6
#Banswara 3
#Bundi 2
#Baran 1
#Pali 2
Cumulative+ve10696
Active +ve 2641
Deaths 241
Migrants+ve 3095
Detailed report👇 pic.twitter.com/jd1L8tNNJ3",[],[],['https://pbs.twimg.com/media/EZ9-iv2XkAEyUXj.jpg'],0,2,4,"['#rajasthan', '#covid_19', '#unlock1', '#alwar', '#sirohi', '#bharatpur', '#kota', '#jhalawar', '#jaipur', '#dungarpur', '#banswara', '#bundi', '#baran', '#pali']",[],https://twitter.com/indiacovid/status/1269872770902605825,False,,0,,,,,,,"[{'user_id': '1227857000475742208', 'username': 'indiacovid'}]",,,,
1269871584090734592,1269871584090734592,1591595953000,2020-06-08,11:29:13,IST,2182715673,nandkishorekum5,Nand Kishore Kumawat,,"#Rajasthan #Covid_19 10:30am update
#Unlock1

97 new Positive & 1 Death reported
#Alwar 58
#Sirohi 3
#Bharatpur 4
#Kota 12
#Jhalawar 2
#Jaipur 4
#Dungarpur 6
#Banswara 3
#Bundi 2
#Baran 1
#Pali 2
Cumulative+ve10696
Active +ve 2641
Deaths 241
Migrants+ve 3095
Detailed report👇 pic.twitter.com/5yEIRFRsLg",[],[],['https://pbs.twimg.com/media/EZ99c1BX0AAxKhi.jpg'],0,0,2,"['#rajasthan', '#covid_19', '#unlock1', '#alwar', '#sirohi', '#bharatpur', '#kota', '#jhalawar', '#jaipur', '#dungarpur', '#banswara', '#bundi', '#baran', '#pali']",[],https://twitter.com/NANDKISHOREKUM5/status/1269871584090734592,False,,0,,,,,,,"[{'user_id': '2182715673', 'username': 'NANDKISHOREKUM5'}]",,,,
1269871412669448192,1269871412669448192,1591595912000,2020-06-08,11:28:32,IST,138727664,dineshkumawat,Dinesh Kumawat,,"#Rajasthan #Covid_19 10:30am update
#Unlock1

97 new Positive & 1 Death reported
#Alwar 58
#Sirohi 3
#Bharatpur 4
#Kota 12
#Jhalawar 2
#Jaipur 4
#Dungarpur 6
#Banswara 3
#Bundi 2
#Baran 1
#Pali 2
Cumulative+ve10696
Active +ve 2641
Deaths 241
Migrants+ve 3095
Detailed report👇 pic.twitter.com/Rq38Ar6tQj",[],[],"['https://pbs.twimg.com/media/EZ99TerUwAIP20W.jpg', 'https://pbs.twimg.com/media/EZ99UWuU4AAS35M.jpg']",2,4,18,"['#rajasthan', '#covid_19', '#unlock1', '#alwar', '#sirohi', '#bharatpur', '#kota', '#jhalawar', '#jaipur', '#dungarpur', '#banswara', '#bundi', '#baran', '#pali']",[],https://twitter.com/dineshkumawat/status/1269871412669448192,False,,0,,,,,,,"[{'user_id': '138727664', 'username': 'dineshkumawat'}]",,,,
1269580598588432384,1269580598588432384,1591526577000,2020-06-07,16:12:57,IST,2164575084,1stindianews,First India News Rajasthan,,"#Kota : आज फिर डिस्चार्ज हुए 8 रोगी, कोरोना को मात देकर घर पहुंचे रोगी, अब तक 425 रोगियों को किया जा चुका डिस्चार्ज

#CoronaVirus #Covid19 #Unlock1 #Lockdown5",[],[],[],0,3,52,"['#kota', '#coronavirus', '#covid19', '#unlock1', '#lockdown5']",[],https://twitter.com/1stIndiaNews/status/1269580598588432384,False,,0,,,,,,,"[{'user_id': '2164575084', 'username': '1stIndiaNews'}]",,,,
1269562819386789895,1269562819386789895,1591522338000,2020-06-07,15:02:18,IST,2164575084,1stindianews,First India News Rajasthan,,"#Kota : दोपहर की रिपोर्ट में आए 3 नए पॉजिटिव

विज्ञान नगर,छावनी और कोटड़ी क्षेत्र से आए पॉजिटिव, कोटा में कोरोना संक्रमितों की संख्या हुई 512, वहीं बारां के जिला अस्पताल से भी आया एक पॉजिटिव

#CoronaVirus #Covid19 #Unlock1 #Lockdown5",[],[],[],3,7,42,"['#kota', '#coronavirus', '#covid19', '#unlock1', '#lockdown5']",[],https://twitter.com/1stIndiaNews/status/1269562819386789895,False,,0,,,,,,,"[{'user_id': '2164575084', 'username': '1stIndiaNews'}]",,,,
1269297737121632256,1269297737121632256,1591459137000,2020-06-06,21:28:57,IST,2164575084,1stindianews,First India News Rajasthan,,"#Kota : एमबीएस अस्पताल में इलाज के दौरान बुजुर्ग की मौत, कोरोना जांच के लिए मृतक का लिया सैंपल, छावनी इलाके का निवासी था 65 वर्षीय बुजुर्ग

#CoronaVirus #Covid19 #Unlock1 #Lockdown5",[],[],[],0,2,44,"['#kota', '#coronavirus', '#covid19', '#unlock1', '#lockdown5']",[],https://twitter.com/1stIndiaNews/status/1269297737121632256,False,,0,,,,,,,"[{'user_id': '2164575084', 'username': '1stIndiaNews'}]",,,,
1269243717745102848,1269243717745102848,1591446258000,2020-06-06,17:54:18,IST,2164575084,1stindianews,First India News Rajasthan,,"#Kota : आज फिर डिस्चार्ज हुए 11 रोगी, कोरोना पॉजिटिव से नेगेटिव होने पर किया डिस्चार्ज, अब तक 417 मरीज हो चुके डिस्चार्ज 

#CoronaVirus #Covid19 #Unlock1 #Lockdown5",[],[],[],1,5,45,"['#kota', '#coronavirus', '#covid19', '#unlock1', '#lockdown5']",[],https://twitter.com/1stIndiaNews/status/1269243717745102848,False,,0,,,,,,,"[{'user_id': '2164575084', 'username': '1stIndiaNews'}]",,,,
1268902035270914048,1268902035270914048,1591364794000,2020-06-05,19:16:34,IST,2164575084,1stindianews,First India News Rajasthan,,"#Kota : विज्ञान नगर थाने के सेक्टर 7 में जीरो मोबिलिटी एरिया बढ़ाया, मकान नम्बर 7-सी-1 से 7-सी-8 तक के आसपास की गलियों में लगाया कर्फ़्यू, जिला कलेक्टर ओम कसेरा ने जारी किए आदेश

@KotaPolice #CoronaVirus #Covid19 #Unlock1",['kotapolice'],[],[],1,5,46,"['#kota', '#coronavirus', '#covid19', '#unlock1']",[],https://twitter.com/1stIndiaNews/status/1268902035270914048,False,,0,,,,,,,"[{'user_id': '2164575084', 'username': '1stIndiaNews'}, {'user_id': '823790393850359809', 'username': 'KotaPolice'}]",,,,
1268860525892550656,1268860525892550656,1591354898000,2020-06-05,16:31:38,IST,1262012277068378114,danielkhushi1,Khushi Daniel,,"#Kota: आज डिस्चार्ज हुए 12 रोगी, कोरोना पॉजिटिव से नेगेटिव होने पर किया डिस्चार्ज, अब तक 406 मरीज हो चुके डिस्चार्ज 

#CoronaVirus #Covid19 #Unlock1 #Lockdown5",[],[],[],0,0,1,"['#kota', '#coronavirus', '#covid19', '#unlock1', '#lockdown5']",[],https://twitter.com/DanielKhushi1/status/1268860525892550656,False,,0,,,,,,,"[{'user_id': '1262012277068378114', 'username': 'DanielKhushi1'}]",,,,
1268857040669204481,1268857040669204481,1591354067000,2020-06-05,16:17:47,IST,2164575084,1stindianews,First India News Rajasthan,,"#Kota: आज डिस्चार्ज हुए 12 रोगी, कोरोना पॉजिटिव से नेगेटिव होने पर किया डिस्चार्ज, अब तक 406 मरीज हो चुके डिस्चार्ज 

#CoronaVirus #Covid19 #Unlock1 #Lockdown5",[],[],[],0,3,54,"['#kota', '#coronavirus', '#covid19', '#unlock1', '#lockdown5']",[],https://twitter.com/1stIndiaNews/status/1268857040669204481,False,,0,,,,,,,"[{'user_id': '2164575084', 'username': '1stIndiaNews'}]",,,,
1268855571547111425,1268855571547111425,1591353717000,2020-06-05,16:11:57,IST,2164575084,1stindianews,First India News Rajasthan,,"#Kota : कोरोना से 60 वर्षीय बुजुर्ग की मौत 

महावीर नगर निवासी 60 वर्षीय बुजुर्ग की हुई मौत, न्यू मेडिकल कॉलेज अस्पताल में भर्ती था रोगी, कोटा में कोरोना से हो चुकी 18 मौत

#CoronaVirus #Covid19 #Unlock1",[],[],[],0,2,30,"['#kota', '#coronavirus', '#covid19', '#unlock1']",[],https://twitter.com/1stIndiaNews/status/1268855571547111425,False,,0,,,,,,,"[{'user_id': '2164575084', 'username': '1stIndiaNews'}]",,,,
1268832010560290816,1268832010560290816,1591348099000,2020-06-05,14:38:19,IST,2164575084,1stindianews,First India News Rajasthan,,"#Kota : कोरोना से एक और मौत की सूचना, टीचर्स कॉलोनी निवासी बुजुर्ग की मौत की खबर, कुछ देर बाद मेडिकल कॉलेज जारी करेगा विस्तृत ब्यौरा

#CoronaVirus #Covid19 #Unlock1 #Lockdown5",[],[],[],0,5,42,"['#kota', '#coronavirus', '#covid19', '#unlock1', '#lockdown5']",[],https://twitter.com/1stIndiaNews/status/1268832010560290816,False,,0,,,,,,,"[{'user_id': '2164575084', 'username': '1stIndiaNews'}]",,,,
1268509470029565952,1268509470029565952,1591271200000,2020-06-04,17:16:40,IST,2164575084,1stindianews,First India News Rajasthan,,"#Kota : अस्थि कलश यात्रा हरिद्वार के लिए रवाना

कोटा डिपो से रोडवेज की 3 बसें हुई रवाना, 127 यात्री 69 अस्थि कलश लेकर हुए रवाना, कोटा डिपो हरिद्वार के लिए 7 बसें चलाने की बना रहा योजना

#CoronaVirus #Covid19 #Unlock1 #Lockdown5",[],[],[],1,6,51,"['#kota', '#coronavirus', '#covid19', '#unlock1', '#lockdown5']",[],https://twitter.com/1stIndiaNews/status/1268509470029565952,False,,0,,,,,,,"[{'user_id': '2164575084', 'username': '1stIndiaNews'}]",,,,
1268503493536444417,1268503493536444417,1591269775000,2020-06-04,16:52:55,IST,2164575084,1stindianews,First India News Rajasthan,,"#Kota : आज फिर 4 मरीज अस्पताल से डिस्चार्ज, कोटा में अब तक 394 मरीज हो चुके डिस्चार्ज, पॉजिटिव से नेगेटिव होने वाले मरीजों को किया जा रहा डिस्चार्ज

#CoronaVirus #Covid19 #Unlock1 #Lockdown5",[],[],[],1,4,48,"['#kota', '#coronavirus', '#covid19', '#unlock1', '#lockdown5']",[],https://twitter.com/1stIndiaNews/status/1268503493536444417,False,,0,,,,,,,"[{'user_id': '2164575084', 'username': '1stIndiaNews'}]",,,,
1268496207741157377,1268496207741157377,1591268038000,2020-06-04,16:23:58,IST,2164575084,1stindianews,First India News Rajasthan,,"#Kota : बूंदी और बारां से आये पॉजिटिव रोगी सामने 

बूंदी के सिलोर से 2 पॉजिटिव रोगी आये, 9 पॉजिटिव रोगी बारां जिले आये सामने, 5 पॉजिटिव रोगी गोपाल कॉलोनी से और 4 रोगी मीट मार्केट से, मीट मार्केट के पॉजिटिव रोगियों में 3 और 5 साल की बालिकाएं भी

#CoronaVirus #Covid19 #Unlock1",[],[],[],1,10,49,"['#kota', '#coronavirus', '#covid19', '#unlock1']",[],https://twitter.com/1stIndiaNews/status/1268496207741157377,False,,0,,,,,,,"[{'user_id': '2164575084', 'username': '1stIndiaNews'}]",,,,
1268427268659044352,1268427268659044352,1591251601000,2020-06-04,11:50:01,IST,2182715673,nandkishorekum5,Nand Kishore Kumawat,,"#Covid_19 #Rajasthan 10:30am update

Today's total positive till 10.30 am is 68

#Barmer 2
#Jodhpur 12
#Bharatpur 16
#Kota 7
#Jaipur 12
#Churu 12
#Jhunjhunu 5
#Sawaimadhopur 1
#Nagaur 1

Cumulative positive 9720
Total death in state 209

#IndiaFightsCorona #Unlock1  pic.twitter.com/ET09qh8xv4",[],[],['https://pbs.twimg.com/media/EZpb3ixWoAcDbHs.jpg'],1,0,1,"['#covid_19', '#rajasthan', '#barmer', '#jodhpur', '#bharatpur', '#kota', '#jaipur', '#churu', '#jhunjhunu', '#sawaimadhopur', '#nagaur', '#indiafightscorona', '#unlock1']",[],https://twitter.com/NANDKISHOREKUM5/status/1268427268659044352,False,,0,,,,,,,"[{'user_id': '2182715673', 'username': 'NANDKISHOREKUM5'}]",,,,
1268418735724998656,1268418735724998656,1591249567000,2020-06-04,11:16:07,IST,1253355596222541825,thedesertxpress,The Desert Xpress,,"#Covid_19 #Rajasthan 4 #June 10:30am update

Today's total positive is 68

#Barmer 2
#Jodhpur 12
#Bharatpur 16
#Kota 7
#Jaipur 12
#Churu 12
#Jhunjhunu 5
#Sawaimadhopur 1
#Nagaur 1

Cumulative positive 9720
Total death in state 209

#IndiaFightsCorona #Unlock1
#StayHomeSaveLives pic.twitter.com/dPB3M9gd9b",[],[],['https://pbs.twimg.com/media/EZpUFG2XYAA8CKV.jpg'],1,0,2,"['#covid_19', '#rajasthan', '#june', '#barmer', '#jodhpur', '#bharatpur', '#kota', '#jaipur', '#churu', '#jhunjhunu', '#sawaimadhopur', '#nagaur', '#indiafightscorona', '#unlock1', '#stayhomesavelives']",[],https://twitter.com/TheDesertXpress/status/1268418735724998656,False,,0,,,,,,,"[{'user_id': '1253355596222541825', 'username': 'TheDesertXpress'}]",,,,
1268417792803401728,1268417792803401728,1591249342000,2020-06-04,11:12:22,IST,1006946806989635584,vikastak1436,Vikas Tak,,"#Covid_19 #Rajasthan 4 #June 10:30am update

Today's total positive is 68

#Barmer 2
#Jodhpur 12
#Bharatpur 16
#Kota 7
#Jaipur 12
#Churu 12
#Jhunjhunu 5
#Sawaimadhopur 1
#Nagaur 1

Cumulative positive 9720
Total death in state 209

#IndiaFightsCorona #Unlock1
#StayHomeSaveLives pic.twitter.com/496dntJ6Q1",[],[],['https://pbs.twimg.com/media/EZpTQG9VAAAzGcM.jpg'],1,0,0,"['#covid_19', '#rajasthan', '#june', '#barmer', '#jodhpur', '#bharatpur', '#kota', '#jaipur', '#churu', '#jhunjhunu', '#sawaimadhopur', '#nagaur', '#indiafightscorona', '#unlock1', '#stayhomesavelives']",[],https://twitter.com/Vikastak1436/status/1268417792803401728,False,,0,,,,,,,"[{'user_id': '1006946806989635584', 'username': 'Vikastak1436'}]",,,,
1268417398471868419,1268417398471868419,1591249248000,2020-06-04,11:10:48,IST,138727664,dineshkumawat,Dinesh Kumawat,,"#Covid_19 #Rajasthan 10:30am update

Today's total positive till 10.30 am is 68

#Barmer 2
#Jodhpur 12
#Bharatpur 16
#Kota 7
#Jaipur 12
#Churu 12
#Jhunjhunu 5
#Sawaimadhopur 1
#Nagaur 1

Cumulative positive 9720
Total death in state 209

#IndiaFightsCorona #Unlock1
#StaySafe pic.twitter.com/hS9oq3zOdF",[],[],['https://pbs.twimg.com/media/EZpS41xUYAEAp47.jpg'],2,2,13,"['#covid_19', '#rajasthan', '#barmer', '#jodhpur', '#bharatpur', '#kota', '#jaipur', '#churu', '#jhunjhunu', '#sawaimadhopur', '#nagaur', '#indiafightscorona', '#unlock1', '#staysafe']",[],https://twitter.com/dineshkumawat/status/1268417398471868419,False,,0,,,,,,,"[{'user_id': '138727664', 'username': 'dineshkumawat'}]",,,,
1268242932106244097,1268242932106244097,1591207652000,2020-06-03,23:37:32,IST,1265876307830702080,candy_nemi07,Nemi Bishnoi,,"#Kota : रात की रिपोर्ट में आये 6 नये पॉजिटिव केस

सभी विज्ञान नगर सेक्टर-7 के निवासी, 3 पुरूष और 3 महिलाएं आई पॉजिटिव, कोटा में 500 पर पहुंचा पॉजिटिव रोगियों का आंकड़ा 

#CoronaVirus #Covid19 #Unlock1 #Lockdown5",[],[],[],0,0,1,"['#kota', '#coronavirus', '#covid19', '#unlock1', '#lockdown5']",[],https://twitter.com/candy_nemi07/status/1268242932106244097,False,,0,,,,,,,"[{'user_id': '1265876307830702080', 'username': 'candy_nemi07'}]",,,,
1268224759512391686,1268224759512391686,1591203319000,2020-06-03,22:25:19,IST,2164575084,1stindianews,First India News Rajasthan,,"#Kota : रात की रिपोर्ट में आये 6 नये पॉजिटिव केस

सभी विज्ञान नगर सेक्टर-7 के निवासी, 3 पुरूष और 3 महिलाएं आई पॉजिटिव, कोटा में 500 पर पहुंचा पॉजिटिव रोगियों का आंकड़ा 

#CoronaVirus #Covid19 #Unlock1 #Lockdown5",[],[],[],1,4,40,"['#kota', '#coronavirus', '#covid19', '#unlock1', '#lockdown5']",[],https://twitter.com/1stIndiaNews/status/1268224759512391686,False,,0,,,,,,,"[{'user_id': '2164575084', 'username': '1stIndiaNews'}]",,,,
1268177927281217542,1268177927281217542,1591192154000,2020-06-03,19:19:14,IST,2164575084,1stindianews,First India News Rajasthan,,"#Kota : देर शाम की रिपोर्ट में आया एक और पॉजिटिव रोगी, छावनी निवासी 40 वर्षीय व्यक्ति मिला कोरोना संक्रमित, कोटा में 494 हुई कोरोना संक्रमितों की संख्या 

#CoronaVirus #Covid19 #Unlock1 #Lockdown5",[],[],[],0,5,22,"['#kota', '#coronavirus', '#covid19', '#unlock1', '#lockdown5']",[],https://twitter.com/1stIndiaNews/status/1268177927281217542,False,,0,,,,,,,"[{'user_id': '2164575084', 'username': '1stIndiaNews'}]",,,,
1268164693992132608,1268164693992132608,1591188999000,2020-06-03,18:26:39,IST,2164575084,1stindianews,First India News Rajasthan,,"#Kota : गुमानपुरा थाने के चिन्हित क्षेत्रों से हटाया कर्फ़्यू 

गोरी निवास के सामने संगम होटल की गली से हटाया गया कर्फ़्यू, थाना बोरखेड़ा के चिन्हित क्षेत्रों से हटाया कर्फ़्यू, मन्ना कॉलोनी चौराहे के पास श्मशान रोड के चारों ओर से हटाया कर्फ़्यू...

#CoronaVirus #Covid19 #Unlock1  pic.twitter.com/JfUos9V6jC",[],[],['https://pbs.twimg.com/media/EZltBgxXgAA3J7I.jpg'],0,6,27,"['#kota', '#coronavirus', '#covid19', '#unlock1']",[],https://twitter.com/1stIndiaNews/status/1268164693992132608,False,,0,,,,,,,"[{'user_id': '2164575084', 'username': '1stIndiaNews'}]",,,,
1268163315127083008,1268163315127083008,1591188670000,2020-06-03,18:21:10,IST,1587915768,zeerajasthan_,ZEE Rajasthan,,"#Kota | ओम बिडला ने अपने आवास पर जनसुनवाई की। औपचारिकताएं पूरी करने के बाद कराई लोगों की एंट्री

#CoronaVirus #Covid19 #Unlock1 #Lockdown5
@ombirlakota @BJP4Rajasthan @LokSabhaSectt pic.twitter.com/ueS77GVgAj","['ombirlakota', 'bjp4rajasthan', 'loksabhasectt']",[],[],1,4,37,"['#kota', '#coronavirus', '#covid19', '#unlock1', '#lockdown5']",[],https://twitter.com/zeerajasthan_/status/1268163315127083008,False,,1,,,,,,,"[{'user_id': '1587915768', 'username': 'zeerajasthan_'}, {'user_id': '190351028', 'username': 'ombirlakota'}, {'user_id': '1320141312', 'username': 'BJP4Rajasthan'}, {'user_id': '1859564400', 'username': 'LokSabhaSectt'}]",,,,
1268161173683306497,1268161173683306497,1591188159000,2020-06-03,18:12:39,IST,2164575084,1stindianews,First India News Rajasthan,,"#Kota : थाना विज्ञान नगर में जीरो मोबिलिटी एरिया बढ़ाया

जिला कलेक्टर ओम कसेरा ने जारी किए आदेश, मकान नम्बर 3-डी-24 के पूर्व दिशा में मकान नम्बर 3-डी-25 से 3-डी-30 छत्रपुरा तालाब तक, मकान नम्बर 3-ई-20 से मकान नम्बर 3-ई-24 छत्रपुरा तालाब तक...

#CoronaVirus #Covid19 #Unlock1  pic.twitter.com/0uoSzunhHA",[],[],['https://pbs.twimg.com/media/EZlp29KX0Ac2jBt.jpg'],0,5,23,"['#kota', '#coronavirus', '#covid19', '#unlock1']",[],https://twitter.com/1stIndiaNews/status/1268161173683306497,False,,0,,,,,,,"[{'user_id': '2164575084', 'username': '1stIndiaNews'}]",,,,
1268159517080117248,1268159517080117248,1591187764000,2020-06-03,18:06:04,IST,2164575084,1stindianews,First India News Rajasthan,,"#Kota : थाना अनन्तपुरा के चिन्हित क्षेत्रों में लगाया कर्फ़्यू

न्यू चौथमाता मंदिर के पास बरडा बस्ती में पॉजिटिव के निवास को माना केन्द्र बिन्दु, मकान के चारों ओर 100 मीटर एरिया में लगाया कर्फ़्यू, जिला कलेक्टर ओम कसेरा ने जारी किए आदेश

#CoronaVirus #Covid19 #Unlock1 @KotaPolice",['kotapolice'],[],[],0,4,28,"['#kota', '#coronavirus', '#covid19', '#unlock1']",[],https://twitter.com/1stIndiaNews/status/1268159517080117248,False,,0,,,,,,,"[{'user_id': '2164575084', 'username': '1stIndiaNews'}, {'user_id': '823790393850359809', 'username': 'KotaPolice'}]",,,,
1268140702644518918,1268140702644518918,1591183279000,2020-06-03,16:51:19,IST,2164575084,1stindianews,First India News Rajasthan,,"#Kota : आज फिर 10 मरीज अस्पताल से डिस्चार्ज, अब तक 390 रोगी ठीक होकर हुए डिस्चार्ज, पॉजिटिव से नेगेटिव होने वाले मरीजों को किया जा रहा डिस्चार्ज 

#CoronaVirus #Covid19 #Unlock1 #Lockdown5",[],[],[],0,7,43,"['#kota', '#coronavirus', '#covid19', '#unlock1', '#lockdown5']",[],https://twitter.com/1stIndiaNews/status/1268140702644518918,False,,0,,,,,,,"[{'user_id': '2164575084', 'username': '1stIndiaNews'}]",,,,
1268051516528549891,1268051516528549891,1591162015000,2020-06-03,10:56:55,IST,133564034,bhawanisinghjpr,Bhawani Singh,,"#Rajasthan
#Covid  positive in last 12 hrs 102
Jaipur 28
Alwer 13
Baran 3
Bharatpur 18
Churu 1
Dholpur 1
Dungarpur 3
Jhalawar 10
Karauli 2
Kota 3
Nagaur 13
Rajsamand 3
Sirohi 2
Other state 2
Total positive 9475
Total death in state 203
#COVID19
#Unlock1",[],[],[],0,0,1,"['#rajasthan', '#covid', '#covid19', '#unlock1']",[],https://twitter.com/BhawaniSinghjpr/status/1268051516528549891,False,,0,,,,,,,"[{'user_id': '133564034', 'username': 'BhawaniSinghjpr'}]",,,,
1267844503500730368,1267844503500730368,1591112659000,2020-06-02,21:14:19,IST,1265534256748658688,jaysingh06,Jay Singh Choudhary,,"#IndiaFightsCorona #Unlock1

June 2nd, 10:30am #Rajasthan 33/33 #COVID19  Update

171new +ve & 2 Deaths reported
#Bharatpur 70
#Jaipur 34
#Dausa 4
#Jodhpur 12
#Churu 2
#Tonk 1
#Dholpur 1
#Jhunjhunu 4
#Jhalawar 23
#Alwar 10
#Kota 10
Cumulative +ve 9271
Active +ve 2803
Deaths 201",[],[],[],0,0,3,"['#indiafightscorona', '#unlock1', '#rajasthan', '#covid19', '#bharatpur', '#jaipur', '#dausa', '#jodhpur', '#churu', '#tonk', '#dholpur', '#jhunjhunu', '#jhalawar', '#alwar', '#kota']",[],https://twitter.com/JaySingh06/status/1267844503500730368,False,,0,,,,,,,"[{'user_id': '1265534256748658688', 'username': 'JaySingh06'}]",,,,
1267811657427718154,1267811657427718154,1591104828000,2020-06-02,19:03:48,IST,2164575084,1stindianews,First India News Rajasthan,,"#Kota : आज फिर 1 मरीज अस्पताल से डिस्चार्ज

मरीज को ठीक होने के बाद अस्पताल से छुट्टी, 380 रोगी ठीक होकर अस्पताल से हो चुके डिस्चार्ज, कोरोना पॉजिटिव से नेगेटिव होने वाले मरीजों को किया जा रहा डिस्चार्ज

#CoronaVirus #Covid19 #Unlock1 #Lockdown5",[],[],[],0,6,30,"['#kota', '#coronavirus', '#covid19', '#unlock1', '#lockdown5']",[],https://twitter.com/1stIndiaNews/status/1267811657427718154,False,,0,,,,,,,"[{'user_id': '2164575084', 'username': '1stIndiaNews'}]",,,,
1267795319527477248,1267795319527477248,1591100933000,2020-06-02,17:58:53,IST,2164575084,1stindianews,First India News Rajasthan,,"#Kota : शाम की रिपोर्ट में आए 3 नये पॉजिटिव

छत्रपुरा तालाब से 60 वर्षीय बुजुर्ग, बरडाबस्ती से 22 वर्षीय महिला, कोटड़ी क्षेत्र से 65 वर्षीय महिला आई पॉजिटिव, कोटा में 490 पर पहुंचा पॉजिटिव रोगियों का आंकड़ा 

#CoronaVirus #Covid19 #Unlock1 #Lockdown5",[],[],[],2,4,35,"['#kota', '#coronavirus', '#covid19', '#unlock1', '#lockdown5']",[],https://twitter.com/1stIndiaNews/status/1267795319527477248,False,,0,,,,,,,"[{'user_id': '2164575084', 'username': '1stIndiaNews'}]",,,,
1267786148732194816,1267786148732194816,1591098746000,2020-06-02,17:22:26,IST,2164575084,1stindianews,First India News Rajasthan,,"#Kota: लॉकडाउन तोड़कर कोटा में किसान करेंगे आंदोलन ! 

3 दिन का अल्टीमेटम देते हुए BJP देहात जिलाध्यक्ष मुकुट नागर ने दी चेतावनी, बिजली विभाग SE राजवीर सिंह यादव के रवैये से भड़के हुए हैं किसान...

#CoronaVirus #Covid19 #Unlock1 #Lockdown5 pic.twitter.com/74DvLEkG69",[],[],['https://pbs.twimg.com/media/EZgUUSwWkAQdx0B.jpg'],0,11,39,"['#kota', '#coronavirus', '#covid19', '#unlock1', '#lockdown5']",[],https://twitter.com/1stIndiaNews/status/1267786148732194816,False,,0,,,,,,,"[{'user_id': '2164575084', 'username': '1stIndiaNews'}]",,,,
1267703669946036226,1267703669946036226,1591079082000,2020-06-02,11:54:42,IST,133683366,pankaj_jain08,Pankaj💯 ➕,,"#IndiaFightsCorona #Unlock1

June 2nd, 10:30am #Rajasthan 33/33 #COVID19  Update

171new +ve & 2 Deaths reported
#Bharatpur 70
#Jaipur 34
#Dausa 4
#Jodhpur 12
#Churu 2
#Tonk 1
#Dholpur 1
#Jhunjhunu 4
#Jhalawar 23
#Alwar 10
#Kota 10
Cumulative +ve 9271
Active +ve 2803
Deaths 201  pic.twitter.com/xWJ3tLPziH",[],[],['https://pbs.twimg.com/media/EZfJwczVAAAFE_s.jpg'],0,0,3,"['#indiafightscorona', '#unlock1', '#rajasthan', '#covid19', '#bharatpur', '#jaipur', '#dausa', '#jodhpur', '#churu', '#tonk', '#dholpur', '#jhunjhunu', '#jhalawar', '#alwar', '#kota']",[],https://twitter.com/pankaj_jain08/status/1267703669946036226,False,,0,,,,,,,"[{'user_id': '133683366', 'username': 'pankaj_jain08'}]",,,,
1267700869505712128,1267700869505712128,1591078414000,2020-06-02,11:43:34,IST,852226879855763461,pwnkusharma,Pawan Sharma (Saraswat),,"#IndiaFightsCorona #Unlock1

June 2nd, 10:30am #Rajasthan 33/33 #COVID19  Update

171new +ve & 2 Deaths reported
#Bharatpur 70
#Jaipur 34
#Dausa 4
#Jodhpur 12
#Churu 2
#Tonk 1
#Dholpur 1
#Jhunjhunu 4
#Jhalawar 23
#Alwar 10
#Kota 10
Cumulative +ve 9271
Active +ve 2803
Deaths 201",[],[],[],1,1,2,"['#indiafightscorona', '#unlock1', '#rajasthan', '#covid19', '#bharatpur', '#jaipur', '#dausa', '#jodhpur', '#churu', '#tonk', '#dholpur', '#jhunjhunu', '#jhalawar', '#alwar', '#kota']",[],https://twitter.com/Pwnkusharma/status/1267700869505712128,False,,0,,,,,,,"[{'user_id': '852226879855763461', 'username': 'Pwnkusharma'}]",,,,
1267699599361241090,1267699599361241090,1591078111000,2020-06-02,11:38:31,IST,1049674796764524545,akshaygour0141,Akshay Kumar Gour (akki),,"#IndiaFightsCorona #Unlock1

June 2nd, 10:30am #Rajasthan 33/33 #COVID19  Update

171new +ve & 2 Deaths reported
#Bharatpur 70
#Jaipur 34
#Dausa 4
#Jodhpur 12
#Churu 2
#Tonk 1
#Dholpur 1
#Jhunjhunu 4
#Jhalawar 23
#Alwar 10
#Kota 10
Cumulative +ve 9271
Active +ve 2803
Deaths 201  pic.twitter.com/rGBCh5CKH2",[],[],"['https://pbs.twimg.com/media/EZfGDNNWsAAyqAU.jpg', 'https://pbs.twimg.com/media/EZfGD8oXgAAj3Ik.jpg']",1,0,2,"['#indiafightscorona', '#unlock1', '#rajasthan', '#covid19', '#bharatpur', '#jaipur', '#dausa', '#jodhpur', '#churu', '#tonk', '#dholpur', '#jhunjhunu', '#jhalawar', '#alwar', '#kota']",[],https://twitter.com/akshaygour0141/status/1267699599361241090,False,,0,,,,,,,"[{'user_id': '1049674796764524545', 'username': 'akshaygour0141'}]",,,,
1267690495993659392,1267690495993659392,1591075941000,2020-06-02,11:02:21,IST,2182715673,nandkishorekum5,Nand Kishore Kumawat,,"#IndiaFightsCorona #Unlock1

June 2nd, 10:30am #Rajasthan 33/33 #COVID19  Update

171new +ve & 2 Deaths reported
#Bharatpur 70
#Jaipur 34
#Dausa 4
#Jodhpur 12
#Churu 2
#Tonk 1
#Dholpur 1
#Jhunjhunu 4
#Jhalawar 23
#Alwar 10
#Kota 10
Cumulative +ve 9271
Active +ve 2803
Deaths 201  pic.twitter.com/dlwnvy7Kb7",[],[],['https://pbs.twimg.com/media/EZe9uz6XQAc5XMQ.jpg'],0,0,2,"['#indiafightscorona', '#unlock1', '#rajasthan', '#covid19', '#bharatpur', '#jaipur', '#dausa', '#jodhpur', '#churu', '#tonk', '#dholpur', '#jhunjhunu', '#jhalawar', '#alwar', '#kota']",[],https://twitter.com/NANDKISHOREKUM5/status/1267690495993659392,False,,0,,,,,,,"[{'user_id': '2182715673', 'username': 'NANDKISHOREKUM5'}]",,,,
1267690223967690755,1267690223967690755,1591075876000,2020-06-02,11:01:16,IST,280049922,ritendra4u,Ritendra Yadav,,"#IndiaFightsCorona #Unlock1

June 2nd, 10:30am #Rajasthan 33/33 #COVID19  Update

171new +ve & 2 Deaths reported
#Bharatpur 70
#Jaipur 34
#Dausa 4
#Jodhpur 12
#Churu 2
#Tonk 1
#Dholpur 1
#Jhunjhunu 4
#Jhalawar 23
#Alwar 10
#Kota 10
Cumulative +ve 9271
Active +ve 2803
Deaths 201  pic.twitter.com/80iHVVRAgE",[],[],['https://pbs.twimg.com/media/EZe9hoFVAAEna9u.jpg'],0,0,1,"['#indiafightscorona', '#unlock1', '#rajasthan', '#covid19', '#bharatpur', '#jaipur', '#dausa', '#jodhpur', '#churu', '#tonk', '#dholpur', '#jhunjhunu', '#jhalawar', '#alwar', '#kota']",[],https://twitter.com/ritendra4u/status/1267690223967690755,False,,0,,,,,,,"[{'user_id': '280049922', 'username': 'ritendra4u'}]",,,,
1267687898058559490,1267687898058559490,1591075322000,2020-06-02,10:52:02,IST,1006946806989635584,vikastak1436,Vikas Tak,,"#June 2nd, 10:30am #Rajasthan 33/33 #COVID19  Update

171new +ve & 2 Deaths reported
#Bharatpur 70
#Jaipur 34
#Dausa 4
#Jodhpur 12
#Churu 2
#Tonk 1
#Dholpur 1
#Jhunjhunu 4
#Jhalawar 23
#Alwar 10
#Kota 10
Cumulative +ve 9271
Active +ve 2803
Deaths 201 
#IndiaFightsCorona #Unlock1  pic.twitter.com/LbAuGqKXEr",[],[],"['https://pbs.twimg.com/media/EZe7Z60UEAE0oRi.jpg', 'https://pbs.twimg.com/media/EZe7as-VcAAspWk.jpg']",0,0,2,"['#june', '#rajasthan', '#covid19', '#bharatpur', '#jaipur', '#dausa', '#jodhpur', '#churu', '#tonk', '#dholpur', '#jhunjhunu', '#jhalawar', '#alwar', '#kota', '#indiafightscorona', '#unlock1']",[],https://twitter.com/Vikastak1436/status/1267687898058559490,False,,0,,,,,,,"[{'user_id': '1006946806989635584', 'username': 'Vikastak1436'}]",,,,
1267687504410337280,1267687504410337280,1591075228000,2020-06-02,10:50:28,IST,138727664,dineshkumawat,Dinesh Kumawat,,"#IndiaFightsCorona #Unlock1

June 2nd, 10:30am #Rajasthan 33/33 #COVID19  Update

171new +ve & 2 Deaths reported
#Bharatpur 70
#Jaipur 34
#Dausa 4
#Jodhpur 12
#Churu 2
#Tonk 1
#Dholpur 1
#Jhunjhunu 4
#Jhalawar 23
#Alwar 10
#Kota 10
Cumulative +ve 9271
Active +ve 2803
Deaths 201  pic.twitter.com/BEjZtAUoKW",[],[],"['https://pbs.twimg.com/media/EZe7DCNU4AIf8Kq.jpg', 'https://pbs.twimg.com/media/EZe7D8aVcAAgPeM.jpg']",4,5,16,"['#indiafightscorona', '#unlock1', '#rajasthan', '#covid19', '#bharatpur', '#jaipur', '#dausa', '#jodhpur', '#churu', '#tonk', '#dholpur', '#jhunjhunu', '#jhalawar', '#alwar', '#kota']",[],https://twitter.com/dineshkumawat/status/1267687504410337280,False,,0,,,,,,,"[{'user_id': '138727664', 'username': 'dineshkumawat'}]",,,,
1267521128936939520,1267521128936939520,1591035561000,2020-06-01,23:49:21,IST,2164575084,1stindianews,First India News Rajasthan,,"#Kota : 4 थाना इलाकों से हटाया कर्फ़्यू

विज्ञान नगर,अमन कॉलोनी,जवाहर नगर,महावीर नगर, उद्योग नगर थाना क्षेत्र से हटाया कर्फ़्यू, थाना क्षेत्र के अन्य इलाकों में जारी रहेगा कर्फ़्यू 

#CoronaVirus #Covid19 #Unlock1 #Lockdown5",[],[],[],6,4,37,"['#kota', '#coronavirus', '#covid19', '#unlock1', '#lockdown5']",[],https://twitter.com/1stIndiaNews/status/1267521128936939520,False,,0,,,,,,,"[{'user_id': '2164575084', 'username': '1stIndiaNews'}]",,,,
1267521058795671552,1267521058795671552,1591035544000,2020-06-01,23:49:04,IST,2164575084,1stindianews,First India News Rajasthan,,"#Kota : गुमानपुरा थाना क्षेत्र के दो और इलाकों में लगाया कर्फ़्यू

रउफ का मकान मोतिया बाई की गली छावनी के निवास को माना केन्द्र बिन्दु, मकान के चारों ओर के क्षेत्र और लियाकत के मकान से...

#CoronaVirus #Covid19 #Unlock1 #Lockdown5 pic.twitter.com/FZYWNspgZE",[],[],['https://pbs.twimg.com/media/EZcjqofX0AApamI.jpg'],6,3,21,"['#kota', '#coronavirus', '#covid19', '#unlock1', '#lockdown5']",[],https://twitter.com/1stIndiaNews/status/1267521058795671552,False,,0,,,,,,,"[{'user_id': '2164575084', 'username': '1stIndiaNews'}]",,,,
1267346986963013632,1267346986963013632,1590994042000,2020-06-01,12:17:22,IST,852226879855763461,pwnkusharma,Pawan Sharma (Saraswat),,"#IndiaFightsCorona
10:30am #Covid_19 #Rajasthan update

149 new +ve & 4 Deaths Reports
#Baran 27
#Bharatpur 44
#Dausa 2
#Jaipur 32
#Jhalawar 5
#Jhunjhunu 4
#Kota 10
#Pali 21
#Sirohi 3
#Tonk 1

Cumulative+ve 8980
Active+ve 2742
Deaths198
Migrants+ve 2543
#Lockdown5 #Unlock1",[],[],[],0,0,5,"['#indiafightscorona', '#covid_19', '#rajasthan', '#baran', '#bharatpur', '#dausa', '#jaipur', '#jhalawar', '#jhunjhunu', '#kota', '#pali', '#sirohi', '#tonk', '#lockdown5', '#unlock1']",[],https://twitter.com/Pwnkusharma/status/1267346986963013632,False,,0,,,,,,,"[{'user_id': '852226879855763461', 'username': 'Pwnkusharma'}]",,,,
1267346220395053057,1267346220395053057,1590993859000,2020-06-01,12:14:19,IST,1250295757606760450,asylumseeker00,COVID 19 India Updates,,"10:30am #Covid_19 #Rajasthan update

149 new +ve & 4 Deaths Reported
#Baran 27
#Bharatpur 44
#Dausa 2
#Jaipur 32
#Jhalawar 5
#Jhunjhunu 4
#Kota 10
#Pali 21
#Sirohi 3
#Tonk 1

Cumulative+ve 8980
Active+ve 2742
Deaths198
Migrants+ve 2543
#Lockdown5 #Unlock1  pic.twitter.com/QliigNBNQb",[],[],['https://pbs.twimg.com/media/EZaEp09VAAA-HIG.jpg'],2,0,2,"['#covid_19', '#rajasthan', '#baran', '#bharatpur', '#dausa', '#jaipur', '#jhalawar', '#jhunjhunu', '#kota', '#pali', '#sirohi', '#tonk', '#lockdown5', '#unlock1']",[],https://twitter.com/Asylumseeker00/status/1267346220395053057,False,,0,,,,,,,"[{'user_id': '1250295757606760450', 'username': 'Asylumseeker00'}]",,,,
1267332186883141638,1267332186883141638,1590990513000,2020-06-01,11:18:33,IST,1253355596222541825,thedesertxpress,The Desert Xpress,,"#IndiaFightsCorona
10:30am #Covid_19 #Rajasthan update

149 new +ve & 4 Deaths Reported
#Baran 27
#Bharatpur 44
#Dausa 2
#Jaipur 32
#Jhalawar 5
#Jhunjhunu 4
#Kota 10
#Pali 21
#Sirohi 3
#Tonk 1

Cumulative+ve 8980
Active+ve 2742
Deaths198
Migrants+ve 2543
#Lockdown5 #Unlock1  pic.twitter.com/JjicA12oHB",[],[],['https://pbs.twimg.com/media/EZZ34m0XQAAaW0_.jpg'],1,0,1,"['#indiafightscorona', '#covid_19', '#rajasthan', '#baran', '#bharatpur', '#dausa', '#jaipur', '#jhalawar', '#jhunjhunu', '#kota', '#pali', '#sirohi', '#tonk', '#lockdown5', '#unlock1']",[],https://twitter.com/TheDesertXpress/status/1267332186883141638,False,,0,,,,,,,"[{'user_id': '1253355596222541825', 'username': 'TheDesertXpress'}]",,,,
1267331251679170560,1267331251679170560,1590990290000,2020-06-01,11:14:50,IST,852226879855763461,pwnkusharma,Pawan Sharma (Saraswat),,"#IndiaFightsCorona
10:30am #Covid_19 #Rajasthan update

149 new +ve & 4 Deaths Reported
#Baran 27
#Bharatpur 44
#Dausa 2
#Jaipur 32
#Jhalawar 5
#Jhunjhunu 4
#Kota 10
#Pali 21
#Sirohi 3
#Tonk 1

Cumulative+ve 8980
Active+ve 2742
Deaths198
Migrants+ve 2543
#Lockdown5 #Unlock1",[],[],[],0,1,1,"['#indiafightscorona', '#covid_19', '#rajasthan', '#baran', '#bharatpur', '#dausa', '#jaipur', '#jhalawar', '#jhunjhunu', '#kota', '#pali', '#sirohi', '#tonk', '#lockdown5', '#unlock1']",[],https://twitter.com/Pwnkusharma/status/1267331251679170560,False,,0,,,,,,,"[{'user_id': '852226879855763461', 'username': 'Pwnkusharma'}]",,,,
1267330003454345217,1267330003454345217,1590989993000,2020-06-01,11:09:53,IST,280049922,ritendra4u,Ritendra Yadav,,"#IndiaFightsCorona
10:30am #Covid_19 #Rajasthan update

149 new +ve & 4 Deaths Reported
#Baran 27
#Bharatpur 44
#Dausa 2
#Jaipur 32
#Jhalawar 5
#Jhunjhunu 4
#Kota 10
#Pali 21
#Sirohi 3
#Tonk 1

Cumulative+ve 8980
Active+ve 2742
Deaths198
Migrants+ve 2543
#Lockdown5 #Unlock1  pic.twitter.com/xf7BnfHKzL",[],[],['https://pbs.twimg.com/media/EZZ159-UcAAKx9V.jpg'],1,0,0,"['#indiafightscorona', '#covid_19', '#rajasthan', '#baran', '#bharatpur', '#dausa', '#jaipur', '#jhalawar', '#jhunjhunu', '#kota', '#pali', '#sirohi', '#tonk', '#lockdown5', '#unlock1']",[],https://twitter.com/ritendra4u/status/1267330003454345217,False,,0,,,,,,,"[{'user_id': '280049922', 'username': 'ritendra4u'}]",,,,
1267329418160214016,1267329418160214016,1590989853000,2020-06-01,11:07:33,IST,2182715673,nandkishorekum5,Nand Kishore Kumawat,,"#IndiaFightsCorona
10:30am #Covid_19 #Rajasthan update

149 new +ve & 4 Deaths Reported
#Baran 27
#Bharatpur 44
#Dausa 2
#Jaipur 32
#Jhalawar 5
#Jhunjhunu 4
#Kota 10
#Pali 21
#Sirohi 3
#Tonk 1

Cumulative+ve 8980
Active+ve 2742
Deaths198
Migrants+ve 2543
#Lockdown5 #Unlock1  pic.twitter.com/PCxDtKCIRv",[],[],['https://pbs.twimg.com/media/EZZ1XCeXkAYODHX.jpg'],1,0,0,"['#indiafightscorona', '#covid_19', '#rajasthan', '#baran', '#bharatpur', '#dausa', '#jaipur', '#jhalawar', '#jhunjhunu', '#kota', '#pali', '#sirohi', '#tonk', '#lockdown5', '#unlock1']",[],https://twitter.com/NANDKISHOREKUM5/status/1267329418160214016,False,,0,,,,,,,"[{'user_id': '2182715673', 'username': 'NANDKISHOREKUM5'}]",,,,
1267329086688550912,1267329086688550912,1590989774000,2020-06-01,11:06:14,IST,1229126400520511488,newsrj21,RJ21 News,,"#IndiaFightsCorona
10:30am #Covid_19 #Rajasthan update

149 new +ve & 4 Deaths Reported
#Baran 27
#Bharatpur 44
#Dausa 2
#Jaipur 32
#Jhalawar 5
#Jhunjhunu 4
#Kota 10
#Pali 21
#Sirohi 3
#Tonk 1

Cumulative+ve 8980
Active+ve 2742
Deaths198
Migrants+ve 2543
#Lockdown5 #Unlock1  pic.twitter.com/oLnuofCWMJ",[],[],['https://pbs.twimg.com/media/EZZ1E4sWoAAbnie.jpg'],1,0,4,"['#indiafightscorona', '#covid_19', '#rajasthan', '#baran', '#bharatpur', '#dausa', '#jaipur', '#jhalawar', '#jhunjhunu', '#kota', '#pali', '#sirohi', '#tonk', '#lockdown5', '#unlock1']",[],https://twitter.com/NewsRJ21/status/1267329086688550912,False,,0,,,,,,,"[{'user_id': '1229126400520511488', 'username': 'NewsRJ21'}]",,,,
1267328968484503552,1267328968484503552,1590989746000,2020-06-01,11:05:46,IST,1006946806989635584,vikastak1436,Vikas Tak,,"#IndiaFightsCorona
10:30am #Covid_19 #Rajasthan update

149 new +ve & 4 Deaths Reported
#Baran 27
#Bharatpur 44
#Dausa 2
#Jaipur 32
#Jhalawar 5
#Jhunjhunu 4
#Kota 10
#Pali 21
#Sirohi 3
#Tonk 1

Cumulative+ve 8980
Active+ve 2742
Deaths198
Migrants+ve 2543
#Lockdown5 #Unlock1  pic.twitter.com/nordA2FWUH",[],[],['https://pbs.twimg.com/media/EZZ0-I4VAAAuKEq.jpg'],1,0,0,"['#indiafightscorona', '#covid_19', '#rajasthan', '#baran', '#bharatpur', '#dausa', '#jaipur', '#jhalawar', '#jhunjhunu', '#kota', '#pali', '#sirohi', '#tonk', '#lockdown5', '#unlock1']",[],https://twitter.com/Vikastak1436/status/1267328968484503552,False,,0,,,,,,,"[{'user_id': '1006946806989635584', 'username': 'Vikastak1436'}]",,,,
1267328296557084672,1267328296557084672,1590989586000,2020-06-01,11:03:06,IST,138727664,dineshkumawat,Dinesh Kumawat,,"#IndiaFightsCorona
10:30am #Covid_19 #Rajasthan update

149 new +ve & 4 Deaths Reported
#Baran 27
#Bharatpur 44
#Dausa 2
#Jaipur 32
#Jhalawar 5
#Jhunjhunu 4
#Kota 10
#Pali 21
#Sirohi 3
#Tonk 1

Cumulative+ve 8980
Active+ve 2742
Deaths198
Migrants+ve 2543
#Lockdown5 #Unlock1  pic.twitter.com/GBlnG7m1kY",[],[],['https://pbs.twimg.com/media/EZZ0W0jUwAIupp-.jpg'],6,7,26,"['#indiafightscorona', '#covid_19', '#rajasthan', '#baran', '#bharatpur', '#dausa', '#jaipur', '#jhalawar', '#jhunjhunu', '#kota', '#pali', '#sirohi', '#tonk', '#lockdown5', '#unlock1']",[],https://twitter.com/dineshkumawat/status/1267328296557084672,False,,0,,,,,,,"[{'user_id': '138727664', 'username': 'dineshkumawat'}]",,,,
1267112032454807553,1267112032454807553,1590938024000,2020-05-31,20:43:44,IST,1657620379,rpbreakingnews,rpbreakingnews,,"ईएमआई जमा करने के लिए बैंक तीन माह और दबाव नहीं बना पाएंगे
#Kota #Unlock1 #Lockdown5 https://www.patrika.com/kota-news/corona-virus-6151681/?utm_source=Facebook&utm_medium=Social&utm_campaign=PatrikaRP …",[],['https://www.patrika.com/kota-news/corona-virus-6151681/?utm_source=Facebook&utm_medium=Social&utm_campaign=PatrikaRP'],[],2,2,37,"['#kota', '#unlock1', '#lockdown5']",[],https://twitter.com/rpbreakingnews/status/1267112032454807553,False,,0,,,,,,,"[{'user_id': '1657620379', 'username': 'rpbreakingnews'}]",,,,
1267029851959001089,1267029851959001089,1590918431000,2020-05-31,15:17:11,IST,2989790052,a1tvrajasthan,A1TV,,"#Kota : आज 13 कोरोना पॉजिटिव मिले 

कोटा में दोपहर तक 7 और कोरोना पॉजिटिव मिले, तलवंडी, महावीर नगर, प्रेम नगर, बरडा बस्ती में 1-1 कोरोना पॉजिटिव मिले, छत्रपुरा तालाब के पास मिले तीन कोरोना पॉजिटिव,कोटा में अब तक कोरोना पॉजिटिव की संख्या हुई 465 #A1TVNews #CoronaPandemic #Unlock1",[],[],[],0,0,4,"['#kota', '#a1tvnews', '#coronapandemic', '#unlock1']",[],https://twitter.com/A1TVrajasthan/status/1267029851959001089,False,,0,,,,,,,"[{'user_id': '2989790052', 'username': 'A1TVrajasthan'}]",,,,
