id,conversation_id,created_at,date,time,timezone,user_id,username,name,place,tweet,mentions,urls,photos,replies_count,retweets_count,likes_count,hashtags,cashtags,link,retweet,quote_url,video,near,geo,source,user_rt_id,user_rt,retweet_id,reply_to,retweet_date,translate,trans_src,trans_dest
1273300994747625474,1273300994747625474,1592413588000,2020-06-17,22:36:28,IST,249596404,coffeeculturein,Coffee Culture,,"Swipe Karo Aur Jano CC Unlock 1.0 ! 

🖐 Things To Try ! Experience It to believe it 🤝

Now Open : Surat : Sargam & Adajan, Silvassa, Vapi, Valsad, NH8, Anand, Udaipur, Bhilwara, Bhavnagar 

#unlock1.0 #ccrocks…  https://www.instagram.com/p/CBi0GlqBlKR/?igshid=3sypprau0fu2 …",[],['https://www.instagram.com/p/CBi0GlqBlKR/?igshid=3sypprau0fu2'],[],0,0,0,"['#unlock1', '#ccrocks']",[],https://twitter.com/coffeeculturein/status/1273300994747625474,False,,0,,,,,,,"[{'user_id': '249596404', 'username': 'coffeeculturein'}]",,,,
1272511884344819712,1272511884344819712,1592225450000,2020-06-15,18:20:50,IST,2164575084,1stindianews,First India News Rajasthan,,"#Bhilwara : मिल मजदूरों का प्रदर्शन

श्रम विभाग कार्यालय पर किया प्रदर्शन, लॉक डाउन के दौरान भुगतान नहीं देने का उठाया मामला, मिल मालिकों पर कार्रवाई की मांग

#CoronaPandemic #Unlock1 #Lockdown5",[],[],[],0,2,21,"['#bhilwara', '#coronapandemic', '#unlock1', '#lockdown5']",[],https://twitter.com/1stIndiaNews/status/1272511884344819712,False,,0,,,,,,,"[{'user_id': '2164575084', 'username': '1stIndiaNews'}]",,,,
1270600014826536962,1270600014826536962,1591769624000,2020-06-10,11:43:44,IST,821974852567371778,joyinderpura,DEVENDRA INDERPURA,,"#Shocking : Sand Mafia's tractor crushes SDM's driver in #Rajasthan's #Bhilwara.
Tractor filled with illegal mined sand (Bajri) rolls over driver Kuldeep Sharma in #Jahazpur. 
With #Unlock1, the highly disturbed law and order of the state resumes again.
 https://www.newindianexpress.com/nation/2020/jun/10/tractor-with-illegally-mined-sand-runs-over-sdms-driver-2154644.html …",[],['https://www.newindianexpress.com/nation/2020/jun/10/tractor-with-illegally-mined-sand-runs-over-sdms-driver-2154644.html'],[],1,0,4,"['#shocking', '#rajasthan', '#bhilwara', '#jahazpur', '#unlock1']",[],https://twitter.com/joyinderpura/status/1270600014826536962,False,,0,,,,,,,"[{'user_id': '821974852567371778', 'username': 'joyinderpura'}]",,,,
1269580811512295430,1269580811512295430,1591526627000,2020-06-07,16:13:47,IST,2164575084,1stindianews,First India News Rajasthan,,"#Bhilwara #सहाड़ा: गंगापुर में एक ही परिवार के 3 व्यक्ति निकले कोरोना संक्रमित, तीनों का 6 जून को सैंपल लेकर कर रखा था होम क्वॉरंटीन, तीनों को महात्मा गांधी अस्पताल में कराया गया भर्ती

#CoronaVirus #Covid19 #Unlock1 #Lockdown5",[],[],[],0,3,44,"['#bhilwara', '#सहाड़ा', '#coronavirus', '#covid19', '#unlock1', '#lockdown5']",[],https://twitter.com/1stIndiaNews/status/1269580811512295430,False,,0,,,,,,,"[{'user_id': '2164575084', 'username': '1stIndiaNews'}]",,,,
1269578497095319556,1269578497095319556,1591526075000,2020-06-07,16:04:35,IST,2164575084,1stindianews,First India News Rajasthan,,"#Bhilwara : कोरोना वायरस को लेकर अपडेट

भीलवाड़ा में 4 और कोरोना वायरस पॉजिटिव मिले, दो मासूम भी हैं कोरोना पॉजिटिव में शामिल, अब तक 170 कोरोना पॉजिटिव हो चुके भीलवाड़ा में

#CoronaVirus #Covid19 #Unlock1 #Lockdown5",[],[],[],0,5,45,"['#bhilwara', '#coronavirus', '#covid19', '#unlock1', '#lockdown5']",[],https://twitter.com/1stIndiaNews/status/1269578497095319556,False,,0,,,,,,,"[{'user_id': '2164575084', 'username': '1stIndiaNews'}]",,,,
1269194935191945216,1269194935191945216,1591434627000,2020-06-06,14:40:27,IST,2164575084,1stindianews,First India News Rajasthan,,"#Bhilwara : कोरोना को लेकर अपडेट

16 पॉजिटिव मरीजों की लगातार तीसरी जांच रिपोर्ट आई नेगेटिव, रिपोर्ट नेगेटिव आने के बाद सभी 16 रोगियों को किया जाएगा डिस्चार्ज, कोविड-19 प्रज्ञा भवन से होंगे डिस्चार्ज 

#CoronaVirus #Covid19 #Unlock1 #Lockdown5",[],[],[],1,4,51,"['#bhilwara', '#coronavirus', '#covid19', '#unlock1', '#lockdown5']",[],https://twitter.com/1stIndiaNews/status/1269194935191945216,False,,0,,,,,,,"[{'user_id': '2164575084', 'username': '1stIndiaNews'}]",,,,
1268513986628202496,1268513986628202496,1591272276000,2020-06-04,17:34:36,IST,1645356829,samacharnagar,Samachar Nagar Media House,,"#Bhilwara : कोरोना को लेकर अपडेट

भीलवाड़ा में 3 कोरोना संक्रमित मिले नये, 1 आसीन्द के पाटन अस्पताल में है भर्ती, 2 करेड़ा क्षेत्र के बताए जा रहे रोगी, RRT प्रभारी व डिप्टी CMHO डॉ.घनश्याम चावला ने की पुष्टि

#CoronaVirus #Covid19 #Unlock1 #Lockdown5",[],[],[],0,0,1,"['#bhilwara', '#coronavirus', '#covid19', '#unlock1', '#lockdown5']",[],https://twitter.com/samacharnagar/status/1268513986628202496,False,,0,,,,,,,"[{'user_id': '1645356829', 'username': 'samacharnagar'}]",,,,
1268513691697201153,1268513691697201153,1591272206000,2020-06-04,17:33:26,IST,2164575084,1stindianews,First India News Rajasthan,,"#Bhilwara : कोरोना को लेकर अपडेट

भीलवाड़ा में 3 कोरोना संक्रमित मिले नये, 1 आसीन्द के पाटन अस्पताल में है भर्ती, 2 करेड़ा क्षेत्र के बताए जा रहे रोगी, RRT प्रभारी व डिप्टी CMHO डॉ.घनश्याम चावला ने की पुष्टि

#CoronaVirus #Covid19 #Unlock1 #Lockdown5",[],[],[],0,3,27,"['#bhilwara', '#coronavirus', '#covid19', '#unlock1', '#lockdown5']",[],https://twitter.com/1stIndiaNews/status/1268513691697201153,False,,0,,,,,,,"[{'user_id': '2164575084', 'username': '1stIndiaNews'}]",,,,
1268476449318514689,1268476449318514689,1591263327000,2020-06-04,15:05:27,IST,2164575084,1stindianews,First India News Rajasthan,,"#Bhilwara : कोरोना को लेकर अपडेट

तेजी से स्वस्थ हो रहे कोरोना पॉजिटिव, आज 5 रोगियों की तीसरी जांच रिपोर्ट आई नेगेटिव, 5 मरीजों को किया जाएगा डिस्चार्ज, 4 बजे महाप्रज्ञ भवन संक्रमण से मरीजों को भेजा जाएगा घर

#CoronaVirus #Covid19 #Unlock1 #Lockdown5",[],[],[],0,1,33,"['#bhilwara', '#coronavirus', '#covid19', '#unlock1', '#lockdown5']",[],https://twitter.com/1stIndiaNews/status/1268476449318514689,False,,0,,,,,,,"[{'user_id': '2164575084', 'username': '1stIndiaNews'}]",,,,
1268144093940645888,1268144093940645888,1591184087000,2020-06-03,17:04:47,IST,2164575084,1stindianews,First India News Rajasthan,,"#Bhilwara : शाम को शहर में 1 पॉजिटिव और आया सामने, गुलमंडी क्षेत्र का रहने वाला है रोगी, RRT टीम प्रभारी डॉ.घनश्याम चावला ने की पुष्टि

#CoronaVirus #Covid19 #Unlock1 #Lockdown5",[],[],[],0,4,27,"['#bhilwara', '#coronavirus', '#covid19', '#unlock1', '#lockdown5']",[],https://twitter.com/1stIndiaNews/status/1268144093940645888,False,,0,,,,,,,"[{'user_id': '2164575084', 'username': '1stIndiaNews'}]",,,,
1267862448557690882,1267862448557690882,1591116938000,2020-06-02,22:25:38,IST,2164575084,1stindianews,First India News Rajasthan,,"#Bhilwara : खाकी-खादी में खींचतान का असर 

कोटड़ी में आखिर जागा माइनिंग विभाग, माइनिंग विभाग ने गारनेट प्लांट पर मारा छापा, 330 टन अवैध गारनेट किया जब्त, 12 सेपरेटर मशीन ली कब्जे में... 

#CoronaVirus #Covid19 #Unlock1 #Lockdown5 pic.twitter.com/SgeWtEkmev",[],[],['https://pbs.twimg.com/media/EZhaC47WsAQNpRp.jpg'],0,3,23,"['#bhilwara', '#coronavirus', '#covid19', '#unlock1', '#lockdown5']",[],https://twitter.com/1stIndiaNews/status/1267862448557690882,False,,0,,,,,,,"[{'user_id': '2164575084', 'username': '1stIndiaNews'}]",,,,
1267840799955251201,1267840799955251201,1591111776000,2020-06-02,20:59:36,IST,1587915768,zeerajasthan_,ZEE Rajasthan,,"#Jaipur | भीलवाड़ा मॉडल की सफलता के बाद रामगंज मॉडल सफल

#coronavirusindia #Unlock1 #CoronaLockdown #RajasthanWithZee #AatmanirbharBharat
#Bhilwara @Zee1Ashutosh @RaghusharmaINC pic.twitter.com/tlxNi5L3jY","['zee1ashutosh', 'raghusharmainc']",[],[],1,8,47,"['#jaipur', '#coronavirusindia', '#unlock1', '#coronalockdown', '#rajasthanwithzee', '#aatmanirbharbharat', '#bhilwara']",[],https://twitter.com/zeerajasthan_/status/1267840799955251201,False,,1,,,,,,,"[{'user_id': '1587915768', 'username': 'zeerajasthan_'}, {'user_id': '302746048', 'username': 'Zee1Ashutosh'}, {'user_id': '517767805', 'username': 'RaghusharmaINC'}]",,,,
1267774036681072640,1267774036681072640,1591095859000,2020-06-02,16:34:19,IST,1262012277068378114,danielkhushi1,Khushi Daniel,,"#Bhilwara : मौत के 14 घंटे बाद आई जांच रिपोर्ट

7 नए कोरोना पॉजिटिव मिले, नीमच निवासी महिला की कल हो गई थी मौत, भीलवाड़ा में पॉजिटिव बढ़कर हुए 156

#CoronaVirus #Covid19 #Unlock1 #Lockdown5",[],[],[],0,0,1,"['#bhilwara', '#coronavirus', '#covid19', '#unlock1', '#lockdown5']",[],https://twitter.com/DanielKhushi1/status/1267774036681072640,False,,0,,,,,,,"[{'user_id': '1262012277068378114', 'username': 'DanielKhushi1'}]",,,,
1267773326845509633,1267773326845509633,1591095689000,2020-06-02,16:31:29,IST,1228613919259758593,tejjalexpressn,Tejjal Express News,,"#Bhilwara : मौत के 14 घंटे बाद आई जांच रिपोर्ट

7 नए कोरोना पॉजिटिव मिले, नीमच निवासी महिला की कल हो गई थी मौत, भीलवाड़ा में पॉजिटिव बढ़कर हुए 156

#CoronaVirus #Covid19 #Unlock1 #Lockdown5",[],[],[],0,0,0,"['#bhilwara', '#coronavirus', '#covid19', '#unlock1', '#lockdown5']",[],https://twitter.com/TejjalExpressN/status/1267773326845509633,False,,0,,,,,,,"[{'user_id': '1228613919259758593', 'username': 'TejjalExpressN'}]",,,,
1267773090131566592,1267773090131566592,1591095633000,2020-06-02,16:30:33,IST,2164575084,1stindianews,First India News Rajasthan,,"#Bhilwara : मौत के 14 घंटे बाद आई जांच रिपोर्ट

7 नए कोरोना पॉजिटिव मिले, नीमच निवासी महिला की कल हो गई थी मौत, भीलवाड़ा में पॉजिटिव बढ़कर हुए 156

#CoronaVirus #Covid19 #Unlock1 #Lockdown5",[],[],[],0,5,45,"['#bhilwara', '#coronavirus', '#covid19', '#unlock1', '#lockdown5']",[],https://twitter.com/1stIndiaNews/status/1267773090131566592,False,,0,,,,,,,"[{'user_id': '2164575084', 'username': '1stIndiaNews'}]",,,,
1267759536431128577,1267759536431128577,1591092401000,2020-06-02,15:36:41,IST,2164575084,1stindianews,First India News Rajasthan,,"#Bhilwara : महात्मा गांधी चिकित्सालय का ऑपरेशन थियेटर को किया सीज, कोरोना पॉजिटिव महिला का किया गया था ऑपरेशन, डॉक्टर्स सहित 35 नर्सिंगकर्मी को किया होम क्वॉरंटीन

#CoronaVirus #Covid19 #Unlock1 #Lockdown5",[],[],[],0,4,41,"['#bhilwara', '#coronavirus', '#covid19', '#unlock1', '#lockdown5']",[],https://twitter.com/1stIndiaNews/status/1267759536431128577,False,,0,,,,,,,"[{'user_id': '2164575084', 'username': '1stIndiaNews'}]",,,,
