id,conversation_id,created_at,date,time,timezone,user_id,username,name,place,tweet,mentions,urls,photos,replies_count,retweets_count,likes_count,hashtags,cashtags,link,retweet,quote_url,video,near,geo,source,user_rt_id,user_rt,retweet_id,reply_to,retweet_date,translate,trans_src,trans_dest
1271845962357420032,1271845962357420032,1592066681000,2020-06-13,22:14:41,IST,1657620379,rpbreakingnews,rpbreakingnews,,"लॉकडाउन खुला तो अपराधी हुए अनलॉक, जानें क्यों हुआ अपराध में इजाफा
#Unlock1 #sikar
 https://www.patrika.com/sikar-news/lockdown-opened-criminals-unlocked-know-why-crime-increased-6190880/?utm_source=Facebook&utm_medium=Social&utm_campaign=PatrikaRP …",[],['https://www.patrika.com/sikar-news/lockdown-opened-criminals-unlocked-know-why-crime-increased-6190880/?utm_source=Facebook&utm_medium=Social&utm_campaign=PatrikaRP'],[],1,1,31,"['#unlock1', '#sikar']",[],https://twitter.com/rpbreakingnews/status/1271845962357420032,False,,0,,,,,,,"[{'user_id': '1657620379', 'username': 'rpbreakingnews'}]",,,,
1269836574885400576,1269836574885400576,1591587606000,2020-06-08,09:10:06,IST,1176331802425774080,bmtrendsandtalk,Bharat Mishra😎,,"जब Corona के Case इतने बढ़ रहे हे तो Lockdown को हटा देना सही Decision है??
#Unlock1 #Lockdown5 #unlock1point0 #Lockdownextention #lockdown
@PMOIndia @ashokgehlot51
@zeerajasthan_ @RajGovOfficial
@PatrikaNews #sikar #Rajasthan
👇👇👇👇
 https://youtu.be/cllgc7Zgywk  pic.twitter.com/3mOKiAkPgn","['pmoindia', 'ashokgehlot51', 'zeerajasthan_', 'rajgovofficial', 'patrikanews']",['https://youtu.be/cllgc7Zgywk'],['https://pbs.twimg.com/media/EZ9dm-5U4AIBGzt.jpg'],0,0,2,"['#unlock1', '#lockdown5', '#unlock1point0', '#lockdownextention', '#lockdown', '#sikar', '#rajasthan']",[],https://twitter.com/bmtrendsandtalk/status/1269836574885400576,False,,0,,,,,,,"[{'user_id': '1176331802425774080', 'username': 'bmtrendsandtalk'}, {'user_id': '471741741', 'username': 'PMOIndia'}, {'user_id': '385926583', 'username': 'ashokgehlot51'}, {'user_id': '1587915768', 'username': 'zeerajasthan_'}, {'user_id': '786151699996041218', 'username': 'RajGovOfficial'}, {'user_id': '55193817', 'username': 'PatrikaNews'}]",,,,
1269655161770635264,1269655161770635264,1591544354000,2020-06-07,21:09:14,IST,1006946806989635584,vikastak1436,Vikas Tak,,"#Rajasthan #COVID19 7 #June 8:30pm update

262 new +ve & 9 reported

81 #Jodhpur
63 #Bharatpur
38 #Jaipur
11 #Sikar

Cumulative+ve 10599
#Active +ve 2605
#Deaths 240
#Migrants +ve 3040
#Cured 7754
#Discharged 7390

#IndiaFightsCorona #StayHomeStaySafe
#StayHome #Unlock1  pic.twitter.com/d5uRL1VkXX",[],[],['https://pbs.twimg.com/media/EZ64oHIU4AAGOoX.jpg'],1,0,0,"['#rajasthan', '#covid19', '#june', '#jodhpur', '#bharatpur', '#jaipur', '#sikar', '#active', '#deaths', '#migrants', '#cured', '#discharged', '#indiafightscorona', '#stayhomestaysafe', '#stayhome', '#unlock1']",[],https://twitter.com/Vikastak1436/status/1269655161770635264,False,,0,,,,,,,"[{'user_id': '1006946806989635584', 'username': 'Vikastak1436'}]",,,,
1269619005762854913,1269619005762854913,1591535734000,2020-06-07,18:45:34,IST,1262596091725246464,inc_dhara,Dhara Singh Gurjar,,"#Sikar : जिले में आज पाए गए 11 कोरोना पॉजिटिव केस

जिले में कोरोना पॉजिटिव केसों की संख्या हुई 284, चिकित्सा विभाग कोरोना रोकथाम के कर रहा हरसंभव प्रयास, CMHO डॉ.अजय चौधरी ने दी जानकारी, जिला बना कोरोना का हॉटस्पॉट

#CoronaVirus #Covid19 #Unlock1 #Lockdown5",[],[],[],0,0,2,"['#sikar', '#coronavirus', '#covid19', '#unlock1', '#lockdown5']",[],https://twitter.com/inc_dhara/status/1269619005762854913,False,,0,,,,,,,"[{'user_id': '1262596091725246464', 'username': 'inc_dhara'}]",,,,
1269618768805875712,1269618768805875712,1591535677000,2020-06-07,18:44:37,IST,2164575084,1stindianews,First India News Rajasthan,,"#Sikar : जिले में आज पाए गए 11 कोरोना पॉजिटिव केस

जिले में कोरोना पॉजिटिव केसों की संख्या हुई 284, चिकित्सा विभाग कोरोना रोकथाम के कर रहा हरसंभव प्रयास, CMHO डॉ.अजय चौधरी ने दी जानकारी, जिला बना कोरोना का हॉटस्पॉट

#CoronaVirus #Covid19 #Unlock1 #Lockdown5",[],[],[],2,8,93,"['#sikar', '#coronavirus', '#covid19', '#unlock1', '#lockdown5']",[],https://twitter.com/1stIndiaNews/status/1269618768805875712,False,,0,,,,,,,"[{'user_id': '2164575084', 'username': '1stIndiaNews'}]",,,,
1269584479196270593,1269584479196270593,1591527502000,2020-06-07,16:28:22,IST,2164575084,1stindianews,First India News Rajasthan,,"#Sikar : नीमकाथाना ब्लॉक में मिले 4 कोरोना पॉजिटिव

चारों महिलाएं निकली कोरोना पॉजिटिव, गुहाला में तीन और काचरेड़ा में एक महिला निकली पॉजिटिव, स्वास्थ्य विभाग हुआ अलर्ट

#CoronaVirus #Covid19 #Unlock1 #Lockdown5",[],[],[],1,5,57,"['#sikar', '#coronavirus', '#covid19', '#unlock1', '#lockdown5']",[],https://twitter.com/1stIndiaNews/status/1269584479196270593,False,,0,,,,,,,"[{'user_id': '2164575084', 'username': '1stIndiaNews'}]",,,,
1269562244238643200,1269562244238643200,1591522201000,2020-06-07,15:00:01,IST,2164575084,1stindianews,First India News Rajasthan,,"#Sikar : धोद में एक ही परिवार के 5 लोग कोरोना संक्रमित 

29 मई को पंजाब से धोद पहुंचे थे सभी लोग, कोरोना संक्रमित फौजी के संपर्क में आने से हुए पॉजिटिव, 5 जून को फौजी की जांच रिपोर्ट आई थी कोरोना पॉजिटिव

#CoronaVirus #Covid19 #Unlock1 #Lockdown5",[],[],[],2,3,28,"['#sikar', '#coronavirus', '#covid19', '#unlock1', '#lockdown5']",[],https://twitter.com/1stIndiaNews/status/1269562244238643200,False,,0,,,,,,,"[{'user_id': '2164575084', 'username': '1stIndiaNews'}]",,,,
1269319286335602689,1269319286335602689,1591464275000,2020-06-06,22:54:35,IST,2164575084,1stindianews,First India News Rajasthan,,"#Sikar : जिले में आज पाए गए 13 कोरोना पॉजिटिव मरीज 

जिले में कोरोना पॉजिटिव लोगों की संख्या हुई 273, चिकित्सा विभाग कोरोना की रोकथाम के हरसंभव कर रहा प्रयास, मुख्य चिकित्सा एवं स्वास्थ्य अधिकारी डॉ. अजय चौधरी ने दी जानकारी

#CoronaVirus #Covid19 #Unlock1 #Lockdown5",[],[],[],0,7,58,"['#sikar', '#coronavirus', '#covid19', '#unlock1', '#lockdown5']",[],https://twitter.com/1stIndiaNews/status/1269319286335602689,False,,0,,,,,,,"[{'user_id': '2164575084', 'username': '1stIndiaNews'}]",,,,
1269256058230489095,1269256058230489095,1591449200000,2020-06-06,18:43:20,IST,2164575084,1stindianews,First India News Rajasthan,,"#Sikar : लक्ष्मणगढ़ क्षेत्र में एक और मिला कोरोना पॉजिटिव

दिल्ली से रहनावा गांव में आया व्यक्ति मिला संक्रमित, 1 जून को दिल्ली से आया था व्यक्ति, सैंपल लेने के बाद आज आई रिपोर्ट पॉजिटिव

#CoronaVirus #Covid19 #Unlock1 #Lockdown5",[],[],[],1,5,31,"['#sikar', '#coronavirus', '#covid19', '#unlock1', '#lockdown5']",[],https://twitter.com/1stIndiaNews/status/1269256058230489095,False,,0,,,,,,,"[{'user_id': '2164575084', 'username': '1stIndiaNews'}]",,,,
1269207484268523521,1269207484268523521,1591437619000,2020-06-06,15:30:19,IST,2164575084,1stindianews,First India News Rajasthan,,"#Sikar : जिले में आज पाए गए 6 कोरोना पॉजिटिव व्यक्ति

जिले में कोरोना पॉजिटिव व्यक्तियों की संख्या हुई 266, चिकित्सा विभाग कोरोना की रोकथाम के हरसंभव कर रहा प्रयास, CMHO डॉ.अजय चौधरी ने दी जानकारी, जिला बना कोरोना का हॉट स्पॉट

#CoronaVirus #Covid19 #Unlock1 #Lockdown5 pic.twitter.com/U3bWX9TbML",[],[],['https://pbs.twimg.com/media/EZ0hdT_XYAAF8fD.png'],0,5,26,"['#sikar', '#coronavirus', '#covid19', '#unlock1', '#lockdown5']",[],https://twitter.com/1stIndiaNews/status/1269207484268523521,False,,0,,,,,,,"[{'user_id': '2164575084', 'username': '1stIndiaNews'}]",,,,
1268912370644066306,1268912370644066306,1591367259000,2020-06-05,19:57:39,IST,2164575084,1stindianews,First India News Rajasthan,,"#Sikar : जिले में बढ़ता जा रहा कोरोना का कहर 

जिले में आज पाए गए 17 कोरोना पॉजिटिव, जिले में कोरोना पॉजिटिवों की संख्या हुई-260, कोरोना पॉजिटिव की संख्या बढ़ने से चिकित्सा विभाग में मचा हड़कंप...

#CoronaVirus #Covid19 #Unlock1 #Lockdown5 pic.twitter.com/UgBp7yOf5g",[],[],['https://pbs.twimg.com/media/EZwVEg9XgAMDH3u.jpg'],0,4,33,"['#sikar', '#coronavirus', '#covid19', '#unlock1', '#lockdown5']",[],https://twitter.com/1stIndiaNews/status/1268912370644066306,False,,0,,,,,,,"[{'user_id': '2164575084', 'username': '1stIndiaNews'}]",,,,
1268888166821478405,1268888166821478405,1591361488000,2020-06-05,18:21:28,IST,2164575084,1stindianews,First India News Rajasthan,,"#Sikar : श्री श्याम मंदिर कमेटी के खिलाफ खाटूश्यामजी थाने में मामला दर्ज

आपदा प्रबंधन अधिनियम-2005 व राजस्थान महामारी अध्यादेश 2020 की, विभिन्न धाराओं के तहत हुआ मामला दर्ज, निर्जला एकादशी के दिन दर्शन कराने का मामला...

#CoronaVirus #Unlock1 #Lockdown5 @SikarPolice pic.twitter.com/kf688lzQMb",['sikarpolice'],[],['https://pbs.twimg.com/media/EZv_AXfWkAIaf6V.jpg'],0,4,23,"['#sikar', '#coronavirus', '#unlock1', '#lockdown5']",[],https://twitter.com/1stIndiaNews/status/1268888166821478405,False,,0,,,,,,,"[{'user_id': '2164575084', 'username': '1stIndiaNews'}, {'user_id': '879633893090971648', 'username': 'SikarPolice'}]",,,,
1268527102707425280,1268527102707425280,1591275404000,2020-06-04,18:26:44,IST,2164575084,1stindianews,First India News Rajasthan,,"#Sikar : दांतारामगढ़ ब्लॉक में कोरोना का बढ़ता ग्राफ

आज की जांच रिपोर्ट में 1 और आया कोरोना पॉजिटिव, कल 30 लोगों के आरआर टीम ने लिए थे सैंपल, 29 लोगों की रिपोर्ट आई नेगेटिव 1 मिला कोरोना पॉजिटिव...

#CoronaVirus #Covid19 #Unlock1 #Lockdown5 pic.twitter.com/JkSlwuEci9",[],[],['https://pbs.twimg.com/media/EZq2qBTXYAI2kL_.jpg'],0,5,23,"['#sikar', '#coronavirus', '#covid19', '#unlock1', '#lockdown5']",[],https://twitter.com/1stIndiaNews/status/1268527102707425280,False,,0,,,,,,,"[{'user_id': '2164575084', 'username': '1stIndiaNews'}]",,,,
1268222589849214978,1268222589849214978,1591202802000,2020-06-03,22:16:42,IST,2164575084,1stindianews,First India News Rajasthan,,"#Sikar : जिले में बढ़ता जा रहा कोरोना का कहर 

जिले में आज पाए गए 7 कोरोना पॉजिटिव व्यक्ति, जिले में कोरोना पॉजिटिव व्यक्तियों की संख्या हुई-231, कोरोना पॉजिटिव की बढ़ी संख्या, 4 फतेहपुर...

#CoronaVirus #Covid19 #Unlock1 #Lockdown5 pic.twitter.com/AfaHDOGYtc",[],[],['https://pbs.twimg.com/media/EZmhtWJXkAAWbwk.jpg'],0,4,20,"['#sikar', '#coronavirus', '#covid19', '#unlock1', '#lockdown5']",[],https://twitter.com/1stIndiaNews/status/1268222589849214978,False,,0,,,,,,,"[{'user_id': '2164575084', 'username': '1stIndiaNews'}]",,,,
1268010002356330497,1268010002356330497,1591152117000,2020-06-03,08:11:57,IST,1228613919259758593,tejjalexpressn,Tejjal Express News,,"#Sikar : आज और आई 4 नई कोरोना पॉजिटिव रिपोर्ट 

चारों मरीज रेवदर उपखण्ड क्षेत्र के निवासी, जिले में लगातार बढ़ते जा रहे कोरोना पॉजिटिव मरीज, 4 नए मरीजों के साथ 176 पर पहुंचा कोरोना पॉजिटिव का आंकड़ा 

#CoronaVirus #Covid19 #Unlock1 #Lockdown5",[],[],[],0,0,0,"['#sikar', '#coronavirus', '#covid19', '#unlock1', '#lockdown5']",[],https://twitter.com/TejjalExpressN/status/1268010002356330497,False,,0,,,,,,,"[{'user_id': '1228613919259758593', 'username': 'TejjalExpressN'}]",,,,
1267844049727361030,1267844049727361030,1591112551000,2020-06-02,21:12:31,IST,2164575084,1stindianews,First India News Rajasthan,,"#Sikar : आज और आई 4 नई कोरोना पॉजिटिव रिपोर्ट 

चारों मरीज रेवदर उपखण्ड क्षेत्र के निवासी, जिले में लगातार बढ़ते जा रहे कोरोना पॉजिटिव मरीज, 4 नए मरीजों के साथ 176 पर पहुंचा कोरोना पॉजिटिव का आंकड़ा 

#CoronaVirus #Covid19 #Unlock1 #Lockdown5",[],[],[],3,3,30,"['#sikar', '#coronavirus', '#covid19', '#unlock1', '#lockdown5']",[],https://twitter.com/1stIndiaNews/status/1267844049727361030,False,,0,,,,,,,"[{'user_id': '2164575084', 'username': '1stIndiaNews'}]",,,,
1267776513056923655,1267776513056923655,1591096449000,2020-06-02,16:44:09,IST,2989790052,a1tvrajasthan,A1TV,,"#Sikar #दांतारामगढ़ : घर में सो रहे बुजुर्ग दंपति की हत्या

बुजुर्ग दंपति की धारदार हथियार से हत्या, पुलिस ने दोनों के शवों को रखवाया मोर्चरी में, आरोपियों का अभी तक नहीं लगा सुराग, पुलिस कर रही मामले की जांच #A1TVNews #CoronaPandemic #Lockdown5 #Unlock1 @SikarPolice",['sikarpolice'],[],[],0,0,1,"['#sikar', '#दांतारामगढ़', '#a1tvnews', '#coronapandemic', '#lockdown5', '#unlock1']",[],https://twitter.com/A1TVrajasthan/status/1267776513056923655,False,,0,,,,,,,"[{'user_id': '2989790052', 'username': 'A1TVrajasthan'}, {'user_id': '879633893090971648', 'username': 'SikarPolice'}]",,,,
