id,conversation_id,created_at,date,time,timezone,user_id,username,name,place,tweet,mentions,urls,photos,replies_count,retweets_count,likes_count,hashtags,cashtags,link,retweet,quote_url,video,near,geo,source,user_rt_id,user_rt,retweet_id,reply_to,retweet_date,translate,trans_src,trans_dest
1276082095840833536,1276082095840833536,1593076654000,2020-06-25,14:47:34,IST,2164575084,1stindianews,First India News Rajasthan,,"#Pali में पेट्रोल पहुंचा 90 रुपये लीटर

मीटर में 90 रुपये लीटर देख उड़ लोगों के होश,अनलॉक-1 के बाद लगातार बढ़ रहे तेल के दाम,पेट्रोल दाम बढ़ने से आमजन की खत्म होने लगी बचत
#Unlock1 #PetrolPrice",[],[],[],4,33,287,"['#pali', '#unlock1', '#petrolprice']",[],https://twitter.com/1stIndiaNews/status/1276082095840833536,False,,0,,,,,,,"[{'user_id': '2164575084', 'username': '1stIndiaNews'}]",,,,
1274008821502029830,1274008821502029830,1592582347000,2020-06-19,21:29:07,IST,1259548280255418369,marwaditales,marwadi.tales,,"Unlock Marwadis, unlock business 
#Unlock1 #MarwadiTales #marwad #Rajasthan #rajasthani #marwar #mewar #Jodhpur #Pali #Barmer #Jalore #Sirohi #Jaipur #udaipur #bikaner #Jaisalmer #Kota #Mumbai #Bombay #Delhi #Pune #Bangalore #Chennai #rajasthandiaries @MarwadiTales pic.twitter.com/H1P9FCrU3z",['marwaditales'],[],['https://pbs.twimg.com/media/Ea4wROIXsAAF71V.jpg'],0,2,3,"['#unlock1', '#marwaditales', '#marwad', '#rajasthan', '#rajasthani', '#marwar', '#mewar', '#jodhpur', '#pali', '#barmer', '#jalore', '#sirohi', '#jaipur', '#udaipur', '#bikaner', '#jaisalmer', '#kota', '#mumbai', '#bombay', '#delhi', '#pune', '#bangalore', '#chennai', '#rajasthandiaries']",[],https://twitter.com/MarwadiTales/status/1274008821502029830,False,,0,,,,,,,"[{'user_id': '1259548280255418369', 'username': 'MarwadiTales'}]",,,,
1270014979027070976,1270014979027070976,1591630141000,2020-06-08,20:59:01,IST,2182715673,nandkishorekum5,Nand Kishore Kumawat,,"#Rajasthan #Covid_19  8:30pm update

277new +ve & 6 Deaths reported
67 #Alwar
60 #Bharatpur
36 #Jodhpur
34 #Jaipur
12 #Kota
11 #Pali
10 #Sirohi

Cumulative+ve10876
Active+ve 2513
Deaths 246
Migrants+ve 3125
Cured 8117
Discharged 7714

#Unlock1 #StayHomeStaySafe
Detailed chart 👇 pic.twitter.com/RWd7AUsdDJ",[],[],"['https://pbs.twimg.com/media/EZ__0S6XQAA7TDk.jpg', 'https://pbs.twimg.com/media/EZ__2p7WoAUQwTF.jpg']",0,0,3,"['#rajasthan', '#covid_19', '#alwar', '#bharatpur', '#jodhpur', '#jaipur', '#kota', '#pali', '#sirohi', '#unlock1', '#stayhomestaysafe']",[],https://twitter.com/NANDKISHOREKUM5/status/1270014979027070976,False,,0,,,,,,,"[{'user_id': '2182715673', 'username': 'NANDKISHOREKUM5'}]",,,,
1270012775125876736,1270012775125876736,1591629615000,2020-06-08,20:50:15,IST,1227857000475742208,indiacovid,Jodhpur Corona Updates,,"#Rajasthan #Covid_19  8:30pm update

277new +ve & 6 Deaths reported
67 #Alwar
60 #Bharatpur
36 #Jodhpur
34 #Jaipur
12 #Kota
11 #Pali
10 #Sirohi

Cumulative+ve10876
Active+ve 2513
Deaths 246
Migrants+ve 3125
Cured 8117
Discharged 7714

#Unlock1 #StayHomeStaySafe
Detailed chart 👇 pic.twitter.com/EBnRHPRA6E",[],[],['https://pbs.twimg.com/media/EZ_9nxuXQAEmjJD.jpg'],1,2,10,"['#rajasthan', '#covid_19', '#alwar', '#bharatpur', '#jodhpur', '#jaipur', '#kota', '#pali', '#sirohi', '#unlock1', '#stayhomestaysafe']",[],https://twitter.com/indiacovid/status/1270012775125876736,False,,0,,,,,,,"[{'user_id': '1227857000475742208', 'username': 'indiacovid'}]",,,,
1270011974282211328,1270011974282211328,1591629425000,2020-06-08,20:47:05,IST,1049674796764524545,akshaygour0141,Akshay Kumar Gour (akki),,"#Rajasthan #Covid_19  8:30pm update

277new +ve & 6 Deaths reported
67 #Alwar
60 #Bharatpur
36 #Jodhpur
34 #Jaipur
12 #Kota
11 #Pali
10 #Sirohi

Cumulative+ve10876
Active+ve 2513
Deaths 246
Migrants+ve 3125
Cured 8117
Discharged 7714

#Unlock1 #StayHomeStaySafe
Detailed chart 👇 pic.twitter.com/q79G7rMeez",[],[],"['https://pbs.twimg.com/media/EZ_9I_1XQAEBDAE.jpg', 'https://pbs.twimg.com/media/EZ_9J0JWAAEf2hS.jpg']",0,0,2,"['#rajasthan', '#covid_19', '#alwar', '#bharatpur', '#jodhpur', '#jaipur', '#kota', '#pali', '#sirohi', '#unlock1', '#stayhomestaysafe']",[],https://twitter.com/akshaygour0141/status/1270011974282211328,False,,0,,,,,,,"[{'user_id': '1049674796764524545', 'username': 'akshaygour0141'}]",,,,
1270011382700732416,1270011382700732416,1591629283000,2020-06-08,20:44:43,IST,707513296,mttvhimanshu,Himanshu Mathur,,"#Rajasthan #Covid_19  8:30pm update

277new +ve & 6 Deaths reported
67 #Alwar
60 #Bharatpur
36 #Jodhpur
34 #Jaipur
12 #Kota
11 #Pali
10 #Sirohi

Cumulative+ve10876
Active+ve 2513
Deaths 246
Migrants+ve 3125
Cured 8117
Discharged 7714
#Unlock1 #StayHomeStaySafe
Detailed chart 👇 pic.twitter.com/CraSw0AfCB",[],[],['https://pbs.twimg.com/media/EZ_8m02U8AYZpDX.jpg'],0,0,3,"['#rajasthan', '#covid_19', '#alwar', '#bharatpur', '#jodhpur', '#jaipur', '#kota', '#pali', '#sirohi', '#unlock1', '#stayhomestaysafe']",[],https://twitter.com/mttvhimanshu/status/1270011382700732416,False,,0,,,,,,,"[{'user_id': '707513296', 'username': 'mttvhimanshu'}]",,,,
1270011354145976321,1270011354145976321,1591629277000,2020-06-08,20:44:37,IST,1265534256748658688,jaysingh06,Jay Singh Choudhary,,"#Rajasthan #Covid_19  8:30pm update

277new +ve & 6 Deaths reported
67 #Alwar
60 #Bharatpur
36 #Jodhpur
34 #Jaipur
12 #Kota
11 #Pali
10 #Sirohi

Cumulative+ve10876
Active+ve 2513
Deaths 246
Migrants+ve 3125
Cured 8117
Discharged 7714

#Unlock1 #StayHomeStaySafe
Detailed chart pic.twitter.com/ogasKXTTWU",[],[],['https://pbs.twimg.com/media/EZ_8lZqXgAAlBib.jpg'],0,0,5,"['#rajasthan', '#covid_19', '#alwar', '#bharatpur', '#jodhpur', '#jaipur', '#kota', '#pali', '#sirohi', '#unlock1', '#stayhomestaysafe']",[],https://twitter.com/JaySingh06/status/1270011354145976321,False,,0,,,,,,,"[{'user_id': '1265534256748658688', 'username': 'JaySingh06'}]",,,,
1270011012381474823,1270011012381474823,1591629195000,2020-06-08,20:43:15,IST,133683366,pankaj_jain08,Pankaj💯 ➕,,"#Rajasthan #Covid_19  8:30pm update

277new +ve & 6 Deaths reported
67 #Alwar
60 #Bharatpur
36 #Jodhpur
34 #Jaipur
12 #Kota
11 #Pali
10 #Sirohi

Cumulative+ve10876
Active+ve 2513
Deaths 246
Migrants+ve 3125
Cured 8117
Discharged 7714

#Unlock1 #StayHomeStaySafe
Detailed chart 👇 pic.twitter.com/KVpb0UDH3o",[],[],"['https://pbs.twimg.com/media/EZ_8QfeVcAMe-zB.jpg', 'https://pbs.twimg.com/media/EZ_8RuvUEAEbMfP.jpg']",0,0,2,"['#rajasthan', '#covid_19', '#alwar', '#bharatpur', '#jodhpur', '#jaipur', '#kota', '#pali', '#sirohi', '#unlock1', '#stayhomestaysafe']",[],https://twitter.com/pankaj_jain08/status/1270011012381474823,False,,0,,,,,,,"[{'user_id': '133683366', 'username': 'pankaj_jain08'}]",,,,
1270010678099742720,1270010678099742720,1591629115000,2020-06-08,20:41:55,IST,1006946806989635584,vikastak1436,Vikas Tak,,"#Rajasthan #Covid_19 8 #June 8:30pm update

277new +ve & 6 Deaths reported
67 #Alwar
60 #Bharatpur
36 #Jodhpur
34 #Jaipur
12 #Kota
11 #Pali
10 #Sirohi

Cumulative+ve10876
Active+ve 2513
Deaths 246
Migrants+ve 3125
Cured 8117
Discharged 7714

#Unlock1 #StayHomeStaySafe pic.twitter.com/dVqpMUDOOs",[],[],['https://pbs.twimg.com/media/EZ_796WU0AgDG5C.jpg'],0,0,1,"['#rajasthan', '#covid_19', '#june', '#alwar', '#bharatpur', '#jodhpur', '#jaipur', '#kota', '#pali', '#sirohi', '#unlock1', '#stayhomestaysafe']",[],https://twitter.com/Vikastak1436/status/1270010678099742720,False,,0,,,,,,,"[{'user_id': '1006946806989635584', 'username': 'Vikastak1436'}]",,,,
1270009908675698688,1270009908675698688,1591628932000,2020-06-08,20:38:52,IST,138727664,dineshkumawat,Dinesh Kumawat,,"#Rajasthan #Covid_19  8:30pm update

277new +ve & 6 Deaths reported
67 #Alwar
60 #Bharatpur
36 #Jodhpur
34 #Jaipur
12 #Kota
11 #Pali
10 #Sirohi

Cumulative+ve10876
Active+ve 2513
Deaths 246
Migrants+ve 3125
Cured 8117
Discharged 7714

#Unlock1 #StayHomeStaySafe
Detailed chart 👇 pic.twitter.com/e0StXm2RWO",[],[],"['https://pbs.twimg.com/media/EZ_7QOuVcAAQcbY.jpg', 'https://pbs.twimg.com/media/EZ_7RaAU0AAHJek.jpg']",9,3,27,"['#rajasthan', '#covid_19', '#alwar', '#bharatpur', '#jodhpur', '#jaipur', '#kota', '#pali', '#sirohi', '#unlock1', '#stayhomestaysafe']",[],https://twitter.com/dineshkumawat/status/1270009908675698688,False,,0,,,,,,,"[{'user_id': '138727664', 'username': 'dineshkumawat'}]",,,,
1269874508057452548,1269874508057452548,1591596650000,2020-06-08,11:40:50,IST,1253355596222541825,thedesertxpress,The Desert Xpress,,"#Rajasthan #Covid_19 10:30am update
#Unlock1

97 new Positive & 1 Death reported
#Alwar 58
#Sirohi 3
#Bharatpur 4
#Kota 12
#Jhalawar 2
#Jaipur 4
#Dungarpur 6
#Banswara 3
#Bundi 2
#Baran 1
#Pali 2
Cumulative+ve10696
Active +ve 2641
Deaths 241
Migrants+ve 3095
Detailed report👇  pic.twitter.com/yrVaN22OZX",[],[],['https://pbs.twimg.com/media/EZ9_7xXWkAAQa22.jpg'],0,0,2,"['#rajasthan', '#covid_19', '#unlock1', '#alwar', '#sirohi', '#bharatpur', '#kota', '#jhalawar', '#jaipur', '#dungarpur', '#banswara', '#bundi', '#baran', '#pali']",[],https://twitter.com/TheDesertXpress/status/1269874508057452548,False,,0,,,,,,,"[{'user_id': '1253355596222541825', 'username': 'TheDesertXpress'}]",,,,
1269873980200103936,1269873980200103936,1591596524000,2020-06-08,11:38:44,IST,1049674796764524545,akshaygour0141,Akshay Kumar Gour (akki),,"#Rajasthan #Covid_19 10:30am update
#Unlock1

97 new Positive & 1 Death reported
#Alwar 58
#Sirohi 3
#Bharatpur 4
#Kota 12
#Jhalawar 2
#Jaipur 4
#Dungarpur 6
#Banswara 3
#Bundi 2
#Baran 1
#Pali 2
Cumulative+ve10696
Active +ve 2641
Deaths 241
Migrants+ve 3095
Detailed report👇  pic.twitter.com/enhx7u2azJ",[],[],['https://pbs.twimg.com/media/EZ9_pYRWAAI5hFU.jpg'],0,0,0,"['#rajasthan', '#covid_19', '#unlock1', '#alwar', '#sirohi', '#bharatpur', '#kota', '#jhalawar', '#jaipur', '#dungarpur', '#banswara', '#bundi', '#baran', '#pali']",[],https://twitter.com/akshaygour0141/status/1269873980200103936,False,,0,,,,,,,"[{'user_id': '1049674796764524545', 'username': 'akshaygour0141'}]",,,,
1269873735252635652,1269873735252635652,1591596466000,2020-06-08,11:37:46,IST,1006946806989635584,vikastak1436,Vikas Tak,,"#Rajasthan #Covid_19 8 #June 10:30am update
#Unlock1

97 new Positive & 1 Death reported
#Alwar 58
#Sirohi 3
#Bharatpur 4
#Kota 12
#Jhalawar 2
#Jaipur 4
#Dungarpur 6
#Banswara 3
#Bundi 2
#Baran 1
#Pali 2
Cumulative+ve10696
Active +ve 2641
Deaths 241
Migrants+ve 3095
#StayHome pic.twitter.com/KV91VrC1PU",[],[],['https://pbs.twimg.com/media/EZ9_az6UcAEbRfB.jpg'],0,0,0,"['#rajasthan', '#covid_19', '#june', '#unlock1', '#alwar', '#sirohi', '#bharatpur', '#kota', '#jhalawar', '#jaipur', '#dungarpur', '#banswara', '#bundi', '#baran', '#pali', '#stayhome']",[],https://twitter.com/Vikastak1436/status/1269873735252635652,False,,0,,,,,,,"[{'user_id': '1006946806989635584', 'username': 'Vikastak1436'}]",,,,
1269873261673721856,1269873261673721856,1591596353000,2020-06-08,11:35:53,IST,863774890083614722,ronakt999,ronak__trivedi,,"#Rajasthan #Covid_19 10:30am update
#Unlock1

97 new Positive & 1 Death reported
#Alwar 58
#Sirohi 3
#Bharatpur 4
#Kota 12
#Jhalawar 2
#Jaipur 4
#Dungarpur 6
#Banswara 3
#Bundi 2
#Baran 1
#Pali 2
Cumulative+ve10696
Active +ve 2641
Deaths 241
Migrants+ve 3095",[],[],[],0,0,0,"['#rajasthan', '#covid_19', '#unlock1', '#alwar', '#sirohi', '#bharatpur', '#kota', '#jhalawar', '#jaipur', '#dungarpur', '#banswara', '#bundi', '#baran', '#pali']",[],https://twitter.com/ronakt999/status/1269873261673721856,False,,0,,,,,,,"[{'user_id': '863774890083614722', 'username': 'ronakt999'}]",,,,
1269872770902605825,1269872770902605825,1591596236000,2020-06-08,11:33:56,IST,1227857000475742208,indiacovid,Jodhpur Corona Updates,,"#Rajasthan #Covid_19 10:30am update
#Unlock1

97 new Positive & 1 Death reported
#Alwar 58
#Sirohi 3
#Bharatpur 4
#Kota 12
#Jhalawar 2
#Jaipur 4
#Dungarpur 6
#Banswara 3
#Bundi 2
#Baran 1
#Pali 2
Cumulative+ve10696
Active +ve 2641
Deaths 241
Migrants+ve 3095
Detailed report👇  pic.twitter.com/jd1L8tNNJ3",[],[],['https://pbs.twimg.com/media/EZ9-iv2XkAEyUXj.jpg'],0,2,4,"['#rajasthan', '#covid_19', '#unlock1', '#alwar', '#sirohi', '#bharatpur', '#kota', '#jhalawar', '#jaipur', '#dungarpur', '#banswara', '#bundi', '#baran', '#pali']",[],https://twitter.com/indiacovid/status/1269872770902605825,False,,0,,,,,,,"[{'user_id': '1227857000475742208', 'username': 'indiacovid'}]",,,,
1269871584090734592,1269871584090734592,1591595953000,2020-06-08,11:29:13,IST,2182715673,nandkishorekum5,Nand Kishore Kumawat,,"#Rajasthan #Covid_19 10:30am update
#Unlock1

97 new Positive & 1 Death reported
#Alwar 58
#Sirohi 3
#Bharatpur 4
#Kota 12
#Jhalawar 2
#Jaipur 4
#Dungarpur 6
#Banswara 3
#Bundi 2
#Baran 1
#Pali 2
Cumulative+ve10696
Active +ve 2641
Deaths 241
Migrants+ve 3095
Detailed report👇  pic.twitter.com/5yEIRFRsLg",[],[],['https://pbs.twimg.com/media/EZ99c1BX0AAxKhi.jpg'],0,0,2,"['#rajasthan', '#covid_19', '#unlock1', '#alwar', '#sirohi', '#bharatpur', '#kota', '#jhalawar', '#jaipur', '#dungarpur', '#banswara', '#bundi', '#baran', '#pali']",[],https://twitter.com/NANDKISHOREKUM5/status/1269871584090734592,False,,0,,,,,,,"[{'user_id': '2182715673', 'username': 'NANDKISHOREKUM5'}]",,,,
1269871412669448192,1269871412669448192,1591595912000,2020-06-08,11:28:32,IST,138727664,dineshkumawat,Dinesh Kumawat,,"#Rajasthan #Covid_19 10:30am update
#Unlock1

97 new Positive & 1 Death reported
#Alwar 58
#Sirohi 3
#Bharatpur 4
#Kota 12
#Jhalawar 2
#Jaipur 4
#Dungarpur 6
#Banswara 3
#Bundi 2
#Baran 1
#Pali 2
Cumulative+ve10696
Active +ve 2641
Deaths 241
Migrants+ve 3095
Detailed report👇  pic.twitter.com/Rq38Ar6tQj",[],[],"['https://pbs.twimg.com/media/EZ99TerUwAIP20W.jpg', 'https://pbs.twimg.com/media/EZ99UWuU4AAS35M.jpg']",2,4,18,"['#rajasthan', '#covid_19', '#unlock1', '#alwar', '#sirohi', '#bharatpur', '#kota', '#jhalawar', '#jaipur', '#dungarpur', '#banswara', '#bundi', '#baran', '#pali']",[],https://twitter.com/dineshkumawat/status/1269871412669448192,False,,0,,,,,,,"[{'user_id': '138727664', 'username': 'dineshkumawat'}]",,,,
1268853772966596608,1268853772966596608,1591353288000,2020-06-05,16:04:48,IST,2164575084,1stindianews,First India News Rajasthan,,"#Pali : देसूरी क्षेत्र में कोराना का कहर

1 महिला सहित 4 पॉजिटिव मरीज मिले, 2 देसूरी में,1 घाणेराव,1 मादा गांव में मिले कोरोना पॉजिटिव, देसूरी ब्लॉक चिकित्सा अधिकारी राजेश राठौड़ ने दी जानकारी

#CoronaVirus #Covid19 #Unlock1 #Lockdown5",[],[],[],0,3,27,"['#pali', '#coronavirus', '#covid19', '#unlock1', '#lockdown5']",[],https://twitter.com/1stIndiaNews/status/1268853772966596608,False,,0,,,,,,,"[{'user_id': '2164575084', 'username': '1stIndiaNews'}]",,,,
1268547981508255750,1268547981508255750,1591280381000,2020-06-04,19:49:41,IST,2164575084,1stindianews,First India News Rajasthan,,"#Pali : देसूरी में कोराना को लेकर राहत की खबर

क्षेत्र के 9 कोरोना पॉजिटिव की रिपीट जांच रिपोर्ट आई नेगेटिव, कोरोना मरीजों की नेगेटिव रिपोर्ट आने पर भेजा घर, ब्लॉक चिकित्सा अधिकारी राजेश राठौड़ ने दी जानकारी

#CoronaVirus #Covid19 #Unlock1 #Lockdown5",[],[],[],0,3,39,"['#pali', '#coronavirus', '#covid19', '#unlock1', '#lockdown5']",[],https://twitter.com/1stIndiaNews/status/1268547981508255750,False,,0,,,,,,,"[{'user_id': '2164575084', 'username': '1stIndiaNews'}]",,,,
1268154522813300738,1268154522813300738,1591186574000,2020-06-03,17:46:14,IST,2164575084,1stindianews,First India News Rajasthan,,"#Pali : बिलों का भुगतान स्थगित, अब 3 महीने का बिल एक साथ आएगा, इस महीने नहीं आएगा पानी का बिल

#CoronaVirus #Covid19 #Unlock1 #Lockdown5",[],[],[],1,7,88,"['#pali', '#coronavirus', '#covid19', '#unlock1', '#lockdown5']",[],https://twitter.com/1stIndiaNews/status/1268154522813300738,False,,0,,,,,,,"[{'user_id': '2164575084', 'username': '1stIndiaNews'}]",,,,
1268143138566279173,1268143138566279173,1591183859000,2020-06-03,17:00:59,IST,2164575084,1stindianews,First India News Rajasthan,,"#Pali : देसूरी क्षेत्र में कोरोना का कहर 

आज देसूरी क्षेत्र के 5 पॉजिटिव मरीज मिले, 1 मादा,1 नाड़ोल, 3 बागोल में मिले कोरोना पॉजिटिव, BCMHO राजेश राठौड़ ने दी जानकारी

#CoronaVirus #Covid19 #Unlock1 #Lockdown5",[],[],[],1,4,28,"['#pali', '#coronavirus', '#covid19', '#unlock1', '#lockdown5']",[],https://twitter.com/1stIndiaNews/status/1268143138566279173,False,,0,,,,,,,"[{'user_id': '2164575084', 'username': '1stIndiaNews'}]",,,,
1268130952393502721,1268130952393502721,1591180954000,2020-06-03,16:12:34,IST,1657620379,rpbreakingnews,rpbreakingnews,,"दो सौ मीटर दायरे की दुकानें करवाई बंद, व्यापारी भडक़े
#Pali #Unlock1 #Lockdown5 https://www.patrika.com/pali-news/market-closed-in-takhatgarh-town-of-pali-district-6159494/ …",[],['https://www.patrika.com/pali-news/market-closed-in-takhatgarh-town-of-pali-district-6159494/'],[],0,1,14,"['#pali', '#unlock1', '#lockdown5']",[],https://twitter.com/rpbreakingnews/status/1268130952393502721,False,,0,,,,,,,"[{'user_id': '1657620379', 'username': 'rpbreakingnews'}]",,,,
1267363916390322177,1267363916390322177,1590998078000,2020-06-01,13:24:38,IST,2989790052,a1tvrajasthan,A1TV,,"#Pali #रायपुर : क्षेत्र में आज 4 नए कोरोना पॉजिटिव मिले

बर कस्बे में 3 और दीपावास गांव में 1 कोरोना पॉजिटिव मिला, मुम्बई से लौटे थे सभी कोरोना पॉजिटिव

#A1TVNews #A1TVVideo #CoronaPandemic #Lockdown4 #Lockdown5 #Unlock1 @RajCMO pic.twitter.com/4nXPdc4N5a",['rajcmo'],[],['https://pbs.twimg.com/media/EZaUwZBXgAA7Nr8.png'],0,0,1,"['#pali', '#रायपुर', '#a1tvnews', '#a1tvvideo', '#coronapandemic', '#lockdown4', '#lockdown5', '#unlock1']",[],https://twitter.com/A1TVrajasthan/status/1267363916390322177,False,,0,,,,,,,"[{'user_id': '2989790052', 'username': 'A1TVrajasthan'}, {'user_id': '786161824622194688', 'username': 'RajCMO'}]",,,,
1267346986963013632,1267346986963013632,1590994042000,2020-06-01,12:17:22,IST,852226879855763461,pwnkusharma,Pawan Sharma (Saraswat),,"#IndiaFightsCorona
10:30am #Covid_19 #Rajasthan update

149 new +ve & 4 Deaths Reports
#Baran 27
#Bharatpur 44
#Dausa 2
#Jaipur 32
#Jhalawar 5
#Jhunjhunu 4
#Kota 10
#Pali 21
#Sirohi 3
#Tonk 1

Cumulative+ve 8980
Active+ve 2742
Deaths198
Migrants+ve 2543
#Lockdown5 #Unlock1",[],[],[],0,0,5,"['#indiafightscorona', '#covid_19', '#rajasthan', '#baran', '#bharatpur', '#dausa', '#jaipur', '#jhalawar', '#jhunjhunu', '#kota', '#pali', '#sirohi', '#tonk', '#lockdown5', '#unlock1']",[],https://twitter.com/Pwnkusharma/status/1267346986963013632,False,,0,,,,,,,"[{'user_id': '852226879855763461', 'username': 'Pwnkusharma'}]",,,,
1267346220395053057,1267346220395053057,1590993859000,2020-06-01,12:14:19,IST,1250295757606760450,asylumseeker00,COVID 19 India Updates,,"10:30am #Covid_19 #Rajasthan update

149 new +ve & 4 Deaths Reported
#Baran 27
#Bharatpur 44
#Dausa 2
#Jaipur 32
#Jhalawar 5
#Jhunjhunu 4
#Kota 10
#Pali 21
#Sirohi 3
#Tonk 1

Cumulative+ve 8980
Active+ve 2742
Deaths198
Migrants+ve 2543
#Lockdown5 #Unlock1  pic.twitter.com/QliigNBNQb",[],[],['https://pbs.twimg.com/media/EZaEp09VAAA-HIG.jpg'],2,0,2,"['#covid_19', '#rajasthan', '#baran', '#bharatpur', '#dausa', '#jaipur', '#jhalawar', '#jhunjhunu', '#kota', '#pali', '#sirohi', '#tonk', '#lockdown5', '#unlock1']",[],https://twitter.com/Asylumseeker00/status/1267346220395053057,False,,0,,,,,,,"[{'user_id': '1250295757606760450', 'username': 'Asylumseeker00'}]",,,,
1267332186883141638,1267332186883141638,1590990513000,2020-06-01,11:18:33,IST,1253355596222541825,thedesertxpress,The Desert Xpress,,"#IndiaFightsCorona
10:30am #Covid_19 #Rajasthan update

149 new +ve & 4 Deaths Reported
#Baran 27
#Bharatpur 44
#Dausa 2
#Jaipur 32
#Jhalawar 5
#Jhunjhunu 4
#Kota 10
#Pali 21
#Sirohi 3
#Tonk 1

Cumulative+ve 8980
Active+ve 2742
Deaths198
Migrants+ve 2543
#Lockdown5 #Unlock1  pic.twitter.com/JjicA12oHB",[],[],['https://pbs.twimg.com/media/EZZ34m0XQAAaW0_.jpg'],1,0,1,"['#indiafightscorona', '#covid_19', '#rajasthan', '#baran', '#bharatpur', '#dausa', '#jaipur', '#jhalawar', '#jhunjhunu', '#kota', '#pali', '#sirohi', '#tonk', '#lockdown5', '#unlock1']",[],https://twitter.com/TheDesertXpress/status/1267332186883141638,False,,0,,,,,,,"[{'user_id': '1253355596222541825', 'username': 'TheDesertXpress'}]",,,,
1267331251679170560,1267331251679170560,1590990290000,2020-06-01,11:14:50,IST,852226879855763461,pwnkusharma,Pawan Sharma (Saraswat),,"#IndiaFightsCorona
10:30am #Covid_19 #Rajasthan update

149 new +ve & 4 Deaths Reported
#Baran 27
#Bharatpur 44
#Dausa 2
#Jaipur 32
#Jhalawar 5
#Jhunjhunu 4
#Kota 10
#Pali 21
#Sirohi 3
#Tonk 1

Cumulative+ve 8980
Active+ve 2742
Deaths198
Migrants+ve 2543
#Lockdown5 #Unlock1",[],[],[],0,1,1,"['#indiafightscorona', '#covid_19', '#rajasthan', '#baran', '#bharatpur', '#dausa', '#jaipur', '#jhalawar', '#jhunjhunu', '#kota', '#pali', '#sirohi', '#tonk', '#lockdown5', '#unlock1']",[],https://twitter.com/Pwnkusharma/status/1267331251679170560,False,,0,,,,,,,"[{'user_id': '852226879855763461', 'username': 'Pwnkusharma'}]",,,,
1267330003454345217,1267330003454345217,1590989993000,2020-06-01,11:09:53,IST,280049922,ritendra4u,Ritendra Yadav,,"#IndiaFightsCorona
10:30am #Covid_19 #Rajasthan update

149 new +ve & 4 Deaths Reported
#Baran 27
#Bharatpur 44
#Dausa 2
#Jaipur 32
#Jhalawar 5
#Jhunjhunu 4
#Kota 10
#Pali 21
#Sirohi 3
#Tonk 1

Cumulative+ve 8980
Active+ve 2742
Deaths198
Migrants+ve 2543
#Lockdown5 #Unlock1  pic.twitter.com/xf7BnfHKzL",[],[],['https://pbs.twimg.com/media/EZZ159-UcAAKx9V.jpg'],1,0,0,"['#indiafightscorona', '#covid_19', '#rajasthan', '#baran', '#bharatpur', '#dausa', '#jaipur', '#jhalawar', '#jhunjhunu', '#kota', '#pali', '#sirohi', '#tonk', '#lockdown5', '#unlock1']",[],https://twitter.com/ritendra4u/status/1267330003454345217,False,,0,,,,,,,"[{'user_id': '280049922', 'username': 'ritendra4u'}]",,,,
1267329418160214016,1267329418160214016,1590989853000,2020-06-01,11:07:33,IST,2182715673,nandkishorekum5,Nand Kishore Kumawat,,"#IndiaFightsCorona
10:30am #Covid_19 #Rajasthan update

149 new +ve & 4 Deaths Reported
#Baran 27
#Bharatpur 44
#Dausa 2
#Jaipur 32
#Jhalawar 5
#Jhunjhunu 4
#Kota 10
#Pali 21
#Sirohi 3
#Tonk 1

Cumulative+ve 8980
Active+ve 2742
Deaths198
Migrants+ve 2543
#Lockdown5 #Unlock1  pic.twitter.com/PCxDtKCIRv",[],[],['https://pbs.twimg.com/media/EZZ1XCeXkAYODHX.jpg'],1,0,0,"['#indiafightscorona', '#covid_19', '#rajasthan', '#baran', '#bharatpur', '#dausa', '#jaipur', '#jhalawar', '#jhunjhunu', '#kota', '#pali', '#sirohi', '#tonk', '#lockdown5', '#unlock1']",[],https://twitter.com/NANDKISHOREKUM5/status/1267329418160214016,False,,0,,,,,,,"[{'user_id': '2182715673', 'username': 'NANDKISHOREKUM5'}]",,,,
1267329086688550912,1267329086688550912,1590989774000,2020-06-01,11:06:14,IST,1229126400520511488,newsrj21,RJ21 News,,"#IndiaFightsCorona
10:30am #Covid_19 #Rajasthan update

149 new +ve & 4 Deaths Reported
#Baran 27
#Bharatpur 44
#Dausa 2
#Jaipur 32
#Jhalawar 5
#Jhunjhunu 4
#Kota 10
#Pali 21
#Sirohi 3
#Tonk 1

Cumulative+ve 8980
Active+ve 2742
Deaths198
Migrants+ve 2543
#Lockdown5 #Unlock1  pic.twitter.com/oLnuofCWMJ",[],[],['https://pbs.twimg.com/media/EZZ1E4sWoAAbnie.jpg'],1,0,4,"['#indiafightscorona', '#covid_19', '#rajasthan', '#baran', '#bharatpur', '#dausa', '#jaipur', '#jhalawar', '#jhunjhunu', '#kota', '#pali', '#sirohi', '#tonk', '#lockdown5', '#unlock1']",[],https://twitter.com/NewsRJ21/status/1267329086688550912,False,,0,,,,,,,"[{'user_id': '1229126400520511488', 'username': 'NewsRJ21'}]",,,,
1267328968484503552,1267328968484503552,1590989746000,2020-06-01,11:05:46,IST,1006946806989635584,vikastak1436,Vikas Tak,,"#IndiaFightsCorona
10:30am #Covid_19 #Rajasthan update

149 new +ve & 4 Deaths Reported
#Baran 27
#Bharatpur 44
#Dausa 2
#Jaipur 32
#Jhalawar 5
#Jhunjhunu 4
#Kota 10
#Pali 21
#Sirohi 3
#Tonk 1

Cumulative+ve 8980
Active+ve 2742
Deaths198
Migrants+ve 2543
#Lockdown5 #Unlock1  pic.twitter.com/nordA2FWUH",[],[],['https://pbs.twimg.com/media/EZZ0-I4VAAAuKEq.jpg'],1,0,0,"['#indiafightscorona', '#covid_19', '#rajasthan', '#baran', '#bharatpur', '#dausa', '#jaipur', '#jhalawar', '#jhunjhunu', '#kota', '#pali', '#sirohi', '#tonk', '#lockdown5', '#unlock1']",[],https://twitter.com/Vikastak1436/status/1267328968484503552,False,,0,,,,,,,"[{'user_id': '1006946806989635584', 'username': 'Vikastak1436'}]",,,,
1267328296557084672,1267328296557084672,1590989586000,2020-06-01,11:03:06,IST,138727664,dineshkumawat,Dinesh Kumawat,,"#IndiaFightsCorona
10:30am #Covid_19 #Rajasthan update

149 new +ve & 4 Deaths Reported
#Baran 27
#Bharatpur 44
#Dausa 2
#Jaipur 32
#Jhalawar 5
#Jhunjhunu 4
#Kota 10
#Pali 21
#Sirohi 3
#Tonk 1

Cumulative+ve 8980
Active+ve 2742
Deaths198
Migrants+ve 2543
#Lockdown5 #Unlock1  pic.twitter.com/GBlnG7m1kY",[],[],['https://pbs.twimg.com/media/EZZ0W0jUwAIupp-.jpg'],6,7,26,"['#indiafightscorona', '#covid_19', '#rajasthan', '#baran', '#bharatpur', '#dausa', '#jaipur', '#jhalawar', '#jhunjhunu', '#kota', '#pali', '#sirohi', '#tonk', '#lockdown5', '#unlock1']",[],https://twitter.com/dineshkumawat/status/1267328296557084672,False,,0,,,,,,,"[{'user_id': '138727664', 'username': 'dineshkumawat'}]",,,,
