id,conversation_id,created_at,date,time,timezone,user_id,username,name,place,tweet,mentions,urls,photos,replies_count,retweets_count,likes_count,hashtags,cashtags,link,retweet,quote_url,video,near,geo,source,user_rt_id,user_rt,retweet_id,reply_to,retweet_date,translate,trans_src,trans_dest
1275361210465042432,1275361210465042432,1592904782000,2020-06-23,15:03:02,IST,2164575084,1stindianews,First India News Rajasthan,,"#Udaipur: आज मंदिर परिसर में ही भगवान जगदीश की रथयात्रा

कोरोना के चलते भगवान नहीं निकल रहे नगर भ्रमण पर, 23साल के इतिहास में पहली बार आराध्य देव नहीं जा रहे, जगन्नाथपुरी की तर्ज पर हर बार होता रहा है भव्य आयोजन,इस बार फेसबुक लाइव से श्रद्धालु कर सकेंगे दर्शन

#Unlock1 #Lockdown5",[],[],[],0,0,40,"['#udaipur', '#unlock1', '#lockdown5']",[],https://twitter.com/1stIndiaNews/status/1275361210465042432,False,,0,,,,,,,"[{'user_id': '2164575084', 'username': '1stIndiaNews'}]",,,,
1274711514042306560,1274711514042306560,1592749882000,2020-06-21,20:01:22,IST,2164575084,1stindianews,First India News Rajasthan,,"#Udaipur : एयरपोर्ट से फिर शुरू होंगी 8 फ्लाइट्स 

फिलहाल एक ही फ्लाइट का हो रहा संचालन, 1 जुलाई से 4 शहरों के लिए होगा 8 फ्लाइट का संचालन, मुंबई,दिल्ली,जयपुर और अहमदाबाद के लिए होगा संचालन

#CoronaPandemic #Unlock1 #Lockdown5",[],[],[],3,4,86,"['#udaipur', '#coronapandemic', '#unlock1', '#lockdown5']",[],https://twitter.com/1stIndiaNews/status/1274711514042306560,False,,0,,,,,,,"[{'user_id': '2164575084', 'username': '1stIndiaNews'}]",,,,
1274008821502029830,1274008821502029830,1592582347000,2020-06-19,21:29:07,IST,1259548280255418369,marwaditales,marwadi.tales,,"Unlock Marwadis, unlock business 
#Unlock1 #MarwadiTales #marwad #Rajasthan #rajasthani #marwar #mewar #Jodhpur #Pali #Barmer #Jalore #Sirohi #Jaipur #udaipur #bikaner #Jaisalmer #Kota #Mumbai #Bombay #Delhi #Pune #Bangalore #Chennai #rajasthandiaries @MarwadiTales pic.twitter.com/H1P9FCrU3z",['marwaditales'],[],['https://pbs.twimg.com/media/Ea4wROIXsAAF71V.jpg'],0,2,3,"['#unlock1', '#marwaditales', '#marwad', '#rajasthan', '#rajasthani', '#marwar', '#mewar', '#jodhpur', '#pali', '#barmer', '#jalore', '#sirohi', '#jaipur', '#udaipur', '#bikaner', '#jaisalmer', '#kota', '#mumbai', '#bombay', '#delhi', '#pune', '#bangalore', '#chennai', '#rajasthandiaries']",[],https://twitter.com/MarwadiTales/status/1274008821502029830,False,,0,,,,,,,"[{'user_id': '1259548280255418369', 'username': 'MarwadiTales'}]",,,,
1273799990247256064,1273799990247256064,1592532558000,2020-06-19,07:39:18,IST,250638448,dinkyfalodia,MitaDinky020,,"~र्दद का क्या शिकवा करें किसी से जब अपनों ने कराया ख़ंजर से रूबरू ~
#nature #NaturalBeauty #Unlock1 #Udaipur #lovetotravel pic.twitter.com/PssVZNYRZF",[],[],['https://pbs.twimg.com/media/Ea1yTaDUMAAdW2e.jpg'],0,0,3,"['#nature', '#naturalbeauty', '#unlock1', '#udaipur', '#lovetotravel']",[],https://twitter.com/dinkyfalodia/status/1273799990247256064,False,,0,,,,,,,"[{'user_id': '250638448', 'username': 'dinkyfalodia'}]",,,,
1273300994747625474,1273300994747625474,1592413588000,2020-06-17,22:36:28,IST,249596404,coffeeculturein,Coffee Culture,,"Swipe Karo Aur Jano CC Unlock 1.0 ! 

🖐 Things To Try ! Experience It to believe it 🤝

Now Open : Surat : Sargam & Adajan, Silvassa, Vapi, Valsad, NH8, Anand, Udaipur, Bhilwara, Bhavnagar 

#unlock1.0 #ccrocks…  https://www.instagram.com/p/CBi0GlqBlKR/?igshid=3sypprau0fu2 …",[],['https://www.instagram.com/p/CBi0GlqBlKR/?igshid=3sypprau0fu2'],[],0,0,0,"['#unlock1', '#ccrocks']",[],https://twitter.com/coffeeculturein/status/1273300994747625474,False,,0,,,,,,,"[{'user_id': '249596404', 'username': 'coffeeculturein'}]",,,,
1271260738233995264,1271260738233995264,1591927153000,2020-06-12,07:29:13,IST,250638448,dinkyfalodia,MitaDinky020,,"~~लम्बा सफ़र तय करना है तो...
ठोकरों से मुलाकात लाज़मी है...!~~
#Flowers #colors #nature #NaturalBeauty #mobilephotography #Unlock1 #Udaipur  pic.twitter.com/HPts1r7i2P",[],[],['https://pbs.twimg.com/media/EaRs4INUYAEMyJr.jpg'],0,2,3,"['#flowers', '#colors', '#nature', '#naturalbeauty', '#mobilephotography', '#unlock1', '#udaipur']",[],https://twitter.com/dinkyfalodia/status/1271260738233995264,False,,0,,,,,,,"[{'user_id': '250638448', 'username': 'dinkyfalodia'}]",,,,
1270709960758960129,1270709960758960129,1591795837000,2020-06-10,19:00:37,IST,1657620379,rpbreakingnews,rpbreakingnews,,"शहर और कायदे दोनो ही किए 'अनलॉक'
#Udaipur #Unlock1 #Lockdown5 https://www.patrika.com/kota-news/social-distancing-is-not-being-followed-in-kota-corona-virus-infection-6181508/?utm_source=Facebook&utm_medium=Social&utm_campaign=PatrikaRP …",[],['https://www.patrika.com/kota-news/social-distancing-is-not-being-followed-in-kota-corona-virus-infection-6181508/?utm_source=Facebook&utm_medium=Social&utm_campaign=PatrikaRP'],[],0,0,15,"['#udaipur', '#unlock1', '#lockdown5']",[],https://twitter.com/rpbreakingnews/status/1270709960758960129,False,,0,,,,,,,"[{'user_id': '1657620379', 'username': 'rpbreakingnews'}]",,,,
1270411242503581696,1270411242503581696,1591724617000,2020-06-09,23:13:37,IST,2164575084,1stindianews,First India News Rajasthan,,"#Udaipur : कल से खुलेगा फतेहसागर स्थित मुंबईया बाजार

सुबह 6 से रात 8 बजे तक खुला रहेगा यह बाजार, हालांकि ग्राहकों को सिर्फ खाद्य सामग्री पैक करके देने की अनुमति, बाजार का कोई भी दुकानदार, दुकान पर बैठा कर नहीं खिलाएगा ग्राहकों को

#CoronaPandemic #Unlock1 #Lockdown5",[],[],[],2,4,36,"['#udaipur', '#coronapandemic', '#unlock1', '#lockdown5']",[],https://twitter.com/1stIndiaNews/status/1270411242503581696,False,,0,,,,,,,"[{'user_id': '2164575084', 'username': '1stIndiaNews'}]",,,,
1270259161847169024,1270259161847169024,1591688359000,2020-06-09,13:09:19,IST,59511787,udaipurblog,UdaipurBlog,,"Tag a friend who constantly pings you or call you so that he/she could hangout with you & visit all the places during Unlock.⁣
⁣
Be it Fatehsagar, Pichola, Bahubali hills, Ambrai etc, they want to go every where.⁣

#udaipur #udaipurblog #ub #tuesdaytag #unlock1  pic.twitter.com/9NYfwStiis",[],[],['https://pbs.twimg.com/media/EaDdmnBXkAAYdij.jpg'],0,0,8,"['#udaipur', '#udaipurblog', '#ub', '#tuesdaytag', '#unlock1']",[],https://twitter.com/udaipurblog/status/1270259161847169024,False,,0,,,,,,,"[{'user_id': '59511787', 'username': 'udaipurblog'}]",,,,
1269995868893011969,1269995868893011969,1591625585000,2020-06-08,19:43:05,IST,250638448,dinkyfalodia,MitaDinky020,,"~दर्द छुपाकर सीने में, बड़ी तकलीफ होती है जीने में..~
#EveningVibes #sunsetphotography #NaturalBeauty #Udaipur #Unlock1  pic.twitter.com/vhW3RaVaTW",[],[],['https://pbs.twimg.com/media/EZ_ufiWXsAYxfI8.jpg'],1,0,5,"['#eveningvibes', '#sunsetphotography', '#naturalbeauty', '#udaipur', '#unlock1']",[],https://twitter.com/dinkyfalodia/status/1269995868893011969,False,,0,,,,,,,"[{'user_id': '250638448', 'username': 'dinkyfalodia'}]",,,,
1269983984089354240,1269983984089354240,1591622751000,2020-06-08,18:55:51,IST,178243557,amitz2020,Amit,,Feels awesome... #fatehsagar #udaipur #nature #Unlock1  pic.twitter.com/21rukPtb0c,[],[],['https://pbs.twimg.com/media/EZ_jrmxVAAA1JmU.jpg'],0,1,2,"['#fatehsagar', '#udaipur', '#nature', '#unlock1']",[],https://twitter.com/amitz2020/status/1269983984089354240,False,,0,,,,,,,"[{'user_id': '178243557', 'username': 'amitz2020'}]",,,,
1269661420905529344,1269661420905529344,1591545846000,2020-06-07,21:34:06,IST,2164575084,1stindianews,First India News Rajasthan,,"#Udaipur : कदमाल में प्रवासी आया कोरोना पॉजिटिव 

प्रशासनिक अधिकारी व स्वास्थ्य विभाग की टीम पहुंची मौके पर, स्वास्थ्य विभाग की ओर से पूरे गांव को करवाया जा रहा सैनेटाइज, पुलिस ने गांव को चारों तरफ से किया सीज

#CoronaVirus #Covid19 #Unlock1 #Lockdown5",[],[],[],1,3,29,"['#udaipur', '#coronavirus', '#covid19', '#unlock1', '#lockdown5']",[],https://twitter.com/1stIndiaNews/status/1269661420905529344,False,,0,,,,,,,"[{'user_id': '2164575084', 'username': '1stIndiaNews'}]",,,,
1269599519764811776,1269599519764811776,1591531088000,2020-06-07,17:28:08,IST,2164575084,1stindianews,First India News Rajasthan,,"#Udaipur : लेकसिटी में लगातार बढ़ रहा कोरोना पॉजिटिव मरीजों का आंकड़ा, एक और कोरोना संक्रमित मरीज आया सामने, 587 पहुंची कोरोना पॉजिटिव मरीजों की संख्या

#CoronaVirus #Covid19 #Unlock1 #Lockdown5",[],[],[],1,2,49,"['#udaipur', '#coronavirus', '#covid19', '#unlock1', '#lockdown5']",[],https://twitter.com/1stIndiaNews/status/1269599519764811776,False,,0,,,,,,,"[{'user_id': '2164575084', 'username': '1stIndiaNews'}]",,,,
1269289191566966784,1269289191566966784,1591457100000,2020-06-06,20:55:00,IST,133683366,pankaj_jain08,Pankaj💯 ➕,,"As a part of #unlock1Point0 , Rajasthan government allowed #hotels and other hospitality units to operate from 8 June, Monday with certain conditions. ⁣
⁣#jaipur
⁣#udaipur
#COVID19India #coronavirusudaipur #udaipurCOVID19update #citynews #rajasthan #unlock1  pic.twitter.com/6azayvRe6w",[],[],"['https://pbs.twimg.com/media/EZ1rxsCVcAIBqXZ.jpg', 'https://pbs.twimg.com/media/EZ1ryqxUcAAHwId.jpg']",0,0,0,"['#unlock1point0', '#hotels', '#jaipur', '#udaipur', '#covid19india', '#coronavirusudaipur', '#udaipurcovid19update', '#citynews', '#rajasthan', '#unlock1']",[],https://twitter.com/pankaj_jain08/status/1269289191566966784,False,,0,,,,,,,"[{'user_id': '133683366', 'username': 'pankaj_jain08'}]",,,,
1269288852511956992,1269288852511956992,1591457019000,2020-06-06,20:53:39,IST,59511787,udaipurblog,UdaipurBlog,,"As a part of Unlock 1.0, Rajasthan government allowed shopping malls, hotels and other hospitality units to operate from 8 June, Monday with certain conditions. ⁣
#udaipur #udaipurblog #ub #cityupdate #coronavirusudaipur #udaipurCOVID19update #citynews #rajasthan #unlock1  pic.twitter.com/6GgrM680XA",[],[],"['https://pbs.twimg.com/media/EZ1rTaBXgAYruDN.jpg', 'https://pbs.twimg.com/media/EZ1rWyuXgAE-gI7.jpg', 'https://pbs.twimg.com/media/EZ1rZjeWoAUWe-X.jpg', 'https://pbs.twimg.com/media/EZ1rdCDXYAIm-bu.jpg']",0,1,12,"['#udaipur', '#udaipurblog', '#ub', '#cityupdate', '#coronavirusudaipur', '#udaipurcovid19update', '#citynews', '#rajasthan', '#unlock1']",[],https://twitter.com/udaipurblog/status/1269288852511956992,False,,0,,,,,,,"[{'user_id': '59511787', 'username': 'udaipurblog'}]",,,,
1269281739970695168,1269281739970695168,1591455323000,2020-06-06,20:25:23,IST,2164575084,1stindianews,First India News Rajasthan,,"#Udaipur : जिला प्रशासन ने लिया बड़ा निर्णय

घंटाघर और सूरजपोल थाना क्षेत्रों से कंटेंटमेंट एरिया हटाया, कर्फ्यूग्रस्त इलाकों में 12 जून तक रहेगी पाबंदी, जिला कलेक्टर आनंदी ने जारी किए आदेश

#CoronaVirus #Covid19 #Unlock1 #Lockdown5",[],[],[],0,3,37,"['#udaipur', '#coronavirus', '#covid19', '#unlock1', '#lockdown5']",[],https://twitter.com/1stIndiaNews/status/1269281739970695168,False,,0,,,,,,,"[{'user_id': '2164575084', 'username': '1stIndiaNews'}]",,,,
1269280330562916356,1269280330562916356,1591454987000,2020-06-06,20:19:47,IST,2164575084,1stindianews,First India News Rajasthan,,"#Udaipur : गिर्वा उपखंड के जगत गांव में मिला कोरोना संक्रमित, निषेधाज्ञा अवधि 12 जून तक बढ़ाई, उपखंड अधिकारी सौम्या झा ने जारी किए आदेश 

#CoronaVirus #Covid19 #Unlock1 #Lockdown5",[],[],[],0,2,34,"['#udaipur', '#coronavirus', '#covid19', '#unlock1', '#lockdown5']",[],https://twitter.com/1stIndiaNews/status/1269280330562916356,False,,0,,,,,,,"[{'user_id': '2164575084', 'username': '1stIndiaNews'}]",,,,
1269275668719820801,1269275668719820801,1591453876000,2020-06-06,20:01:16,IST,2164575084,1stindianews,First India News Rajasthan,,"#Udaipur : 5 और लोग आये कोरोना संक्रमित, जिले में कोरोना मरीजों का आंकड़ा पहुंचा 586 पर

#CoronaVirus #Covid19 #Unlock1 #Lockdown5",[],[],[],0,3,27,"['#udaipur', '#coronavirus', '#covid19', '#unlock1', '#lockdown5']",[],https://twitter.com/1stIndiaNews/status/1269275668719820801,False,,0,,,,,,,"[{'user_id': '2164575084', 'username': '1stIndiaNews'}]",,,,
1269245693740359680,1269245693740359680,1591446729000,2020-06-06,18:02:09,IST,2164575084,1stindianews,First India News Rajasthan,,"#Udaipur : कोरोना को लेकर राहत की खबर

अब तक मिले कुल 581 कोरोना संक्रमित मरीज, इनमें से 515 हुए ठीक, 460 किए गए डिस्चार्ज, फिलहाल 62 एक्टिव केस उदयपुर जिले में

#CoronaVirus #Covid19 #Unlock1 #Lockdown5",[],[],[],0,3,35,"['#udaipur', '#coronavirus', '#covid19', '#unlock1', '#lockdown5']",[],https://twitter.com/1stIndiaNews/status/1269245693740359680,False,,0,,,,,,,"[{'user_id': '2164575084', 'username': '1stIndiaNews'}]",,,,
1269242611061186562,1269242611061186562,1591445994000,2020-06-06,17:49:54,IST,2164575084,1stindianews,First India News Rajasthan,,"#Udaipur : 3 और कोरोना संक्रमित मरीज आया सामने, 581 पहुंची कोरोना पॉजिटिव मरीजों की संख्या

#CoronaVirus #Covid19 #Unlock1 #Lockdown5",[],[],[],0,2,23,"['#udaipur', '#coronavirus', '#covid19', '#unlock1', '#lockdown5']",[],https://twitter.com/1stIndiaNews/status/1269242611061186562,False,,0,,,,,,,"[{'user_id': '2164575084', 'username': '1stIndiaNews'}]",,,,
1268929621174583297,1268929621174583297,1591371371000,2020-06-05,21:06:11,IST,1587915768,zeerajasthan_,ZEE Rajasthan,,"#Udaipur में अब तक कुल 577 #CoronaPositive केस आ चुके हैं।
#RajasthanNews #Covid19 #Lockdown #Unlock1
 https://zeenews.india.com/hindi/india/rajasthan/corona-positive-patients-recovering-in-speedy-way-in-udaipur/691499 …",[],['https://zeenews.india.com/hindi/india/rajasthan/corona-positive-patients-recovering-in-speedy-way-in-udaipur/691499'],[],2,2,19,"['#udaipur', '#coronapositive', '#rajasthannews', '#covid19', '#lockdown', '#unlock1']",[],https://twitter.com/zeerajasthan_/status/1268929621174583297,False,,0,,,,,,,"[{'user_id': '1587915768', 'username': 'zeerajasthan_'}]",,,,
1268535575713382400,1268535575713382400,1591277424000,2020-06-04,19:00:24,IST,2164575084,1stindianews,First India News Rajasthan,,"#Udaipur : 58 वर्षीय व्यक्ति की कोरोना के चलते हुई मौत, उदयपुर में कोरोना से मौत का आंकड़ा पहुंचा 4 पर, जिले में कोरोना संक्रमित मरीजों का आंकड़ा पहुंचा 576 पर

#CoronaVirus #Covid19 #Unlock1 #Lockdown5",[],[],[],0,3,27,"['#udaipur', '#coronavirus', '#covid19', '#unlock1', '#lockdown5']",[],https://twitter.com/1stIndiaNews/status/1268535575713382400,False,,0,,,,,,,"[{'user_id': '2164575084', 'username': '1stIndiaNews'}]",,,,
1268477062127337472,1268477062127337472,1591263473000,2020-06-04,15:07:53,IST,2164575084,1stindianews,First India News Rajasthan,,"#Udaipur : 6 और नये कोरोना मरीज आये सामने, जिले में कोरोना मरीजों का आंकड़ा पहुंचा 576 पर

#CoronaVirus #Covid19 #Unlock1 #Lockdown5",[],[],[],0,2,27,"['#udaipur', '#coronavirus', '#covid19', '#unlock1', '#lockdown5']",[],https://twitter.com/1stIndiaNews/status/1268477062127337472,False,,0,,,,,,,"[{'user_id': '2164575084', 'username': '1stIndiaNews'}]",,,,
1268469863116427267,1268469863116427267,1591261757000,2020-06-04,14:39:17,IST,2164575084,1stindianews,First India News Rajasthan,,"#Udaipur #सराड़ा: ब्लॉक में लगातार बढ़ रहा कोरोना संक्रमितों का आंकड़ा 

आज ब्लॉक में फिर 6 लोगों की रिपोर्ट आई कोरोना पॉजिटिव, केजड में 3, बडावली, अदवास व नईझर में 1-1 कोरोना पॉजिटिव, सभी पॉजिटिव बताए जा रहे क्षेत्र के प्रवासी नागरिक

#CoronaVirus #Covid19 #Unlock1 #Lockdown5",[],[],[],0,1,22,"['#udaipur', '#सराड़ा', '#coronavirus', '#covid19', '#unlock1', '#lockdown5']",[],https://twitter.com/1stIndiaNews/status/1268469863116427267,False,,0,,,,,,,"[{'user_id': '2164575084', 'username': '1stIndiaNews'}]",,,,
1268196407862857729,1268196407862857729,1591196560000,2020-06-03,20:32:40,IST,1657620379,rpbreakingnews,rpbreakingnews,,"लॉकडाउन के बाद फिर चलने लगा विकास का पहिया, निर्माण कार्य 2 महीने बाद फिर शुरू
#Unlock1 #Lockdown5 #Udaipur
 https://www.patrika.com/udaipur-news/construction-of-six-lane-extension-resumed-after-2-months-menar-6160050/?utm_source=Facebook&utm_medium=Social&utm_campaign=PatrikaRP …",[],['https://www.patrika.com/udaipur-news/construction-of-six-lane-extension-resumed-after-2-months-menar-6160050/?utm_source=Facebook&utm_medium=Social&utm_campaign=PatrikaRP'],[],0,1,45,"['#unlock1', '#lockdown5', '#udaipur']",[],https://twitter.com/rpbreakingnews/status/1268196407862857729,False,,0,,,,,,,"[{'user_id': '1657620379', 'username': 'rpbreakingnews'}]",,,,
1268190928663187456,1268190928663187456,1591195253000,2020-06-03,20:10:53,IST,2164575084,1stindianews,First India News Rajasthan,,"#Udaipur : सराडा का नठारा हत्याकांड 

44 घंटे बाद हुआ मृतक के शव का हुआ दाह संस्कार, प्रशासन ने ली राहत की सांस, दाह संस्कार के दौरान हजार से ज्यादा की संख्या में ग्रामीण रहे मौजूद...

#MurderCase #Unlock1 #Lockdown5 pic.twitter.com/bxCsVR5AdE",[],[],['https://pbs.twimg.com/media/EZmE5ITXQAEEWM3.jpg'],0,8,29,"['#udaipur', '#murdercase', '#unlock1', '#lockdown5']",[],https://twitter.com/1stIndiaNews/status/1268190928663187456,False,,0,,,,,,,"[{'user_id': '2164575084', 'username': '1stIndiaNews'}]",,,,
1268158484572405761,1268158484572405761,1591187518000,2020-06-03,18:01:58,IST,2164575084,1stindianews,First India News Rajasthan,,"#Udaipur : कोरोना को लेकर राहत की खबर, कुल 568 मरीजों में से 433 मरीज ठीक होकर पहुंचे घर, फिलहाल 132 केस हैं एक्टिव 

#CoronaVirus #Covid19 #Unlock1 #Lockdown5",[],[],[],0,6,38,"['#udaipur', '#coronavirus', '#covid19', '#unlock1', '#lockdown5']",[],https://twitter.com/1stIndiaNews/status/1268158484572405761,False,,0,,,,,,,"[{'user_id': '2164575084', 'username': '1stIndiaNews'}]",,,,
1268151671156281344,1268151671156281344,1591185894000,2020-06-03,17:34:54,IST,2164575084,1stindianews,First India News Rajasthan,,"#Udaipur : 2 और नये कोरोना संक्रमित मरीज आये सामने, जिले में कोरोना मरीजों का आंकड़ा पहुंचा 568 पर

#CoronaVirus #Covid19 #Unlock1 #Lockdown5",[],[],[],0,6,27,"['#udaipur', '#coronavirus', '#covid19', '#unlock1', '#lockdown5']",[],https://twitter.com/1stIndiaNews/status/1268151671156281344,False,,0,,,,,,,"[{'user_id': '2164575084', 'username': '1stIndiaNews'}]",,,,
1267820193432006656,1267820193432006656,1591106863000,2020-06-02,19:37:43,IST,1587915768,zeerajasthan_,ZEE Rajasthan,,"#Udaipur | अनलॉक के बाद उदयपुर में दिखी चहल-पहल

@AJagnawat #coronavirusindia #Unlock1 #CoronaLockdown #RajasthanWithZee #AatmanirbharBharat pic.twitter.com/OgFMhcFFMs",['ajagnawat'],[],[],2,5,33,"['#udaipur', '#coronavirusindia', '#unlock1', '#coronalockdown', '#rajasthanwithzee', '#aatmanirbharbharat']",[],https://twitter.com/zeerajasthan_/status/1267820193432006656,False,,1,,,,,,,"[{'user_id': '1587915768', 'username': 'zeerajasthan_'}, {'user_id': '1034638135286800396', 'username': 'AJagnawat'}]",,,,
1267777455130959873,1267777455130959873,1591096674000,2020-06-02,16:47:54,IST,1587915768,zeerajasthan_,ZEE Rajasthan,,"#उदयपुर। 2 नए संक्रमित मरिज आए सामने

दोनों पॉजिटिव मरीज मुम्बई से आए हैं उदयपुर। जिले में पॉजिटिव मरिजों की संख्या बढ़ कर 566 हुई। 
#coronavirus @AJagnawat @ashokgehlot51 @Gulab_kataria @RaghusharmaINC @Dayaramparmar8 @chotulive @UdaipurPolice #CoronaWarriors #Unlock1 #Udaipur","['ajagnawat', 'ashokgehlot51', 'gulab_kataria', 'raghusharmainc', 'dayaramparmar8', 'chotulive', 'udaipurpolice']",[],[],0,2,19,"['#उदयपुर', '#coronavirus', '#coronawarriors', '#unlock1', '#udaipur']",[],https://twitter.com/zeerajasthan_/status/1267777455130959873,False,,0,,,,,,,"[{'user_id': '1587915768', 'username': 'zeerajasthan_'}, {'user_id': '1034638135286800396', 'username': 'AJagnawat'}, {'user_id': '385926583', 'username': 'ashokgehlot51'}, {'user_id': '772720518172594176', 'username': 'Gulab_kataria'}, {'user_id': '517767805', 'username': 'RaghusharmaINC'}, {'user_id': '1221647823277477889', 'username': 'DayaramParmar8'}, {'user_id': '757592574882377728', 'username': 'chotulive'}, {'user_id': '810762204018577408', 'username': 'UdaipurPolice'}]",,,,
1267767340147539969,1267767340147539969,1591094262000,2020-06-02,16:07:42,IST,2164575084,1stindianews,First India News Rajasthan,,"#Udaipur : 2 और नये कोरोना पॉजिटिव आये सामने, जिले में कोरोना मरीजों का आंकड़ा पहुंचा 566 पर

#CoronaVirus #Covid19 #Unlock1 #Lockdown5",[],[],[],0,4,33,"['#udaipur', '#coronavirus', '#covid19', '#unlock1', '#lockdown5']",[],https://twitter.com/1stIndiaNews/status/1267767340147539969,False,,0,,,,,,,"[{'user_id': '2164575084', 'username': '1stIndiaNews'}]",,,,
1267728526116974593,1267728526116974593,1591085008000,2020-06-02,13:33:28,IST,1100772324859568130,rajal58574324,Rajal Joshi,,"Does anyone know if we can be allowed to travel from Navi Mumbai (Maharashtra) to Udaipur (Rajsthan)? If yes, what's the procedure? #Unlock1 #queries #Maharashtra #Rajasthan #COVID19 #epass",[],[],[],1,0,0,"['#unlock1', '#queries', '#maharashtra', '#rajasthan', '#covid19', '#epass']",[],https://twitter.com/Rajal58574324/status/1267728526116974593,False,,0,,,,,,,"[{'user_id': '1100772324859568130', 'username': 'Rajal58574324'}]",,,,
1267667171401805824,1267667171401805824,1591070380000,2020-06-02,09:29:40,IST,388256718,eternal_mewar,Eternal Mewar,,"As we proceed towards #Unlock1, we request you all to adhere to the set norms and follow all necessary precautions for your own well-being. ⁣
⁣
We look forward to welcoming you soon! ⁣
⁣
#stayhome #staysafe #seeyousoon #heritage #history #eternalmewar #mewar #udaipur 
⁣  pic.twitter.com/C2X052fjhP",[],[],['https://pbs.twimg.com/media/EZeokHiUMAAgkNB.jpg'],0,1,15,"['#unlock1', '#stayhome', '#staysafe', '#seeyousoon', '#heritage', '#history', '#eternalmewar', '#mewar', '#udaipur']",[],https://twitter.com/Eternal_Mewar/status/1267667171401805824,False,,0,,,,,,,"[{'user_id': '388256718', 'username': 'Eternal_Mewar'}]",,,,
1267638952715935744,1267638952715935744,1591063652000,2020-06-02,07:37:32,IST,122646514,sahiljain3107,sahil jain,,सरकार का Name Change Prank 😁😂 #unlock1 #lockdown5 #namechangeprank #india #covid19 #corona #rajasthan #udaipur #animation #graphics #username #prank pic.twitter.com/8Jo1bdNS2R,[],[],[],0,2,2,"['#unlock1', '#lockdown5', '#namechangeprank', '#india', '#covid19', '#corona', '#rajasthan', '#udaipur', '#animation', '#graphics', '#username', '#prank']",[],https://twitter.com/sahiljain3107/status/1267638952715935744,False,,1,,,,,,,"[{'user_id': '122646514', 'username': 'sahiljain3107'}]",,,,
1267537535443431429,1267464712117202944,1591039472000,2020-06-02,00:54:32,IST,295645205,nalinidesai,Nannu,,"#Unlock1 #weeklycontest
#cnbcontest
@carandbike
In Unlock 1.0 I will be going to Udaipur with @zennrocks as we had decided to go to new places every year. It's our Travel List to explore Our very own Country.. India. Udaipur is the one marked for 2020.","['carandbike', 'zennrocks']",[],[],0,0,1,"['#unlock1', '#weeklycontest', '#cnbcontest']",[],https://twitter.com/nalinidesai/status/1267537535443431429,False,,0,,,,,,,"[{'user_id': '295645205', 'username': 'nalinidesai'}, {'user_id': '2278822326', 'username': 'carandbike'}, {'user_id': '1715194513', 'username': 'zennrocks'}]",,,,
1267311828217892865,1267311828217892865,1590985660000,2020-06-01,09:57:40,IST,193596065,hrhhotels,HRH Hotels,,"We care for you, and your safety is our priority.⁣
⁣
#Travel #Udaipur #Bikaner #Jaisalmer #Ranakpur #Kumbhalgarh #Rajasthan #ComingBackSoon #HolidayWithUs #HRHGroupOfHotels #HeritageHotels #Heritage #RoyalRetreat #India ⁣#Summer2020 #StayHome #StaySafe #SeeYouSoon #Unlock1  pic.twitter.com/zUgPwTl2Yx",[],[],"['https://pbs.twimg.com/media/EZZlYD_UwAM5NX0.jpg', 'https://pbs.twimg.com/media/EZZlYrUUcAMgY4L.jpg']",0,3,7,"['#travel', '#udaipur', '#bikaner', '#jaisalmer', '#ranakpur', '#kumbhalgarh', '#rajasthan', '#comingbacksoon', '#holidaywithus', '#hrhgroupofhotels', '#heritagehotels', '#heritage', '#royalretreat', '#india', '#summer2020', '#stayhome', '#staysafe', '#seeyousoon', '#unlock1']",[],https://twitter.com/HRHhotels/status/1267311828217892865,False,,0,,,,,,,"[{'user_id': '193596065', 'username': 'HRHhotels'}]",,,,
1267139872936116227,1267139872936116227,1590944662000,2020-05-31,22:34:22,IST,925701619584458752,shahjinesh620,udaipur ka memer🤣,,"ये सितम कहाँ से शुरू हुआ था और कहाँ ले गया
😕😕
#lockdown1 ➡️ #unlock1 
Follow me: @shahjinesh620
#lockdown5 #lockdown #unlock #memes #udaipur #salumber #twitter #instagram #like4likes #share #whatsaap #follow…  https://www.instagram.com/p/CA3CWv4BvTN/?igshid=1ozxn5kxw1aof …",['shahjinesh620'],['https://www.instagram.com/p/CA3CWv4BvTN/?igshid=1ozxn5kxw1aof'],[],0,0,0,"['#lockdown1', '#unlock1', '#lockdown5', '#lockdown', '#unlock', '#memes', '#udaipur', '#salumber', '#twitter', '#instagram', '#like4likes', '#share', '#whatsaap', '#follow']",[],https://twitter.com/shahjinesh620/status/1267139872936116227,False,,0,,,,,,,"[{'user_id': '925701619584458752', 'username': 'shahjinesh620'}]",,,,
1267030416214552576,1267030416214552576,1590918566000,2020-05-31,15:19:26,IST,2989790052,a1tvrajasthan,A1TV,,"#Udaipur #सेमारी : अनियंत्रित होकर कार टकराई पेड़ से

हादसे में कार सवार दंपति सहित तीन लोग हुए घायल, अस्पताल ले जाते समय रास्ते में 7 वर्षीय बालिका की हुई मौत, भरतपुर निवासी कृषि अधिकारी बताई जा रही कार, उदयपुर से लौटते समय जयसमंद के पास नामला मोड़ की घटना #A1TVNews #Unlock1  pic.twitter.com/osKjETu3T5",[],[],['https://pbs.twimg.com/media/EZVlcJcUYAA6ei1.png'],0,0,0,"['#udaipur', '#सेमारी', '#a1tvnews', '#unlock1']",[],https://twitter.com/A1TVrajasthan/status/1267030416214552576,False,,0,,,,,,,"[{'user_id': '2989790052', 'username': 'A1TVrajasthan'}]",,,,
