id,conversation_id,created_at,date,time,timezone,user_id,username,name,place,tweet,mentions,urls,photos,replies_count,retweets_count,likes_count,hashtags,cashtags,link,retweet,quote_url,video,near,geo,source,user_rt_id,user_rt,retweet_id,reply_to,retweet_date,translate,trans_src,trans_dest
1270400637310828545,1270400637310828545,1591722089000,2020-06-09,22:31:29,IST,2164575084,1stindianews,First India News Rajasthan,,"#Alwar #किशनगढ़बास: राजस्थान रोडवेज की कोटपूतली आगार की बसों का होगा संचालन

राज्य सरकार की एडवायजरी पर कोटपूतली आगार ने लिया निर्णय, 18 रूटों पर 11 जून से बसों का होगा संचालन, वर्तमान प्रत्येक बस स्टैंड पर नहीं रुकेगी बसें...

#CoronaPandemic #Unlock1 #Lockdown5 pic.twitter.com/iB1Jj2wx8u",[],[],['https://pbs.twimg.com/media/EaFekpWXYAUTDtw.jpg'],0,3,30,"['#alwar', '#किशनगढ़बास', '#coronapandemic', '#unlock1', '#lockdown5']",[],https://twitter.com/1stIndiaNews/status/1270400637310828545,False,,0,,,,,,,"[{'user_id': '2164575084', 'username': '1stIndiaNews'}]",,,,
1270014979027070976,1270014979027070976,1591630141000,2020-06-08,20:59:01,IST,2182715673,nandkishorekum5,Nand Kishore Kumawat,,"#Rajasthan #Covid_19  8:30pm update

277new +ve & 6 Deaths reported
67 #Alwar
60 #Bharatpur
36 #Jodhpur
34 #Jaipur
12 #Kota
11 #Pali
10 #Sirohi

Cumulative+ve10876
Active+ve 2513
Deaths 246
Migrants+ve 3125
Cured 8117
Discharged 7714

#Unlock1 #StayHomeStaySafe
Detailed chart 👇 pic.twitter.com/RWd7AUsdDJ",[],[],"['https://pbs.twimg.com/media/EZ__0S6XQAA7TDk.jpg', 'https://pbs.twimg.com/media/EZ__2p7WoAUQwTF.jpg']",0,0,3,"['#rajasthan', '#covid_19', '#alwar', '#bharatpur', '#jodhpur', '#jaipur', '#kota', '#pali', '#sirohi', '#unlock1', '#stayhomestaysafe']",[],https://twitter.com/NANDKISHOREKUM5/status/1270014979027070976,False,,0,,,,,,,"[{'user_id': '2182715673', 'username': 'NANDKISHOREKUM5'}]",,,,
1270012775125876736,1270012775125876736,1591629615000,2020-06-08,20:50:15,IST,1227857000475742208,indiacovid,Jodhpur Corona Updates,,"#Rajasthan #Covid_19  8:30pm update

277new +ve & 6 Deaths reported
67 #Alwar
60 #Bharatpur
36 #Jodhpur
34 #Jaipur
12 #Kota
11 #Pali
10 #Sirohi

Cumulative+ve10876
Active+ve 2513
Deaths 246
Migrants+ve 3125
Cured 8117
Discharged 7714

#Unlock1 #StayHomeStaySafe
Detailed chart 👇 pic.twitter.com/EBnRHPRA6E",[],[],['https://pbs.twimg.com/media/EZ_9nxuXQAEmjJD.jpg'],1,2,10,"['#rajasthan', '#covid_19', '#alwar', '#bharatpur', '#jodhpur', '#jaipur', '#kota', '#pali', '#sirohi', '#unlock1', '#stayhomestaysafe']",[],https://twitter.com/indiacovid/status/1270012775125876736,False,,0,,,,,,,"[{'user_id': '1227857000475742208', 'username': 'indiacovid'}]",,,,
1270011974282211328,1270011974282211328,1591629425000,2020-06-08,20:47:05,IST,1049674796764524545,akshaygour0141,Akshay Kumar Gour (akki),,"#Rajasthan #Covid_19  8:30pm update

277new +ve & 6 Deaths reported
67 #Alwar
60 #Bharatpur
36 #Jodhpur
34 #Jaipur
12 #Kota
11 #Pali
10 #Sirohi

Cumulative+ve10876
Active+ve 2513
Deaths 246
Migrants+ve 3125
Cured 8117
Discharged 7714

#Unlock1 #StayHomeStaySafe
Detailed chart 👇 pic.twitter.com/q79G7rMeez",[],[],"['https://pbs.twimg.com/media/EZ_9I_1XQAEBDAE.jpg', 'https://pbs.twimg.com/media/EZ_9J0JWAAEf2hS.jpg']",0,0,2,"['#rajasthan', '#covid_19', '#alwar', '#bharatpur', '#jodhpur', '#jaipur', '#kota', '#pali', '#sirohi', '#unlock1', '#stayhomestaysafe']",[],https://twitter.com/akshaygour0141/status/1270011974282211328,False,,0,,,,,,,"[{'user_id': '1049674796764524545', 'username': 'akshaygour0141'}]",,,,
1270011382700732416,1270011382700732416,1591629283000,2020-06-08,20:44:43,IST,707513296,mttvhimanshu,Himanshu Mathur,,"#Rajasthan #Covid_19  8:30pm update

277new +ve & 6 Deaths reported
67 #Alwar
60 #Bharatpur
36 #Jodhpur
34 #Jaipur
12 #Kota
11 #Pali
10 #Sirohi

Cumulative+ve10876
Active+ve 2513
Deaths 246
Migrants+ve 3125
Cured 8117
Discharged 7714
#Unlock1 #StayHomeStaySafe
Detailed chart 👇 pic.twitter.com/CraSw0AfCB",[],[],['https://pbs.twimg.com/media/EZ_8m02U8AYZpDX.jpg'],0,0,3,"['#rajasthan', '#covid_19', '#alwar', '#bharatpur', '#jodhpur', '#jaipur', '#kota', '#pali', '#sirohi', '#unlock1', '#stayhomestaysafe']",[],https://twitter.com/mttvhimanshu/status/1270011382700732416,False,,0,,,,,,,"[{'user_id': '707513296', 'username': 'mttvhimanshu'}]",,,,
1270011354145976321,1270011354145976321,1591629277000,2020-06-08,20:44:37,IST,1265534256748658688,jaysingh06,Jay Singh Choudhary,,"#Rajasthan #Covid_19  8:30pm update

277new +ve & 6 Deaths reported
67 #Alwar
60 #Bharatpur
36 #Jodhpur
34 #Jaipur
12 #Kota
11 #Pali
10 #Sirohi

Cumulative+ve10876
Active+ve 2513
Deaths 246
Migrants+ve 3125
Cured 8117
Discharged 7714

#Unlock1 #StayHomeStaySafe
Detailed chart pic.twitter.com/ogasKXTTWU",[],[],['https://pbs.twimg.com/media/EZ_8lZqXgAAlBib.jpg'],0,0,5,"['#rajasthan', '#covid_19', '#alwar', '#bharatpur', '#jodhpur', '#jaipur', '#kota', '#pali', '#sirohi', '#unlock1', '#stayhomestaysafe']",[],https://twitter.com/JaySingh06/status/1270011354145976321,False,,0,,,,,,,"[{'user_id': '1265534256748658688', 'username': 'JaySingh06'}]",,,,
1270011012381474823,1270011012381474823,1591629195000,2020-06-08,20:43:15,IST,133683366,pankaj_jain08,Pankaj💯 ➕,,"#Rajasthan #Covid_19  8:30pm update

277new +ve & 6 Deaths reported
67 #Alwar
60 #Bharatpur
36 #Jodhpur
34 #Jaipur
12 #Kota
11 #Pali
10 #Sirohi

Cumulative+ve10876
Active+ve 2513
Deaths 246
Migrants+ve 3125
Cured 8117
Discharged 7714

#Unlock1 #StayHomeStaySafe
Detailed chart 👇 pic.twitter.com/KVpb0UDH3o",[],[],"['https://pbs.twimg.com/media/EZ_8QfeVcAMe-zB.jpg', 'https://pbs.twimg.com/media/EZ_8RuvUEAEbMfP.jpg']",0,0,2,"['#rajasthan', '#covid_19', '#alwar', '#bharatpur', '#jodhpur', '#jaipur', '#kota', '#pali', '#sirohi', '#unlock1', '#stayhomestaysafe']",[],https://twitter.com/pankaj_jain08/status/1270011012381474823,False,,0,,,,,,,"[{'user_id': '133683366', 'username': 'pankaj_jain08'}]",,,,
1270010678099742720,1270010678099742720,1591629115000,2020-06-08,20:41:55,IST,1006946806989635584,vikastak1436,Vikas Tak,,"#Rajasthan #Covid_19 8 #June 8:30pm update

277new +ve & 6 Deaths reported
67 #Alwar
60 #Bharatpur
36 #Jodhpur
34 #Jaipur
12 #Kota
11 #Pali
10 #Sirohi

Cumulative+ve10876
Active+ve 2513
Deaths 246
Migrants+ve 3125
Cured 8117
Discharged 7714

#Unlock1 #StayHomeStaySafe pic.twitter.com/dVqpMUDOOs",[],[],['https://pbs.twimg.com/media/EZ_796WU0AgDG5C.jpg'],0,0,1,"['#rajasthan', '#covid_19', '#june', '#alwar', '#bharatpur', '#jodhpur', '#jaipur', '#kota', '#pali', '#sirohi', '#unlock1', '#stayhomestaysafe']",[],https://twitter.com/Vikastak1436/status/1270010678099742720,False,,0,,,,,,,"[{'user_id': '1006946806989635584', 'username': 'Vikastak1436'}]",,,,
1270009908675698688,1270009908675698688,1591628932000,2020-06-08,20:38:52,IST,138727664,dineshkumawat,Dinesh Kumawat,,"#Rajasthan #Covid_19  8:30pm update

277new +ve & 6 Deaths reported
67 #Alwar
60 #Bharatpur
36 #Jodhpur
34 #Jaipur
12 #Kota
11 #Pali
10 #Sirohi

Cumulative+ve10876
Active+ve 2513
Deaths 246
Migrants+ve 3125
Cured 8117
Discharged 7714

#Unlock1 #StayHomeStaySafe
Detailed chart 👇 pic.twitter.com/e0StXm2RWO",[],[],"['https://pbs.twimg.com/media/EZ_7QOuVcAAQcbY.jpg', 'https://pbs.twimg.com/media/EZ_7RaAU0AAHJek.jpg']",9,3,27,"['#rajasthan', '#covid_19', '#alwar', '#bharatpur', '#jodhpur', '#jaipur', '#kota', '#pali', '#sirohi', '#unlock1', '#stayhomestaysafe']",[],https://twitter.com/dineshkumawat/status/1270009908675698688,False,,0,,,,,,,"[{'user_id': '138727664', 'username': 'dineshkumawat'}]",,,,
1269874508057452548,1269874508057452548,1591596650000,2020-06-08,11:40:50,IST,1253355596222541825,thedesertxpress,The Desert Xpress,,"#Rajasthan #Covid_19 10:30am update
#Unlock1

97 new Positive & 1 Death reported
#Alwar 58
#Sirohi 3
#Bharatpur 4
#Kota 12
#Jhalawar 2
#Jaipur 4
#Dungarpur 6
#Banswara 3
#Bundi 2
#Baran 1
#Pali 2
Cumulative+ve10696
Active +ve 2641
Deaths 241
Migrants+ve 3095
Detailed report👇 pic.twitter.com/yrVaN22OZX",[],[],['https://pbs.twimg.com/media/EZ9_7xXWkAAQa22.jpg'],0,0,2,"['#rajasthan', '#covid_19', '#unlock1', '#alwar', '#sirohi', '#bharatpur', '#kota', '#jhalawar', '#jaipur', '#dungarpur', '#banswara', '#bundi', '#baran', '#pali']",[],https://twitter.com/TheDesertXpress/status/1269874508057452548,False,,0,,,,,,,"[{'user_id': '1253355596222541825', 'username': 'TheDesertXpress'}]",,,,
1269873980200103936,1269873980200103936,1591596524000,2020-06-08,11:38:44,IST,1049674796764524545,akshaygour0141,Akshay Kumar Gour (akki),,"#Rajasthan #Covid_19 10:30am update
#Unlock1

97 new Positive & 1 Death reported
#Alwar 58
#Sirohi 3
#Bharatpur 4
#Kota 12
#Jhalawar 2
#Jaipur 4
#Dungarpur 6
#Banswara 3
#Bundi 2
#Baran 1
#Pali 2
Cumulative+ve10696
Active +ve 2641
Deaths 241
Migrants+ve 3095
Detailed report👇 pic.twitter.com/enhx7u2azJ",[],[],['https://pbs.twimg.com/media/EZ9_pYRWAAI5hFU.jpg'],0,0,0,"['#rajasthan', '#covid_19', '#unlock1', '#alwar', '#sirohi', '#bharatpur', '#kota', '#jhalawar', '#jaipur', '#dungarpur', '#banswara', '#bundi', '#baran', '#pali']",[],https://twitter.com/akshaygour0141/status/1269873980200103936,False,,0,,,,,,,"[{'user_id': '1049674796764524545', 'username': 'akshaygour0141'}]",,,,
1269873735252635652,1269873735252635652,1591596466000,2020-06-08,11:37:46,IST,1006946806989635584,vikastak1436,Vikas Tak,,"#Rajasthan #Covid_19 8 #June 10:30am update
#Unlock1

97 new Positive & 1 Death reported
#Alwar 58
#Sirohi 3
#Bharatpur 4
#Kota 12
#Jhalawar 2
#Jaipur 4
#Dungarpur 6
#Banswara 3
#Bundi 2
#Baran 1
#Pali 2
Cumulative+ve10696
Active +ve 2641
Deaths 241
Migrants+ve 3095
#StayHome pic.twitter.com/KV91VrC1PU",[],[],['https://pbs.twimg.com/media/EZ9_az6UcAEbRfB.jpg'],0,0,0,"['#rajasthan', '#covid_19', '#june', '#unlock1', '#alwar', '#sirohi', '#bharatpur', '#kota', '#jhalawar', '#jaipur', '#dungarpur', '#banswara', '#bundi', '#baran', '#pali', '#stayhome']",[],https://twitter.com/Vikastak1436/status/1269873735252635652,False,,0,,,,,,,"[{'user_id': '1006946806989635584', 'username': 'Vikastak1436'}]",,,,
1269873261673721856,1269873261673721856,1591596353000,2020-06-08,11:35:53,IST,863774890083614722,ronakt999,ronak__trivedi,,"#Rajasthan #Covid_19 10:30am update
#Unlock1

97 new Positive & 1 Death reported
#Alwar 58
#Sirohi 3
#Bharatpur 4
#Kota 12
#Jhalawar 2
#Jaipur 4
#Dungarpur 6
#Banswara 3
#Bundi 2
#Baran 1
#Pali 2
Cumulative+ve10696
Active +ve 2641
Deaths 241
Migrants+ve 3095",[],[],[],0,0,0,"['#rajasthan', '#covid_19', '#unlock1', '#alwar', '#sirohi', '#bharatpur', '#kota', '#jhalawar', '#jaipur', '#dungarpur', '#banswara', '#bundi', '#baran', '#pali']",[],https://twitter.com/ronakt999/status/1269873261673721856,False,,0,,,,,,,"[{'user_id': '863774890083614722', 'username': 'ronakt999'}]",,,,
1269872770902605825,1269872770902605825,1591596236000,2020-06-08,11:33:56,IST,1227857000475742208,indiacovid,Jodhpur Corona Updates,,"#Rajasthan #Covid_19 10:30am update
#Unlock1

97 new Positive & 1 Death reported
#Alwar 58
#Sirohi 3
#Bharatpur 4
#Kota 12
#Jhalawar 2
#Jaipur 4
#Dungarpur 6
#Banswara 3
#Bundi 2
#Baran 1
#Pali 2
Cumulative+ve10696
Active +ve 2641
Deaths 241
Migrants+ve 3095
Detailed report👇 pic.twitter.com/jd1L8tNNJ3",[],[],['https://pbs.twimg.com/media/EZ9-iv2XkAEyUXj.jpg'],0,2,4,"['#rajasthan', '#covid_19', '#unlock1', '#alwar', '#sirohi', '#bharatpur', '#kota', '#jhalawar', '#jaipur', '#dungarpur', '#banswara', '#bundi', '#baran', '#pali']",[],https://twitter.com/indiacovid/status/1269872770902605825,False,,0,,,,,,,"[{'user_id': '1227857000475742208', 'username': 'indiacovid'}]",,,,
1269871584090734592,1269871584090734592,1591595953000,2020-06-08,11:29:13,IST,2182715673,nandkishorekum5,Nand Kishore Kumawat,,"#Rajasthan #Covid_19 10:30am update
#Unlock1

97 new Positive & 1 Death reported
#Alwar 58
#Sirohi 3
#Bharatpur 4
#Kota 12
#Jhalawar 2
#Jaipur 4
#Dungarpur 6
#Banswara 3
#Bundi 2
#Baran 1
#Pali 2
Cumulative+ve10696
Active +ve 2641
Deaths 241
Migrants+ve 3095
Detailed report👇 pic.twitter.com/5yEIRFRsLg",[],[],['https://pbs.twimg.com/media/EZ99c1BX0AAxKhi.jpg'],0,0,2,"['#rajasthan', '#covid_19', '#unlock1', '#alwar', '#sirohi', '#bharatpur', '#kota', '#jhalawar', '#jaipur', '#dungarpur', '#banswara', '#bundi', '#baran', '#pali']",[],https://twitter.com/NANDKISHOREKUM5/status/1269871584090734592,False,,0,,,,,,,"[{'user_id': '2182715673', 'username': 'NANDKISHOREKUM5'}]",,,,
1269871412669448192,1269871412669448192,1591595912000,2020-06-08,11:28:32,IST,138727664,dineshkumawat,Dinesh Kumawat,,"#Rajasthan #Covid_19 10:30am update
#Unlock1

97 new Positive & 1 Death reported
#Alwar 58
#Sirohi 3
#Bharatpur 4
#Kota 12
#Jhalawar 2
#Jaipur 4
#Dungarpur 6
#Banswara 3
#Bundi 2
#Baran 1
#Pali 2
Cumulative+ve10696
Active +ve 2641
Deaths 241
Migrants+ve 3095
Detailed report👇 pic.twitter.com/Rq38Ar6tQj",[],[],"['https://pbs.twimg.com/media/EZ99TerUwAIP20W.jpg', 'https://pbs.twimg.com/media/EZ99UWuU4AAS35M.jpg']",2,4,18,"['#rajasthan', '#covid_19', '#unlock1', '#alwar', '#sirohi', '#bharatpur', '#kota', '#jhalawar', '#jaipur', '#dungarpur', '#banswara', '#bundi', '#baran', '#pali']",[],https://twitter.com/dineshkumawat/status/1269871412669448192,False,,0,,,,,,,"[{'user_id': '138727664', 'username': 'dineshkumawat'}]",,,,
1269286177288445952,1269286177288445952,1591456381000,2020-06-06,20:43:01,IST,2164575084,1stindianews,First India News Rajasthan,,"#Alwar : कोरोना के पेंडिंग सैम्पल की संख्या बढ़ी

2055 हो गई पेंडिंग सैम्पल की संख्या, अलवर के सैम्पलों की नहीं हो पा रही जांच, 3 जून के बाद नहीं आया है कोई पॉजिटिव केस

#CoronaVirus #Covid19 #Unlock1 #Lockdown5",[],[],[],0,3,35,"['#alwar', '#coronavirus', '#covid19', '#unlock1', '#lockdown5']",[],https://twitter.com/1stIndiaNews/status/1269286177288445952,False,,0,,,,,,,"[{'user_id': '2164575084', 'username': '1stIndiaNews'}]",,,,
1268820301254553600,1268820301254553600,1591345308000,2020-06-05,13:51:48,IST,2989790052,a1tvrajasthan,A1TV,,"#Alwar #कठूमर : गांव रेला में फायरिंग मामला 

फायरिंग में घायल युवक ने तोड़ा दम, अलवर ले जाते समय रास्ते में तोड़ा दम, पुलिस ने तीन लोगों को लिया हिरासत में  #A1TVNews #CoronaPandemic #Lockdown5 #Unlock1 @AlwarPolice",['alwarpolice'],[],[],0,0,0,"['#alwar', '#कठूमर', '#a1tvnews', '#coronapandemic', '#lockdown5', '#unlock1']",[],https://twitter.com/A1TVrajasthan/status/1268820301254553600,False,,0,,,,,,,"[{'user_id': '2989790052', 'username': 'A1TVrajasthan'}, {'user_id': '806106103733850112', 'username': 'AlwarPolice'}]",,,,
1267845831761199114,1267845831761199114,1591112976000,2020-06-02,21:19:36,IST,2164575084,1stindianews,First India News Rajasthan,,"#Alwar : भिवाड़ी में सोशल मीडिया पर तेजी वायरल हो रही अफवाहें

भिवाड़ी में तेजी से बढ़ी कोरोना पॉजिटिव मरीजों की संख्या की अफवाहें, फेसबुक व वॉट्सएप पर शहर में कर्फ्यू जैसी अफवाहों को दी जा रही हवा, व्यापारी वर्ग व आम जनता में तेज हुई हलचल

#CoronaVirus #Covid19 #Unlock1",[],[],[],2,2,30,"['#alwar', '#coronavirus', '#covid19', '#unlock1']",[],https://twitter.com/1stIndiaNews/status/1267845831761199114,False,,0,,,,,,,"[{'user_id': '2164575084', 'username': '1stIndiaNews'}]",,,,
1267844503500730368,1267844503500730368,1591112659000,2020-06-02,21:14:19,IST,1265534256748658688,jaysingh06,Jay Singh Choudhary,,"#IndiaFightsCorona #Unlock1

June 2nd, 10:30am #Rajasthan 33/33 #COVID19  Update

171new +ve & 2 Deaths reported
#Bharatpur 70
#Jaipur 34
#Dausa 4
#Jodhpur 12
#Churu 2
#Tonk 1
#Dholpur 1
#Jhunjhunu 4
#Jhalawar 23
#Alwar 10
#Kota 10
Cumulative +ve 9271
Active +ve 2803
Deaths 201",[],[],[],0,0,3,"['#indiafightscorona', '#unlock1', '#rajasthan', '#covid19', '#bharatpur', '#jaipur', '#dausa', '#jodhpur', '#churu', '#tonk', '#dholpur', '#jhunjhunu', '#jhalawar', '#alwar', '#kota']",[],https://twitter.com/JaySingh06/status/1267844503500730368,False,,0,,,,,,,"[{'user_id': '1265534256748658688', 'username': 'JaySingh06'}]",,,,
1267802751301541889,1267802751301541889,1591102705000,2020-06-02,18:28:25,IST,2164575084,1stindianews,First India News Rajasthan,,"#Alwar : कलेक्टर ने जारी किए भिवाड़ी में कर्फ्यू के आदेश

भिवाड़ी के हाउसिंग बोर्ड के सेक्टर-1 में कर्फ्यू, UIT कॉलोनी के सेक्टर-2 व 7 में पीड़ित के घर से 1 किमी क्षेत्र में कर्फ्यू...

#CoronaVirus #Covid19 #Unlock1 #Lockdown5 pic.twitter.com/Qie4MTvLrW",[],[],['https://pbs.twimg.com/media/EZgj3vdWAAA3Xk_.jpg'],0,2,19,"['#alwar', '#coronavirus', '#covid19', '#unlock1', '#lockdown5']",[],https://twitter.com/1stIndiaNews/status/1267802751301541889,False,,0,,,,,,,"[{'user_id': '2164575084', 'username': '1stIndiaNews'}]",,,,
1267703669946036226,1267703669946036226,1591079082000,2020-06-02,11:54:42,IST,133683366,pankaj_jain08,Pankaj💯 ➕,,"#IndiaFightsCorona #Unlock1

June 2nd, 10:30am #Rajasthan 33/33 #COVID19  Update

171new +ve & 2 Deaths reported
#Bharatpur 70
#Jaipur 34
#Dausa 4
#Jodhpur 12
#Churu 2
#Tonk 1
#Dholpur 1
#Jhunjhunu 4
#Jhalawar 23
#Alwar 10
#Kota 10
Cumulative +ve 9271
Active +ve 2803
Deaths 201 pic.twitter.com/xWJ3tLPziH",[],[],['https://pbs.twimg.com/media/EZfJwczVAAAFE_s.jpg'],0,0,3,"['#indiafightscorona', '#unlock1', '#rajasthan', '#covid19', '#bharatpur', '#jaipur', '#dausa', '#jodhpur', '#churu', '#tonk', '#dholpur', '#jhunjhunu', '#jhalawar', '#alwar', '#kota']",[],https://twitter.com/pankaj_jain08/status/1267703669946036226,False,,0,,,,,,,"[{'user_id': '133683366', 'username': 'pankaj_jain08'}]",,,,
1267700869505712128,1267700869505712128,1591078414000,2020-06-02,11:43:34,IST,852226879855763461,pwnkusharma,Pawan Sharma (Saraswat),,"#IndiaFightsCorona #Unlock1

June 2nd, 10:30am #Rajasthan 33/33 #COVID19  Update

171new +ve & 2 Deaths reported
#Bharatpur 70
#Jaipur 34
#Dausa 4
#Jodhpur 12
#Churu 2
#Tonk 1
#Dholpur 1
#Jhunjhunu 4
#Jhalawar 23
#Alwar 10
#Kota 10
Cumulative +ve 9271
Active +ve 2803
Deaths 201",[],[],[],1,1,2,"['#indiafightscorona', '#unlock1', '#rajasthan', '#covid19', '#bharatpur', '#jaipur', '#dausa', '#jodhpur', '#churu', '#tonk', '#dholpur', '#jhunjhunu', '#jhalawar', '#alwar', '#kota']",[],https://twitter.com/Pwnkusharma/status/1267700869505712128,False,,0,,,,,,,"[{'user_id': '852226879855763461', 'username': 'Pwnkusharma'}]",,,,
1267699599361241090,1267699599361241090,1591078111000,2020-06-02,11:38:31,IST,1049674796764524545,akshaygour0141,Akshay Kumar Gour (akki),,"#IndiaFightsCorona #Unlock1

June 2nd, 10:30am #Rajasthan 33/33 #COVID19  Update

171new +ve & 2 Deaths reported
#Bharatpur 70
#Jaipur 34
#Dausa 4
#Jodhpur 12
#Churu 2
#Tonk 1
#Dholpur 1
#Jhunjhunu 4
#Jhalawar 23
#Alwar 10
#Kota 10
Cumulative +ve 9271
Active +ve 2803
Deaths 201 pic.twitter.com/rGBCh5CKH2",[],[],"['https://pbs.twimg.com/media/EZfGDNNWsAAyqAU.jpg', 'https://pbs.twimg.com/media/EZfGD8oXgAAj3Ik.jpg']",1,0,2,"['#indiafightscorona', '#unlock1', '#rajasthan', '#covid19', '#bharatpur', '#jaipur', '#dausa', '#jodhpur', '#churu', '#tonk', '#dholpur', '#jhunjhunu', '#jhalawar', '#alwar', '#kota']",[],https://twitter.com/akshaygour0141/status/1267699599361241090,False,,0,,,,,,,"[{'user_id': '1049674796764524545', 'username': 'akshaygour0141'}]",,,,
1267690495993659392,1267690495993659392,1591075941000,2020-06-02,11:02:21,IST,2182715673,nandkishorekum5,Nand Kishore Kumawat,,"#IndiaFightsCorona #Unlock1

June 2nd, 10:30am #Rajasthan 33/33 #COVID19  Update

171new +ve & 2 Deaths reported
#Bharatpur 70
#Jaipur 34
#Dausa 4
#Jodhpur 12
#Churu 2
#Tonk 1
#Dholpur 1
#Jhunjhunu 4
#Jhalawar 23
#Alwar 10
#Kota 10
Cumulative +ve 9271
Active +ve 2803
Deaths 201 pic.twitter.com/dlwnvy7Kb7",[],[],['https://pbs.twimg.com/media/EZe9uz6XQAc5XMQ.jpg'],0,0,2,"['#indiafightscorona', '#unlock1', '#rajasthan', '#covid19', '#bharatpur', '#jaipur', '#dausa', '#jodhpur', '#churu', '#tonk', '#dholpur', '#jhunjhunu', '#jhalawar', '#alwar', '#kota']",[],https://twitter.com/NANDKISHOREKUM5/status/1267690495993659392,False,,0,,,,,,,"[{'user_id': '2182715673', 'username': 'NANDKISHOREKUM5'}]",,,,
1267690223967690755,1267690223967690755,1591075876000,2020-06-02,11:01:16,IST,280049922,ritendra4u,Ritendra Yadav,,"#IndiaFightsCorona #Unlock1

June 2nd, 10:30am #Rajasthan 33/33 #COVID19  Update

171new +ve & 2 Deaths reported
#Bharatpur 70
#Jaipur 34
#Dausa 4
#Jodhpur 12
#Churu 2
#Tonk 1
#Dholpur 1
#Jhunjhunu 4
#Jhalawar 23
#Alwar 10
#Kota 10
Cumulative +ve 9271
Active +ve 2803
Deaths 201 pic.twitter.com/80iHVVRAgE",[],[],['https://pbs.twimg.com/media/EZe9hoFVAAEna9u.jpg'],0,0,1,"['#indiafightscorona', '#unlock1', '#rajasthan', '#covid19', '#bharatpur', '#jaipur', '#dausa', '#jodhpur', '#churu', '#tonk', '#dholpur', '#jhunjhunu', '#jhalawar', '#alwar', '#kota']",[],https://twitter.com/ritendra4u/status/1267690223967690755,False,,0,,,,,,,"[{'user_id': '280049922', 'username': 'ritendra4u'}]",,,,
1267687898058559490,1267687898058559490,1591075322000,2020-06-02,10:52:02,IST,1006946806989635584,vikastak1436,Vikas Tak,,"#June 2nd, 10:30am #Rajasthan 33/33 #COVID19  Update

171new +ve & 2 Deaths reported
#Bharatpur 70
#Jaipur 34
#Dausa 4
#Jodhpur 12
#Churu 2
#Tonk 1
#Dholpur 1
#Jhunjhunu 4
#Jhalawar 23
#Alwar 10
#Kota 10
Cumulative +ve 9271
Active +ve 2803
Deaths 201 
#IndiaFightsCorona #Unlock1  pic.twitter.com/LbAuGqKXEr",[],[],"['https://pbs.twimg.com/media/EZe7Z60UEAE0oRi.jpg', 'https://pbs.twimg.com/media/EZe7as-VcAAspWk.jpg']",0,0,2,"['#june', '#rajasthan', '#covid19', '#bharatpur', '#jaipur', '#dausa', '#jodhpur', '#churu', '#tonk', '#dholpur', '#jhunjhunu', '#jhalawar', '#alwar', '#kota', '#indiafightscorona', '#unlock1']",[],https://twitter.com/Vikastak1436/status/1267687898058559490,False,,0,,,,,,,"[{'user_id': '1006946806989635584', 'username': 'Vikastak1436'}]",,,,
1267687504410337280,1267687504410337280,1591075228000,2020-06-02,10:50:28,IST,138727664,dineshkumawat,Dinesh Kumawat,,"#IndiaFightsCorona #Unlock1

June 2nd, 10:30am #Rajasthan 33/33 #COVID19  Update

171new +ve & 2 Deaths reported
#Bharatpur 70
#Jaipur 34
#Dausa 4
#Jodhpur 12
#Churu 2
#Tonk 1
#Dholpur 1
#Jhunjhunu 4
#Jhalawar 23
#Alwar 10
#Kota 10
Cumulative +ve 9271
Active +ve 2803
Deaths 201 pic.twitter.com/BEjZtAUoKW",[],[],"['https://pbs.twimg.com/media/EZe7DCNU4AIf8Kq.jpg', 'https://pbs.twimg.com/media/EZe7D8aVcAAgPeM.jpg']",4,5,16,"['#indiafightscorona', '#unlock1', '#rajasthan', '#covid19', '#bharatpur', '#jaipur', '#dausa', '#jodhpur', '#churu', '#tonk', '#dholpur', '#jhunjhunu', '#jhalawar', '#alwar', '#kota']",[],https://twitter.com/dineshkumawat/status/1267687504410337280,False,,0,,,,,,,"[{'user_id': '138727664', 'username': 'dineshkumawat'}]",,,,
1267481807190020096,1267481807190020096,1591026186000,2020-06-01,21:13:06,IST,1587915768,zeerajasthan_,ZEE Rajasthan,,"#Alwar | #Unlock1 के पहले दिन अलवर संग्रालय खोल दिया गया।

@kishor_gandhi @MahantBalaknath @sharmasanjay169
@RawatMLA @baljeetbehror @ManjeetDPC_BJP @meena_johari @ShafiazubairINC @KantiPrasadMina
@Sandeepbhiwadi @TikaRamjullyINC @AlwarDistrict
@AlwarPolice pic.twitter.com/qJLSI0tYrm","['kishor_gandhi', 'mahantbalaknath', 'rawatmla', 'baljeetbehror', 'manjeetdpc_bjp', 'meena_johari', 'shafiazubairinc', 'sandeepbhiwadi', 'tikaramjullyinc', 'alwardistrict', 'alwarpolice']",[],[],0,0,3,"['#alwar', '#unlock1']",[],https://twitter.com/zeerajasthan_/status/1267481807190020096,False,,1,,,,,,,"[{'user_id': '1587915768', 'username': 'zeerajasthan_'}, {'user_id': '2554584996', 'username': 'kishor_gandhi'}, {'user_id': '1047715894493945856', 'username': 'MahantBalaknath'}, {'user_id': '1248876266398203904', 'username': 'RawatMla'}, {'user_id': '1466947105', 'username': 'BaljeetBehror'}, {'user_id': '187929004', 'username': 'ManjeetDPC_BJP'}, {'user_id': '1167012444822097921', 'username': 'meena_johari'}, {'user_id': '1077181915', 'username': 'ShafiaZubairINC'}, {'user_id': '355595551', 'username': 'sandeepbhiwadi'}, {'user_id': '810462255045349376', 'username': 'TikaRamJullyINC'}, {'user_id': '1084691966988709889', 'username': 'AlwarDistrict'}, {'user_id': '806106103733850112', 'username': 'AlwarPolice'}]",,,,
1267433992783114240,1267433992783114240,1591014786000,2020-06-01,18:03:06,IST,1657620379,rpbreakingnews,rpbreakingnews,,"अलवर जंक्शन पर 2 जून से फिर से पटरी पर दौड़ेंगी ट्रेनें, फ़िलहाल चलेंगी यह दो ट्रेनें, जानिए आप भी
#Alwar #Lockdown5 #Unlock1
 https://www.patrika.com/alwar-news/alwar-junction-two-trains-will-run-from-alwar-junction-after-lock-down-6153803/ …",[],['https://www.patrika.com/alwar-news/alwar-junction-two-trains-will-run-from-alwar-junction-after-lock-down-6153803/'],[],0,4,18,"['#alwar', '#lockdown5', '#unlock1']",[],https://twitter.com/rpbreakingnews/status/1267433992783114240,False,,0,,,,,,,"[{'user_id': '1657620379', 'username': 'rpbreakingnews'}]",,,,
1266982969421565952,1266982969421565952,1590907253000,2020-05-31,12:10:53,IST,1245241709048369152,preetpal_20,Preet Pal Singh,,#Unlock1 #Unlock #UnlockIndia Alwar City Unlocked ! But Patriwaala / rikshah etc ?  https://twitter.com/preetpal_20/status/1264464777126043649 …,[],['https://twitter.com/preetpal_20/status/1264464777126043649'],[],0,0,0,"['#unlock1', '#unlock', '#unlockindia']",[],https://twitter.com/preetpal_20/status/1266982969421565952,False,https://twitter.com/preetpal_20/status/1264464777126043649,0,,,,,,,"[{'user_id': '1245241709048369152', 'username': 'preetpal_20'}]",,,,
