id,conversation_id,created_at,date,time,timezone,user_id,username,name,place,tweet,mentions,urls,photos,replies_count,retweets_count,likes_count,hashtags,cashtags,link,retweet,quote_url,video,near,geo,source,user_rt_id,user_rt,retweet_id,reply_to,retweet_date,translate,trans_src,trans_dest
1274982762328363009,1274982762328363009,1592814553000,2020-06-22,13:59:13,IST,895969105680809988,ddnewsrajasthan,DD News Rajasthan,,"#Unlock1 खत्म होते होते अब फिर से रफ्तार पकड़ने लगी जिंदगी, मजूदरों की काम पर वापसी का दौर शुरू, #Jodhpur में वापिस काम पर लौटने लगे #UP #Bihar के मजदूर, फिलहाल जांच व स्क्रीनिंग के बाद फैक्ट्रियों में करने लगे काम, फैक्ट्री मालिकों व मजदूरों ने जताया सरकार का आभार pic.twitter.com/FIuAHTUnQO",[],[],"['https://pbs.twimg.com/media/EbGlp7zU8AIRVnT.jpg', 'https://pbs.twimg.com/media/EbGl0DZVAAAwW7n.jpg', 'https://pbs.twimg.com/media/EbGl5vMVcAAqpgh.jpg', 'https://pbs.twimg.com/media/EbGmDIkVcAECG5j.jpg']",1,2,12,"['#unlock1', '#jodhpur', '#up', '#bihar']",[],https://twitter.com/DDNewsRajasthan/status/1274982762328363009,False,,0,,,,,,,"[{'user_id': '895969105680809988', 'username': 'DDNewsRajasthan'}]",,,,
1274369592748433408,1274309355698114560,1592668362000,2020-06-20,21:22:42,IST,902722250087870465,harmanchoudhry,हरमन चौधरी,,"#Jodhpur : कमिश्नरेट पुलिस ने 556 व्यक्तियों के बनाए चालान

मास्क नहीं पहनने,सोशल डिस्टेंसिंग की पालना नहीं करने पर चालान, कई दुकानदारों के भी बनाए गए चालान, बिना मास्क के ग्राहकों को बेच रहे थे सामान, 63300 रुपए की जुर्माना राशि की गई वसूल

#CoronaPandemic #Unlock1 #Lockdown5","['v_beniwaloffice', 'ashokgehlot51', 'rlpindiaorg', 'office_hb', 'news18rajasthan']",[],[],0,0,1,"['#jodhpur', '#coronapandemic', '#unlock1', '#lockdown5']",[],https://twitter.com/HarmanChoudhry/status/1274369592748433408,False,,0,,,,,,,"[{'user_id': '902722250087870465', 'username': 'HarmanChoudhry'}, {'user_id': '1258678854299856901', 'username': 'V_Beniwaloffice'}, {'user_id': '385926583', 'username': 'ashokgehlot51'}, {'user_id': '1056936156619833345', 'username': 'RLPINDIAorg'}, {'user_id': '1251346777556389888', 'username': 'office_hb'}, {'user_id': '462902673', 'username': 'News18Rajasthan'}]",,,,
1274367371533103104,1274367371533103104,1592667832000,2020-06-20,21:13:52,IST,2164575084,1stindianews,First India News Rajasthan,,"#Jodhpur : कमिश्नरेट पुलिस ने 556 व्यक्तियों के बनाए चालान

मास्क नहीं पहनने,सोशल डिस्टेंसिंग की पालना नहीं करने पर चालान, कई दुकानदारों के भी बनाए गए चालान, बिना मास्क के ग्राहकों को बेच रहे थे सामान, 63300 रुपए की जुर्माना राशि की गई वसूल

#CoronaPandemic #Unlock1 #Lockdown5",[],[],[],1,6,63,"['#jodhpur', '#coronapandemic', '#unlock1', '#lockdown5']",[],https://twitter.com/1stIndiaNews/status/1274367371533103104,False,,0,,,,,,,"[{'user_id': '2164575084', 'username': '1stIndiaNews'}]",,,,
1274008821502029830,1274008821502029830,1592582347000,2020-06-19,21:29:07,IST,1259548280255418369,marwaditales,marwadi.tales,,"Unlock Marwadis, unlock business 
#Unlock1 #MarwadiTales #marwad #Rajasthan #rajasthani #marwar #mewar #Jodhpur #Pali #Barmer #Jalore #Sirohi #Jaipur #udaipur #bikaner #Jaisalmer #Kota #Mumbai #Bombay #Delhi #Pune #Bangalore #Chennai #rajasthandiaries @MarwadiTales pic.twitter.com/H1P9FCrU3z",['marwaditales'],[],['https://pbs.twimg.com/media/Ea4wROIXsAAF71V.jpg'],0,2,3,"['#unlock1', '#marwaditales', '#marwad', '#rajasthan', '#rajasthani', '#marwar', '#mewar', '#jodhpur', '#pali', '#barmer', '#jalore', '#sirohi', '#jaipur', '#udaipur', '#bikaner', '#jaisalmer', '#kota', '#mumbai', '#bombay', '#delhi', '#pune', '#bangalore', '#chennai', '#rajasthandiaries']",[],https://twitter.com/MarwadiTales/status/1274008821502029830,False,,0,,,,,,,"[{'user_id': '1259548280255418369', 'username': 'MarwadiTales'}]",,,,
1271845895147941889,1271845895147941889,1592066665000,2020-06-13,22:14:25,IST,614216332,keshavchandak34,Keshav Chandak,,"@ashokgehlot51 @RajCMO @pantlp  there are any chances in #Jodhpur to get better the situation or it will become like Delhi ? Nowdays ,no  guidelines are strictly followed  ? Is @ashokgehlot51 ji will take again first step in India for lockdown aftr #Unlock1 ? @Bollywoodtrack_ https://twitter.com/Bollywoodtrack_/status/1271833466133495808 …","['ashokgehlot51', 'rajcmo', 'pantlp', 'bollywoodtrack_']",['https://twitter.com/Bollywoodtrack_/status/1271833466133495808'],[],0,1,1,"['#jodhpur', '#unlock1']",[],https://twitter.com/keshavchandak34/status/1271845895147941889,False,https://twitter.com/Bollywoodtrack_/status/1271833466133495808,0,,,,,,,"[{'user_id': '614216332', 'username': 'keshavchandak34'}, {'user_id': '385926583', 'username': 'ashokgehlot51'}, {'user_id': '786161824622194688', 'username': 'RajCMO'}, {'user_id': '101258092', 'username': 'pantlp'}, {'user_id': '3244964256', 'username': 'Bollywoodtrack_'}]",,,,
1270951289250213888,1270951289250213888,1591853375000,2020-06-11,10:59:35,IST,74412098,sanwat,Arsenal ❤️,,When in #unlock1 the central guidelines are that there will be complete shit down between 9 pm to 5 am the news today by @DainikBhaskar showing almost all areas of #jodhpur after 9.30 some at 10 with normal traffic and police not stopping them is shocking. No wonder cases r high,['dainikbhaskar'],[],[],0,0,1,"['#unlock1', '#jodhpur']",[],https://twitter.com/sanwat/status/1270951289250213888,False,,0,,,,,,,"[{'user_id': '74412098', 'username': 'sanwat'}, {'user_id': '67378160', 'username': 'DainikBhaskar'}]",,,,
1270384096955555840,1270384096955555840,1591718145000,2020-06-09,21:25:45,IST,138727664,dineshkumawat,Dinesh Kumawat,,"#Jodhpur  as on 9 June 20, 9pm
Cumulative +ve 1944

#Unlock1  needs more awareness
#StayAtHome #StaySafeStayHealthy  https://twitter.com/dineshkumawat/status/1270380507067531272 … pic.twitter.com/e4UJSHyeeJ",[],['https://twitter.com/dineshkumawat/status/1270380507067531272'],"['https://pbs.twimg.com/media/EaFPjsgUMAAH_1_.jpg', 'https://pbs.twimg.com/media/EaFPk8HUMAETQRe.jpg']",0,4,11,"['#jodhpur', '#unlock1', '#stayathome', '#staysafestayhealthy']",[],https://twitter.com/dineshkumawat/status/1270384096955555840,False,,0,,,,,,,"[{'user_id': '138727664', 'username': 'dineshkumawat'}]",,,,
1270360603756859393,1270360603756859393,1591712544000,2020-06-09,19:52:24,IST,701223457606885377,jaipal13saini,jaipal saini,RTO,"Today I visited RTO Jodhpur
& There are no #SocialDistancing
Please Do action & arrange the social distancing. #IndiaFightsCorona
#Unlock1 #Rajasthan
@JodhpurPcr @PoliceRajasthan @RajGovOfficial @indiatvnews @aajtak @abpnewshindi pic.twitter.com/Dr0KNs9Dkg – at RTO","['jodhpurpcr', 'policerajasthan', 'rajgovofficial', 'indiatvnews', 'aajtak', 'abpnewshindi']",[],"['https://pbs.twimg.com/media/EaE6LxSWkAA0-_j.jpg', 'https://pbs.twimg.com/media/EaE6NleWoAUx09e.jpg']",0,0,2,"['#socialdistancing', '#indiafightscorona', '#unlock1', '#rajasthan']",[],https://twitter.com/jaipal13saini/status/1270360603756859393,False,,0,,,,,,,"[{'user_id': '701223457606885377', 'username': 'jaipal13saini'}, {'user_id': '1002516190181277696', 'username': 'JodhpurPcr'}, {'user_id': '907952401486725122', 'username': 'PoliceRajasthan'}, {'user_id': '786151699996041218', 'username': 'RajGovOfficial'}, {'user_id': '34245009', 'username': 'indiatvnews'}, {'user_id': '42606652', 'username': 'aajtak'}, {'user_id': '333888813', 'username': 'abpnewshindi'}]",,,,
1270160192106229760,1270160192106229760,1591664762000,2020-06-09,06:36:02,IST,37034483,ndtv,NDTV,,"Hotels reopened in Jodhpur yesterday following relaxations in lockdown. A hotel owner said, ""We have made proper arrangement of hygiene and sanitisation for guests"" (news agency ANI).

#Unlock1  pic.twitter.com/jLiOqlcqWe",[],[],"['https://pbs.twimg.com/media/EaCDqZqUMAYLox-.png', 'https://pbs.twimg.com/media/EaCDqswUYAAbgzu.png', 'https://pbs.twimg.com/media/EaCDsDuUEAAobKh.png', 'https://pbs.twimg.com/media/EaCDs4KUcAE3AbF.png']",3,7,75,['#unlock1'],[],https://twitter.com/ndtv/status/1270160192106229760,False,,0,,,,,,,"[{'user_id': '37034483', 'username': 'ndtv'}]",,,,
1270026411596812288,1270026411596812288,1591632867000,2020-06-08,21:44:27,IST,2164575084,1stindianews,First India News Rajasthan,,"#Jodhpur : कमिश्नरेट पुलिस ने 467 लोगों के बनाए चालान

मास्क नहीं पहनने, सोशल डिस्टेंसिंग की पालना नहीं करने पर बनाए चालान, कई दुकानदारों के भी बनाए गए चालान, बिना मास्क के ग्राहकों को बेच रहे थे सामान, 61,00 की जुर्माना राशि की वसूल

#CoronaPandemic #Unlock1 #Lockdown5",[],[],[],1,3,23,"['#jodhpur', '#coronapandemic', '#unlock1', '#lockdown5']",[],https://twitter.com/1stIndiaNews/status/1270026411596812288,False,,0,,,,,,,"[{'user_id': '2164575084', 'username': '1stIndiaNews'}]",,,,
1270014979027070976,1270014979027070976,1591630141000,2020-06-08,20:59:01,IST,2182715673,nandkishorekum5,Nand Kishore Kumawat,,"#Rajasthan #Covid_19  8:30pm update

277new +ve & 6 Deaths reported
67 #Alwar
60 #Bharatpur
36 #Jodhpur
34 #Jaipur
12 #Kota
11 #Pali
10 #Sirohi

Cumulative+ve10876
Active+ve 2513
Deaths 246
Migrants+ve 3125
Cured 8117
Discharged 7714

#Unlock1 #StayHomeStaySafe
Detailed chart 👇 pic.twitter.com/RWd7AUsdDJ",[],[],"['https://pbs.twimg.com/media/EZ__0S6XQAA7TDk.jpg', 'https://pbs.twimg.com/media/EZ__2p7WoAUQwTF.jpg']",0,0,3,"['#rajasthan', '#covid_19', '#alwar', '#bharatpur', '#jodhpur', '#jaipur', '#kota', '#pali', '#sirohi', '#unlock1', '#stayhomestaysafe']",[],https://twitter.com/NANDKISHOREKUM5/status/1270014979027070976,False,,0,,,,,,,"[{'user_id': '2182715673', 'username': 'NANDKISHOREKUM5'}]",,,,
1270012775125876736,1270012775125876736,1591629615000,2020-06-08,20:50:15,IST,1227857000475742208,indiacovid,Jodhpur Corona Updates,,"#Rajasthan #Covid_19  8:30pm update

277new +ve & 6 Deaths reported
67 #Alwar
60 #Bharatpur
36 #Jodhpur
34 #Jaipur
12 #Kota
11 #Pali
10 #Sirohi

Cumulative+ve10876
Active+ve 2513
Deaths 246
Migrants+ve 3125
Cured 8117
Discharged 7714

#Unlock1 #StayHomeStaySafe
Detailed chart 👇 pic.twitter.com/EBnRHPRA6E",[],[],['https://pbs.twimg.com/media/EZ_9nxuXQAEmjJD.jpg'],1,2,10,"['#rajasthan', '#covid_19', '#alwar', '#bharatpur', '#jodhpur', '#jaipur', '#kota', '#pali', '#sirohi', '#unlock1', '#stayhomestaysafe']",[],https://twitter.com/indiacovid/status/1270012775125876736,False,,0,,,,,,,"[{'user_id': '1227857000475742208', 'username': 'indiacovid'}]",,,,
1270011974282211328,1270011974282211328,1591629425000,2020-06-08,20:47:05,IST,1049674796764524545,akshaygour0141,Akshay Kumar Gour (akki),,"#Rajasthan #Covid_19  8:30pm update

277new +ve & 6 Deaths reported
67 #Alwar
60 #Bharatpur
36 #Jodhpur
34 #Jaipur
12 #Kota
11 #Pali
10 #Sirohi

Cumulative+ve10876
Active+ve 2513
Deaths 246
Migrants+ve 3125
Cured 8117
Discharged 7714

#Unlock1 #StayHomeStaySafe
Detailed chart 👇 pic.twitter.com/q79G7rMeez",[],[],"['https://pbs.twimg.com/media/EZ_9I_1XQAEBDAE.jpg', 'https://pbs.twimg.com/media/EZ_9J0JWAAEf2hS.jpg']",0,0,2,"['#rajasthan', '#covid_19', '#alwar', '#bharatpur', '#jodhpur', '#jaipur', '#kota', '#pali', '#sirohi', '#unlock1', '#stayhomestaysafe']",[],https://twitter.com/akshaygour0141/status/1270011974282211328,False,,0,,,,,,,"[{'user_id': '1049674796764524545', 'username': 'akshaygour0141'}]",,,,
1270011382700732416,1270011382700732416,1591629283000,2020-06-08,20:44:43,IST,707513296,mttvhimanshu,Himanshu Mathur,,"#Rajasthan #Covid_19  8:30pm update

277new +ve & 6 Deaths reported
67 #Alwar
60 #Bharatpur
36 #Jodhpur
34 #Jaipur
12 #Kota
11 #Pali
10 #Sirohi

Cumulative+ve10876
Active+ve 2513
Deaths 246
Migrants+ve 3125
Cured 8117
Discharged 7714
#Unlock1 #StayHomeStaySafe
Detailed chart 👇 pic.twitter.com/CraSw0AfCB",[],[],['https://pbs.twimg.com/media/EZ_8m02U8AYZpDX.jpg'],0,0,3,"['#rajasthan', '#covid_19', '#alwar', '#bharatpur', '#jodhpur', '#jaipur', '#kota', '#pali', '#sirohi', '#unlock1', '#stayhomestaysafe']",[],https://twitter.com/mttvhimanshu/status/1270011382700732416,False,,0,,,,,,,"[{'user_id': '707513296', 'username': 'mttvhimanshu'}]",,,,
1270011354145976321,1270011354145976321,1591629277000,2020-06-08,20:44:37,IST,1265534256748658688,jaysingh06,Jay Singh Choudhary,,"#Rajasthan #Covid_19  8:30pm update

277new +ve & 6 Deaths reported
67 #Alwar
60 #Bharatpur
36 #Jodhpur
34 #Jaipur
12 #Kota
11 #Pali
10 #Sirohi

Cumulative+ve10876
Active+ve 2513
Deaths 246
Migrants+ve 3125
Cured 8117
Discharged 7714

#Unlock1 #StayHomeStaySafe
Detailed chart pic.twitter.com/ogasKXTTWU",[],[],['https://pbs.twimg.com/media/EZ_8lZqXgAAlBib.jpg'],0,0,5,"['#rajasthan', '#covid_19', '#alwar', '#bharatpur', '#jodhpur', '#jaipur', '#kota', '#pali', '#sirohi', '#unlock1', '#stayhomestaysafe']",[],https://twitter.com/JaySingh06/status/1270011354145976321,False,,0,,,,,,,"[{'user_id': '1265534256748658688', 'username': 'JaySingh06'}]",,,,
1270011012381474823,1270011012381474823,1591629195000,2020-06-08,20:43:15,IST,133683366,pankaj_jain08,Pankaj💯 ➕,,"#Rajasthan #Covid_19  8:30pm update

277new +ve & 6 Deaths reported
67 #Alwar
60 #Bharatpur
36 #Jodhpur
34 #Jaipur
12 #Kota
11 #Pali
10 #Sirohi

Cumulative+ve10876
Active+ve 2513
Deaths 246
Migrants+ve 3125
Cured 8117
Discharged 7714

#Unlock1 #StayHomeStaySafe
Detailed chart 👇 pic.twitter.com/KVpb0UDH3o",[],[],"['https://pbs.twimg.com/media/EZ_8QfeVcAMe-zB.jpg', 'https://pbs.twimg.com/media/EZ_8RuvUEAEbMfP.jpg']",0,0,2,"['#rajasthan', '#covid_19', '#alwar', '#bharatpur', '#jodhpur', '#jaipur', '#kota', '#pali', '#sirohi', '#unlock1', '#stayhomestaysafe']",[],https://twitter.com/pankaj_jain08/status/1270011012381474823,False,,0,,,,,,,"[{'user_id': '133683366', 'username': 'pankaj_jain08'}]",,,,
1270010678099742720,1270010678099742720,1591629115000,2020-06-08,20:41:55,IST,1006946806989635584,vikastak1436,Vikas Tak,,"#Rajasthan #Covid_19 8 #June 8:30pm update

277new +ve & 6 Deaths reported
67 #Alwar
60 #Bharatpur
36 #Jodhpur
34 #Jaipur
12 #Kota
11 #Pali
10 #Sirohi

Cumulative+ve10876
Active+ve 2513
Deaths 246
Migrants+ve 3125
Cured 8117
Discharged 7714

#Unlock1 #StayHomeStaySafe pic.twitter.com/dVqpMUDOOs",[],[],['https://pbs.twimg.com/media/EZ_796WU0AgDG5C.jpg'],0,0,1,"['#rajasthan', '#covid_19', '#june', '#alwar', '#bharatpur', '#jodhpur', '#jaipur', '#kota', '#pali', '#sirohi', '#unlock1', '#stayhomestaysafe']",[],https://twitter.com/Vikastak1436/status/1270010678099742720,False,,0,,,,,,,"[{'user_id': '1006946806989635584', 'username': 'Vikastak1436'}]",,,,
1270009908675698688,1270009908675698688,1591628932000,2020-06-08,20:38:52,IST,138727664,dineshkumawat,Dinesh Kumawat,,"#Rajasthan #Covid_19  8:30pm update

277new +ve & 6 Deaths reported
67 #Alwar
60 #Bharatpur
36 #Jodhpur
34 #Jaipur
12 #Kota
11 #Pali
10 #Sirohi

Cumulative+ve10876
Active+ve 2513
Deaths 246
Migrants+ve 3125
Cured 8117
Discharged 7714

#Unlock1 #StayHomeStaySafe
Detailed chart 👇 pic.twitter.com/e0StXm2RWO",[],[],"['https://pbs.twimg.com/media/EZ_7QOuVcAAQcbY.jpg', 'https://pbs.twimg.com/media/EZ_7RaAU0AAHJek.jpg']",9,3,27,"['#rajasthan', '#covid_19', '#alwar', '#bharatpur', '#jodhpur', '#jaipur', '#kota', '#pali', '#sirohi', '#unlock1', '#stayhomestaysafe']",[],https://twitter.com/dineshkumawat/status/1270009908675698688,False,,0,,,,,,,"[{'user_id': '138727664', 'username': 'dineshkumawat'}]",,,,
1269685451843141632,1269685451843141632,1591551575000,2020-06-07,23:09:35,IST,2164575084,1stindianews,First India News Rajasthan,,"#Jodhpur : कोरोना को लेकर राहत की खबर 

आज 60 मरीजों को किया गया डिस्चार्ज, अब तक 1332 मरीज हुए डिस्चार्ज, अब भी 489 हैं एक्टिव मरीज, CMHO डॉ. बलवंत मंडा ने दी जानकारी

#CoronaVirus #Covid19 #Unlock1 #Lockdown5",[],[],[],1,4,58,"['#jodhpur', '#coronavirus', '#covid19', '#unlock1', '#lockdown5']",[],https://twitter.com/1stIndiaNews/status/1269685451843141632,False,,0,,,,,,,"[{'user_id': '2164575084', 'username': '1stIndiaNews'}]",,,,
1269659248344084481,1269659248344084481,1591545328000,2020-06-07,21:25:28,IST,2164575084,1stindianews,First India News Rajasthan,,"#Jodhpur : कोरोना से शहर में हुई एक और मौत 

प्रताप नगर निवासी बुजुर्ग की हुई मौत, अब तक शहर में कोरोना से हो चुकी है 22 मौत, CMHO डॉ.बलवंत मंडा ने दी जानकारी

#CoronaVirus #Covid19 #Unlock1 #Lockdown5",[],[],[],0,6,41,"['#jodhpur', '#coronavirus', '#covid19', '#unlock1', '#lockdown5']",[],https://twitter.com/1stIndiaNews/status/1269659248344084481,False,,0,,,,,,,"[{'user_id': '2164575084', 'username': '1stIndiaNews'}]",,,,
1269657613727412227,1269657613727412227,1591544938000,2020-06-07,21:18:58,IST,2164575084,1stindianews,First India News Rajasthan,,"#Jodhpur : कोरोना का कहर जारी

दिनभर में 81 नए कोरोना मरीज आए सामने, 1843 हुआ कोरोना मरीजों का आंकड़ा, सीएमएचओ डॉ.बलवंत मंडा ने दी जानकारी

#CoronaVirus #Covid19 #Unlock1 #Lockdown5",[],[],[],0,6,87,"['#jodhpur', '#coronavirus', '#covid19', '#unlock1', '#lockdown5']",[],https://twitter.com/1stIndiaNews/status/1269657613727412227,False,,0,,,,,,,"[{'user_id': '2164575084', 'username': '1stIndiaNews'}]",,,,
1269655161770635264,1269655161770635264,1591544354000,2020-06-07,21:09:14,IST,1006946806989635584,vikastak1436,Vikas Tak,,"#Rajasthan #COVID19 7 #June 8:30pm update

262 new +ve & 9 reported

81 #Jodhpur
63 #Bharatpur
38 #Jaipur
11 #Sikar

Cumulative+ve 10599
#Active +ve 2605
#Deaths 240
#Migrants +ve 3040
#Cured 7754
#Discharged 7390

#IndiaFightsCorona #StayHomeStaySafe
#StayHome #Unlock1  pic.twitter.com/d5uRL1VkXX",[],[],['https://pbs.twimg.com/media/EZ64oHIU4AAGOoX.jpg'],1,0,0,"['#rajasthan', '#covid19', '#june', '#jodhpur', '#bharatpur', '#jaipur', '#sikar', '#active', '#deaths', '#migrants', '#cured', '#discharged', '#indiafightscorona', '#stayhomestaysafe', '#stayhome', '#unlock1']",[],https://twitter.com/Vikastak1436/status/1269655161770635264,False,,0,,,,,,,"[{'user_id': '1006946806989635584', 'username': 'Vikastak1436'}]",,,,
1269572753864011776,1269572753864011776,1591524706000,2020-06-07,15:41:46,IST,3427017740,ishwarbanbheru,Ishwar Banbheru,,"#Jodhpur : कोरोना का लगातार बढ़ रहा संक्रमण !

12 कोरोना पॉजिटिव रोगी और आए सामने, 1774 हुई कोरोना पॉजिटिव मरीजों की संख्या, CMHO डॉ.बलवंत मंडा ने दी जानकारी

#CoronaVirus #Covid19 #Unlock1 #Lockdown5",[],[],[],0,0,1,"['#jodhpur', '#coronavirus', '#covid19', '#unlock1', '#lockdown5']",[],https://twitter.com/Ishwarbanbheru/status/1269572753864011776,False,,0,,,,,,,"[{'user_id': '3427017740', 'username': 'Ishwarbanbheru'}]",,,,
1269572195392483328,1269572195392483328,1591524573000,2020-06-07,15:39:33,IST,1255411464028000257,themirrorindia1,The Mirror India,,"#Jodhpur : कोरोना को लेकर राहत की खबर, बोरानाड़ा कोविड-19 केयर सेंटर से 44 मरीज किए डिस्चार्ज, कोरोना पॉजिटिव से स्वस्थ होने पर किया डिस्चार्ज 
#CoronaVirus #Covid19 #Unlock1 #mirrorindia",[],[],[],0,0,6,"['#jodhpur', '#coronavirus', '#covid19', '#unlock1', '#mirrorindia']",[],https://twitter.com/TheMirrorIndia1/status/1269572195392483328,False,,0,,,,,,,"[{'user_id': '1255411464028000257', 'username': 'TheMirrorIndia1'}]",,,,
1269570141496455171,1269570141496455171,1591524083000,2020-06-07,15:31:23,IST,2164575084,1stindianews,First India News Rajasthan,,"#Jodhpur : कोरोना का लगातार बढ़ रहा संक्रमण !

12 कोरोना पॉजिटिव रोगी और आए सामने, 1774 हुई कोरोना पॉजिटिव मरीजों की संख्या, CMHO डॉ.बलवंत मंडा ने दी जानकारी

#CoronaVirus #Covid19 #Unlock1 #Lockdown5",[],[],[],1,4,37,"['#jodhpur', '#coronavirus', '#covid19', '#unlock1', '#lockdown5']",[],https://twitter.com/1stIndiaNews/status/1269570141496455171,False,,0,,,,,,,"[{'user_id': '2164575084', 'username': '1stIndiaNews'}]",,,,
1269568231146246146,1269568231146246146,1591523628000,2020-06-07,15:23:48,IST,2164575084,1stindianews,First India News Rajasthan,,"#Jodhpur : कोरोना को लेकर राहत की खबर, बोरानाड़ा कोविड-19 केयर सेंटर से 44 मरीज किए डिस्चार्ज, कोरोना पॉजिटिव से स्वस्थ होने पर किया डिस्चार्ज 

#CoronaVirus #Covid19 #Unlock1 #Lockdown5",[],[],[],3,8,108,"['#jodhpur', '#coronavirus', '#covid19', '#unlock1', '#lockdown5']",[],https://twitter.com/1stIndiaNews/status/1269568231146246146,False,,0,,,,,,,"[{'user_id': '2164575084', 'username': '1stIndiaNews'}]",,,,
1269526668932034560,1269526668932034560,1591513719000,2020-06-07,12:38:39,IST,1268937459548774402,itkgot,kundan,,"You should add ""jodhpur me  double honge corona ke case""
#corona #Unlock1  https://twitter.com/Bollywoodtrack_/status/1269258365240213504 …",[],['https://twitter.com/Bollywoodtrack_/status/1269258365240213504'],[],0,0,2,"['#corona', '#unlock1']",[],https://twitter.com/ItKgot/status/1269526668932034560,False,https://twitter.com/Bollywoodtrack_/status/1269258365240213504,0,,,,,,,"[{'user_id': '1268937459548774402', 'username': 'ItKgot'}]",,,,
1269350997794717696,1269350997794717696,1591471835000,2020-06-07,01:00:35,IST,733244909197615104,rajeshspn,Rajesh Vyas,,"#Jodhpur 4 निजी हॉस्पिटलों के 6 डॉक्टर आए कोरोना पॉजिटिव, जिला प्रशासन ने रेंडम सैंपलिंग का लिया था निर्णय, रेंडम सैंपलिंग के दौरान यह मामला सामने, CMHO डॉ.बलवंत मंडा ने दी जानकारी। और यह कहते है..  चिकित्सा व्यवस्था दुरुस्त है।

#CoronaVirus #Covid19 #Unlock1 #Lockdown5 pic.twitter.com/vW77OrIDTN",[],[],['https://pbs.twimg.com/media/EZ2j_iTXsAI58n5.jpg'],0,0,4,"['#jodhpur', '#coronavirus', '#covid19', '#unlock1', '#lockdown5']",[],https://twitter.com/rajeshspn/status/1269350997794717696,False,,0,,,,,,,"[{'user_id': '733244909197615104', 'username': 'rajeshspn'}]",,,,
1269334792337854465,1269334792337854465,1591467972000,2020-06-06,23:56:12,IST,1262012277068378114,danielkhushi1,Khushi Daniel,,"#Jodhpur : दिनभर में 56 नए कोरोना मरीज आए सामने, कोरोना मरीजों का आंकड़ा हुआ 1762, CMHO डॉ.बलवंत मंडा ने दी जानकारी

#CoronaVirus #Covid19 #Unlock1 #Lockdown5",[],[],[],0,0,21,"['#jodhpur', '#coronavirus', '#covid19', '#unlock1', '#lockdown5']",[],https://twitter.com/DanielKhushi1/status/1269334792337854465,False,,0,,,,,,,"[{'user_id': '1262012277068378114', 'username': 'DanielKhushi1'}]",,,,
1269334388787089408,1269334388787089408,1591467876000,2020-06-06,23:54:36,IST,1262012277068378114,danielkhushi1,Khushi Daniel,,"#Jodhpur : कोरोना को लेकर चिंता का विषय 

4 निजी हॉस्पिटलों के 6 डॉक्टर आए कोरोना पॉजिटिव, जिला प्रशासन ने रेंडम सैंपलिंग का लिया था निर्णय, रेंडम सैंपलिंग के दौरान यह मामला सामने, CMHO डॉ.बलवंत मंडा ने दी जानकारी

#CoronaVirus #Covid19 #Unlock1 #Lockdown5",[],[],[],0,0,2,"['#jodhpur', '#coronavirus', '#covid19', '#unlock1', '#lockdown5']",[],https://twitter.com/DanielKhushi1/status/1269334388787089408,False,,0,,,,,,,"[{'user_id': '1262012277068378114', 'username': 'DanielKhushi1'}]",,,,
1269312154416615426,1269312154416615426,1591462574000,2020-06-06,22:26:14,IST,2164575084,1stindianews,First India News Rajasthan,,"#Jodhpur : अवैध कपड़ा धुलाई औद्योगिक इकाई के विरूद्ध कार्रवाई

STF टीम द्वारा की गई बड़ी कार्रवाई, लॉकडाउन के बाद की गई यह दूसरी कार्रवाई, शेरगढ़ थाना क्षेत्र के रामगढ़ गांव में कार्रवाई, अवैध रूप से चल रही औद्योगिक इकाई को किया गया सील 

#CoronaVirus #Covid19 #Unlock1 #Lockdown5",[],[],[],0,3,48,"['#jodhpur', '#coronavirus', '#covid19', '#unlock1', '#lockdown5']",[],https://twitter.com/1stIndiaNews/status/1269312154416615426,False,,0,,,,,,,"[{'user_id': '2164575084', 'username': '1stIndiaNews'}]",,,,
1269305593627541507,1269305593627541507,1591461010000,2020-06-06,22:00:10,IST,2164575084,1stindianews,First India News Rajasthan,,"#Jodhpur : कोरोना को लेकर चिंता का विषय 

4 निजी हॉस्पिटलों के 6 डॉक्टर आए कोरोना पॉजिटिव, जिला प्रशासन ने रेंडम सैंपलिंग का लिया था निर्णय, रेंडम सैंपलिंग के दौरान यह मामला सामने, CMHO डॉ.बलवंत मंडा ने दी जानकारी

#CoronaVirus #Covid19 #Unlock1 #Lockdown5",[],[],[],0,6,79,"['#jodhpur', '#coronavirus', '#covid19', '#unlock1', '#lockdown5']",[],https://twitter.com/1stIndiaNews/status/1269305593627541507,False,,0,,,,,,,"[{'user_id': '2164575084', 'username': '1stIndiaNews'}]",,,,
1269299070985699328,1269299070985699328,1591459455000,2020-06-06,21:34:15,IST,2164575084,1stindianews,First India News Rajasthan,,"#Jodhpur : कोरोना को लेकर राहत की खबर 

आज 25 मरीजों को किया गया डिस्चार्ज, अब तक 1272 मरीज हो चुके डिस्चार्ज, अब भी 469 हैं एक्टिव मरीज, CMHO डॉ.बलवंत मंडा ने दी जानकारी

#CoronaVirus #Covid19 #Unlock1 #Lockdown5",[],[],[],1,1,37,"['#jodhpur', '#coronavirus', '#covid19', '#unlock1', '#lockdown5']",[],https://twitter.com/1stIndiaNews/status/1269299070985699328,False,,0,,,,,,,"[{'user_id': '2164575084', 'username': '1stIndiaNews'}]",,,,
1269298114894192640,1269298114894192640,1591459227000,2020-06-06,21:30:27,IST,2164575084,1stindianews,First India News Rajasthan,,"#Jodhpur : दिनभर में 56 नए कोरोना मरीज आए सामने, कोरोना मरीजों का आंकड़ा हुआ 1762, CMHO डॉ.बलवंत मंडा ने दी जानकारी

#CoronaVirus #Covid19 #Unlock1 #Lockdown5",[],[],[],1,5,71,"['#jodhpur', '#coronavirus', '#covid19', '#unlock1', '#lockdown5']",[],https://twitter.com/1stIndiaNews/status/1269298114894192640,False,,0,,,,,,,"[{'user_id': '2164575084', 'username': '1stIndiaNews'}]",,,,
1269283043518361606,1269283043518361606,1591455634000,2020-06-06,20:30:34,IST,2164575084,1stindianews,First India News Rajasthan,,"#Jodhpur : जोधपुर: डीसीपी धर्मेंद्र कुमार निकले शहर के राउंड पर 

बकरा मंडी क्षेत्र की कर रहे पैदल गश्त, क्षेत्रवासियों से कर रहे मुलाकात, बकरा मंडी क्षेत्र में पिछले दिनों आए थे कई कोरोना मरीज...

#CoronaVirus #Covid19 #Unlock1 #Lockdown5 pic.twitter.com/ZE7H8ycNTh",[],[],['https://pbs.twimg.com/media/EZ1mKJYXgAE3edU.jpg'],0,2,28,"['#jodhpur', '#coronavirus', '#covid19', '#unlock1', '#lockdown5']",[],https://twitter.com/1stIndiaNews/status/1269283043518361606,False,,0,,,,,,,"[{'user_id': '2164575084', 'username': '1stIndiaNews'}]",,,,
1269246883916066823,1269246883916066823,1591447013000,2020-06-06,18:06:53,IST,2164575084,1stindianews,First India News Rajasthan,,"#Jodhpur : 12 और कोरोना पॉजिटिव आए सामने, CMHO डॉ.बलवंत मंडा ने दी जानकारी

#CoronaVirus #Covid19 #Unlock1 #Lockdown5",[],[],[],0,4,34,"['#jodhpur', '#coronavirus', '#covid19', '#unlock1', '#lockdown5']",[],https://twitter.com/1stIndiaNews/status/1269246883916066823,False,,0,,,,,,,"[{'user_id': '2164575084', 'username': '1stIndiaNews'}]",,,,
1269162340949258241,1269162340949258241,1591426856000,2020-06-06,12:30:56,IST,74794820,yessu,Dadhiwale Papa,,"@ashokgehlot51 @RajCMO @VasundharaBJP @RaghusharmaINC @DainikBhaskar.

Is this some new kind of politics or incompetence of health system that while the number of tested population in Jodhpur is almost at 10% , Jaipur hasn't even touched 2%.

#coronavirus #Unlock1 #coronatesting","['ashokgehlot51', 'rajcmo', 'vasundharabjp', 'raghusharmainc', 'dainikbhaskar']",[],[],0,0,0,"['#coronavirus', '#unlock1', '#coronatesting']",[],https://twitter.com/yessu/status/1269162340949258241,False,,0,,,,,,,"[{'user_id': '74794820', 'username': 'yessu'}, {'user_id': '385926583', 'username': 'ashokgehlot51'}, {'user_id': '786161824622194688', 'username': 'RajCMO'}, {'user_id': '1288175774', 'username': 'VasundharaBJP'}, {'user_id': '517767805', 'username': 'RaghusharmaINC'}, {'user_id': '67378160', 'username': 'DainikBhaskar'}]",,,,
1268938687347404803,1268938687347404803,1591373533000,2020-06-05,21:42:13,IST,2164575084,1stindianews,First India News Rajasthan,,"#Jodhpur : कोरोना को लेकर राहत की खबर 

आज 25 मरीजों को किया गया डिस्चार्ज, अब तक 1247 मरीज हुए डिस्चार्ज, अब भी 439 एक्टिव मरीज हैं जोधपुर में, सीएमएचओ डॉ. बलवंत मंडा ने दी जानकारी

#CoronaVirus #Covid19 #Unlock1 #Lockdown5",[],[],[],5,5,68,"['#jodhpur', '#coronavirus', '#covid19', '#unlock1', '#lockdown5']",[],https://twitter.com/1stIndiaNews/status/1268938687347404803,False,,0,,,,,,,"[{'user_id': '2164575084', 'username': '1stIndiaNews'}]",,,,
1268937860222197763,1268937860222197763,1591373336000,2020-06-05,21:38:56,IST,2164575084,1stindianews,First India News Rajasthan,,"#Jodhpur : कोरोना का कहर जारी

आज दिनभर में 51 नए कोरोना मरीज आए सामने, 1706 हुआ कोरोना मरीजों का आंकड़ा, CMHO डॉ. बलवंत मंडा ने दी जानकारी

#CoronaVirus #Covid19 #Unlock1 #Lockdown5",[],[],[],0,4,47,"['#jodhpur', '#coronavirus', '#covid19', '#unlock1', '#lockdown5']",[],https://twitter.com/1stIndiaNews/status/1268937860222197763,False,,0,,,,,,,"[{'user_id': '2164575084', 'username': '1stIndiaNews'}]",,,,
1268852330168029184,1268852330168029184,1591352944000,2020-06-05,15:59:04,IST,2164575084,1stindianews,First India News Rajasthan,,"#Jodhpur : पुलिस कर्मियों के साथ मारपीट करने का मामला 

आरोपी युवक को भेजा गया जेल, कल मास्क नहीं पहनने पर चालान बनाने को लेकर हुआ था विवाद, देव नगर थाने में दर्ज हुआ था मामला, राजकार्य में बाधा का दर्ज हुआ था मामला

@JodhpurPcr #CoronaVirus #Covid19 #Unlock1",['jodhpurpcr'],[],[],3,4,31,"['#jodhpur', '#coronavirus', '#covid19', '#unlock1']",[],https://twitter.com/1stIndiaNews/status/1268852330168029184,False,,0,,,,,,,"[{'user_id': '2164575084', 'username': '1stIndiaNews'}, {'user_id': '1002516190181277696', 'username': 'JodhpurPcr'}]",,,,
1268850275495936003,1268850275495936003,1591352454000,2020-06-05,15:50:54,IST,2164575084,1stindianews,First India News Rajasthan,,"#Jodhpur : कोरोना मरीजों की संख्या में इजाफा, 3-3 नये कोरोना पॉजिटिव आए सामने, CMHO डॉ.बलवंत मंडा ने दी जानकारी

#CoronaVirus #Covid19 #Unlock1 #Lockdown5",[],[],[],1,3,55,"['#jodhpur', '#coronavirus', '#covid19', '#unlock1', '#lockdown5']",[],https://twitter.com/1stIndiaNews/status/1268850275495936003,False,,0,,,,,,,"[{'user_id': '2164575084', 'username': '1stIndiaNews'}]",,,,
1268805524176269314,1268805524176269314,1591341784000,2020-06-05,12:53:04,IST,433366198,hsnewslive,HS News,,"राजस्थान के जोधपुर में अमेरिका की #GeorgeFloyd जैसी घटना, पुलिस ने घुटने से दबाई शख्स की गर्दन, देखें पूरा VIDEO 👇👇
@JodhpurPcr @PoliceRajasthan @ashokgehlot51 @SachinPilot
#Jodhpur #Rajasthan #GeorgeFlyodMurder #USAProtests #Lockdown #unlock1 #jodhpurPolice #PoliceViolence pic.twitter.com/4dV7JhFhx1","['jodhpurpcr', 'policerajasthan', 'ashokgehlot51', 'sachinpilot']",[],[],0,6,6,"['#georgefloyd', '#jodhpur', '#rajasthan', '#georgeflyodmurder', '#usaprotests', '#lockdown', '#unlock1', '#jodhpurpolice', '#policeviolence']",[],https://twitter.com/HSnewsLive/status/1268805524176269314,False,,1,,,,,,,"[{'user_id': '433366198', 'username': 'HSnewsLive'}, {'user_id': '1002516190181277696', 'username': 'JodhpurPcr'}, {'user_id': '907952401486725122', 'username': 'PoliceRajasthan'}, {'user_id': '385926583', 'username': 'ashokgehlot51'}, {'user_id': '2410755840', 'username': 'SachinPilot'}]",,,,
1268580918018654209,1268580918018654209,1591288234000,2020-06-04,22:00:34,IST,2164575084,1stindianews,First India News Rajasthan,,"#Jodhpur : फलौदी में 95 सैंपल में से 84 की जांच आई नेगेटिव, 11 लोगों की जांच रिपोर्ट आना बाकी, SDM यशपाल आहूजा ने दी जानकारी

#CoronaVirus #Covid19 #Unlock1 #Lockdown5",[],[],[],2,7,57,"['#jodhpur', '#coronavirus', '#covid19', '#unlock1', '#lockdown5']",[],https://twitter.com/1stIndiaNews/status/1268580918018654209,False,,0,,,,,,,"[{'user_id': '2164575084', 'username': '1stIndiaNews'}]",,,,
1268471925740834816,1268471925740834816,1591262248000,2020-06-04,14:47:28,IST,2164575084,1stindianews,First India News Rajasthan,,"#Jodhpur : कोरोना मरीजों की संख्या में हुआ इजाफा

3 नए कोरोना पॉजिटिव आए सामने, सिवांची गेट, सुखानंद बगीची और केके कॉलोनी क्षेत्र के हैं मरीज, सीएमएचओ डॉ. बलवंत मंडा ने दी जानकारी

#CoronaVirus #Covid19 #Unlock1 #Lockdown5",[],[],[],0,2,24,"['#jodhpur', '#coronavirus', '#covid19', '#unlock1', '#lockdown5']",[],https://twitter.com/1stIndiaNews/status/1268471925740834816,False,,0,,,,,,,"[{'user_id': '2164575084', 'username': '1stIndiaNews'}]",,,,
1268427268659044352,1268427268659044352,1591251601000,2020-06-04,11:50:01,IST,2182715673,nandkishorekum5,Nand Kishore Kumawat,,"#Covid_19 #Rajasthan 10:30am update

Today's total positive till 10.30 am is 68

#Barmer 2
#Jodhpur 12
#Bharatpur 16
#Kota 7
#Jaipur 12
#Churu 12
#Jhunjhunu 5
#Sawaimadhopur 1
#Nagaur 1

Cumulative positive 9720
Total death in state 209

#IndiaFightsCorona #Unlock1  pic.twitter.com/ET09qh8xv4",[],[],['https://pbs.twimg.com/media/EZpb3ixWoAcDbHs.jpg'],1,0,1,"['#covid_19', '#rajasthan', '#barmer', '#jodhpur', '#bharatpur', '#kota', '#jaipur', '#churu', '#jhunjhunu', '#sawaimadhopur', '#nagaur', '#indiafightscorona', '#unlock1']",[],https://twitter.com/NANDKISHOREKUM5/status/1268427268659044352,False,,0,,,,,,,"[{'user_id': '2182715673', 'username': 'NANDKISHOREKUM5'}]",,,,
1268418735724998656,1268418735724998656,1591249567000,2020-06-04,11:16:07,IST,1253355596222541825,thedesertxpress,The Desert Xpress,,"#Covid_19 #Rajasthan 4 #June 10:30am update

Today's total positive is 68

#Barmer 2
#Jodhpur 12
#Bharatpur 16
#Kota 7
#Jaipur 12
#Churu 12
#Jhunjhunu 5
#Sawaimadhopur 1
#Nagaur 1

Cumulative positive 9720
Total death in state 209

#IndiaFightsCorona #Unlock1
#StayHomeSaveLives pic.twitter.com/dPB3M9gd9b",[],[],['https://pbs.twimg.com/media/EZpUFG2XYAA8CKV.jpg'],1,0,2,"['#covid_19', '#rajasthan', '#june', '#barmer', '#jodhpur', '#bharatpur', '#kota', '#jaipur', '#churu', '#jhunjhunu', '#sawaimadhopur', '#nagaur', '#indiafightscorona', '#unlock1', '#stayhomesavelives']",[],https://twitter.com/TheDesertXpress/status/1268418735724998656,False,,0,,,,,,,"[{'user_id': '1253355596222541825', 'username': 'TheDesertXpress'}]",,,,
1268417792803401728,1268417792803401728,1591249342000,2020-06-04,11:12:22,IST,1006946806989635584,vikastak1436,Vikas Tak,,"#Covid_19 #Rajasthan 4 #June 10:30am update

Today's total positive is 68

#Barmer 2
#Jodhpur 12
#Bharatpur 16
#Kota 7
#Jaipur 12
#Churu 12
#Jhunjhunu 5
#Sawaimadhopur 1
#Nagaur 1

Cumulative positive 9720
Total death in state 209

#IndiaFightsCorona #Unlock1
#StayHomeSaveLives pic.twitter.com/496dntJ6Q1",[],[],['https://pbs.twimg.com/media/EZpTQG9VAAAzGcM.jpg'],1,0,0,"['#covid_19', '#rajasthan', '#june', '#barmer', '#jodhpur', '#bharatpur', '#kota', '#jaipur', '#churu', '#jhunjhunu', '#sawaimadhopur', '#nagaur', '#indiafightscorona', '#unlock1', '#stayhomesavelives']",[],https://twitter.com/Vikastak1436/status/1268417792803401728,False,,0,,,,,,,"[{'user_id': '1006946806989635584', 'username': 'Vikastak1436'}]",,,,
1268417398471868419,1268417398471868419,1591249248000,2020-06-04,11:10:48,IST,138727664,dineshkumawat,Dinesh Kumawat,,"#Covid_19 #Rajasthan 10:30am update

Today's total positive till 10.30 am is 68

#Barmer 2
#Jodhpur 12
#Bharatpur 16
#Kota 7
#Jaipur 12
#Churu 12
#Jhunjhunu 5
#Sawaimadhopur 1
#Nagaur 1

Cumulative positive 9720
Total death in state 209

#IndiaFightsCorona #Unlock1
#StaySafe pic.twitter.com/hS9oq3zOdF",[],[],['https://pbs.twimg.com/media/EZpS41xUYAEAp47.jpg'],2,2,13,"['#covid_19', '#rajasthan', '#barmer', '#jodhpur', '#bharatpur', '#kota', '#jaipur', '#churu', '#jhunjhunu', '#sawaimadhopur', '#nagaur', '#indiafightscorona', '#unlock1', '#staysafe']",[],https://twitter.com/dineshkumawat/status/1268417398471868419,False,,0,,,,,,,"[{'user_id': '138727664', 'username': 'dineshkumawat'}]",,,,
1268235736094031872,1268235736094031872,1591205936000,2020-06-03,23:08:56,IST,2164575084,1stindianews,First India News Rajasthan,,"#Jodhpur : कोरोना का कहर जारी, एक नर्सिंग कर्मचारी आया कोरोना पॉजिटिव, नर्सिंग कर्मी का चल रहा है उपचार 

#CoronaVirus #Covid19 #Unlock1 #Lockdown5",[],[],[],1,2,45,"['#jodhpur', '#coronavirus', '#covid19', '#unlock1', '#lockdown5']",[],https://twitter.com/1stIndiaNews/status/1268235736094031872,False,,0,,,,,,,"[{'user_id': '2164575084', 'username': '1stIndiaNews'}]",,,,
1268219253917921281,1268219253917921281,1591202007000,2020-06-03,22:03:27,IST,2164575084,1stindianews,First India News Rajasthan,,"#Jodhpur : 1 साल के शाहिद ने जीती कोरोना से जंग 

कोरोना रिपोर्ट नेगेटिव आने के बाद आज किया गया डिस्चार्ज, प्रताप नगर क्षेत्र निवासी है शाहिद, CMHO डॉ.बलवंत मंडा ने दी जानकारी

#CoronaVirus #Covid19 #Unlock1 #Lockdown5",[],[],[],0,5,37,"['#jodhpur', '#coronavirus', '#covid19', '#unlock1', '#lockdown5']",[],https://twitter.com/1stIndiaNews/status/1268219253917921281,False,,0,,,,,,,"[{'user_id': '2164575084', 'username': '1stIndiaNews'}]",,,,
1268218620536111104,1268218620536111104,1591201856000,2020-06-03,22:00:56,IST,2164575084,1stindianews,First India News Rajasthan,,"#Jodhpur : कोरोना को लेकर राहत की खबर 

आज 34 मरीजों को किया गया डिस्चार्ज, अब तक 1199 मरीज हुए डिस्चार्ज, अब भी 419 है एक्टिव मरीज, CMHO डॉ.बलवंत मंडा ने दी जानकारी

#CoronaVirus #Covid19 #Unlock1 #Lockdown5",[],[],[],1,4,50,"['#jodhpur', '#coronavirus', '#covid19', '#unlock1', '#lockdown5']",[],https://twitter.com/1stIndiaNews/status/1268218620536111104,False,,0,,,,,,,"[{'user_id': '2164575084', 'username': '1stIndiaNews'}]",,,,
1268218378394755082,1268218378394755082,1591201798000,2020-06-03,21:59:58,IST,2164575084,1stindianews,First India News Rajasthan,,"#Jodhpur : कोरोना का कहर जारी

दिन भर में 32 नए कोरोना मरीज आए सामने, 1638 हुआ कोरोना मरीजों का आंकड़ा, CMHO डॉ.बलवंत मंडा ने दी जानकारी

#CoronaVirus #Covid19 #Unlock1 #Lockdown5",[],[],[],1,5,38,"['#jodhpur', '#coronavirus', '#covid19', '#unlock1', '#lockdown5']",[],https://twitter.com/1stIndiaNews/status/1268218378394755082,False,,0,,,,,,,"[{'user_id': '2164575084', 'username': '1stIndiaNews'}]",,,,
1268182324069441541,1268182324069441541,1591193202000,2020-06-03,19:36:42,IST,2164575084,1stindianews,First India News Rajasthan,,"#Jodhpur : नेगेटिव को कोरोना पॉजिटिव बताकर किया सुपुर्द-ए-खाक

कुरैशी समाज ने विरोध जताते हुए सौंपा ज्ञापन, कलेक्टर प्रकाश राजपुरोहित से की मुलाकात, जमिअतुल कुरैश के महासचिव खालिद कुरैशी ने दी जानकारी...

#CoronaVirus #Covid19 #Unlock1  pic.twitter.com/rnMoCvuH6q",[],[],['https://pbs.twimg.com/media/EZl9GISX0AEwIpE.jpg'],0,5,15,"['#jodhpur', '#coronavirus', '#covid19', '#unlock1']",[],https://twitter.com/1stIndiaNews/status/1268182324069441541,False,,0,,,,,,,"[{'user_id': '2164575084', 'username': '1stIndiaNews'}]",,,,
1268095111856033792,1268095111856033792,1591172409000,2020-06-03,13:50:09,IST,2164575084,1stindianews,First India News Rajasthan,,"#Jodhpur में #कोरोना का कहर जारी, 17 नए कोरोना पॉजिटिव रोगी आए सामने, CMHO डॉ.बलवंत मंडा ने की पुष्टि
#CoronaVirus #Covid19 #CoronaPandemic #CoronaVirusUpdates #Unlock1 #Lockdown5 pic.twitter.com/KEtcxN8GS0",[],[],['https://pbs.twimg.com/media/EZktxsOWAAIezzB.png'],0,4,19,"['#jodhpur', '#कोरोना', '#coronavirus', '#covid19', '#coronapandemic', '#coronavirusupdates', '#unlock1', '#lockdown5']",[],https://twitter.com/1stIndiaNews/status/1268095111856033792,False,,0,,,,,,,"[{'user_id': '2164575084', 'username': '1stIndiaNews'}]",,,,
1267871251084738560,1267871251084738560,1591119036000,2020-06-02,23:00:36,IST,2164575084,1stindianews,First India News Rajasthan,,"#Jodhpur : कोरोना को लेकर राहत की खबर 

आज 21 मरीजों को किया गया डिस्चार्ज, अब तक 1165 मरीज हुए डिस्चार्ज, अब भी 422 है एक्टिव मरीज, CMHO डॉ बलवंत मंडा ने दी जानकारी

#CoronaVirus #Covid19 #Unlock1 #Lockdown5",[],[],[],0,7,63,"['#jodhpur', '#coronavirus', '#covid19', '#unlock1', '#lockdown5']",[],https://twitter.com/1stIndiaNews/status/1267871251084738560,False,,0,,,,,,,"[{'user_id': '2164575084', 'username': '1stIndiaNews'}]",,,,
1267864308035325953,1267864308035325953,1591117381000,2020-06-02,22:33:01,IST,927736337502912512,maitray4,Maitray,,Esa hai kuch #unlock1 #jodhpur me ! Watch my vlog everyday at 9 PM . 7 days a week 🤣😬  https://youtu.be/oVGcfWXt8TY ,[],['https://youtu.be/oVGcfWXt8TY'],[],0,0,0,"['#unlock1', '#jodhpur']",[],https://twitter.com/Maitray4/status/1267864308035325953,False,,0,,,,,,,"[{'user_id': '927736337502912512', 'username': 'Maitray4'}]",,,,
1267844503500730368,1267844503500730368,1591112659000,2020-06-02,21:14:19,IST,1265534256748658688,jaysingh06,Jay Singh Choudhary,,"#IndiaFightsCorona #Unlock1

June 2nd, 10:30am #Rajasthan 33/33 #COVID19  Update

171new +ve & 2 Deaths reported
#Bharatpur 70
#Jaipur 34
#Dausa 4
#Jodhpur 12
#Churu 2
#Tonk 1
#Dholpur 1
#Jhunjhunu 4
#Jhalawar 23
#Alwar 10
#Kota 10
Cumulative +ve 9271
Active +ve 2803
Deaths 201",[],[],[],0,0,3,"['#indiafightscorona', '#unlock1', '#rajasthan', '#covid19', '#bharatpur', '#jaipur', '#dausa', '#jodhpur', '#churu', '#tonk', '#dholpur', '#jhunjhunu', '#jhalawar', '#alwar', '#kota']",[],https://twitter.com/JaySingh06/status/1267844503500730368,False,,0,,,,,,,"[{'user_id': '1265534256748658688', 'username': 'JaySingh06'}]",,,,
1267839805615980545,1267839805615980545,1591111539000,2020-06-02,20:55:39,IST,1227857000475742208,indiacovid,Jodhpur Corona Updates,,"#Jodhpur : फलौदी में कोरोना का ग्राफ

मुंबई से आए प्रवासी 1 महिला, 1 युवक और 1 बच्ची में पाई गई कोरोना पॉजिटिव, व्यास स्ट्रीट में पाए गए कोरोना पॉजिटिव, प्रशासन ने लगाया उस एरिया में कर्फ्यू, एसडीएम यशपाल आहूजा ने दी जानकारी

#CoronaVirus #Covid19 #Unlock1 #Lockdown5",[],[],[],0,2,5,"['#jodhpur', '#coronavirus', '#covid19', '#unlock1', '#lockdown5']",[],https://twitter.com/indiacovid/status/1267839805615980545,False,,0,,,,,,,"[{'user_id': '1227857000475742208', 'username': 'indiacovid'}]",,,,
1267839385963311105,1267839385963311105,1591111439000,2020-06-02,20:53:59,IST,2164575084,1stindianews,First India News Rajasthan,,"#Jodhpur : फलौदी में कोरोना का ग्राफ

मुंबई से आए प्रवासी 1 महिला, 1 युवक और 1 बच्ची में पाई गई कोरोना पॉजिटिव, व्यास स्ट्रीट में पाए गए कोरोना पॉजिटिव, प्रशासन ने लगाया उस एरिया में कर्फ्यू, एसडीएम यशपाल आहूजा ने दी जानकारी

#CoronaVirus #Covid19 #Unlock1 #Lockdown5",[],[],[],0,8,29,"['#jodhpur', '#coronavirus', '#covid19', '#unlock1', '#lockdown5']",[],https://twitter.com/1stIndiaNews/status/1267839385963311105,False,,0,,,,,,,"[{'user_id': '2164575084', 'username': '1stIndiaNews'}]",,,,
1267838801789009921,1267838801789009921,1591111300000,2020-06-02,20:51:40,IST,2164575084,1stindianews,First India News Rajasthan,,"#Jodhpur : कोरोना का कहर जारी

दिन भर में 32 नए कोरोना मरीज आए सामने, 1606  हुआ कोरोना मरीजों का आंकड़ा, CMHO डॉ.बलवंत मंडा ने दी जानकारी

#CoronaVirus #Covid19 #Unlock1 #Lockdown5",[],[],[],3,4,53,"['#jodhpur', '#coronavirus', '#covid19', '#unlock1', '#lockdown5']",[],https://twitter.com/1stIndiaNews/status/1267838801789009921,False,,0,,,,,,,"[{'user_id': '2164575084', 'username': '1stIndiaNews'}]",,,,
1267824681714765825,1267824681714765825,1591107933000,2020-06-02,19:55:33,IST,2164575084,1stindianews,First India News Rajasthan,,"#Jodhpur : फलौदी में मिले 3 कोरोना पॉजिटिव

मुंबई से आई 2 महिला व 1 बच्चे आया कोरोना पॉजिटिव, फलौदी के उम्मेदपुरा व व्यास स्ट्रीट में पाये गए कोरोना पॉजिटिव, दोनों स्थानों पर प्रशासन ने कर्फ्यू लगाने की तैयारी की शुरू

#CoronaVirus #Covid19 #Unlock1 #Lockdown5",[],[],[],0,4,35,"['#jodhpur', '#coronavirus', '#covid19', '#unlock1', '#lockdown5']",[],https://twitter.com/1stIndiaNews/status/1267824681714765825,False,,0,,,,,,,"[{'user_id': '2164575084', 'username': '1stIndiaNews'}]",,,,
1267823763388641280,1267823763388641280,1591107714000,2020-06-02,19:51:54,IST,3005018310,sunilvishnoi_sv,Sunil Bishnoi,,"Unlock your body ...🏐🏐⛹️⛹️⛹️
#Unlock1.0
#sport
#sports
#sportvolleyball
#sportphotography
#homephotography
#photographylovers #mobilephotography
#barmer #jodhpur  https://www.instagram.com/p/CA75WzjDh6w/?igshid=pxixghscau90 …",[],['https://www.instagram.com/p/CA75WzjDh6w/?igshid=pxixghscau90'],[],0,0,1,"['#unlock1', '#sport', '#sports', '#sportvolleyball', '#sportphotography', '#homephotography', '#photographylovers', '#mobilephotography', '#barmer', '#jodhpur']",[],https://twitter.com/sunilvishnoi_sv/status/1267823763388641280,False,,0,,,,,,,"[{'user_id': '3005018310', 'username': 'sunilvishnoi_sv'}]",,,,
1267703669946036226,1267703669946036226,1591079082000,2020-06-02,11:54:42,IST,133683366,pankaj_jain08,Pankaj💯 ➕,,"#IndiaFightsCorona #Unlock1

June 2nd, 10:30am #Rajasthan 33/33 #COVID19  Update

171new +ve & 2 Deaths reported
#Bharatpur 70
#Jaipur 34
#Dausa 4
#Jodhpur 12
#Churu 2
#Tonk 1
#Dholpur 1
#Jhunjhunu 4
#Jhalawar 23
#Alwar 10
#Kota 10
Cumulative +ve 9271
Active +ve 2803
Deaths 201 pic.twitter.com/xWJ3tLPziH",[],[],['https://pbs.twimg.com/media/EZfJwczVAAAFE_s.jpg'],0,0,3,"['#indiafightscorona', '#unlock1', '#rajasthan', '#covid19', '#bharatpur', '#jaipur', '#dausa', '#jodhpur', '#churu', '#tonk', '#dholpur', '#jhunjhunu', '#jhalawar', '#alwar', '#kota']",[],https://twitter.com/pankaj_jain08/status/1267703669946036226,False,,0,,,,,,,"[{'user_id': '133683366', 'username': 'pankaj_jain08'}]",,,,
1267700869505712128,1267700869505712128,1591078414000,2020-06-02,11:43:34,IST,852226879855763461,pwnkusharma,Pawan Sharma (Saraswat),,"#IndiaFightsCorona #Unlock1

June 2nd, 10:30am #Rajasthan 33/33 #COVID19  Update

171new +ve & 2 Deaths reported
#Bharatpur 70
#Jaipur 34
#Dausa 4
#Jodhpur 12
#Churu 2
#Tonk 1
#Dholpur 1
#Jhunjhunu 4
#Jhalawar 23
#Alwar 10
#Kota 10
Cumulative +ve 9271
Active +ve 2803
Deaths 201",[],[],[],1,1,2,"['#indiafightscorona', '#unlock1', '#rajasthan', '#covid19', '#bharatpur', '#jaipur', '#dausa', '#jodhpur', '#churu', '#tonk', '#dholpur', '#jhunjhunu', '#jhalawar', '#alwar', '#kota']",[],https://twitter.com/Pwnkusharma/status/1267700869505712128,False,,0,,,,,,,"[{'user_id': '852226879855763461', 'username': 'Pwnkusharma'}]",,,,
1267699599361241090,1267699599361241090,1591078111000,2020-06-02,11:38:31,IST,1049674796764524545,akshaygour0141,Akshay Kumar Gour (akki),,"#IndiaFightsCorona #Unlock1

June 2nd, 10:30am #Rajasthan 33/33 #COVID19  Update

171new +ve & 2 Deaths reported
#Bharatpur 70
#Jaipur 34
#Dausa 4
#Jodhpur 12
#Churu 2
#Tonk 1
#Dholpur 1
#Jhunjhunu 4
#Jhalawar 23
#Alwar 10
#Kota 10
Cumulative +ve 9271
Active +ve 2803
Deaths 201 pic.twitter.com/rGBCh5CKH2",[],[],"['https://pbs.twimg.com/media/EZfGDNNWsAAyqAU.jpg', 'https://pbs.twimg.com/media/EZfGD8oXgAAj3Ik.jpg']",1,0,2,"['#indiafightscorona', '#unlock1', '#rajasthan', '#covid19', '#bharatpur', '#jaipur', '#dausa', '#jodhpur', '#churu', '#tonk', '#dholpur', '#jhunjhunu', '#jhalawar', '#alwar', '#kota']",[],https://twitter.com/akshaygour0141/status/1267699599361241090,False,,0,,,,,,,"[{'user_id': '1049674796764524545', 'username': 'akshaygour0141'}]",,,,
1267690495993659392,1267690495993659392,1591075941000,2020-06-02,11:02:21,IST,2182715673,nandkishorekum5,Nand Kishore Kumawat,,"#IndiaFightsCorona #Unlock1

June 2nd, 10:30am #Rajasthan 33/33 #COVID19  Update

171new +ve & 2 Deaths reported
#Bharatpur 70
#Jaipur 34
#Dausa 4
#Jodhpur 12
#Churu 2
#Tonk 1
#Dholpur 1
#Jhunjhunu 4
#Jhalawar 23
#Alwar 10
#Kota 10
Cumulative +ve 9271
Active +ve 2803
Deaths 201 pic.twitter.com/dlwnvy7Kb7",[],[],['https://pbs.twimg.com/media/EZe9uz6XQAc5XMQ.jpg'],0,0,2,"['#indiafightscorona', '#unlock1', '#rajasthan', '#covid19', '#bharatpur', '#jaipur', '#dausa', '#jodhpur', '#churu', '#tonk', '#dholpur', '#jhunjhunu', '#jhalawar', '#alwar', '#kota']",[],https://twitter.com/NANDKISHOREKUM5/status/1267690495993659392,False,,0,,,,,,,"[{'user_id': '2182715673', 'username': 'NANDKISHOREKUM5'}]",,,,
1267690223967690755,1267690223967690755,1591075876000,2020-06-02,11:01:16,IST,280049922,ritendra4u,Ritendra Yadav,,"#IndiaFightsCorona #Unlock1

June 2nd, 10:30am #Rajasthan 33/33 #COVID19  Update

171new +ve & 2 Deaths reported
#Bharatpur 70
#Jaipur 34
#Dausa 4
#Jodhpur 12
#Churu 2
#Tonk 1
#Dholpur 1
#Jhunjhunu 4
#Jhalawar 23
#Alwar 10
#Kota 10
Cumulative +ve 9271
Active +ve 2803
Deaths 201 pic.twitter.com/80iHVVRAgE",[],[],['https://pbs.twimg.com/media/EZe9hoFVAAEna9u.jpg'],0,0,1,"['#indiafightscorona', '#unlock1', '#rajasthan', '#covid19', '#bharatpur', '#jaipur', '#dausa', '#jodhpur', '#churu', '#tonk', '#dholpur', '#jhunjhunu', '#jhalawar', '#alwar', '#kota']",[],https://twitter.com/ritendra4u/status/1267690223967690755,False,,0,,,,,,,"[{'user_id': '280049922', 'username': 'ritendra4u'}]",,,,
1267687898058559490,1267687898058559490,1591075322000,2020-06-02,10:52:02,IST,1006946806989635584,vikastak1436,Vikas Tak,,"#June 2nd, 10:30am #Rajasthan 33/33 #COVID19  Update

171new +ve & 2 Deaths reported
#Bharatpur 70
#Jaipur 34
#Dausa 4
#Jodhpur 12
#Churu 2
#Tonk 1
#Dholpur 1
#Jhunjhunu 4
#Jhalawar 23
#Alwar 10
#Kota 10
Cumulative +ve 9271
Active +ve 2803
Deaths 201 
#IndiaFightsCorona #Unlock1  pic.twitter.com/LbAuGqKXEr",[],[],"['https://pbs.twimg.com/media/EZe7Z60UEAE0oRi.jpg', 'https://pbs.twimg.com/media/EZe7as-VcAAspWk.jpg']",0,0,2,"['#june', '#rajasthan', '#covid19', '#bharatpur', '#jaipur', '#dausa', '#jodhpur', '#churu', '#tonk', '#dholpur', '#jhunjhunu', '#jhalawar', '#alwar', '#kota', '#indiafightscorona', '#unlock1']",[],https://twitter.com/Vikastak1436/status/1267687898058559490,False,,0,,,,,,,"[{'user_id': '1006946806989635584', 'username': 'Vikastak1436'}]",,,,
1267687504410337280,1267687504410337280,1591075228000,2020-06-02,10:50:28,IST,138727664,dineshkumawat,Dinesh Kumawat,,"#IndiaFightsCorona #Unlock1

June 2nd, 10:30am #Rajasthan 33/33 #COVID19  Update

171new +ve & 2 Deaths reported
#Bharatpur 70
#Jaipur 34
#Dausa 4
#Jodhpur 12
#Churu 2
#Tonk 1
#Dholpur 1
#Jhunjhunu 4
#Jhalawar 23
#Alwar 10
#Kota 10
Cumulative +ve 9271
Active +ve 2803
Deaths 201 pic.twitter.com/BEjZtAUoKW",[],[],"['https://pbs.twimg.com/media/EZe7DCNU4AIf8Kq.jpg', 'https://pbs.twimg.com/media/EZe7D8aVcAAgPeM.jpg']",4,5,16,"['#indiafightscorona', '#unlock1', '#rajasthan', '#covid19', '#bharatpur', '#jaipur', '#dausa', '#jodhpur', '#churu', '#tonk', '#dholpur', '#jhunjhunu', '#jhalawar', '#alwar', '#kota']",[],https://twitter.com/dineshkumawat/status/1267687504410337280,False,,0,,,,,,,"[{'user_id': '138727664', 'username': 'dineshkumawat'}]",,,,
1267194974954815488,1267194974954815488,1590957800000,2020-06-01,02:13:20,IST,160865093,iamsagarshah21,#FightAgainstCOVID19 #AtmaNirbhar Sagar Shah,,"Corona infected Top 20 cities
MUM 39686
DEL 19844
CHEN 14799
AMD 12180
Thane 9585
Pune 7919
Indore 3486
Kolkata 2125
Jaipur 1991
Surat 1620
Jodhpur 1530
Aurangabad 1501
Bhopal 1467
HYD 1461
Chengalpattu 1172
Nashik 1135
Raigad 1108
Vadodara 1057
Howrah 1029
Palghar 1018

#Unlock1",[],[],[],0,2,3,['#unlock1'],[],https://twitter.com/iamsagarshah21/status/1267194974954815488,False,,0,,,,,,,"[{'user_id': '160865093', 'username': 'iamsagarshah21'}]",,,,
1266737270578651142,1266737270578651142,1590848674000,2020-05-30,19:54:34,IST,580569026,nikansh24,Nikhil Chouhan,,"@DGCAIndia @HardeepSPuri Sir, when will flights from Jodhpur to be resumed ? Its not cleared in Unlock1.","['dgcaindia', 'hardeepspuri']",[],[],0,0,0,[],[],https://twitter.com/nikansh24/status/1266737270578651142,False,,0,,,,,,,"[{'user_id': '580569026', 'username': 'nikansh24'}, {'user_id': '1137307520093941760', 'username': 'DGCAIndia'}, {'user_id': '2289628938', 'username': 'HardeepSPuri'}]",,,,
