id,conversation_id,created_at,date,time,timezone,user_id,username,name,place,tweet,mentions,urls,photos,replies_count,retweets_count,likes_count,hashtags,cashtags,link,retweet,quote_url,video,near,geo,source,user_rt_id,user_rt,retweet_id,reply_to,retweet_date,translate,trans_src,trans_dest
1270934682943647744,1270934682943647744,1591849415000,2020-06-11,09:53:35,IST,1222356696955146245,gautamgada1,Gautam Gada,,"Quarantine ward life of gujjus 

Gujjus can be happy anywhere.

Retweet

#quarantinetimepass #unlock2 #Unlock1 #Gujarat #Maharashtra #Lockdown5 #Bangalore #Coimbatore #IndianAirForce #Karachi #KatrinaKaif #MumbaiRains #Mumbai #SidNaaz #UPSC #VogueChallenge #MissYouYuvi pic.twitter.com/JPCWHIIu01",[],[],[],0,0,2,"['#quarantinetimepass', '#unlock2', '#unlock1', '#gujarat', '#maharashtra', '#lockdown5', '#bangalore', '#coimbatore', '#indianairforce', '#karachi', '#katrinakaif', '#mumbairains', '#mumbai', '#sidnaaz', '#upsc', '#voguechallenge', '#missyouyuvi']",[],https://twitter.com/GautamGada1/status/1270934682943647744,False,,1,,,,,,,"[{'user_id': '1222356696955146245', 'username': 'GautamGada1'}]",,,,
1268433766130659328,1268433766130659328,1591253150000,2020-06-04,12:15:50,IST,1242307373873557505,tnnewsnetwork24,TNN,,"We have flattened the wrong curve, the #economic curve.""
- #RajivBajaj
#Unlock1 #IndiaFightsCorona #Chennai #COVIDー19 #TNCoronaUpdate #covid19tamilnadu #Trichy #Madurai #Coimbatore #Tirunelveli #Nagercoil #Kanyakumari",[],[],[],0,0,0,"['#economic', '#rajivbajaj', '#unlock1', '#indiafightscorona', '#chennai', '#covidー19', '#tncoronaupdate', '#covid19tamilnadu', '#trichy', '#madurai', '#coimbatore', '#tirunelveli', '#nagercoil', '#kanyakumari']",[],https://twitter.com/TnNewsNetwork24/status/1268433766130659328,False,,0,,,,,,,"[{'user_id': '1242307373873557505', 'username': 'TnNewsNetwork24'}]",,,,
1268429667255508992,1268429667255508992,1591252173000,2020-06-04,11:59:33,IST,1242307373873557505,tnnewsnetwork24,TNN,,"Avoid visiting crowded places as a part of the new normal. Let us all follow distancing norms to stay safe.

#Unlock1 #IndiaFightsCorona #Chennai #COVIDー19 #TNCoronaUpdate #covid19tamilnadu #Trichy #Madurai #Coimbatore #Tirunelveli #Nagercoil #Kanyakumari pic.twitter.com/35IPt5aZHx",[],[],['https://pbs.twimg.com/media/EZpd1ZTU0AU8hnG.jpg'],1,0,0,"['#unlock1', '#indiafightscorona', '#chennai', '#covidー19', '#tncoronaupdate', '#covid19tamilnadu', '#trichy', '#madurai', '#coimbatore', '#tirunelveli', '#nagercoil', '#kanyakumari']",[],https://twitter.com/TnNewsNetwork24/status/1268429667255508992,False,,0,,,,,,,"[{'user_id': '1242307373873557505', 'username': 'TnNewsNetwork24'}]",,,,
1267473053161648128,1267473053161648128,1591024099000,2020-06-01,20:38:19,IST,31708367,srigiri,srigiri mahadevan,,"#sevasindhu Sir, Trying to travel back to BLR from TN (Coimbatore - Green zone), As per new UNLOCK1.0 i tried registering with ""Stranded Tourist"" but says only ""Karnataka only allows those facing medical emergency / treatment for terminal illness from TAMIL NADU. Please update.  pic.twitter.com/oHak8zWzFV",[],[],['https://pbs.twimg.com/media/EZb4BDdUEAA60A0.jpg'],1,0,0,['#sevasindhu'],[],https://twitter.com/srigiri/status/1267473053161648128,False,,0,,,,,,,"[{'user_id': '31708367', 'username': 'srigiri'}]",,,,
1267450870356160518,1267450870356160518,1591018810000,2020-06-01,19:10:10,IST,1017752804176216064,victoriarealto5,Victoria Realtors,,"Do not step out unnecessarily.
Keep yourself away from the #virus, stay #healthy :)

#NoPlaceLikeHome #Unlock1 #LockDown5 #CoronaIndia #Kerala #TamilNadu #SocialDistancing #BeResponsible #COVID19India #CoronaUpdate #UnlockIndia #keralafightsCorona #TamilNaduUnlock1 #Coimbatore  pic.twitter.com/L8YrfB08uE",[],[],['https://pbs.twimg.com/media/EZbjbtiX0AMhfWt.jpg'],1,0,1,"['#virus', '#healthy', '#noplacelikehome', '#unlock1', '#lockdown5', '#coronaindia', '#kerala', '#tamilnadu', '#socialdistancing', '#beresponsible', '#covid19india', '#coronaupdate', '#unlockindia', '#keralafightscorona', '#tamilnaduunlock1', '#coimbatore']",[],https://twitter.com/VictoriaRealto5/status/1267450870356160518,False,,0,,,,,,,"[{'user_id': '1017752804176216064', 'username': 'VictoriaRealto5'}]",,,,
1267381850105958400,1267381850105958400,1591002354000,2020-06-01,14:35:54,IST,631810714,cnbctv18news,CNBC-TV18,,"2 trains commenced from Coimbatore of Salem Division to Katpadi & Mayiladuthurai as a part of #Unlock1, with all protocols in place.

@RailMinIndia @PiyushGoyal @PiyushGoyalOffc @awnusharma pic.twitter.com/lgso2ubXVe","['railminindia', 'piyushgoyal', 'piyushgoyaloffc', 'awnusharma']",[],"['https://pbs.twimg.com/media/EZalDh8UcAElRiP.jpg', 'https://pbs.twimg.com/media/EZalET5U0AUxINX.jpg']",0,0,1,['#unlock1'],[],https://twitter.com/CNBCTV18News/status/1267381850105958400,False,,0,,,,,,,"[{'user_id': '631810714', 'username': 'CNBCTV18News'}, {'user_id': '2602959463', 'username': 'RailMinIndia'}, {'user_id': '1324334436', 'username': 'PiyushGoyal'}, {'user_id': '717686709983424513', 'username': 'PiyushGoyalOffc'}, {'user_id': '3224077530', 'username': 'awnusharma'}]",,,,
1267360441426010112,1267360441426010112,1590997250000,2020-06-01,13:10:50,IST,1242307373873557505,tnnewsnetwork24,TNN,,"#Unlock1: தளர்த்தப்பட்ட 5-ம் கட்ட ஊரடங்கு பற்றி உங்கள் கருத்து என்ன?

#Chennai #COVIDー19 #TNCoronaUpdate #covid19tamilnadu
#Trichy #Madurai #Coimbatore #Tirunelveli #Nagercoil #Kanyakumari",[],[],[],1,1,1,"['#unlock1', '#chennai', '#covidー19', '#tncoronaupdate', '#covid19tamilnadu', '#trichy', '#madurai', '#coimbatore', '#tirunelveli', '#nagercoil', '#kanyakumari']",[],https://twitter.com/TnNewsNetwork24/status/1267360441426010112,False,,0,,,,,,,"[{'user_id': '1242307373873557505', 'username': 'TnNewsNetwork24'}]",,,,
1267310032590258176,1267310032590258176,1590985231000,2020-06-01,09:50:31,IST,876775794864922628,toi_coimbatore,TOI Coimbatore,,"Temperature check done for passengers travelling to other districts like Salem, Erode from Coimbatore mofussil bus stand

#TamilNaduUnlock1
#unlock1  pic.twitter.com/LS4LlkrJG4",[],[],['https://pbs.twimg.com/media/EZZjvDhUEAAWWEb.jpg'],0,3,1,"['#tamilnaduunlock1', '#unlock1']",[],https://twitter.com/TOI_Coimbatore/status/1267310032590258176,False,,0,,,,,,,"[{'user_id': '876775794864922628', 'username': 'TOI_Coimbatore'}]",,,,
1267307849538957312,1267307849538957312,1590984711000,2020-06-01,09:41:51,IST,876775794864922628,toi_coimbatore,TOI Coimbatore,,"Tamil Nadu: Special train starting today from Coimbatore to Mayiladuturai

#unlock1
#TamilNaduUnlock1 pic.twitter.com/j4rKhfMn9o",[],[],"['https://pbs.twimg.com/media/EZZhvkzU8AAt8Q-.jpg', 'https://pbs.twimg.com/media/EZZhvk1VAAAC4FU.jpg', 'https://pbs.twimg.com/media/EZZhvk1UYAIQKGQ.jpg', 'https://pbs.twimg.com/media/EZZhvk3U0AAke-l.jpg']",1,4,25,"['#unlock1', '#tamilnaduunlock1']",[],https://twitter.com/TOI_Coimbatore/status/1267307849538957312,False,,0,,,,,,,"[{'user_id': '876775794864922628', 'username': 'TOI_Coimbatore'}]",,,,
1267283278077112320,1267283278077112320,1590978853000,2020-06-01,08:04:13,IST,1242307373873557505,tnnewsnetwork24,TNN,,"`தமிழகத்தில் தொடங்கியது பேருந்து போக்குவரத்து!’ -நாடு முழுவதும் கூடுதல் தளர்வுகளுடன் அமலானது #Unlock1
#CoronaVirusUpdate #Chennai #COVIDー19 #TNCoronaUpdate #covid19tamilnadu #Trichy #Madurai #Coimbatore #Tirunelveli #Kanyakumari pic.twitter.com/dq98cQZvkL",[],[],['https://pbs.twimg.com/media/EZZLOzJUcAAdIQA.jpg'],0,0,0,"['#unlock1', '#coronavirusupdate', '#chennai', '#covidー19', '#tncoronaupdate', '#covid19tamilnadu', '#trichy', '#madurai', '#coimbatore', '#tirunelveli', '#kanyakumari']",[],https://twitter.com/TnNewsNetwork24/status/1267283278077112320,False,,0,,,,,,,"[{'user_id': '1242307373873557505', 'username': 'TnNewsNetwork24'}]",,,,
1266936353075286016,1266936353075286016,1590896139000,2020-05-31,09:05:39,IST,1242307373873557505,tnnewsnetwork24,TNN,,"Apart from #Chennai, in other parts of the State; all companies including #IT and IT enabled services can function with 100 percent employees 

#Unlock1 #CoronaVirusUpdate #Chennai #COVIDー19 #TNCoronaUpdate #covid19tamilnadu #Trichy #Madurai #Coimbatore #Tirunelveli #Kanyakumari",[],[],[],0,0,0,"['#chennai', '#it', '#unlock1', '#coronavirusupdate', '#chennai', '#covidー19', '#tncoronaupdate', '#covid19tamilnadu', '#trichy', '#madurai', '#coimbatore', '#tirunelveli', '#kanyakumari']",[],https://twitter.com/TnNewsNetwork24/status/1266936353075286016,False,,0,,,,,,,"[{'user_id': '1242307373873557505', 'username': 'TnNewsNetwork24'}]",,,,
1266935631629828097,1266935631629828097,1590895967000,2020-05-31,09:02:47,IST,1242307373873557505,tnnewsnetwork24,TNN,,"அனைத்து வகையான பொருட்களையும் #E_commerce நிறுவனங்கள்(#Amazon,#flipkart,#snapdeal..etc) டெலிவரி செய்யலாம்.

- தமிழக அரசு.

#Unlock1 #CoronaVirusUpdate #Chennai #COVIDー19 #TNCoronaUpdate #covid19tamilnadu #Trichy #Madurai #Coimbatore #Tirunelveli #Kanyakumari pic.twitter.com/xPFNRM70Jo",[],[],['https://pbs.twimg.com/media/EZUPPBwUMAEFs5H.jpg'],1,0,0,"['#e_commerce', '#amazon', '#flipkart', '#snapdeal', '#unlock1', '#coronavirusupdate', '#chennai', '#covidー19', '#tncoronaupdate', '#covid19tamilnadu', '#trichy', '#madurai', '#coimbatore', '#tirunelveli', '#kanyakumari']",[],https://twitter.com/TnNewsNetwork24/status/1266935631629828097,False,,0,,,,,,,"[{'user_id': '1242307373873557505', 'username': 'TnNewsNetwork24'}]",,,,
1266935401769365504,1266935401769365504,1590895912000,2020-05-31,09:01:52,IST,1242307373873557505,tnnewsnetwork24,TNN,,"அனைத்து வகையான பொருட்களையும் #E_commerce நிறுவனங்கள்(#Amazon,#flipkart,#snapdeal..etc) டெலிவரி செய்யலாம்.

- தமிழக அரசு.

#Unlock1 #CoronaVirusUpdate #Chennai #COVIDー19 #TNCoronaUpdate #covid19tamilnadu #Trichy #Madurai #Coimbatore #Tirunelveli #Kanyakumari",[],[],[],0,0,0,"['#e_commerce', '#amazon', '#flipkart', '#snapdeal', '#unlock1', '#coronavirusupdate', '#chennai', '#covidー19', '#tncoronaupdate', '#covid19tamilnadu', '#trichy', '#madurai', '#coimbatore', '#tirunelveli', '#kanyakumari']",[],https://twitter.com/TnNewsNetwork24/status/1266935401769365504,False,,0,,,,,,,"[{'user_id': '1242307373873557505', 'username': 'TnNewsNetwork24'}]",,,,
1266934879985397760,1266934879985397760,1590895788000,2020-05-31,08:59:48,IST,1242307373873557505,tnnewsnetwork24,TNN,,"குற்றவியல் நடைமுறைச் சட்டம் 144 கீழ் 5 நபர்களுக்கு மேல் கூடக்கூடாது என்ற நடைமுறை தொடர்ந்து அமலில் இருக்கும்.

பொதுமக்கள் வெளியே வரும்பொழுது முகக்கவசம் அணிவது கட்டாயமாக்கப்பட்டுள்ளாது.

- தமிழக அரசு.

#Unlock1 #Chennai #TNCoronaUpdate #covid19tamilnadu #Trichy #Madurai #Coimbatore  pic.twitter.com/RFFsZNVaah",[],[],['https://pbs.twimg.com/media/EZUOiD2U4AAMPrX.jpg'],0,0,0,"['#unlock1', '#chennai', '#tncoronaupdate', '#covid19tamilnadu', '#trichy', '#madurai', '#coimbatore']",[],https://twitter.com/TnNewsNetwork24/status/1266934879985397760,False,,0,,,,,,,"[{'user_id': '1242307373873557505', 'username': 'TnNewsNetwork24'}]",,,,
1266934054240186368,1266934054240186368,1590895591000,2020-05-31,08:56:31,IST,1242307373873557505,tnnewsnetwork24,TNN,,"Hired vehicles and #taxis can be operated within the zone without #EPass; Apart from driver, three passengers are allowed in #Tamilnadu
#Unlock1 #CoronaVirusUpdate #Chennai #COVIDー19 #TNCoronaUpdate #covid19tamilnadu #Trichy #Madurai #Coimbatore #Tirunelveli #Kanyakumari pic.twitter.com/2ku9QumnrW",[],[],['https://pbs.twimg.com/media/EZUNxP9U0AA3Wqz.jpg'],0,0,0,"['#taxis', '#epass', '#tamilnadu', '#unlock1', '#coronavirusupdate', '#chennai', '#covidー19', '#tncoronaupdate', '#covid19tamilnadu', '#trichy', '#madurai', '#coimbatore', '#tirunelveli', '#kanyakumari']",[],https://twitter.com/TnNewsNetwork24/status/1266934054240186368,False,,0,,,,,,,"[{'user_id': '1242307373873557505', 'username': 'TnNewsNetwork24'}]",,,,
1266932991051198465,1266932991051198465,1590895338000,2020-05-31,08:52:18,IST,1242307373873557505,tnnewsnetwork24,TNN,,"""Smokers are more likely to get a severe case of #COVID19"" - @WHO
#IndiaFightsCorona #Unlock1 #EPS #CM #CoronaVirusUpdate #Chennai #COVIDー19 #TNCoronaUpdate #covid19tamilnadu #Trichy #Madurai #Coimbatore #Tirunelveli #Kanyakumari pic.twitter.com/fklpLWDw84",['who'],[],['https://pbs.twimg.com/media/EZUMyeXVcAAQCn1.jpg'],0,0,0,"['#covid19', '#indiafightscorona', '#unlock1', '#eps', '#cm', '#coronavirusupdate', '#chennai', '#covidー19', '#tncoronaupdate', '#covid19tamilnadu', '#trichy', '#madurai', '#coimbatore', '#tirunelveli', '#kanyakumari']",[],https://twitter.com/TnNewsNetwork24/status/1266932991051198465,False,,0,,,,,,,"[{'user_id': '1242307373873557505', 'username': 'TnNewsNetwork24'}, {'user_id': '14499829', 'username': 'WHO'}]",,,,
1266931519664209922,1266931519664209922,1590894987000,2020-05-31,08:46:27,IST,1242307373873557505,tnnewsnetwork24,TNN,,"#IT companies and IT-enabled Services can function with 20 percent employees (maximum 40 persons) from June 1

#Unlock1 #EPS #CM #CoronaVirusUpdate
#Chennai #COVIDー19 #TNCoronaUpdate #covid19tamilnadu #Trichy #Madurai #Coimbatore #Tirunelveli #Kanyakumari pic.twitter.com/VcadsJWh3a",[],[],['https://pbs.twimg.com/media/EZULcBUUcAASq-T.jpg'],0,0,0,"['#it', '#unlock1', '#eps', '#cm', '#coronavirusupdate', '#chennai', '#covidー19', '#tncoronaupdate', '#covid19tamilnadu', '#trichy', '#madurai', '#coimbatore', '#tirunelveli', '#kanyakumari']",[],https://twitter.com/TnNewsNetwork24/status/1266931519664209922,False,,0,,,,,,,"[{'user_id': '1242307373873557505', 'username': 'TnNewsNetwork24'}]",,,,
1266930670812585985,1266930670812585985,1590894785000,2020-05-31,08:43:05,IST,1242307373873557505,tnnewsnetwork24,TNN,,"மண்டலங்களுக்கு இடையே சென்று வர இ-பாஸ் முறை நடைமுறையில் இருக்கும்.அதேவேளை, மண்டலத்திற்குள் பயணிக்க இ-பாஸ் தேவை இல்லை

- தமிழக முதல்வர்

#Unlock1 #EPS #CM #CoronaVirusUpdate
#Chennai #COVIDー19 #TNCoronaUpdate #covid19tamilnadu #Trichy #Madurai #Coimbatore #Tirunelveli #Kanyakumari",[],[],[],0,0,0,"['#unlock1', '#eps', '#cm', '#coronavirusupdate', '#chennai', '#covidー19', '#tncoronaupdate', '#covid19tamilnadu', '#trichy', '#madurai', '#coimbatore', '#tirunelveli', '#kanyakumari']",[],https://twitter.com/TnNewsNetwork24/status/1266930670812585985,False,,0,,,,,,,"[{'user_id': '1242307373873557505', 'username': 'TnNewsNetwork24'}]",,,,
1266930238744784896,1266930238744784896,1590894681000,2020-05-31,08:41:21,IST,1242307373873557505,tnnewsnetwork24,TNN,,"பள்ளி, கல்லூரிகள்,வழிபாட்டு தலங்கள்,திரையரங்குகள்,மெட்ரோ ரயில் சேவை,வணிக வளாகங்கள் இயங்குவதற்கு தொடர்ந்து தடை.

- தமிழக முதல்வர்.

#Unlock1 #EPS #CM
#CoronaVirusUpdate
#Chennai #COVIDー19 #TNCoronaUpdate #covid19tamilnadu
#Trichy #Madurai #Coimbatore #Tirunelveli #Kanyakumari pic.twitter.com/ACpnc2obwu",[],[],"['https://pbs.twimg.com/media/EZUKO9pVAAE6AxK.png', 'https://pbs.twimg.com/media/EZUKPxcU4AE34-5.jpg']",0,0,0,"['#unlock1', '#eps', '#cm', '#coronavirusupdate', '#chennai', '#covidー19', '#tncoronaupdate', '#covid19tamilnadu', '#trichy', '#madurai', '#coimbatore', '#tirunelveli', '#kanyakumari']",[],https://twitter.com/TnNewsNetwork24/status/1266930238744784896,False,,0,,,,,,,"[{'user_id': '1242307373873557505', 'username': 'TnNewsNetwork24'}]",,,,
1266926025801216012,1266926025801216012,1590893677000,2020-05-31,08:24:37,IST,1242307373873557505,tnnewsnetwork24,TNN,,"Shopping Malls will not be opened in TN as part of #Unlock1 Phase I relaxations.

#CoronavirusLockdown
#CoronaVirusUpdate
#Chennai #COVIDー19 #TNCoronaUpdate #covid19tamilnadu
#Trichy #Madurai #Coimbatore #Tirunelveli #Nagercoil #Kanyakumari pic.twitter.com/ipAZdFBVmk",[],[],['https://pbs.twimg.com/media/EZUGc0AUMAAHjJ2.jpg'],0,0,0,"['#unlock1', '#coronaviruslockdown', '#coronavirusupdate', '#chennai', '#covidー19', '#tncoronaupdate', '#covid19tamilnadu', '#trichy', '#madurai', '#coimbatore', '#tirunelveli', '#nagercoil', '#kanyakumari']",[],https://twitter.com/TnNewsNetwork24/status/1266926025801216012,False,,0,,,,,,,"[{'user_id': '1242307373873557505', 'username': 'TnNewsNetwork24'}]",,,,
