id,conversation_id,created_at,date,time,timezone,user_id,username,name,place,tweet,mentions,urls,photos,replies_count,retweets_count,likes_count,hashtags,cashtags,link,retweet,quote_url,video,near,geo,source,user_rt_id,user_rt,retweet_id,reply_to,retweet_date,translate,trans_src,trans_dest
1268433766130659328,1268433766130659328,1591253150000,2020-06-04,12:15:50,IST,1242307373873557505,tnnewsnetwork24,TNN,,"We have flattened the wrong curve, the #economic curve.""
- #RajivBajaj
#Unlock1 #IndiaFightsCorona #Chennai #COVIDー19 #TNCoronaUpdate #covid19tamilnadu #Trichy #Madurai #Coimbatore #Tirunelveli #Nagercoil #Kanyakumari",[],[],[],0,0,0,"['#economic', '#rajivbajaj', '#unlock1', '#indiafightscorona', '#chennai', '#covidー19', '#tncoronaupdate', '#covid19tamilnadu', '#trichy', '#madurai', '#coimbatore', '#tirunelveli', '#nagercoil', '#kanyakumari']",[],https://twitter.com/TnNewsNetwork24/status/1268433766130659328,False,,0,,,,,,,"[{'user_id': '1242307373873557505', 'username': 'TnNewsNetwork24'}]",,,,
1268429667255508992,1268429667255508992,1591252173000,2020-06-04,11:59:33,IST,1242307373873557505,tnnewsnetwork24,TNN,,"Avoid visiting crowded places as a part of the new normal. Let us all follow distancing norms to stay safe.

#Unlock1 #IndiaFightsCorona #Chennai #COVIDー19 #TNCoronaUpdate #covid19tamilnadu #Trichy #Madurai #Coimbatore #Tirunelveli #Nagercoil #Kanyakumari pic.twitter.com/35IPt5aZHx",[],[],['https://pbs.twimg.com/media/EZpd1ZTU0AU8hnG.jpg'],1,0,0,"['#unlock1', '#indiafightscorona', '#chennai', '#covidー19', '#tncoronaupdate', '#covid19tamilnadu', '#trichy', '#madurai', '#coimbatore', '#tirunelveli', '#nagercoil', '#kanyakumari']",[],https://twitter.com/TnNewsNetwork24/status/1268429667255508992,False,,0,,,,,,,"[{'user_id': '1242307373873557505', 'username': 'TnNewsNetwork24'}]",,,,
1267360441426010112,1267360441426010112,1590997250000,2020-06-01,13:10:50,IST,1242307373873557505,tnnewsnetwork24,TNN,,"#Unlock1: தளர்த்தப்பட்ட 5-ம் கட்ட ஊரடங்கு பற்றி உங்கள் கருத்து என்ன?

#Chennai #COVIDー19 #TNCoronaUpdate #covid19tamilnadu
#Trichy #Madurai #Coimbatore #Tirunelveli #Nagercoil #Kanyakumari",[],[],[],1,1,1,"['#unlock1', '#chennai', '#covidー19', '#tncoronaupdate', '#covid19tamilnadu', '#trichy', '#madurai', '#coimbatore', '#tirunelveli', '#nagercoil', '#kanyakumari']",[],https://twitter.com/TnNewsNetwork24/status/1267360441426010112,False,,0,,,,,,,"[{'user_id': '1242307373873557505', 'username': 'TnNewsNetwork24'}]",,,,
1266926025801216012,1266926025801216012,1590893677000,2020-05-31,08:24:37,IST,1242307373873557505,tnnewsnetwork24,TNN,,"Shopping Malls will not be opened in TN as part of #Unlock1 Phase I relaxations.

#CoronavirusLockdown
#CoronaVirusUpdate
#Chennai #COVIDー19 #TNCoronaUpdate #covid19tamilnadu
#Trichy #Madurai #Coimbatore #Tirunelveli #Nagercoil #Kanyakumari pic.twitter.com/ipAZdFBVmk",[],[],['https://pbs.twimg.com/media/EZUGc0AUMAAHjJ2.jpg'],0,0,0,"['#unlock1', '#coronaviruslockdown', '#coronavirusupdate', '#chennai', '#covidー19', '#tncoronaupdate', '#covid19tamilnadu', '#trichy', '#madurai', '#coimbatore', '#tirunelveli', '#nagercoil', '#kanyakumari']",[],https://twitter.com/TnNewsNetwork24/status/1266926025801216012,False,,0,,,,,,,"[{'user_id': '1242307373873557505', 'username': 'TnNewsNetwork24'}]",,,,
