id,conversation_id,created_at,date,time,timezone,user_id,username,name,place,tweet,mentions,urls,photos,replies_count,retweets_count,likes_count,hashtags,cashtags,link,retweet,quote_url,video,near,geo,source,user_rt_id,user_rt,retweet_id,reply_to,retweet_date,translate,trans_src,trans_dest
1267381850105958400,1267381850105958400,1591002354000,2020-06-01,14:35:54,IST,631810714,cnbctv18news,CNBC-TV18,,"2 trains commenced from Coimbatore of Salem Division to Katpadi & Mayiladuthurai as a part of #Unlock1, with all protocols in place.

@RailMinIndia @PiyushGoyal @PiyushGoyalOffc @awnusharma pic.twitter.com/lgso2ubXVe","['railminindia', 'piyushgoyal', 'piyushgoyaloffc', 'awnusharma']",[],"['https://pbs.twimg.com/media/EZalDh8UcAElRiP.jpg', 'https://pbs.twimg.com/media/EZalET5U0AUxINX.jpg']",0,0,1,['#unlock1'],[],https://twitter.com/CNBCTV18News/status/1267381850105958400,False,,0,,,,,,,"[{'user_id': '631810714', 'username': 'CNBCTV18News'}, {'user_id': '2602959463', 'username': 'RailMinIndia'}, {'user_id': '1324334436', 'username': 'PiyushGoyal'}, {'user_id': '717686709983424513', 'username': 'PiyushGoyalOffc'}, {'user_id': '3224077530', 'username': 'awnusharma'}]",,,,
1267319540741926912,1267319540741926912,1590987498000,2020-06-01,10:28:18,IST,633485882,news9tweets,NEWS9,,#BIGNEWS: Two trains resume operation from Salem Railway Division of Southern Railway Zone in #TamilNadu on the first day of #Unlock1.  pic.twitter.com/W4ykMqnuIE,[],[],"['https://pbs.twimg.com/media/EZZsP_eUwAAiSpP.jpg', 'https://pbs.twimg.com/media/EZZsTcyUwAEam81.jpg']",1,0,1,"['#bignews', '#tamilnadu', '#unlock1']",[],https://twitter.com/NEWS9TWEETS/status/1267319540741926912,False,,0,,,,,,,"[{'user_id': '633485882', 'username': 'NEWS9TWEETS'}]",,,,
1267318965857947650,1267318965857947650,1590987361000,2020-06-01,10:26:01,IST,31060130,toichennai,TOIChennai,,"#TamilNadu: Two trains commence operations in Salem railway division of Southern Railway Zone 

#TamilNaduUnlock1
#unlock1  pic.twitter.com/ak3Dx1yI7M",[],[],"['https://pbs.twimg.com/media/EZZr3pwU0AAxVbC.jpg', 'https://pbs.twimg.com/media/EZZr3p9VAAAB3-U.jpg', 'https://pbs.twimg.com/media/EZZr3p9UEAMpDqB.jpg']",0,0,4,"['#tamilnadu', '#tamilnaduunlock1', '#unlock1']",[],https://twitter.com/TOIChennai/status/1267318965857947650,False,,0,,,,,,,"[{'user_id': '31060130', 'username': 'TOIChennai'}]",,,,
1267318192042504192,1267318192042504192,1590987177000,2020-06-01,10:22:57,IST,355989081,ani,ANI,,"Tamil Nadu: Two trains today commenced their operations in Salem Railway Division of Southern Railway Zone. 

Indian Railways has started operations of 200 passenger train services from today. #UNLOCK1  pic.twitter.com/HNwZWQ04y2",[],[],"['https://pbs.twimg.com/media/EZZfRAxUEAEiRa4.jpg', 'https://pbs.twimg.com/media/EZZfR0vUwAAYLzO.jpg', 'https://pbs.twimg.com/media/EZZfSpaU4AEy8yG.jpg']",3,13,179,['#unlock1'],[],https://twitter.com/ANI/status/1267318192042504192,False,,0,,,,,,,"[{'user_id': '355989081', 'username': 'ANI'}]",,,,
1267310032590258176,1267310032590258176,1590985231000,2020-06-01,09:50:31,IST,876775794864922628,toi_coimbatore,TOI Coimbatore,,"Temperature check done for passengers travelling to other districts like Salem, Erode from Coimbatore mofussil bus stand

#TamilNaduUnlock1
#unlock1  pic.twitter.com/LS4LlkrJG4",[],[],['https://pbs.twimg.com/media/EZZjvDhUEAAWWEb.jpg'],0,3,1,"['#tamilnaduunlock1', '#unlock1']",[],https://twitter.com/TOI_Coimbatore/status/1267310032590258176,False,,0,,,,,,,"[{'user_id': '876775794864922628', 'username': 'TOI_Coimbatore'}]",,,,
