id,conversation_id,created_at,date,time,timezone,user_id,username,name,place,tweet,mentions,urls,photos,replies_count,retweets_count,likes_count,hashtags,cashtags,link,retweet,quote_url,video,near,geo,source,user_rt_id,user_rt,retweet_id,reply_to,retweet_date,translate,trans_src,trans_dest
1266769271029407744,1266769271029407744,1590856304000,2020-05-30,22:01:44,IST,299480636,dursety,Shashidhar Dursety,,"The Govt. should have kept #Lockdown1
#Lockdown2
#Lockdown3

After that 
#Unlock1 🔓

Followed by
#Lockdown4

then
#Unlock2 🔓

lastly
#Lockdown5

In this peak stages Govt. trying to lift is more alarming 🥵
#India
#Telangana
#Warangal
#ContainmentZones
#COVID19India",[],[],[],0,1,2,"['#lockdown1', '#lockdown2', '#lockdown3', '#unlock1', '#lockdown4', '#unlock2', '#lockdown5', '#india', '#telangana', '#warangal', '#containmentzones', '#covid19india']",[],https://twitter.com/Dursety/status/1266769271029407744,False,,0,,,,,,,"[{'user_id': '299480636', 'username': 'Dursety'}]",,,,
