id,conversation_id,created_at,date,time,timezone,user_id,username,name,place,tweet,mentions,urls,photos,replies_count,retweets_count,likes_count,hashtags,cashtags,link,retweet,quote_url,video,near,geo,source,user_rt_id,user_rt,retweet_id,reply_to,retweet_date,translate,trans_src,trans_dest
1277930395179216897,1277930395179216897,1593517323000,2020-06-30,17:12:03,IST,902067067104354306,pibagartala,PIB in Tripura,,"#IndiaFightsCorona

১০৭৫ (ফ্রি কথা বলা) আপনার সেবায় ২৪X7 সব সময় থাকবে

#BadalkarApnaVyavaharKareinCoronaParVar #TogetherAgainstCovid19 #HealthForAll #SwasthaBharat #CoronaOutbreak #Unlock1  https://twitter.com/MoHFW_INDIA/status/1277928152157708289 …",[],['https://twitter.com/MoHFW_INDIA/status/1277928152157708289'],[],0,0,0,"['#indiafightscorona', '#badalkarapnavyavaharkareincoronaparvar', '#togetheragainstcovid19', '#healthforall', '#swasthabharat', '#coronaoutbreak', '#unlock1']",[],https://twitter.com/PIBAgartala/status/1277930395179216897,False,https://twitter.com/MoHFW_INDIA/status/1277928152157708289,0,,,,,,,"[{'user_id': '902067067104354306', 'username': 'PIBAgartala'}]",,,,
1277887397485621248,1277887397485621248,1593507072000,2020-06-30,14:21:12,IST,902067067104354306,pibagartala,PIB in Tripura,,"#IndiaFightsCorona

আপনার সুরক্ষার জন্য ৬ ফুট দুরত্ব বজায় রাখুন। এব্যাপারে অন্যকে অবগত করুন আপনার সহযোগিতার জন্য সাহায্য করুন। 

#TogetherAgainstCovid19 #BadalkarApnaVyavaharKareinCoronaParVaar #HealthForAll #SwasthaBharat #CoronaOutbreak #Unlock1  https://twitter.com/ROBHyderabad/status/1277886018721472512 …",[],['https://twitter.com/ROBHyderabad/status/1277886018721472512'],[],0,0,1,"['#indiafightscorona', '#togetheragainstcovid19', '#badalkarapnavyavaharkareincoronaparvaar', '#healthforall', '#swasthabharat', '#coronaoutbreak', '#unlock1']",[],https://twitter.com/PIBAgartala/status/1277887397485621248,False,https://twitter.com/ROBHyderabad/status/1277886018721472512,0,,,,,,,"[{'user_id': '902067067104354306', 'username': 'PIBAgartala'}]",,,,
1277866401861009409,1277866401861009409,1593502066000,2020-06-30,12:57:46,IST,902067067104354306,pibagartala,PIB in Tripura,,"#IndiaFightsCorona
এখনই কিছুটা উদ্বিগ্ন বা উদ্বিগ্ন বোধ করা ঠিক আছে। সাহায্য চাওয়া ঠিক আছে। আমাদের কল করুন - আমরা আপনার জন্য এখানে আছি।
#TogetherAgainstCovid19 #BadalkarApnaVyavaharKareinCoronaParVaar #HealthForAll #SwasthaBharat #CoronaOutbreak #Unlock1  https://twitter.com/MoHFW_INDIA/status/1277842345086484480 …",[],['https://twitter.com/MoHFW_INDIA/status/1277842345086484480'],[],0,1,0,"['#indiafightscorona', '#togetheragainstcovid19', '#badalkarapnavyavaharkareincoronaparvaar', '#healthforall', '#swasthabharat', '#coronaoutbreak', '#unlock1']",[],https://twitter.com/PIBAgartala/status/1277866401861009409,False,https://twitter.com/MoHFW_INDIA/status/1277842345086484480,0,,,,,,,"[{'user_id': '902067067104354306', 'username': 'PIBAgartala'}]",,,,
1277566461267992576,1277566461267992576,1593430555000,2020-06-29,17:05:55,IST,902067067104354306,pibagartala,PIB in Tripura,,"#IndiaFightsCorona 

আপনার হাত ঘন ঘন ভালভাবে সাবান এবং জল দিয়ে ধোয়বেন এবং অ্যালকোহল জাতীয় স্যানিটাইজার ব্যবহার করুন।

#TogetherAgainstCovid19 #BadalkarApnaVyavaharKareinCoronaParVaar #HealthForAll #SwasthaBharat #CoronaOutbreak #Unlock1  https://twitter.com/MoHFW_INDIA/status/1277561906635522048 …",[],['https://twitter.com/MoHFW_INDIA/status/1277561906635522048'],[],0,1,0,"['#indiafightscorona', '#togetheragainstcovid19', '#badalkarapnavyavaharkareincoronaparvaar', '#healthforall', '#swasthabharat', '#coronaoutbreak', '#unlock1']",[],https://twitter.com/PIBAgartala/status/1277566461267992576,False,https://twitter.com/MoHFW_INDIA/status/1277561906635522048,0,,,,,,,"[{'user_id': '902067067104354306', 'username': 'PIBAgartala'}]",,,,
1277521476891971584,1277521476891971584,1593419829000,2020-06-29,14:07:09,IST,902067067104354306,pibagartala,PIB in Tripura,,"#IndiaFightsCorona 
সুস্থ থাকুন, সুরক্ষিত থাকুন। নিজে এবং অন্যের সুরক্ষার জন্য মাস্ক ব্যবহার করুন। পরিবর্তন কর ব্যবহার, করোনাকে কর হার।

@PIB_India @DGNorthEast @MoHFW_INDIA @tripura_cmo
#TogetherAgainstCovid19 #HealthForAll #SwasthaBharat #CoronaOutbreak #Unlock1  https://twitter.com/MoHFW_INDIA/status/1277519386455052288 …","['pib_india', 'dgnortheast', 'mohfw_india', 'tripura_cmo']",['https://twitter.com/MoHFW_INDIA/status/1277519386455052288'],[],0,1,0,"['#indiafightscorona', '#togetheragainstcovid19', '#healthforall', '#swasthabharat', '#coronaoutbreak', '#unlock1']",[],https://twitter.com/PIBAgartala/status/1277521476891971584,False,https://twitter.com/MoHFW_INDIA/status/1277519386455052288,0,,,,,,,"[{'user_id': '902067067104354306', 'username': 'PIBAgartala'}, {'user_id': '231033118', 'username': 'PIB_India'}, {'user_id': '938003523958071296', 'username': 'DGNorthEast'}, {'user_id': '2596143056', 'username': 'MoHFW_INDIA'}, {'user_id': '1174246363070115840', 'username': 'tripura_cmo'}]",,,,
1276782883856773120,1276782883856773120,1593243735000,2020-06-27,13:12:15,IST,902067067104354306,pibagartala,PIB in Tripura,,"#IndiaFightsCorona

আমরা আমাদের নার্স ও স্বাস্থ্যকর্মীদের COVID-19-এর বিরুদ্ধে লড়াইয়ে প্রতিটি ক্ষেত্রে তাদের দায়িত্ব পালনের জন্য ধন্যবাদ জানাই। তারা সত্যই নিঃস্বার্থ পরিষেবা করেছেন।

@MoHFW_INDIA
#TogetherAgainstCovid19 #HealthForAll #SwasthaBharat #CoronaOutbreak #Unlock1  https://twitter.com/MoHFW_INDIA/status/1276781890985324546 …",['mohfw_india'],['https://twitter.com/MoHFW_INDIA/status/1276781890985324546'],[],0,3,0,"['#indiafightscorona', '#togetheragainstcovid19', '#healthforall', '#swasthabharat', '#coronaoutbreak', '#unlock1']",[],https://twitter.com/PIBAgartala/status/1276782883856773120,False,https://twitter.com/MoHFW_INDIA/status/1276781890985324546,0,,,,,,,"[{'user_id': '902067067104354306', 'username': 'PIBAgartala'}, {'user_id': '2596143056', 'username': 'MoHFW_INDIA'}]",,,,
1276772872808087552,1276772872808087552,1593241348000,2020-06-27,12:32:28,IST,902067067104354306,pibagartala,PIB in Tripura,,"#IndiaFightsCorona

ভারতের স্বাস্থ্যকর্মীরা COVID-19 দায়িত্বের প্রথম সারিতে রয়েছেন। আসুন আমরা আমাদের আসল বীরদের সম্মিলিত সমর্থন প্রদর্শন করি!

@DGNorthEast @tripura_cmo
#TogetherAgainstCovid19 #HealthForAll #SwasthaBharat #CoronaOutbreak #Unlock1  https://twitter.com/MoHFW_INDIA/status/1276765853564846080 …","['dgnortheast', 'tripura_cmo']",['https://twitter.com/MoHFW_INDIA/status/1276765853564846080'],[],0,2,0,"['#indiafightscorona', '#togetheragainstcovid19', '#healthforall', '#swasthabharat', '#coronaoutbreak', '#unlock1']",[],https://twitter.com/PIBAgartala/status/1276772872808087552,False,https://twitter.com/MoHFW_INDIA/status/1276765853564846080,0,,,,,,,"[{'user_id': '902067067104354306', 'username': 'PIBAgartala'}, {'user_id': '938003523958071296', 'username': 'DGNorthEast'}, {'user_id': '1174246363070115840', 'username': 'tripura_cmo'}]",,,,
1276740370936684544,1276740370936684544,1593233599000,2020-06-27,10:23:19,IST,902067067104354306,pibagartala,PIB in Tripura,,"#IndiaFightsCorona

ফ্রন্টলাইন ওয়ার্কার্স, যারা আমাদের সেবাতে নিরন্তর নিযুক্ত থাকে - আমরা সর্বদা তাদের প্রতি কৃতজ্ঞ থাকব।
@MoHFW_INDIA @MIB_India I @PIB_India @DGNorthEast
#TogetherAgainstCovid19 #HealthForAll #SwasthaBharat #CoronaOutbreak #Unlock1  https://twitter.com/MoHFW_INDIA/status/1276739585683251206 …","['mohfw_india', 'mib_india', 'pib_india', 'dgnortheast']",['https://twitter.com/MoHFW_INDIA/status/1276739585683251206'],[],0,2,0,"['#indiafightscorona', '#togetheragainstcovid19', '#healthforall', '#swasthabharat', '#coronaoutbreak', '#unlock1']",[],https://twitter.com/PIBAgartala/status/1276740370936684544,False,https://twitter.com/MoHFW_INDIA/status/1276739585683251206,0,,,,,,,"[{'user_id': '902067067104354306', 'username': 'PIBAgartala'}, {'user_id': '2596143056', 'username': 'MoHFW_INDIA'}, {'user_id': '920488039', 'username': 'MIB_India'}, {'user_id': '231033118', 'username': 'PIB_India'}, {'user_id': '938003523958071296', 'username': 'DGNorthEast'}]",,,,
1276084880044986368,1276084880044986368,1593077318000,2020-06-25,14:58:38,IST,902067067104354306,pibagartala,PIB in Tripura,,"#IndiaFightsCorona

আন্তরিক অভিনন্দন আমাদের স্বাস্থ্য কর্মীদের

 #TogetherAgainstCovid19 #HealthForAll #SwasthaBharat #CoronaOutbreak #Unlock1  https://twitter.com/MoHFW_INDIA/status/1276078533295534080 …",[],['https://twitter.com/MoHFW_INDIA/status/1276078533295534080'],[],0,2,0,"['#indiafightscorona', '#togetheragainstcovid19', '#healthforall', '#swasthabharat', '#coronaoutbreak', '#unlock1']",[],https://twitter.com/PIBAgartala/status/1276084880044986368,False,https://twitter.com/MoHFW_INDIA/status/1276078533295534080,0,,,,,,,"[{'user_id': '902067067104354306', 'username': 'PIBAgartala'}]",,,,
1276076513679437825,1276076513679437825,1593075323000,2020-06-25,14:25:23,IST,902067067104354306,pibagartala,PIB in Tripura,,"#IndiaFightsCorona
একে অপরের সাথে দূরত্ব বজায় রাখা দরকার। এই তথ্য অবগত করুন এবং আপনার সুরক্ষার জন্য সাহায্য করুন। 
পরিবর্তন কর আপনার ব্যবহার, করোনা কে কর হার।
@PIB_India @DGNorthEast
#TogetherAgainstCovid19 #HealthForAll #SwasthaBharat #CoronaOutbreak #Unlock1  https://twitter.com/MoHFW_INDIA/status/1276061051780345862 …","['pib_india', 'dgnortheast']",['https://twitter.com/MoHFW_INDIA/status/1276061051780345862'],[],0,4,2,"['#indiafightscorona', '#togetheragainstcovid19', '#healthforall', '#swasthabharat', '#coronaoutbreak', '#unlock1']",[],https://twitter.com/PIBAgartala/status/1276076513679437825,False,https://twitter.com/MoHFW_INDIA/status/1276061051780345862,0,,,,,,,"[{'user_id': '902067067104354306', 'username': 'PIBAgartala'}, {'user_id': '231033118', 'username': 'PIB_India'}, {'user_id': '938003523958071296', 'username': 'DGNorthEast'}]",,,,
1276058967941058560,1276058967941058560,1593071140000,2020-06-25,13:15:40,IST,902067067104354306,pibagartala,PIB in Tripura,,"#IndiaFightsCorona 
সব সময় এই জিনিসগুলি সঙ্গে রাখবেন #COVID19 সংক্রমণ থেকে নিজে এবং অন্যকে সুরক্ষা রাখুন। 
পরিবর্তন কর আপনার ব্যবহার, করোনা কে কর হার।
#HealthForAll #SwasthaBharat #CoronaOutbreak #Unlock1 #TogetherAgainstCovid19 https://twitter.com/MoHFW_INDIA/status/1276044218113224705 …",[],['https://twitter.com/MoHFW_INDIA/status/1276044218113224705'],[],0,3,2,"['#indiafightscorona', '#covid19', '#healthforall', '#swasthabharat', '#coronaoutbreak', '#unlock1', '#togetheragainstcovid19']",[],https://twitter.com/PIBAgartala/status/1276058967941058560,False,https://twitter.com/MoHFW_INDIA/status/1276044218113224705,0,,,,,,,"[{'user_id': '902067067104354306', 'username': 'PIBAgartala'}]",,,,
1276024496491646982,1276024496491646982,1593062922000,2020-06-25,10:58:42,IST,902067067104354306,pibagartala,PIB in Tripura,,"#IndiaFightsCorona
ঘরে তৈরী পুন:ব্যবহার করার মত ফেইস-কভার/মাস্ক সব সময় ব্যবহার করবেন। এটাকে পরিস্কার রাখুন। ব্যবহার করার আগে ভাল করে ধোঁয়ে নিবেন।
 #BadalkarApnaVyavaharKareinCoronaParVaar #HealthForAll #SwasthaBharat #CoronaOutbreak #Unlock1 #TogetherAgainstCovid19 https://twitter.com/MoHFW_INDIA/status/1275995086719868928 …",[],['https://twitter.com/MoHFW_INDIA/status/1275995086719868928'],[],0,2,1,"['#indiafightscorona', '#badalkarapnavyavaharkareincoronaparvaar', '#healthforall', '#swasthabharat', '#coronaoutbreak', '#unlock1', '#togetheragainstcovid19']",[],https://twitter.com/PIBAgartala/status/1276024496491646982,False,https://twitter.com/MoHFW_INDIA/status/1275995086719868928,0,,,,,,,"[{'user_id': '902067067104354306', 'username': 'PIBAgartala'}]",,,,
1276021873000583171,1276021873000583171,1593062296000,2020-06-25,10:48:16,IST,902067067104354306,pibagartala,PIB in Tripura,,"#IndiaFightsCorona
ঘরে তৈরী পুনরায় ব্যবহার করার মত মুখে ঢাকার কাপড়/মাস্ক সবসময় ব্যবহার করার আগে ভাল করে ধোঁয়ে নেবেন। পরিবর্তন করে ব্যবহার করবেন।

#HealthForAll #SwasthaBharat #CoronaOutbreak #Unlock1 #TogetherAgainstCOVID19 https://twitter.com/MoHFW_INDIA/status/1276015342762881024 …",[],['https://twitter.com/MoHFW_INDIA/status/1276015342762881024'],[],0,0,0,"['#indiafightscorona', '#healthforall', '#swasthabharat', '#coronaoutbreak', '#unlock1', '#togetheragainstcovid19']",[],https://twitter.com/PIBAgartala/status/1276021873000583171,False,https://twitter.com/MoHFW_INDIA/status/1276015342762881024,0,,,,,,,"[{'user_id': '902067067104354306', 'username': 'PIBAgartala'}]",,,,
1274946240375975942,1274946240375975942,1592805845000,2020-06-22,11:34:05,IST,902067067104354306,pibagartala,PIB in Tripura,,"#IndiaFightsCorona

দুই মিটারের দূরত্ব, সবার জন্যই গুরত্ব
 #BadalkarApnaVyavaharKareinCoronaParVar #TogetherAgainstCovid19 #HealthForAll #SwasthaBharat #CoronaOutbreak #Unlock1  https://twitter.com/MoHFW_INDIA/status/1274942807044583424 …",[],['https://twitter.com/MoHFW_INDIA/status/1274942807044583424'],[],0,2,1,"['#indiafightscorona', '#badalkarapnavyavaharkareincoronaparvar', '#togetheragainstcovid19', '#healthforall', '#swasthabharat', '#coronaoutbreak', '#unlock1']",[],https://twitter.com/PIBAgartala/status/1274946240375975942,False,https://twitter.com/MoHFW_INDIA/status/1274942807044583424,0,,,,,,,"[{'user_id': '902067067104354306', 'username': 'PIBAgartala'}]",,,,
1274919074162597890,1274919074162597890,1592799368000,2020-06-22,09:46:08,IST,902067067104354306,pibagartala,PIB in Tripura,,"#IndiaFightsCorona
নিজেকে এবং আপনার প্রিয়জনকে সুরক্ষিত রাখতে এই COVID যথাযথ আচরণগুলি অনুসরণ করুন।
 #TogetherAgainstCovid19 #BadalkarApnaVyavaharKareinCoronaParVaar #HealthForAll #SwasthaBharat #CoronaOutbreak #Unlock1  https://twitter.com/MoHFW_INDIA/status/1274909826917601282 …",[],['https://twitter.com/MoHFW_INDIA/status/1274909826917601282'],[],0,1,1,"['#indiafightscorona', '#togetheragainstcovid19', '#badalkarapnavyavaharkareincoronaparvaar', '#healthforall', '#swasthabharat', '#coronaoutbreak', '#unlock1']",[],https://twitter.com/PIBAgartala/status/1274919074162597890,False,https://twitter.com/MoHFW_INDIA/status/1274909826917601282,0,,,,,,,"[{'user_id': '902067067104354306', 'username': 'PIBAgartala'}]",,,,
