id,conversation_id,created_at,date,time,timezone,user_id,username,name,place,tweet,mentions,urls,photos,replies_count,retweets_count,likes_count,hashtags,cashtags,link,retweet,quote_url,video,near,geo,source,user_rt_id,user_rt,retweet_id,reply_to,retweet_date,translate,trans_src,trans_dest
1269265882166984706,1269265882166984706,1591451542000,2020-06-06,19:22:22,IST,1041240179074187266,saketssonu,साकेत सिंह सोनू,,"गुरु हरगोबिंद सिंह जी की जयंती उन्हें शत शत नमन

@JPNadda @swatantrabjp @sunilbansalbjp
#Unlock1 #BharatiyaJanataParty #BJP #BJPUttarPradesh #AmitShah #Lockdown5 #SaketSinghSonu #SaketSingh #BJP #HelpingHands #JeetegaIndia #Ballia #ArogyeSetu pic.twitter.com/aU8OTGgaJ4","['jpnadda', 'swatantrabjp', 'sunilbansalbjp']",[],['https://pbs.twimg.com/media/EZ1WiVVXsAAknIk.jpg'],2,4,10,"['#unlock1', '#bharatiyajanataparty', '#bjp', '#bjputtarpradesh', '#amitshah', '#lockdown5', '#saketsinghsonu', '#saketsingh', '#bjp', '#helpinghands', '#jeetegaindia', '#ballia', '#arogyesetu']",[],https://twitter.com/SaketSSonu/status/1269265882166984706,False,,0,,,,,,,"[{'user_id': '1041240179074187266', 'username': 'SaketSSonu'}, {'user_id': '2990611686', 'username': 'JPNadda'}, {'user_id': '2231471756', 'username': 'swatantrabjp'}, {'user_id': '746964130637066241', 'username': 'sunilbansalbjp'}]",,,,
1269227300178010113,1269227300178010113,1591442344000,2020-06-06,16:49:04,IST,106289857,bihari_lala,Diwakar Srivastava,,"देश मे ताला खुलने के बाद पहली बार लौंग ड्राइव पर बक्सर से बलिया।
#शानदार_मौसम
#Unlock1
#बागी_बलिया
#buxar
#ballia  pic.twitter.com/eZNA2ybq8p",[],[],[],0,1,6,"['#शानदार_मौसम', '#unlock1', '#बागी_बलिया', '#buxar', '#ballia']",[],https://twitter.com/Bihari_lala/status/1269227300178010113,False,,1,,,,,,,"[{'user_id': '106289857', 'username': 'Bihari_lala'}]",,,,
1269108612712013824,1269108612712013824,1591414046000,2020-06-06,08:57:26,IST,1041240179074187266,saketssonu,साकेत सिंह सोनू,,"आयुष्मान भारत- भारत द्वारा विश्व को दी गई सबसे बड़ी स्वास्थ्य सेवा योजना है।
@JPNadda @swatantrabjp @sunilbansalbjp @shivprakashbjp @kpmaurya1
#Unlock1 #BharatiyaJanataParty #BJP #BJPUttarPradesh #AmitShah #SaketSinghSonu #SaketSingh #HelpingHands #JeetegaIndia #Ballia  pic.twitter.com/ZOS2ZOSJXL","['jpnadda', 'swatantrabjp', 'sunilbansalbjp', 'shivprakashbjp', 'kpmaurya1']",[],['https://pbs.twimg.com/media/EZzHifeWsAAPUQm.jpg'],2,3,8,"['#unlock1', '#bharatiyajanataparty', '#bjp', '#bjputtarpradesh', '#amitshah', '#saketsinghsonu', '#saketsingh', '#helpinghands', '#jeetegaindia', '#ballia']",[],https://twitter.com/SaketSSonu/status/1269108612712013824,False,,0,,,,,,,"[{'user_id': '1041240179074187266', 'username': 'SaketSSonu'}, {'user_id': '2990611686', 'username': 'JPNadda'}, {'user_id': '2231471756', 'username': 'swatantrabjp'}, {'user_id': '746964130637066241', 'username': 'sunilbansalbjp'}, {'user_id': '3042900133', 'username': 'shivprakashbjp'}, {'user_id': '1583043284', 'username': 'kpmaurya1'}]",,,,
1268401222891044865,1268401222891044865,1591245391000,2020-06-04,10:06:31,IST,1041240179074187266,saketssonu,साकेत सिंह सोनू,,"'अनलॉक' योजना का पहला चरण शुरू 
देश 1 जून 2020 से भारत सावधानी से सामान्य स्थिति की ओर बढ़ रहा है।
@JPNadda @swatantrabjp @sunilbansalbjp
#SafetyMeasures #Precautions #IndiaFightsCorona #Unlock1 #BharatiyaJanataParty #BJP #BJPUttarPradesh #Lockdown5 #SaketSinghSonu #Ballia  pic.twitter.com/ce1A442x9F","['jpnadda', 'swatantrabjp', 'sunilbansalbjp']",[],['https://pbs.twimg.com/media/EZpEK--XgAEvSjF.jpg'],0,3,6,"['#safetymeasures', '#precautions', '#indiafightscorona', '#unlock1', '#bharatiyajanataparty', '#bjp', '#bjputtarpradesh', '#lockdown5', '#saketsinghsonu', '#ballia']",[],https://twitter.com/SaketSSonu/status/1268401222891044865,False,,0,,,,,,,"[{'user_id': '1041240179074187266', 'username': 'SaketSSonu'}, {'user_id': '2990611686', 'username': 'JPNadda'}, {'user_id': '2231471756', 'username': 'swatantrabjp'}, {'user_id': '746964130637066241', 'username': 'sunilbansalbjp'}]",,,,
