id,conversation_id,created_at,date,time,timezone,user_id,username,name,place,tweet,mentions,urls,photos,replies_count,retweets_count,likes_count,hashtags,cashtags,link,retweet,quote_url,video,near,geo,source,user_rt_id,user_rt,retweet_id,reply_to,retweet_date,translate,trans_src,trans_dest
1276916046478204928,1276916046478204928,1593275484000,2020-06-27,22:01:24,IST,712246765731205120,kanpurnagarpol,Kanpur Nagar Police,,"#SSP_KNR @Dineshdcop के निर्देशन में #kanpurnagarpolice द्वारा समस्त थानाक्षेत्रों में सघन चेकिंग अभियान चलाकर व पैदल गश्त कर #Unlock1 में प्रदत्त निर्देशों का प्रभावी ढंग से अनुपालन कराते हुए, निर्देशो का उल्लंघन करने वालो के विरूद्ध निरंतर कार्यवाही की जा रही है। @Uppolice pic.twitter.com/Nic84X8kYr","['dineshdcop', 'uppolice']",[],"['https://pbs.twimg.com/media/EbiEBdpUYAAn7Bv.jpg', 'https://pbs.twimg.com/media/EbiEBdoU4AEUdmi.jpg', 'https://pbs.twimg.com/media/EbiEBdpVAAAR1jL.jpg', 'https://pbs.twimg.com/media/EbiEBdpU4AItnUn.jpg']",3,24,117,"['#ssp_knr', '#kanpurnagarpolice', '#unlock1']",[],https://twitter.com/kanpurnagarpol/status/1276916046478204928,False,,0,,,,,,,"[{'user_id': '712246765731205120', 'username': 'kanpurnagarpol'}, {'user_id': '1089233476606402560', 'username': 'Dineshdcop'}, {'user_id': '1271749327', 'username': 'Uppolice'}]",,,,
1276763601882226694,1276763601882226694,1593239138000,2020-06-27,11:55:38,IST,1262237432952565760,ratanba21450150,r.b1 Event Solutions,,"#webwithcare #wedwithrb1 
Just a gentle reminder 
  Wear your mask
  Respect social distancing
  And enjoy the new world.

WORK SAFE STAY SAFE
#unlock1.0

#wearyourmask #wearyourmask😷 @ Kanpur, Uttar Pradesh  https://www.instagram.com/p/CB7at9WJEdG/?igshid=yd5tnlmkjtto …",[],['https://www.instagram.com/p/CB7at9WJEdG/?igshid=yd5tnlmkjtto'],[],0,0,0,"['#webwithcare', '#wedwithrb1', '#unlock1', '#wearyourmask', '#wearyourmask']",[],https://twitter.com/RATANBA21450150/status/1276763601882226694,False,,0,,,,,,,"[{'user_id': '1262237432952565760', 'username': 'RATANBA21450150'}]",,,,
1274633195791593472,1274633195791593472,1592731210000,2020-06-21,14:50:10,IST,550403619,rashig999,Rakesh chaturvedi,,"Aryaman pushpdant chaturvedi 
Class-1H 
C.M.S. kanpur road , LUCKNOW. U.P.

INTERNATIONAL YOGA DAY.

⚘⚘🙏🙏
#10MillionSuryanamaskar
#NamsteYoga
#Namsteyoga
#Unlock1Challenge
#Unlock1  pic.twitter.com/2nortdAmh5",[],[],"['https://pbs.twimg.com/media/EbBoE2UUMAIImwa.jpg', 'https://pbs.twimg.com/media/EbBoF-jVAAEXJmB.jpg', 'https://pbs.twimg.com/media/EbBoG_JU8AApPt4.jpg', 'https://pbs.twimg.com/media/EbBoH7hU4AUe_fE.jpg']",3,12,37,"['#10millionsuryanamaskar', '#namsteyoga', '#namsteyoga', '#unlock1challenge', '#unlock1']",[],https://twitter.com/rashig999/status/1274633195791593472,False,,0,,,,,,,"[{'user_id': '550403619', 'username': 'rashig999'}]",,,,
1273552086794289153,1273552086794289153,1592473453000,2020-06-18,15:14:13,IST,910497660951343104,dilipmishra1998,युवासम्राट दिलीप मिश्रा (یویوساسٹرٹ دلیپ مصر),,"नयागंज 
#kanpur
#Unlock1
#Lockdown5 pic.twitter.com/ykAyu2liBP",[],[],['https://pbs.twimg.com/media/EayQ07AU0AAqfao.jpg'],0,0,0,"['#kanpur', '#unlock1', '#lockdown5']",[],https://twitter.com/dilipmishra1998/status/1273552086794289153,False,,0,,,,,,,"[{'user_id': '910497660951343104', 'username': 'dilipmishra1998'}]",,,,
1273332146275418112,1273332146275418112,1592421015000,2020-06-18,00:40:15,IST,757094325926764544,desikafka,Nirbaak,,"I have never seen platforms of Kanpur Central so sad, so lonely

#COVID19 #coronavirus #Unlock1  pic.twitter.com/HOFUKcHael",[],[],[],1,0,0,"['#covid19', '#coronavirus', '#unlock1']",[],https://twitter.com/DesiKafka/status/1273332146275418112,False,,1,,,,,,,"[{'user_id': '757094325926764544', 'username': 'DesiKafka'}]",,,,
1273230844556001282,1273230844556001282,1592396863000,2020-06-17,17:57:43,IST,22793955,indiacom,India.com,,"The decision was taken after the there were inputs that corona safety norms were being flouted at #streetfood carts after the relaxation in curbs under #Unlock1
#Kanpur #Golgappe #PaniPuri https://www.india.com/viral/bad-news-for-those-craving-pani-puri-as-kanpur-bans-sale-of-golgappas-fearing-covid-19-spread-4060784/ …",[],['https://www.india.com/viral/bad-news-for-those-craving-pani-puri-as-kanpur-bans-sale-of-golgappas-fearing-covid-19-spread-4060784/'],[],0,0,0,"['#streetfood', '#unlock1', '#kanpur', '#golgappe', '#panipuri']",[],https://twitter.com/indiacom/status/1273230844556001282,False,,0,,,,,,,"[{'user_id': '22793955', 'username': 'indiacom'}]",,,,
1273210833531621376,1273210833531621376,1592392092000,2020-06-17,16:38:12,IST,141584822,ians_india,IANS Tweets,,The sale of 'pani puri' has been banned in #Kanpur-- District Magistrate Brahmadeo Ram Tiwari said there were inputs that #corona safety norms were being flouted at street food carts after the relaxation in curbs under '#Unlock1.0'.  pic.twitter.com/nA3O80DJAi,[],[],['https://pbs.twimg.com/media/EataZViUMAAGsPO.jpg'],0,4,9,"['#kanpur', '#corona', '#unlock1']",[],https://twitter.com/ians_india/status/1273210833531621376,False,,0,,,,,,,"[{'user_id': '141584822', 'username': 'ians_india'}]",,,,
1271007084713107456,1271007084713107456,1591866677000,2020-06-11,14:41:17,IST,368539077,akshat_ht,Akshat,,"Maybe #God is thinking the same. ""Not yet the right time to visit""
(Religious places to open after 30 June in #Kanpur)
#coronavirus #Covid_19 #Kanpur #Unlock1 #UnlockIndia #mykanpur @akshat_ht #India #IndiaFightsCOVID19 #selfie pic.twitter.com/vJKBZl71mn",['akshat_ht'],[],['https://pbs.twimg.com/media/EaOGLEMVcAEw3HV.jpg'],1,0,0,"['#god', '#kanpur', '#coronavirus', '#covid_19', '#kanpur', '#unlock1', '#unlockindia', '#mykanpur', '#india', '#indiafightscovid19', '#selfie']",[],https://twitter.com/akshat_ht/status/1271007084713107456,False,,0,,,,,,,"[{'user_id': '368539077', 'username': 'akshat_ht'}]",,,,
1270636137011458048,1270636137011458048,1591778236000,2020-06-10,14:07:16,IST,978534321433686016,pawanpandey93,Pawan Pandey Journalist,,"#कानपुर में 30 जून तक नहीं खुलेंगे मंदिर, मस्जिद, गुरुद्वारे और चर्च। कमिश्नर सुधीर बोबडे के साथ सभी पक्षों की मीटिंग में फैसला। #Kanpur #Unlock1
#CoronaUpdatesInIndia
@DMKanpur @CommissionerKnp","['dmkanpur', 'commissionerknp']",[],[],0,0,3,"['#कानपुर', '#kanpur', '#unlock1', '#coronaupdatesinindia']",[],https://twitter.com/pawanpandey93/status/1270636137011458048,False,,0,,,,,,,"[{'user_id': '978534321433686016', 'username': 'pawanpandey93'}, {'user_id': '117338519', 'username': 'DMKanpur'}, {'user_id': '1159797056011026432', 'username': 'CommissionerKnp'}]",,,,
1270628256056668160,1270628256056668160,1591776358000,2020-06-10,13:35:58,IST,854560903,mohtapraveennbt,Praveen Mohta,,"कानपुर में 30 जून तक नहीं खुलेंगे मंदिर, मस्जिद, गुरुद्वारे और चर्च। कमिश्नर सुधीर बोबडे के साथ सभी पक्षों की मीटिंग में फैसला। #Kanpur #Unlock1 @NBTLucknow",['nbtlucknow'],[],[],3,9,43,"['#kanpur', '#unlock1']",[],https://twitter.com/MohtaPraveenNBT/status/1270628256056668160,False,,0,,,,,,,"[{'user_id': '854560903', 'username': 'MohtaPraveenNBT'}, {'user_id': '1333527913', 'username': 'NBTLucknow'}]",,,,
1269860596041711616,1269860596041711616,1591593333000,2020-06-08,10:45:33,IST,1267133095075069952,clanpedia2,Clanpedia,,"#wordoftheday #wordseries #knowdlgeispower #learning #quarantine #lockdown #unlock1 #clanpedia46 
Follow @Clanpedia2 @ Kanpur, Uttar Pradesh  https://www.instagram.com/p/CBKXme7p3ie/?igshid=1bd0arig8clmo …",['clanpedia2'],['https://www.instagram.com/p/CBKXme7p3ie/?igshid=1bd0arig8clmo'],[],0,0,0,"['#wordoftheday', '#wordseries', '#knowdlgeispower', '#learning', '#quarantine', '#lockdown', '#unlock1', '#clanpedia46']",[],https://twitter.com/Clanpedia2/status/1269860596041711616,False,,0,,,,,,,"[{'user_id': '1267133095075069952', 'username': 'Clanpedia2'}]",,,,
1269680096178311169,1269680096178311169,1591550299000,2020-06-07,22:48:19,IST,854560903,mohtapraveennbt,Praveen Mohta,,"कानपुर में सोमवार से होटल और शॉपिंग मॉल खुल जाएंगे। लेकिन मॉल में दुकानें खुलने के दिन तय किए गए हैं। मंदिर, मस्जिद 10 जून तक बंद ही रहेंगे। #Kanpur #Unlock1 @NBTLucknow pic.twitter.com/qQGibqj0aI",['nbtlucknow'],[],['https://pbs.twimg.com/media/EZ7PTTJU8AEqbqa.jpg'],1,5,13,"['#kanpur', '#unlock1']",[],https://twitter.com/MohtaPraveenNBT/status/1269680096178311169,False,,0,,,,,,,"[{'user_id': '854560903', 'username': 'MohtaPraveenNBT'}, {'user_id': '1333527913', 'username': 'NBTLucknow'}]",,,,
1269600295085957121,1269600295085957121,1591531273000,2020-06-07,17:31:13,IST,3286322893,upkesari,Punjab Kesari-UP/UK,,"8 जून से होटल, मॉल्स, रेस्तरां खोलने की तैयारी, ये दिशा-निर्देश करने पड़ेंगे फॉलो
 https://up.punjabkesari.in/uttar-pradesh/news/preparations-to-open-hotels-malls-restaurants-will-open-from-june-8-1180137 …
#Kanpur #June8 #open #hotel #mall #restaurant #theseguideline #follow #Unlock1 #UttarPradesh #UPNews pic.twitter.com/HoD73SSdwQ",[],['https://up.punjabkesari.in/uttar-pradesh/news/preparations-to-open-hotels-malls-restaurants-will-open-from-june-8-1180137'],['https://pbs.twimg.com/media/EZ6B7CfUYAIOrki.jpg'],0,1,1,"['#kanpur', '#june8', '#open', '#hotel', '#mall', '#restaurant', '#theseguideline', '#follow', '#unlock1', '#uttarpradesh', '#upnews']",[],https://twitter.com/UPkesari/status/1269600295085957121,False,,0,,,,,,,"[{'user_id': '3286322893', 'username': 'UPkesari'}]",,,,
1269514293583548416,1269514293583548416,1591510768000,2020-06-07,11:49:28,IST,1262767960625577988,vineetc68730862,VINEET CHAUDHARY 🇮🇳,,"#Unlock1 #kanpur #UttarPradesh उत्तर प्रदेश में अनलॉक वन के तहत कल से धार्मिक स्थल, रेस्टोरेंट, मॉल्स खोल दिये जाएंगे. राज्य सरकार ने इसे लेकर तमाम दिशा निर्देश जारी कर दिये हैं.#parmatmandir #iskconkanpur @DMKanpur @Anshuls_ @AnandVSingh @HT_Anuj pic.twitter.com/I3MO0eIDVB","['dmkanpur', 'anshuls_', 'anandvsingh', 'ht_anuj']",[],"['https://pbs.twimg.com/media/EZ44g6bU8AYaCzZ.jpg', 'https://pbs.twimg.com/media/EZ44hR-UcAIYoCz.jpg']",0,0,1,"['#unlock1', '#kanpur', '#uttarpradesh', '#parmatmandir', '#iskconkanpur']",[],https://twitter.com/VINEETC68730862/status/1269514293583548416,False,,0,,,,,,,"[{'user_id': '1262767960625577988', 'username': 'VINEETC68730862'}, {'user_id': '117338519', 'username': 'DMKanpur'}, {'user_id': '1232633521585434625', 'username': 'Anshuls_'}, {'user_id': '137722988', 'username': 'AnandVSingh'}, {'user_id': '1021251739670855680', 'username': 'HT_Anuj'}]",,,,
1269504642880323584,1269504642880323584,1591508467000,2020-06-07,11:11:07,IST,1198172704106524672,yoyocialnews,Yoyocial.News,,"UP: बिना मास्क के निकले थे IG साहब, सिपाही ने फट से काटा चालान   https://www.yoyocial.news/yoyo-in-depth/taja-tareen/ig-kanpur-got-chalan-and-fined-of-rs-100-while-moving-without-mask-in-hot-spot-area …
#topNews #Lockdown5 #Unlock1 #guidelines #Kanpur @igrangekanpur",['igrangekanpur'],['https://www.yoyocial.news/yoyo-in-depth/taja-tareen/ig-kanpur-got-chalan-and-fined-of-rs-100-while-moving-without-mask-in-hot-spot-area'],[],0,0,0,"['#topnews', '#lockdown5', '#unlock1', '#guidelines', '#kanpur']",[],https://twitter.com/yoyocialnews/status/1269504642880323584,False,,0,,,,,,,"[{'user_id': '1198172704106524672', 'username': 'yoyocialnews'}, {'user_id': '1484707333', 'username': 'igrangekanpur'}]",,,,
1269323403925782528,1269323403925782528,1591465257000,2020-06-06,23:10:57,IST,861767081708146688,shivanivbajpai1,Shivani Shukla Bajpai,,"Definition of Google... 
Ye google nahi karni hai 

#Google #definition #meaning #global #indian #learning #Unlock1 @ShivaniVBajpai1 @hospitalityband @indiawallaa @IndianEntrepre_ @Kanpur_City @MumbaiMirror @maharashtra @KIT_Kanpur  pic.twitter.com/l8TEwBucOC","['shivanivbajpai1', 'hospitalityband', 'indiawallaa', 'indianentrepre_', 'kanpur_city', 'mumbaimirror', 'maharashtra', 'kit_kanpur']",[],['https://pbs.twimg.com/media/EZ2K6HgUwAAgc3Q.jpg'],0,0,3,"['#google', '#definition', '#meaning', '#global', '#indian', '#learning', '#unlock1']",[],https://twitter.com/ShivaniVBajpai1/status/1269323403925782528,False,,0,,,,,,,"[{'user_id': '861767081708146688', 'username': 'ShivaniVBajpai1'}, {'user_id': '118380425', 'username': 'hospitalityband'}, {'user_id': '150583292', 'username': 'indiawallaa'}, {'user_id': '1208644817544085504', 'username': 'IndianEntrepre_'}, {'user_id': '776325091844034560', 'username': 'Kanpur_City'}, {'user_id': '990761677', 'username': 'MumbaiMirror'}, {'user_id': '16263847', 'username': 'maharashtra'}, {'user_id': '860006226', 'username': 'KIT_Kanpur'}]",,,,
1268562562989391872,1268532480329596929,1591283858000,2020-06-04,20:47:38,IST,193802623,vinitsingh2805,vinit kumar singh,,"@DMKanpur Sir Nos are getting increasing day by day ,where unlock1 is getting failed ,I have observed on Roads at Kanpur people are neither  using mask nor social distancing.Situations could be panic again if not taken any strict decisions.","['dmkanpur', 'cmofficeup', 'upgovt', 'infodeptup', 'commissionerknp', 'kanpurnagarpol']",[],[],0,0,0,[],[],https://twitter.com/vinitsingh2805/status/1268562562989391872,False,,0,,,,,,,"[{'user_id': '193802623', 'username': 'vinitsingh2805'}, {'user_id': '117338519', 'username': 'DMKanpur'}, {'user_id': '2587240482', 'username': 'CMOfficeUP'}, {'user_id': '2588841246', 'username': 'UPGovt'}, {'user_id': '1070981309068042240', 'username': 'InfoDeptUP'}, {'user_id': '1159797056011026432', 'username': 'CommissionerKnp'}, {'user_id': '712246765731205120', 'username': 'kanpurnagarpol'}]",,,,
1268461039269507073,1268461039269507073,1591259653000,2020-06-04,14:04:13,IST,1138015285644894209,mykanpur_,MyKanpur,,"#Unlock1 : #Kanpur returning back to normal
#coronavirus #CoronaVirusUpdates #CoronavirusIndia https://timesofindia.indiatimes.com/videos/city/lucknow/unlock-1-kanpur-returning-back-to-normal/videoshow/76188668.cms …",[],['https://timesofindia.indiatimes.com/videos/city/lucknow/unlock-1-kanpur-returning-back-to-normal/videoshow/76188668.cms'],[],0,0,0,"['#unlock1', '#kanpur', '#coronavirus', '#coronavirusupdates', '#coronavirusindia']",[],https://twitter.com/MyKanpur_/status/1268461039269507073,False,,0,,,,,,,"[{'user_id': '1138015285644894209', 'username': 'MyKanpur_'}]",,,,
1267748344488701952,1267748344488701952,1591089733000,2020-06-02,14:52:13,IST,1242805712335417346,akashrock130,Akash Sahu 🐦,,"@KanpurMyCity
#kanpurmycity
#kanpur
@PrakherSrivas15
@kanpurnews
@AU_KanpurNews
@KanpurHindustan
@JagranNews
@ShubhMaheshwa20
@Journalist_SS
@MohtaPraveenNBT
#Lockdown5
#Lockdown5point0
#Lockdown5Guidelines
#Unlock1
@Akashrock130
#GraphicDesign

@ Lockdown Spacial pic.twitter.com/iEW5RRp6Hh","['kanpurmycity', 'prakhersrivas15', 'kanpurnews', 'au_kanpurnews', 'kanpurhindustan', 'jagrannews', 'shubhmaheshwa20', 'journalist_ss', 'mohtapraveennbt', 'akashrock130']",[],['https://pbs.twimg.com/media/EZfyY9FWoAAkuZ7.jpg'],0,0,2,"['#kanpurmycity', '#kanpur', '#lockdown5', '#lockdown5point0', '#lockdown5guidelines', '#unlock1', '#graphicdesign']",[],https://twitter.com/Akashrock130/status/1267748344488701952,False,,0,,,,,,,"[{'user_id': '1242805712335417346', 'username': 'Akashrock130'}, {'user_id': '735908992636063744', 'username': 'KanpurMyCity'}, {'user_id': '1198603805031419904', 'username': 'PrakherSrivas15'}, {'user_id': '2413077703', 'username': 'kanpurnews'}, {'user_id': '926415432906448896', 'username': 'AU_KanpurNews'}, {'user_id': '816168820427501572', 'username': 'KanpurHindustan'}, {'user_id': '64639742', 'username': 'JagranNews'}, {'user_id': '1243054376928694273', 'username': 'ShubhMaheshwa20'}, {'user_id': '571546966', 'username': 'Journalist_SS'}, {'user_id': '854560903', 'username': 'MohtaPraveenNBT'}]",,,,
1267348640319836160,1267348640319836160,1590994436000,2020-06-01,12:23:56,IST,720150331859070977,maac_kanpur,MAAC KANPUR,Kanpur,"#Corona needs to go back!
#INDIA needs to move on!
#Unlock1.0

#indiafightscorona
#staysafe
#maackanpur
#3danimationacademy
#vfxandmultimediacourses
 http://www.maacanimationkanpur.com  pic.twitter.com/6qz8YPws61 – at Kanpur",[],['http://www.maacanimationkanpur.com'],['https://pbs.twimg.com/media/EZaG22NU0AAJ6SC.jpg'],0,0,0,"['#corona', '#india', '#unlock1', '#indiafightscorona', '#staysafe', '#maackanpur', '#3danimationacademy', '#vfxandmultimediacourses']",[],https://twitter.com/MAAC_KANPUR/status/1267348640319836160,False,,0,,,,,,,"[{'user_id': '720150331859070977', 'username': 'MAAC_KANPUR'}]",,,,
1267299994383482880,1267299994383482880,1590982838000,2020-06-01,09:10:38,IST,2792317670,anshurock03,Sudhanshu Singh,,"@khyatigarg_ips Respected mam , i have to travel from amethi - Kanpur by own vehicle to bring my study material and to clear room rent also is there any epass required. #Unlock1 @amethipolice","['khyatigarg_ips', 'amethipolice']",[],[],1,1,2,['#unlock1'],[],https://twitter.com/anshurock03/status/1267299994383482880,False,,0,,,,,,,"[{'user_id': '2792317670', 'username': 'anshurock03'}, {'user_id': '316399006', 'username': 'khyatigarg_ips'}, {'user_id': '1319988186', 'username': 'amethipolice'}]",,,,
1267140967234187264,1267140967234187264,1590944923000,2020-05-31,22:38:43,IST,789117448532348928,rajdhaniupdate,Rajdhaniupdate,,"लॉकडाउन-4 के अंतिम दिन UP में फूटा कोरोना बम, लखनऊ में 16 समेत 53 शहरों में मिलें रिकॉर्ड 378 संक्रमित, मृतकों की संख्‍या हुई 217  https://rajdhaniupdate.com/lucknow-samait-53-sahron-main-milay-378-sankramit/ … via @rajdhaniupdate #Unlock1 #Lockdown5 #Lockdown4 #CoronaUpdate #Lucknow #Noida #Agra #Kanpur #Barabanki #COVID19inUP",['rajdhaniupdate'],['https://rajdhaniupdate.com/lucknow-samait-53-sahron-main-milay-378-sankramit/'],[],1,1,0,"['#unlock1', '#lockdown5', '#lockdown4', '#coronaupdate', '#lucknow', '#noida', '#agra', '#kanpur', '#barabanki', '#covid19inup']",[],https://twitter.com/rajdhaniupdate/status/1267140967234187264,False,,0,,,,,,,"[{'user_id': '789117448532348928', 'username': 'rajdhaniupdate'}]",,,,
1266814963500429312,1266814963500429312,1590867198000,2020-05-31,01:03:18,IST,1242805712335417346,akashrock130,Akash Sahu 🐦,,"@KanpurMyCity
#kanpurmycity
#kanpur
@DMKanpur
@Journalist_SS
@ShubhMaheshwa20
#Lockdown5
#Unlock1
#Unlock
@PrakherSrivas15
@kanpurnews pic.twitter.com/ZtYM6X561h","['kanpurmycity', 'dmkanpur', 'journalist_ss', 'shubhmaheshwa20', 'prakhersrivas15', 'kanpurnews']",[],['https://pbs.twimg.com/media/EZShfMIWkAUUoAv.jpg'],0,1,3,"['#kanpurmycity', '#kanpur', '#lockdown5', '#unlock1', '#unlock']",[],https://twitter.com/Akashrock130/status/1266814963500429312,False,,0,,,,,,,"[{'user_id': '1242805712335417346', 'username': 'Akashrock130'}, {'user_id': '735908992636063744', 'username': 'KanpurMyCity'}, {'user_id': '117338519', 'username': 'DMKanpur'}, {'user_id': '571546966', 'username': 'Journalist_SS'}, {'user_id': '1243054376928694273', 'username': 'ShubhMaheshwa20'}, {'user_id': '1198603805031419904', 'username': 'PrakherSrivas15'}, {'user_id': '2413077703', 'username': 'kanpurnews'}]",,,,
