id,conversation_id,created_at,date,time,timezone,user_id,username,name,place,tweet,mentions,urls,photos,replies_count,retweets_count,likes_count,hashtags,cashtags,link,retweet,quote_url,video,near,geo,source,user_rt_id,user_rt,retweet_id,reply_to,retweet_date,translate,trans_src,trans_dest
1269879844109553664,1269879844109553664,1591597922000,2020-06-08,12:02:02,IST,1245459083294961664,sslocallive,sslocallive,,"#Moradabad जानें आपके शहर में अनलॉक 2.0 में क्या खुला और क्या नहीं.....
Read More:  https://news.sslocallive.com/post/12435/ 
#Unlock1.0 #indiaunlocks",[],['https://news.sslocallive.com/post/12435/'],[],0,0,0,"['#moradabad', '#unlock1', '#indiaunlocks']",[],https://twitter.com/sslocallive/status/1269879844109553664,False,,0,,,,,,,"[{'user_id': '1245459083294961664', 'username': 'sslocallive'}]",,,,
1268130776723230720,1268130776723230720,1591180912000,2020-06-03,16:11:52,IST,633485882,news9tweets,NEWS9,,#UNLOCK1: The state sports department in #UttarPradesh #Moradabad opened the stadium and let the hockey players practice.  pic.twitter.com/50TtbsaxvN,[],[],[],0,0,5,"['#unlock1', '#uttarpradesh', '#moradabad']",[],https://twitter.com/NEWS9TWEETS/status/1268130776723230720,False,,1,,,,,,,"[{'user_id': '633485882', 'username': 'NEWS9TWEETS'}]",,,,
1267753598533787653,1267753598533787653,1591090986000,2020-06-02,15:13:06,IST,633485882,news9tweets,NEWS9,,#UNLOCK1: Street vendors in #Moradabad #UttarPradesh reopen after relaxations issued from the central government. pic.twitter.com/ZYMGOwgpJW,[],[],[],0,0,1,"['#unlock1', '#moradabad', '#uttarpradesh']",[],https://twitter.com/NEWS9TWEETS/status/1267753598533787653,False,,1,,,,,,,"[{'user_id': '633485882', 'username': 'NEWS9TWEETS'}]",,,,
1267570675276865536,1267570675276865536,1591047373000,2020-06-02,03:06:13,IST,957575197,thehawk,The Hawk,,#Unlock1: Barber Shops Reopen In UP's Moradabad #Moradabad #Moradabadzarbershops #salons #Unlock1 #UttarPradesh #socialdistancing http://www.thehawk.in/states/uttar-pradesh/unlock1-barber-shops-reopen-in-ups-moradabad-150349?utm_campaign=pubshare&utm_source=Twitter&utm_medium=957575197&utm_content=auto-link&utm_id=346 …,[],['http://www.thehawk.in/states/uttar-pradesh/unlock1-barber-shops-reopen-in-ups-moradabad-150349?utm_campaign=pubshare&utm_source=Twitter&utm_medium=957575197&utm_content=auto-link&utm_id=346'],[],0,0,0,"['#unlock1', '#moradabad', '#moradabadzarbershops', '#salons', '#unlock1', '#uttarpradesh', '#socialdistancing']",[],https://twitter.com/thehawk/status/1267570675276865536,False,,0,,,,,,,"[{'user_id': '957575197', 'username': 'thehawk'}]",,,,
1267347374432645121,1267347374432645121,1590994134000,2020-06-01,12:18:54,IST,633485882,news9tweets,NEWS9,,#BIGNEWS: People gather at #Moradabad in #UttarPradesh to celebrate #GangaDussehra on the first day of #Unlock1.  pic.twitter.com/IKdI5huN10,[],[],[],0,0,0,"['#bignews', '#moradabad', '#uttarpradesh', '#gangadussehra', '#unlock1']",[],https://twitter.com/NEWS9TWEETS/status/1267347374432645121,False,,1,,,,,,,"[{'user_id': '633485882', 'username': 'NEWS9TWEETS'}]",,,,
1267334828116135936,1267334828116135936,1590991143000,2020-06-01,11:29:03,IST,1242731805926547456,englishkibaat,English Ki Baat,,Salons reopen in Moradabad after state government allowed salons and beauty parlours to operate with conditions of social distancing and other precautionary measures. #Unlock1  pic.twitter.com/69JQbWTkpz,[],[],"['https://pbs.twimg.com/media/EZZ6RqUUYAEGM0h.jpg', 'https://pbs.twimg.com/media/EZZ6SslUwAE5hXh.jpg', 'https://pbs.twimg.com/media/EZZ6TUkUMAE-Cpn.jpg']",0,0,1,['#unlock1'],[],https://twitter.com/englishkibaat/status/1267334828116135936,False,,0,,,,,,,"[{'user_id': '1242731805926547456', 'username': 'englishkibaat'}]",,,,
1267306102867111938,1267306102867111938,1590984294000,2020-06-01,09:34:54,IST,389535232,vibhavporov,Vibhav Porov,,"Moradabad ¡ Go salons,Now time to feel light after 70 days .#Unlock1  https://twitter.com/ANINewsUP/status/1267292010227986434 …",[],['https://twitter.com/ANINewsUP/status/1267292010227986434'],[],0,0,10,['#unlock1'],[],https://twitter.com/VibhavPorov/status/1267306102867111938,False,https://twitter.com/ANINewsUP/status/1267292010227986434,0,,,,,,,"[{'user_id': '389535232', 'username': 'VibhavPorov'}]",,,,
1267296602806456322,1267296602806456322,1590982029000,2020-06-01,08:57:09,IST,1113747196099399680,thefirstindia,First India,,"#Salons reopen in #Moradabad after state government allowed salons and beauty parlours to operate with conditions of social distancing and other precautionary measures.

 #Unlock1 #Coronavirus #COVID19 #Uttarpradesh pic.twitter.com/5EIMaI8E62",[],[],['https://pbs.twimg.com/media/EZZXgCuWAAEYstH.jpg'],0,1,1,"['#salons', '#moradabad', '#unlock1', '#coronavirus', '#covid19', '#uttarpradesh']",[],https://twitter.com/thefirstindia/status/1267296602806456322,False,,0,,,,,,,"[{'user_id': '1113747196099399680', 'username': 'thefirstindia'}]",,,,
1267292010227986434,1267292010227986434,1590980935000,2020-06-01,08:38:55,IST,706709499856334848,aninewsup,ANI UP,,Salons reopen in Moradabad after state government allowed salons and beauty parlours to operate with conditions of social distancing and other precautionary measures. #Unlock1  pic.twitter.com/YhGoCXR4B2,[],[],"['https://pbs.twimg.com/media/EZZTLUqU4AAcc6O.png', 'https://pbs.twimg.com/media/EZZTN-KU0AIHSiB.png', 'https://pbs.twimg.com/media/EZZTQBcUcAEJYIc.png']",6,21,347,['#unlock1'],[],https://twitter.com/ANINewsUP/status/1267292010227986434,False,,0,,,,,,,"[{'user_id': '706709499856334848', 'username': 'ANINewsUP'}]",,,,
