id,conversation_id,created_at,date,time,timezone,user_id,username,name,place,tweet,mentions,urls,photos,replies_count,retweets_count,likes_count,hashtags,cashtags,link,retweet,quote_url,video,near,geo,source,user_rt_id,user_rt,retweet_id,reply_to,retweet_date,translate,trans_src,trans_dest
1274972768082116608,1274972768082116608,1592812170000,2020-06-22,13:19:30,IST,1221731710141784064,fob_jhansi,FOB Jhansi I & B Ministry GoI #stayhome #staysafe,,"#IndiaFightsCorona
#COVID19
#TogetherAgainstCovid19 #SwasthaBharat #HealthForAll #CoronaOutbreak #Unlock1  pic.twitter.com/21F8y0P4zd",[],[],['https://pbs.twimg.com/media/EbGc9tXUwAAAwC-.jpg'],0,0,0,"['#indiafightscorona', '#covid19', '#togetheragainstcovid19', '#swasthabharat', '#healthforall', '#coronaoutbreak', '#unlock1']",[],https://twitter.com/FOB_Jhansi/status/1274972768082116608,False,,0,,,,,,,"[{'user_id': '1221731710141784064', 'username': 'FOB_Jhansi'}]",,,,
1274972742421372930,1274972742421372930,1592812164000,2020-06-22,13:19:24,IST,1221731710141784064,fob_jhansi,FOB Jhansi I & B Ministry GoI #stayhome #staysafe,,"#IndiaFightsCorona
#COVID19
#TogetherAgainstCovid19 #SwasthaBharat #HealthForAll #CoronaOutbreak #Unlock1  pic.twitter.com/fq526Ioa2c",[],[],['https://pbs.twimg.com/media/EbGc8NgUEAIla-C.jpg'],0,0,0,"['#indiafightscorona', '#covid19', '#togetheragainstcovid19', '#swasthabharat', '#healthforall', '#coronaoutbreak', '#unlock1']",[],https://twitter.com/FOB_Jhansi/status/1274972742421372930,False,,0,,,,,,,"[{'user_id': '1221731710141784064', 'username': 'FOB_Jhansi'}]",,,,
1274972717414940674,1274972717414940674,1592812158000,2020-06-22,13:19:18,IST,1221731710141784064,fob_jhansi,FOB Jhansi I & B Ministry GoI #stayhome #staysafe,,"#IndiaFightsCorona
#COVID19
#TogetherAgainstCovid19 #SwasthaBharat #HealthForAll #CoronaOutbreak #Unlock1  pic.twitter.com/V3x38xoA7W",[],[],['https://pbs.twimg.com/media/EbGc6sjU0AIcmVA.jpg'],0,0,0,"['#indiafightscorona', '#covid19', '#togetheragainstcovid19', '#swasthabharat', '#healthforall', '#coronaoutbreak', '#unlock1']",[],https://twitter.com/FOB_Jhansi/status/1274972717414940674,False,,0,,,,,,,"[{'user_id': '1221731710141784064', 'username': 'FOB_Jhansi'}]",,,,
1274972682191114241,1274972682191114241,1592812149000,2020-06-22,13:19:09,IST,1221731710141784064,fob_jhansi,FOB Jhansi I & B Ministry GoI #stayhome #staysafe,,"#IndiaFightsCorona
#COVID19
#TogetherAgainstCovid19 #SwasthaBharat #HealthForAll #CoronaOutbreak #Unlock1  pic.twitter.com/G4juoBe7M4",[],[],['https://pbs.twimg.com/media/EbGc4qnU4AY2eIY.jpg'],0,0,0,"['#indiafightscorona', '#covid19', '#togetheragainstcovid19', '#swasthabharat', '#healthforall', '#coronaoutbreak', '#unlock1']",[],https://twitter.com/FOB_Jhansi/status/1274972682191114241,False,,0,,,,,,,"[{'user_id': '1221731710141784064', 'username': 'FOB_Jhansi'}]",,,,
1274972649609805829,1274972649609805829,1592812142000,2020-06-22,13:19:02,IST,1221731710141784064,fob_jhansi,FOB Jhansi I & B Ministry GoI #stayhome #staysafe,,"#IndiaFightsCorona
#COVID19
#TogetherAgainstCovid19 #SwasthaBharat #HealthForAll #CoronaOutbreak #Unlock1  pic.twitter.com/4elwpyqLIt",[],[],['https://pbs.twimg.com/media/EbGc2vKUMAAkQc5.jpg'],0,0,0,"['#indiafightscorona', '#covid19', '#togetheragainstcovid19', '#swasthabharat', '#healthforall', '#coronaoutbreak', '#unlock1']",[],https://twitter.com/FOB_Jhansi/status/1274972649609805829,False,,0,,,,,,,"[{'user_id': '1221731710141784064', 'username': 'FOB_Jhansi'}]",,,,
1274972581502705664,1274972581502705664,1592812125000,2020-06-22,13:18:45,IST,1221731710141784064,fob_jhansi,FOB Jhansi I & B Ministry GoI #stayhome #staysafe,,"#IndiaFightsCorona
#COVID19
#TogetherAgainstCovid19 #SwasthaBharat #HealthForAll #CoronaOutbreak #Unlock1  pic.twitter.com/FNELHhg6zd",[],[],['https://pbs.twimg.com/media/EbGcywhU8AECnMz.jpg'],0,0,0,"['#indiafightscorona', '#covid19', '#togetheragainstcovid19', '#swasthabharat', '#healthforall', '#coronaoutbreak', '#unlock1']",[],https://twitter.com/FOB_Jhansi/status/1274972581502705664,False,,0,,,,,,,"[{'user_id': '1221731710141784064', 'username': 'FOB_Jhansi'}]",,,,
1274972557007974400,1274972557007974400,1592812120000,2020-06-22,13:18:40,IST,1221731710141784064,fob_jhansi,FOB Jhansi I & B Ministry GoI #stayhome #staysafe,,"#IndiaFightsCorona
#COVID19
#TogetherAgainstCovid19 #SwasthaBharat #HealthForAll #CoronaOutbreak #Unlock1  pic.twitter.com/83SHCzzhBH",[],[],['https://pbs.twimg.com/media/EbGcxPcUEAEyp4_.jpg'],0,0,0,"['#indiafightscorona', '#covid19', '#togetheragainstcovid19', '#swasthabharat', '#healthforall', '#coronaoutbreak', '#unlock1']",[],https://twitter.com/FOB_Jhansi/status/1274972557007974400,False,,0,,,,,,,"[{'user_id': '1221731710141784064', 'username': 'FOB_Jhansi'}]",,,,
1274972520739794946,1274972520739794946,1592812111000,2020-06-22,13:18:31,IST,1221731710141784064,fob_jhansi,FOB Jhansi I & B Ministry GoI #stayhome #staysafe,,"#IndiaFightsCorona
#COVID19
#TogetherAgainstCovid19 #SwasthaBharat #HealthForAll #CoronaOutbreak #Unlock1  pic.twitter.com/ij32tu3zEs",[],[],['https://pbs.twimg.com/media/EbGcvSVU8AAVyt8.jpg'],0,0,0,"['#indiafightscorona', '#covid19', '#togetheragainstcovid19', '#swasthabharat', '#healthforall', '#coronaoutbreak', '#unlock1']",[],https://twitter.com/FOB_Jhansi/status/1274972520739794946,False,,0,,,,,,,"[{'user_id': '1221731710141784064', 'username': 'FOB_Jhansi'}]",,,,
1274972485973237760,1274972485973237760,1592812103000,2020-06-22,13:18:23,IST,1221731710141784064,fob_jhansi,FOB Jhansi I & B Ministry GoI #stayhome #staysafe,,"#IndiaFightsCorona
#COVID19
#TogetherAgainstCovid19 #SwasthaBharat #HealthForAll #CoronaOutbreak #Unlock1  pic.twitter.com/JlI9lklwIe",[],[],['https://pbs.twimg.com/media/EbGctWRU4AEn_3K.jpg'],0,0,0,"['#indiafightscorona', '#covid19', '#togetheragainstcovid19', '#swasthabharat', '#healthforall', '#coronaoutbreak', '#unlock1']",[],https://twitter.com/FOB_Jhansi/status/1274972485973237760,False,,0,,,,,,,"[{'user_id': '1221731710141784064', 'username': 'FOB_Jhansi'}]",,,,
1274972457942740993,1274972457942740993,1592812096000,2020-06-22,13:18:16,IST,1221731710141784064,fob_jhansi,FOB Jhansi I & B Ministry GoI #stayhome #staysafe,,"#IndiaFightsCorona
#COVID19
#TogetherAgainstCovid19 #SwasthaBharat #HealthForAll #CoronaOutbreak #Unlock1  pic.twitter.com/WALFVLT68l",[],[],['https://pbs.twimg.com/media/EbGcrhTVcAIp-V2.jpg'],0,0,0,"['#indiafightscorona', '#covid19', '#togetheragainstcovid19', '#swasthabharat', '#healthforall', '#coronaoutbreak', '#unlock1']",[],https://twitter.com/FOB_Jhansi/status/1274972457942740993,False,,0,,,,,,,"[{'user_id': '1221731710141784064', 'username': 'FOB_Jhansi'}]",,,,
1274972428439961600,1274972428439961600,1592812089000,2020-06-22,13:18:09,IST,1221731710141784064,fob_jhansi,FOB Jhansi I & B Ministry GoI #stayhome #staysafe,,"#IndiaFightsCorona
#COVID19
#TogetherAgainstCovid19 #SwasthaBharat #HealthForAll #CoronaOutbreak #Unlock1  pic.twitter.com/sT1dkqZXPT",[],[],['https://pbs.twimg.com/media/EbGcp-VUcAEggo6.jpg'],0,0,0,"['#indiafightscorona', '#covid19', '#togetheragainstcovid19', '#swasthabharat', '#healthforall', '#coronaoutbreak', '#unlock1']",[],https://twitter.com/FOB_Jhansi/status/1274972428439961600,False,,0,,,,,,,"[{'user_id': '1221731710141784064', 'username': 'FOB_Jhansi'}]",,,,
1274972401453772800,1274972401453772800,1592812083000,2020-06-22,13:18:03,IST,1221731710141784064,fob_jhansi,FOB Jhansi I & B Ministry GoI #stayhome #staysafe,,"#IndiaFightsCorona
#COVID19
#TogetherAgainstCovid19 #SwasthaBharat #HealthForAll #CoronaOutbreak #Unlock1  pic.twitter.com/W1c6HqsmcV",[],[],['https://pbs.twimg.com/media/EbGcoZCUEAEmXLp.jpg'],0,0,0,"['#indiafightscorona', '#covid19', '#togetheragainstcovid19', '#swasthabharat', '#healthforall', '#coronaoutbreak', '#unlock1']",[],https://twitter.com/FOB_Jhansi/status/1274972401453772800,False,,0,,,,,,,"[{'user_id': '1221731710141784064', 'username': 'FOB_Jhansi'}]",,,,
1274972339789164545,1274972339789164545,1592812068000,2020-06-22,13:17:48,IST,1221731710141784064,fob_jhansi,FOB Jhansi I & B Ministry GoI #stayhome #staysafe,,"#IndiaFightsCorona
#COVID19
#TogetherAgainstCovid19 #SwasthaBharat #HealthForAll #CoronaOutbreak #Unlock1  pic.twitter.com/FkaTAyT3wc",[],[],['https://pbs.twimg.com/media/EbGck3oU8AE0aaR.jpg'],0,0,0,"['#indiafightscorona', '#covid19', '#togetheragainstcovid19', '#swasthabharat', '#healthforall', '#coronaoutbreak', '#unlock1']",[],https://twitter.com/FOB_Jhansi/status/1274972339789164545,False,,0,,,,,,,"[{'user_id': '1221731710141784064', 'username': 'FOB_Jhansi'}]",,,,
1274972290409574400,1274972290409574400,1592812056000,2020-06-22,13:17:36,IST,1221731710141784064,fob_jhansi,FOB Jhansi I & B Ministry GoI #stayhome #staysafe,,"#IndiaFightsCorona
#COVID19
#TogetherAgainstCovid19 #SwasthaBharat #HealthForAll #CoronaOutbreak #Unlock1  pic.twitter.com/jVhzPywWFm",[],[],['https://pbs.twimg.com/media/EbGch7BUEAA7DrG.jpg'],0,0,0,"['#indiafightscorona', '#covid19', '#togetheragainstcovid19', '#swasthabharat', '#healthforall', '#coronaoutbreak', '#unlock1']",[],https://twitter.com/FOB_Jhansi/status/1274972290409574400,False,,0,,,,,,,"[{'user_id': '1221731710141784064', 'username': 'FOB_Jhansi'}]",,,,
1274972260609089536,1274972260609089536,1592812049000,2020-06-22,13:17:29,IST,1221731710141784064,fob_jhansi,FOB Jhansi I & B Ministry GoI #stayhome #staysafe,,"#IndiaFightsCorona
#COVID19
#TogetherAgainstCovid19 #SwasthaBharat #HealthForAll #CoronaOutbreak #Unlock1  pic.twitter.com/XfNZJaxTYH",[],[],['https://pbs.twimg.com/media/EbGcgLEUcAIpHmk.jpg'],0,0,0,"['#indiafightscorona', '#covid19', '#togetheragainstcovid19', '#swasthabharat', '#healthforall', '#coronaoutbreak', '#unlock1']",[],https://twitter.com/FOB_Jhansi/status/1274972260609089536,False,,0,,,,,,,"[{'user_id': '1221731710141784064', 'username': 'FOB_Jhansi'}]",,,,
1274972221782421504,1274972221782421504,1592812040000,2020-06-22,13:17:20,IST,1221731710141784064,fob_jhansi,FOB Jhansi I & B Ministry GoI #stayhome #staysafe,,"#IndiaFightsCorona
#COVID19
#TogetherAgainstCovid19 #SwasthaBharat #HealthForAll #CoronaOutbreak #Unlock1  pic.twitter.com/qYXA5B1Ytq",[],[],['https://pbs.twimg.com/media/EbGcdw9UcAAYpPV.jpg'],0,0,0,"['#indiafightscorona', '#covid19', '#togetheragainstcovid19', '#swasthabharat', '#healthforall', '#coronaoutbreak', '#unlock1']",[],https://twitter.com/FOB_Jhansi/status/1274972221782421504,False,,0,,,,,,,"[{'user_id': '1221731710141784064', 'username': 'FOB_Jhansi'}]",,,,
1274972106569076736,1274972106569076736,1592812012000,2020-06-22,13:16:52,IST,1221731710141784064,fob_jhansi,FOB Jhansi I & B Ministry GoI #stayhome #staysafe,,"#IndiaFightsCorona
#COVID19
#TogetherAgainstCovid19 #SwasthaBharat #HealthForAll #CoronaOutbreak #Unlock1  pic.twitter.com/L0qOjyf7Va",[],[],['https://pbs.twimg.com/media/EbGcXVdUwAAj7cI.jpg'],0,0,0,"['#indiafightscorona', '#covid19', '#togetheragainstcovid19', '#swasthabharat', '#healthforall', '#coronaoutbreak', '#unlock1']",[],https://twitter.com/FOB_Jhansi/status/1274972106569076736,False,,0,,,,,,,"[{'user_id': '1221731710141784064', 'username': 'FOB_Jhansi'}]",,,,
1274972082770604032,1274972082770604032,1592812007000,2020-06-22,13:16:47,IST,1221731710141784064,fob_jhansi,FOB Jhansi I & B Ministry GoI #stayhome #staysafe,,"#IndiaFightsCorona
#COVID19
#TogetherAgainstCovid19 #SwasthaBharat #HealthForAll #CoronaOutbreak #Unlock1  pic.twitter.com/fOsnjLhMPv",[],[],['https://pbs.twimg.com/media/EbGcV5kVcAAFjTY.jpg'],0,0,0,"['#indiafightscorona', '#covid19', '#togetheragainstcovid19', '#swasthabharat', '#healthforall', '#coronaoutbreak', '#unlock1']",[],https://twitter.com/FOB_Jhansi/status/1274972082770604032,False,,0,,,,,,,"[{'user_id': '1221731710141784064', 'username': 'FOB_Jhansi'}]",,,,
1274972055146913792,1274972055146913792,1592812000000,2020-06-22,13:16:40,IST,1221731710141784064,fob_jhansi,FOB Jhansi I & B Ministry GoI #stayhome #staysafe,,"#IndiaFightsCorona
#COVID19
#TogetherAgainstCovid19 #SwasthaBharat #HealthForAll #CoronaOutbreak #Unlock1  pic.twitter.com/beRIwGwbuV",[],[],['https://pbs.twimg.com/media/EbGcUPdVcAAR_QM.jpg'],0,0,0,"['#indiafightscorona', '#covid19', '#togetheragainstcovid19', '#swasthabharat', '#healthforall', '#coronaoutbreak', '#unlock1']",[],https://twitter.com/FOB_Jhansi/status/1274972055146913792,False,,0,,,,,,,"[{'user_id': '1221731710141784064', 'username': 'FOB_Jhansi'}]",,,,
1274972025757421570,1274972025757421570,1592811993000,2020-06-22,13:16:33,IST,1221731710141784064,fob_jhansi,FOB Jhansi I & B Ministry GoI #stayhome #staysafe,,"#IndiaFightsCorona
#COVID19
#TogetherAgainstCovid19 #SwasthaBharat #HealthForAll #CoronaOutbreak #Unlock1  pic.twitter.com/smMtaXzcPx",[],[],['https://pbs.twimg.com/media/EbGcSm3VAAAnk4G.jpg'],0,0,0,"['#indiafightscorona', '#covid19', '#togetheragainstcovid19', '#swasthabharat', '#healthforall', '#coronaoutbreak', '#unlock1']",[],https://twitter.com/FOB_Jhansi/status/1274972025757421570,False,,0,,,,,,,"[{'user_id': '1221731710141784064', 'username': 'FOB_Jhansi'}]",,,,
1274971997882073088,1274971997882073088,1592811986000,2020-06-22,13:16:26,IST,1221731710141784064,fob_jhansi,FOB Jhansi I & B Ministry GoI #stayhome #staysafe,,"#IndiaFightsCorona
#COVID19
#TogetherAgainstCovid19 #SwasthaBharat #HealthForAll #CoronaOutbreak #Unlock1  pic.twitter.com/KQdqrayV9V",[],[],['https://pbs.twimg.com/media/EbGcQyEUMAAP4gl.jpg'],0,0,0,"['#indiafightscorona', '#covid19', '#togetheragainstcovid19', '#swasthabharat', '#healthforall', '#coronaoutbreak', '#unlock1']",[],https://twitter.com/FOB_Jhansi/status/1274971997882073088,False,,0,,,,,,,"[{'user_id': '1221731710141784064', 'username': 'FOB_Jhansi'}]",,,,
1274971966844227584,1274971966844227584,1592811979000,2020-06-22,13:16:19,IST,1221731710141784064,fob_jhansi,FOB Jhansi I & B Ministry GoI #stayhome #staysafe,,"#IndiaFightsCorona
#COVID19
#TogetherAgainstCovid19 #SwasthaBharat #HealthForAll #CoronaOutbreak #Unlock1  pic.twitter.com/2R18uBVyCg",[],[],['https://pbs.twimg.com/media/EbGcPFoUYAA1AIx.jpg'],0,0,0,"['#indiafightscorona', '#covid19', '#togetheragainstcovid19', '#swasthabharat', '#healthforall', '#coronaoutbreak', '#unlock1']",[],https://twitter.com/FOB_Jhansi/status/1274971966844227584,False,,0,,,,,,,"[{'user_id': '1221731710141784064', 'username': 'FOB_Jhansi'}]",,,,
1274971880030482432,1274971880030482432,1592811958000,2020-06-22,13:15:58,IST,1221731710141784064,fob_jhansi,FOB Jhansi I & B Ministry GoI #stayhome #staysafe,,"#IndiaFightsCorona
#COVID19
#TogetherAgainstCovid19 #SwasthaBharat #HealthForAll #CoronaOutbreak #Unlock1  pic.twitter.com/6ccdkT0TBZ",[],[],['https://pbs.twimg.com/media/EbGcJ2uUMAE8efI.jpg'],0,0,0,"['#indiafightscorona', '#covid19', '#togetheragainstcovid19', '#swasthabharat', '#healthforall', '#coronaoutbreak', '#unlock1']",[],https://twitter.com/FOB_Jhansi/status/1274971880030482432,False,,0,,,,,,,"[{'user_id': '1221731710141784064', 'username': 'FOB_Jhansi'}]",,,,
1274971852272631810,1274971852272631810,1592811952000,2020-06-22,13:15:52,IST,1221731710141784064,fob_jhansi,FOB Jhansi I & B Ministry GoI #stayhome #staysafe,,"#IndiaFightsCorona
#COVID19
#TogetherAgainstCovid19 #SwasthaBharat #HealthForAll #CoronaOutbreak #Unlock1  pic.twitter.com/SkXdBT2nc6",[],[],['https://pbs.twimg.com/media/EbGcISjU0AEmLJR.jpg'],0,0,0,"['#indiafightscorona', '#covid19', '#togetheragainstcovid19', '#swasthabharat', '#healthforall', '#coronaoutbreak', '#unlock1']",[],https://twitter.com/FOB_Jhansi/status/1274971852272631810,False,,0,,,,,,,"[{'user_id': '1221731710141784064', 'username': 'FOB_Jhansi'}]",,,,
1274971818164539393,1274971818164539393,1592811943000,2020-06-22,13:15:43,IST,1221731710141784064,fob_jhansi,FOB Jhansi I & B Ministry GoI #stayhome #staysafe,,"#IndiaFightsCorona
#COVID19
#TogetherAgainstCovid19 #SwasthaBharat #HealthForAll #CoronaOutbreak #Unlock1  pic.twitter.com/2WRlXCsKq6",[],[],['https://pbs.twimg.com/media/EbGcGkgUYAI1f1k.jpg'],0,0,0,"['#indiafightscorona', '#covid19', '#togetheragainstcovid19', '#swasthabharat', '#healthforall', '#coronaoutbreak', '#unlock1']",[],https://twitter.com/FOB_Jhansi/status/1274971818164539393,False,,0,,,,,,,"[{'user_id': '1221731710141784064', 'username': 'FOB_Jhansi'}]",,,,
1274971787273498624,1274971787273498624,1592811936000,2020-06-22,13:15:36,IST,1221731710141784064,fob_jhansi,FOB Jhansi I & B Ministry GoI #stayhome #staysafe,,"#IndiaFightsCorona
#COVID19
#TogetherAgainstCovid19 #SwasthaBharat #HealthForAll #CoronaOutbreak #Unlock1  pic.twitter.com/tSFrw5fiTS",[],[],['https://pbs.twimg.com/media/EbGcE8zU8AE3QFb.jpg'],0,0,0,"['#indiafightscorona', '#covid19', '#togetheragainstcovid19', '#swasthabharat', '#healthforall', '#coronaoutbreak', '#unlock1']",[],https://twitter.com/FOB_Jhansi/status/1274971787273498624,False,,0,,,,,,,"[{'user_id': '1221731710141784064', 'username': 'FOB_Jhansi'}]",,,,
1274971743799570432,1274971743799570432,1592811926000,2020-06-22,13:15:26,IST,1221731710141784064,fob_jhansi,FOB Jhansi I & B Ministry GoI #stayhome #staysafe,,"#IndiaFightsCorona
#COVID19
#TogetherAgainstCovid19 #SwasthaBharat #HealthForAll #CoronaOutbreak #Unlock1  pic.twitter.com/VkEByEhBsZ",[],[],['https://pbs.twimg.com/media/EbGcCXZU0AMz8MK.jpg'],0,0,0,"['#indiafightscorona', '#covid19', '#togetheragainstcovid19', '#swasthabharat', '#healthforall', '#coronaoutbreak', '#unlock1']",[],https://twitter.com/FOB_Jhansi/status/1274971743799570432,False,,0,,,,,,,"[{'user_id': '1221731710141784064', 'username': 'FOB_Jhansi'}]",,,,
1274971716846931977,1274971716846931977,1592811919000,2020-06-22,13:15:19,IST,1221731710141784064,fob_jhansi,FOB Jhansi I & B Ministry GoI #stayhome #staysafe,,"#IndiaFightsCorona
#COVID19
#TogetherAgainstCovid19 #SwasthaBharat #HealthForAll #CoronaOutbreak #Unlock1  pic.twitter.com/aZctvuLsnV",[],[],['https://pbs.twimg.com/media/EbGcAuqVAAAlKtw.jpg'],0,0,0,"['#indiafightscorona', '#covid19', '#togetheragainstcovid19', '#swasthabharat', '#healthforall', '#coronaoutbreak', '#unlock1']",[],https://twitter.com/FOB_Jhansi/status/1274971716846931977,False,,0,,,,,,,"[{'user_id': '1221731710141784064', 'username': 'FOB_Jhansi'}]",,,,
1274971675344293888,1274971675344293888,1592811909000,2020-06-22,13:15:09,IST,1221731710141784064,fob_jhansi,FOB Jhansi I & B Ministry GoI #stayhome #staysafe,,"#IndiaFightsCorona
#COVID19
#TogetherAgainstCovid19 #SwasthaBharat #HealthForAll #CoronaOutbreak #Unlock1  pic.twitter.com/3d6P49wOIc",[],[],['https://pbs.twimg.com/media/EbGb-C7UEAEw0kl.jpg'],0,0,0,"['#indiafightscorona', '#covid19', '#togetheragainstcovid19', '#swasthabharat', '#healthforall', '#coronaoutbreak', '#unlock1']",[],https://twitter.com/FOB_Jhansi/status/1274971675344293888,False,,0,,,,,,,"[{'user_id': '1221731710141784064', 'username': 'FOB_Jhansi'}]",,,,
1274971643220078592,1274971643220078592,1592811902000,2020-06-22,13:15:02,IST,1221731710141784064,fob_jhansi,FOB Jhansi I & B Ministry GoI #stayhome #staysafe,,"#IndiaFightsCorona
#COVID19
#TogetherAgainstCovid19 #SwasthaBharat #HealthForAll #CoronaOutbreak #Unlock1  pic.twitter.com/WZYJZcQ7hM",[],[],['https://pbs.twimg.com/media/EbGb8QVU8AErz3P.jpg'],0,0,0,"['#indiafightscorona', '#covid19', '#togetheragainstcovid19', '#swasthabharat', '#healthforall', '#coronaoutbreak', '#unlock1']",[],https://twitter.com/FOB_Jhansi/status/1274971643220078592,False,,0,,,,,,,"[{'user_id': '1221731710141784064', 'username': 'FOB_Jhansi'}]",,,,
1274971616452083718,1274971616452083718,1592811895000,2020-06-22,13:14:55,IST,1221731710141784064,fob_jhansi,FOB Jhansi I & B Ministry GoI #stayhome #staysafe,,"#IndiaFightsCorona
#COVID19
#TogetherAgainstCovid19 #SwasthaBharat #HealthForAll #CoronaOutbreak #Unlock1  pic.twitter.com/E2xXM6udM5",[],[],['https://pbs.twimg.com/media/EbGb6wTUcAE0Zme.jpg'],0,0,0,"['#indiafightscorona', '#covid19', '#togetheragainstcovid19', '#swasthabharat', '#healthforall', '#coronaoutbreak', '#unlock1']",[],https://twitter.com/FOB_Jhansi/status/1274971616452083718,False,,0,,,,,,,"[{'user_id': '1221731710141784064', 'username': 'FOB_Jhansi'}]",,,,
1274971557652242432,1274971557652242432,1592811881000,2020-06-22,13:14:41,IST,1221731710141784064,fob_jhansi,FOB Jhansi I & B Ministry GoI #stayhome #staysafe,,"#IndiaFightsCorona
#COVID19
#TogetherAgainstCovid19 #SwasthaBharat #HealthForAll #CoronaOutbreak #Unlock1  pic.twitter.com/cdB90V45QM",[],[],['https://pbs.twimg.com/media/EbGb3LKU0AIZJXQ.jpg'],0,0,0,"['#indiafightscorona', '#covid19', '#togetheragainstcovid19', '#swasthabharat', '#healthforall', '#coronaoutbreak', '#unlock1']",[],https://twitter.com/FOB_Jhansi/status/1274971557652242432,False,,0,,,,,,,"[{'user_id': '1221731710141784064', 'username': 'FOB_Jhansi'}]",,,,
1274971525272068096,1274971525272068096,1592811874000,2020-06-22,13:14:34,IST,1221731710141784064,fob_jhansi,FOB Jhansi I & B Ministry GoI #stayhome #staysafe,,"#IndiaFightsCorona
#COVID19
#TogetherAgainstCovid19 #SwasthaBharat #HealthForAll #CoronaOutbreak #Unlock1  pic.twitter.com/Jqus2MKmjN",[],[],['https://pbs.twimg.com/media/EbGb1QWVAAEUF_U.jpg'],0,0,0,"['#indiafightscorona', '#covid19', '#togetheragainstcovid19', '#swasthabharat', '#healthforall', '#coronaoutbreak', '#unlock1']",[],https://twitter.com/FOB_Jhansi/status/1274971525272068096,False,,0,,,,,,,"[{'user_id': '1221731710141784064', 'username': 'FOB_Jhansi'}]",,,,
1274971476932751360,1274971476932751360,1592811862000,2020-06-22,13:14:22,IST,1221731710141784064,fob_jhansi,FOB Jhansi I & B Ministry GoI #stayhome #staysafe,,"#IndiaFightsCorona
#COVID19
#TogetherAgainstCovid19 #SwasthaBharat #HealthForAll #CoronaOutbreak #Unlock1  pic.twitter.com/iR0oUr1oQG",[],[],['https://pbs.twimg.com/media/EbGbysHUYAEH4b2.jpg'],0,0,0,"['#indiafightscorona', '#covid19', '#togetheragainstcovid19', '#swasthabharat', '#healthforall', '#coronaoutbreak', '#unlock1']",[],https://twitter.com/FOB_Jhansi/status/1274971476932751360,False,,0,,,,,,,"[{'user_id': '1221731710141784064', 'username': 'FOB_Jhansi'}]",,,,
1274971429931380741,1274971429931380741,1592811851000,2020-06-22,13:14:11,IST,1221731710141784064,fob_jhansi,FOB Jhansi I & B Ministry GoI #stayhome #staysafe,,"#IndiaFightsCorona
#COVID19
#TogetherAgainstCovid19 #SwasthaBharat #HealthForAll #CoronaOutbreak #Unlock1  pic.twitter.com/506k8aiony",[],[],['https://pbs.twimg.com/media/EbGbv6hVcAcr1nQ.jpg'],0,0,0,"['#indiafightscorona', '#covid19', '#togetheragainstcovid19', '#swasthabharat', '#healthforall', '#coronaoutbreak', '#unlock1']",[],https://twitter.com/FOB_Jhansi/status/1274971429931380741,False,,0,,,,,,,"[{'user_id': '1221731710141784064', 'username': 'FOB_Jhansi'}]",,,,
1272803431707631616,1272803431707631616,1592294960000,2020-06-16,13:39:20,IST,141570032,raghavseth001,राघव बुंदेलखंडी बनिया,,"@DC_Gurugram @gurgaonpolice @ggncommcircle @cmohry 

Do we need to apply for any pass to travel from Gurgaon(HR) to Uttar Pradesh- Jhansi by personal vehicle.

Please update urgently , Require due to some urgency.

#Unlock1","['dc_gurugram', 'gurgaonpolice', 'ggncommcircle', 'cmohry']",[],[],1,0,0,['#unlock1'],[],https://twitter.com/raghavseth001/status/1272803431707631616,False,,0,,,,,,,"[{'user_id': '141570032', 'username': 'raghavseth001'}, {'user_id': '904450515240599552', 'username': 'DC_Gurugram'}, {'user_id': '2538968462', 'username': 'gurgaonpolice'}, {'user_id': '3273018098', 'username': 'ggncommcircle'}, {'user_id': '2919390704', 'username': 'cmohry'}]",,,,
1269629712973787138,1269629712973787138,1591538286000,2020-06-07,19:28:06,IST,1160946668897857537,akash2narvariya,Akash Narvariya,,"@jhansipolice आपका इंतजार कर रही है मित्रों।

#jhansi #CoronavirusIndia #date #datingapp #hotels #Unlock1 #Lockdown5 https://twitter.com/upcoprahul/status/1269605887418589184 …",['jhansipolice'],['https://twitter.com/upcoprahul/status/1269605887418589184'],[],0,0,0,"['#jhansi', '#coronavirusindia', '#date', '#datingapp', '#hotels', '#unlock1', '#lockdown5']",[],https://twitter.com/Akash2Narvariya/status/1269629712973787138,False,https://twitter.com/upcoprahul/status/1269605887418589184,0,,,,,,,"[{'user_id': '1160946668897857537', 'username': 'Akash2Narvariya'}, {'user_id': '1471554966', 'username': 'jhansipolice'}]",,,,
1268166519470428165,1268166519470428165,1591189434000,2020-06-03,18:33:54,IST,3286322893,upkesari,Punjab Kesari-UP/UK,,"UP पुलिस ने बनाई टू इन वन पीपीई किट, ये है विशेषता
 https://up.punjabkesari.in/uttar-pradesh/news/up-police-has-made-two-in-one-ppe-kits-this-is-specialty-1177460 …
#Jhansi @Uppolice #PPEkit #CoronaVirus #Covid19 #Lockdown #Unlock1 #CoronaVirusUpdate #UttarPradesh #UPNews pic.twitter.com/Qfb8BrZGEB",['uppolice'],['https://up.punjabkesari.in/uttar-pradesh/news/up-police-has-made-two-in-one-ppe-kits-this-is-specialty-1177460'],['https://pbs.twimg.com/media/EZlq0KtVAAACwSd.jpg'],0,0,0,"['#jhansi', '#ppekit', '#coronavirus', '#covid19', '#lockdown', '#unlock1', '#coronavirusupdate', '#uttarpradesh', '#upnews']",[],https://twitter.com/UPkesari/status/1268166519470428165,False,,0,,,,,,,"[{'user_id': '3286322893', 'username': 'UPkesari'}, {'user_id': '1271749327', 'username': 'Uppolice'}]",,,,
