id,conversation_id,created_at,date,time,timezone,user_id,username,name,place,tweet,mentions,urls,photos,replies_count,retweets_count,likes_count,hashtags,cashtags,link,retweet,quote_url,video,near,geo,source,user_rt_id,user_rt,retweet_id,reply_to,retweet_date,translate,trans_src,trans_dest
1277847455334203392,1277847455334203392,1593497549000,2020-06-30,11:42:29,IST,1245459083294961664,sslocallive,sslocallive,,"#Agra : अनलॉक 1.0: एक महीने में ही ताजनगरी में मिले 311 नए संक्रमित, 43 की मौत
#unlock1",[],[],[],0,0,0,"['#agra', '#unlock1']",[],https://twitter.com/sslocallive/status/1277847455334203392,False,,0,,,,,,,"[{'user_id': '1245459083294961664', 'username': 'sslocallive'}]",,,,
1271358548081913861,1271358548081913861,1591950473000,2020-06-12,13:57:53,IST,2989790052,a1tvrajasthan,A1TV,,"#Agra : एटीएम से कैश चोरी की बड़ी वारदात

6 लाख रुपए कैश बदमाश ने किए चोरी, एटीएम खोल कर कैश ट्रे ले गया गया बदमाश, एसएसपी समेत कई अधिकारी मौके पर, थाना जगदीशपुरा क्षेत्र में हुई वारदात #A1TVNews #CoronaPandemic #Lockdown5 #unlock1 @agrapolice",['agrapolice'],[],[],0,0,0,"['#agra', '#a1tvnews', '#coronapandemic', '#lockdown5', '#unlock1']",[],https://twitter.com/A1TVrajasthan/status/1271358548081913861,False,,0,,,,,,,"[{'user_id': '2989790052', 'username': 'A1TVrajasthan'}, {'user_id': '1464415993', 'username': 'agrapolice'}]",,,,
1270667187447951361,1270667187447951361,1591785639000,2020-06-10,16:10:39,IST,1215943404426629120,hindustannewsd1,Hindustan News Daily,,"UP : Agra में एक हैवानियत Cow के बच्चे को डंडो से मारा और उसकी Death हो ...  https://youtu.be/WoYgzE8apv0  via @YouTube #Unlock1 #calf #death #agra #UP #UTTARPRADESH
#CMYOGI #livevideo #CCTV #VIRALVIDEO #cow",['youtube'],['https://youtu.be/WoYgzE8apv0'],[],0,0,0,"['#unlock1', '#calf', '#death', '#agra', '#up', '#uttarpradesh', '#cmyogi', '#livevideo', '#cctv', '#viralvideo', '#cow']",[],https://twitter.com/HindustanNewsD1/status/1270667187447951361,False,,0,,,,,,,"[{'user_id': '1215943404426629120', 'username': 'HindustanNewsD1'}, {'user_id': '10228272', 'username': 'YouTube'}]",,,,
1270220748997554177,1270220748997554177,1591679200000,2020-06-09,10:36:40,IST,1874798778,thehansindiaweb,The Hans India,,Markets in Agra open but customers reluctant to move out #Agra #Unlock1.0 #COVID19 #Coronavirus https://www.thehansindia.com/news/national/markets-in-agra-open-but-customers-reluctant-to-move-out-627061?utm_campaign=pubshare&utm_source=Twitter&utm_medium=1874798778&utm_content=auto-link&utm_id=139 …,[],['https://www.thehansindia.com/news/national/markets-in-agra-open-but-customers-reluctant-to-move-out-627061?utm_campaign=pubshare&utm_source=Twitter&utm_medium=1874798778&utm_content=auto-link&utm_id=139'],[],0,0,1,"['#agra', '#unlock1', '#covid19', '#coronavirus']",[],https://twitter.com/TheHansIndiaWeb/status/1270220748997554177,False,,0,,,,,,,"[{'user_id': '1874798778', 'username': 'TheHansIndiaWeb'}]",,,,
1269987911803367429,1269987911803367429,1591623688000,2020-06-08,19:11:28,IST,4453205292,bstvlive,भारत समाचार,,"#BharatSamachar
#Agra : मंदिर प्रवेश पर लगी रोक, दूर से करने होंगे दर्शन। #Unlock1  pic.twitter.com/AHcRt8MbI9",[],[],[],3,1,17,"['#bharatsamachar', '#agra', '#unlock1']",[],https://twitter.com/bstvlive/status/1269987911803367429,False,,1,,,,,,,"[{'user_id': '4453205292', 'username': 'bstvlive'}]",,,,
1269832846933397504,1269832846933397504,1591586717000,2020-06-08,08:55:17,IST,943349784152289280,zeeupuk,Zee Uttar Pradesh Uttarakhand,,"#Unlock1 #Agra  में शॉपिंग मॉल और गेस्ट हाउस खुलेंगे, रहेंगी ये शर्तें लागू  -  https://zeenews.india.com/hindi/india/up-uttarakhand/agra-shopping-mall-and-guest-house-open-with-some-conditions/692577 …",[],['https://zeenews.india.com/hindi/india/up-uttarakhand/agra-shopping-mall-and-guest-house-open-with-some-conditions/692577'],[],0,0,3,"['#unlock1', '#agra']",[],https://twitter.com/ZEEUPUK/status/1269832846933397504,False,,0,,,,,,,"[{'user_id': '943349784152289280', 'username': 'ZEEUPUK'}]",,,,
1269687842654924800,1269687842654924800,1591552146000,2020-06-07,23:19:06,IST,2913235143,piovijay,Vijay Upadhyay,,"#Unlock1.0 आगरा में 8 जून से नहीं खुलेंगे ताजमहल और मंदिर-मस्जिद, गुरुद्वारे
#Tajmahal and #temples won't open In #Unlock1
#AGRA  https://www.vijayupadhyay.com/2020/06/07/tajmahal-and-temples-wont-open-in-unlock-1/ …",[],['https://www.vijayupadhyay.com/2020/06/07/tajmahal-and-temples-wont-open-in-unlock-1/'],[],0,0,1,"['#unlock1', '#tajmahal', '#temples', '#unlock1', '#agra']",[],https://twitter.com/piovijay/status/1269687842654924800,False,,0,,,,,,,"[{'user_id': '2913235143', 'username': 'piovijay'}]",,,,
1269261139319414784,1269261139319414784,1591450412000,2020-06-06,19:03:32,IST,57634171,rishabhsaxena91,Er. RISHABH MOHAN SAXENA,,"WATCH AGRA
BIRDS EYE VIEW
DURING LOCKDOWN
 https://youtu.be/EOXVVDcDBHE 
#StayHomeStaySafe #SocialDistancing #WashHands #Agra #Unlock1 #India #Covid_19india #COVID19Pandemic",[],['https://youtu.be/EOXVVDcDBHE'],[],1,0,1,"['#stayhomestaysafe', '#socialdistancing', '#washhands', '#agra', '#unlock1', '#india', '#covid_19india', '#covid19pandemic']",[],https://twitter.com/rishabhsaxena91/status/1269261139319414784,False,,0,,,,,,,"[{'user_id': '57634171', 'username': 'rishabhsaxena91'}]",,,,
1268942672166653952,1268799386445688832,1591374483000,2020-06-05,21:58:03,IST,1163323244948013057,mukeshs53643881,Mukesh Sikarwar,,अंधे ही नहीं बहरे भी लगते जो माननीय प्रधानमंत्री की अपील भी सुनाई नहीं देती। #इंडियापोस्ट के ये अधिकारी अपना हित साधने के लिए भी ऐसा कर रहे होंगे। वो #लोकडाऊन के नियमों का पालन करेंगे या नहीं परंतु #ग्रामीणडाकसेवक को #Lockdown5 #Unlock1 के नियम पालन करते हुए अपनी बात रखना चाहिए।  pic.twitter.com/BblZwil8sz,"['getmanav12', 'officeofrsp', 'indiapostoffice', 'cpmgup', 'pmg_agra', 'narendramodi']",[],['https://pbs.twimg.com/media/EZwwZUKUwAEBavg.jpg'],0,6,9,"['#इंडियापोस्ट', '#लोकडाऊन', '#ग्रामीणडाकसेवक', '#lockdown5', '#unlock1']",[],https://twitter.com/MukeshS53643881/status/1268942672166653952,False,,0,,,,,,,"[{'user_id': '1163323244948013057', 'username': 'MukeshS53643881'}, {'user_id': '1213430727590604801', 'username': 'getmanav12'}, {'user_id': '882219929709105152', 'username': 'OfficeOfRSP'}, {'user_id': '2579558348', 'username': 'IndiaPostOffice'}, {'user_id': '756016847024074752', 'username': 'cpmgup'}, {'user_id': '756058987372617728', 'username': 'PMG_AGRA'}, {'user_id': '18839785', 'username': 'narendramodi'}]",,,,
1268786407679512577,1268786407679512577,1591337227000,2020-06-05,11:37:07,IST,957575197,thehawk,The Hawk,,Covid cases surge in Agra amid Unlock1.0 #Covidcases #Agra #Unlock1.0  http://www.thehawk.in/states/uttar-pradesh/covid-cases-surge-in-agra-amid-unlock10-151345?utm_campaign=pubshare&utm_source=Twitter&utm_medium=957575197&utm_content=auto-link&utm_id=346 …,[],['http://www.thehawk.in/states/uttar-pradesh/covid-cases-surge-in-agra-amid-unlock10-151345?utm_campaign=pubshare&utm_source=Twitter&utm_medium=957575197&utm_content=auto-link&utm_id=346'],[],0,0,0,"['#covidcases', '#agra', '#unlock1']",[],https://twitter.com/thehawk/status/1268786407679512577,False,,0,,,,,,,"[{'user_id': '957575197', 'username': 'thehawk'}]",,,,
1268771054693937153,1268771054693937153,1591333566000,2020-06-05,10:36:06,IST,44583496,madhyamam,Madhyamam,,Covid cases surge in Agra amid Unlock1.0  http://tinyurl.com/y9bvyz4m ,[],['http://tinyurl.com/y9bvyz4m'],[],0,1,1,[],[],https://twitter.com/madhyamam/status/1268771054693937153,False,,0,,,,,,,"[{'user_id': '44583496', 'username': 'madhyamam'}]",,,,
1268740606941167618,1268735194262933505,1591326307000,2020-06-05,08:35:07,IST,80282340,ashmeetbhambra,SS BHAMRA,,Respected Sir I would Like to Know That R The MSME Unit Allowed to Open for 6 days or to Be Opened on Alternative Days which is situated in Transport Nagar Yojna Agra Thanks 🙏@myogiadityanath @OfficeOfDMAgra @CMOfficeUP @IpsBablooKumar @OfficeOfDMAgra #Unlock1 #Lockdown5,"['myogiadityanath', 'officeofdmagra', 'cmofficeup', 'ipsbablookumar']",[],[],0,1,0,"['#unlock1', '#lockdown5']",[],https://twitter.com/ashmeetbhambra/status/1268740606941167618,False,,0,,,,,,,"[{'user_id': '80282340', 'username': 'ashmeetbhambra'}, {'user_id': '3437532637', 'username': 'myogiadityanath'}, {'user_id': '1009373761047416832', 'username': 'OfficeOfDMAgra'}, {'user_id': '2587240482', 'username': 'CMOfficeUP'}, {'user_id': '814560227907366912', 'username': 'IpsBablooKumar'}]",,,,
1268209606679027715,1268209606679027715,1591199707000,2020-06-03,21:25:07,IST,19897138,indiatoday,IndiaToday,,"The sudden spike air pollution indicates that the key reason for poor air quality in #Agra is vehicular traffic. #Unlock1
 https://www.indiatoday.in/india/story/as-lockdown-eases-air-quality-drops-in-agra-1685175-2020-06-03 …",[],['https://www.indiatoday.in/india/story/as-lockdown-eases-air-quality-drops-in-agra-1685175-2020-06-03'],[],0,3,22,"['#agra', '#unlock1']",[],https://twitter.com/IndiaToday/status/1268209606679027715,False,,0,,,,,,,"[{'user_id': '19897138', 'username': 'IndiaToday'}]",,,,
1268178448603906049,1268178448603906049,1591192278000,2020-06-03,19:21:18,IST,1242731805926547456,englishkibaat,English Ki Baat,,"Agra: Shops reopen almost after 70 days in the district. According to a scheme formulated by the district administration, the shops on two sides of a street would open on alternate days. #Unlock1  pic.twitter.com/R10qncQ1oL",[],[],"['https://pbs.twimg.com/media/EZl5i6IVcAEYW6Q.jpg', 'https://pbs.twimg.com/media/EZl5jw-UEAYcsMf.jpg', 'https://pbs.twimg.com/media/EZl5keaUwAY_q5n.jpg']",0,0,1,['#unlock1'],[],https://twitter.com/englishkibaat/status/1268178448603906049,False,,0,,,,,,,"[{'user_id': '1242731805926547456', 'username': 'englishkibaat'}]",,,,
1268160737513402374,1268160737513402374,1591188055000,2020-06-03,18:10:55,IST,1326183325,ind2day,indtoday,,"Agra: Shops reopen almost after 70 days in the district. According to a scheme formulated by the district administration, the shops on two sides of a street would open on alternate days. #Unlock1  pic.twitter.com/jP3gkaydSc",[],[],['https://pbs.twimg.com/media/EZlpdJrVAAI0ucQ.jpg'],0,0,0,['#unlock1'],[],https://twitter.com/ind2day/status/1268160737513402374,False,,0,,,,,,,"[{'user_id': '1326183325', 'username': 'ind2day'}]",,,,
1268160681771069440,1268160681771069440,1591188042000,2020-06-03,18:10:42,IST,1145850864344502272,hyddnow,Hydnow,,"Agra: Shops reopen almost after 70 days in the district. According to a scheme formulated by the district administration, the shops on two sides of a street would open on alternate days. #Unlock1  pic.twitter.com/gvQ1vhMZbI",[],[],['https://pbs.twimg.com/media/EZlpZzIU0AAYF0C.jpg'],0,0,0,['#unlock1'],[],https://twitter.com/Hyddnow/status/1268160681771069440,False,,0,,,,,,,"[{'user_id': '1145850864344502272', 'username': 'Hyddnow'}]",,,,
1268157816197398529,1268157816197398529,1591187359000,2020-06-03,17:59:19,IST,706709499856334848,aninewsup,ANI UP,,"Agra: Shops reopen almost after 70 days in the district. According to a scheme formulated by the district administration, the shops on two sides of a street would open on alternate days. #Unlock1  pic.twitter.com/IA2aehv3Pe",[],[],"['https://pbs.twimg.com/media/EZll-pqUYAUkDRj.jpg', 'https://pbs.twimg.com/media/EZlmCNDU8AAIYTp.jpg', 'https://pbs.twimg.com/media/EZlmDUzUEAAGPxO.jpg']",0,10,72,['#unlock1'],[],https://twitter.com/ANINewsUP/status/1268157816197398529,False,,0,,,,,,,"[{'user_id': '706709499856334848', 'username': 'ANINewsUP'}]",,,,
1268032064651055105,1268032064651055105,1591157377000,2020-06-03,09:39:37,IST,3128821932,ajaydhakray,Ajay Bahadur Dhakray,,आज से #Agra के सभी बाजार @PrabhuNs_ के आदेशानुसार खुलने जा रहे है। लोगो से अपील है की वो #Unlock1 को सारे नियम मानते हुए सफल बनाये। क्यों की खतरा अभी टला नही है। #जानहैतोजहानहैं के साथ देश को प्रगति के पथ पर ले जाते रहे। @PrabhuNs_ @IpsBablooKumar @veerbahadur086 @myogiadityanath,"['prabhuns_', 'ipsbablookumar', 'veerbahadur086', 'myogiadityanath']",[],[],1,0,1,"['#agra', '#unlock1', '#जानहैतोजहानहैं']",[],https://twitter.com/AjayDhakray/status/1268032064651055105,False,,0,,,,,,,"[{'user_id': '3128821932', 'username': 'AjayDhakray'}, {'user_id': '2348109451', 'username': 'PrabhuNs_'}, {'user_id': '814560227907366912', 'username': 'IpsBablooKumar'}, {'user_id': '3073369844', 'username': 'veerbahadur086'}, {'user_id': '3437532637', 'username': 'myogiadityanath'}]",,,,
1267868201171460096,1267868201171460096,1591118309000,2020-06-02,22:48:29,IST,789117448532348928,rajdhaniupdate,Rajdhaniupdate,,"यूपी में बढ़ रहा कोरोना, 53 जिलों में फिर मिलें 369 नए पॉजिटिव, एक दिन में सात की जान भी गयी  https://rajdhaniupdate.com/up-main-badh-raha-corona-lucknow/ … via @rajdhaniupdate #Unlock1 #UP #COVID19 #Lucknow #Agra #Amethi #Coronaupdate #Coronavirus",['rajdhaniupdate'],['https://rajdhaniupdate.com/up-main-badh-raha-corona-lucknow/'],[],0,0,0,"['#unlock1', '#up', '#covid19', '#lucknow', '#agra', '#amethi', '#coronaupdate', '#coronavirus']",[],https://twitter.com/rajdhaniupdate/status/1267868201171460096,False,,0,,,,,,,"[{'user_id': '789117448532348928', 'username': 'rajdhaniupdate'}]",,,,
1267857407218155520,1267857407218155520,1591115736000,2020-06-02,22:05:36,IST,3012613986,_deshdeepak,Desh Deepak Tiwari,,#Agra #CoronavirusOutbreak @AmarUjalaNews आज एसएन में भर्ती 62 वर्षीय व्यक्ति की मौत के बाद संक्रमित मृतकों की संख्या 44 हो गई। #Unlock1 में दो दिन में दूसरी मौत है। 9 नए मरीज मिलने से अब संक्रमितों की संख्या 916 हो गई है @vinodkpurohit @jaideepkarnik @CMOfficeUP @OfficeOfDMAgra pic.twitter.com/n3ub8V0VIU,"['amarujalanews', 'vinodkpurohit', 'jaideepkarnik', 'cmofficeup', 'officeofdmagra']",[],['https://pbs.twimg.com/media/EZhVlKeWAAASVxU.jpg'],0,0,2,"['#agra', '#coronavirusoutbreak', '#unlock1']",[],https://twitter.com/_DeshDeepak/status/1267857407218155520,False,,0,,,,,,,"[{'user_id': '3012613986', 'username': '_DeshDeepak'}, {'user_id': '169018518', 'username': 'AmarUjalaNews'}, {'user_id': '526457101', 'username': 'vinodkpurohit'}, {'user_id': '78061525', 'username': 'jaideepkarnik'}, {'user_id': '2587240482', 'username': 'CMOfficeUP'}, {'user_id': '1009373761047416832', 'username': 'OfficeOfDMAgra'}]",,,,
1267674471847976960,1267674471847976960,1591072120000,2020-06-02,09:58:40,IST,926412704788594689,au_agranews,Amar Ujala Agra,,"70 दिन बाद आहिस्ता-आहिस्ता चल पड़ी ताजनगरी, सड़कों और बाजारों में दिखा कुछ ऐसा हाल  #Agra #Lockdown #Unlock1
 https://www.amarujala.com/photo-gallery/uttar-pradesh/agra/unlock-one-first-day-agra-lockdown-latest-updates …",[],['https://www.amarujala.com/photo-gallery/uttar-pradesh/agra/unlock-one-first-day-agra-lockdown-latest-updates'],[],0,0,6,"['#agra', '#lockdown', '#unlock1']",[],https://twitter.com/AU_AgraNews/status/1267674471847976960,False,,0,,,,,,,"[{'user_id': '926412704788594689', 'username': 'AU_AgraNews'}]",,,,
1267471083105476610,1267471083105476610,1591023629000,2020-06-01,20:30:29,IST,2982269822,thequint,The Quint,,".@NandyAsmita embarked on a journey from New Delhi to Agra to assess the situation and preparedness at the railway station as well as in the trains on the first day of #Unlock1.
 https://www.thequint.com/news/india/exclusive-passenger-train-journey-delhi-agra-unlock-1-lockdown-coronavirus-new-delhi-railway-station …",['nandyasmita'],['https://www.thequint.com/news/india/exclusive-passenger-train-journey-delhi-agra-unlock-1-lockdown-coronavirus-new-delhi-railway-station'],[],0,1,6,['#unlock1'],[],https://twitter.com/TheQuint/status/1267471083105476610,False,,0,,,,,,,"[{'user_id': '2982269822', 'username': 'TheQuint'}, {'user_id': '3010080824', 'username': 'NandyAsmita'}]",,,,
1267467511269748739,1267467511269748739,1591022777000,2020-06-01,20:16:17,IST,2982269822,thequint,The Quint,,"With #Unlock1, the resumption of 200 passenger trains from New Delhi Railway Station has also begun. @NandyAsmita embarked on a journey from New Delhi to Agra to assess the situation at the railway station as well as in the trains.
Read more here:  https://bit.ly/2XQciPp  pic.twitter.com/ce0Isq7Ef9",['nandyasmita'],['https://bit.ly/2XQciPp'],[],0,3,11,['#unlock1'],[],https://twitter.com/TheQuint/status/1267467511269748739,False,,1,,,,,,,"[{'user_id': '2982269822', 'username': 'TheQuint'}, {'user_id': '3010080824', 'username': 'NandyAsmita'}]",,,,
1267449404652425216,1267449404652425216,1591018460000,2020-06-01,19:04:20,IST,99732008,iamprbl,Prabal Ponia,,"किसी काम से बाहर निकला तो मुझे पता चला कि मैं ही अकेला लॉक डाउन का पालन कर रहा था । बाकी तो पूरा #Agra  सड़कों पर था।
#Unlock1",[],[],[],0,0,9,"['#agra', '#unlock1']",[],https://twitter.com/iamprbl/status/1267449404652425216,False,,0,,,,,,,"[{'user_id': '99732008', 'username': 'iamprbl'}]",,,,
1267367844544724993,1267367844544724993,1590999015000,2020-06-01,13:40:15,IST,3991108098,dt_next,DT Next,,"On the 70th day of #lockdown, markets have started opening up, bringing some cheer back. The state roadways was running 300 buses to different parts of the city. #Agra #Unlock1
 https://www.dtnext.in/News/National/2020/06/01102637/1233478/Agra-records-42nd-corona-death-as-Unlock-1-begins.vpf …",[],['https://www.dtnext.in/News/National/2020/06/01102637/1233478/Agra-records-42nd-corona-death-as-Unlock-1-begins.vpf'],[],0,0,0,"['#lockdown', '#agra', '#unlock1']",[],https://twitter.com/dt_next/status/1267367844544724993,False,,0,,,,,,,"[{'user_id': '3991108098', 'username': 'dt_next'}]",,,,
1267350202442297347,1267350202442297347,1590994809000,2020-06-01,12:30:09,IST,1248449880319643655,storm0241,Lalit Kumar,,"@OfficeOfDMAgra can I move in City in #Unlock1 and what are the precaution I should take while go to another place in my agra city. @agrapolice @adgzoneagra
Please guide me","['officeofdmagra', 'agrapolice', 'adgzoneagra']",[],[],0,0,2,['#unlock1'],[],https://twitter.com/storm0241/status/1267350202442297347,False,,0,,,,,,,"[{'user_id': '1248449880319643655', 'username': 'storm0241'}, {'user_id': '1009373761047416832', 'username': 'OfficeOfDMAgra'}, {'user_id': '1464415993', 'username': 'agrapolice'}, {'user_id': '722685689515667456', 'username': 'adgzoneagra'}]",,,,
1267327872978444288,1267327872978444288,1590989485000,2020-06-01,11:01:25,IST,99732008,iamprbl,Prabal Ponia,,#Unlock1 के पहले ही दिन #Agra की सड़कों पर जबरदस्त rush देखने को मिल रहा है जैसे lockdown से पहले रहता था । #SocialDistanacing की धज्जियाँ उड़ती नजर आ रही हैं।,[],[],[],0,0,0,"['#unlock1', '#agra', '#socialdistanacing']",[],https://twitter.com/iamprbl/status/1267327872978444288,False,,0,,,,,,,"[{'user_id': '99732008', 'username': 'iamprbl'}]",,,,
1267327338947067904,1267327338947067904,1590989358000,2020-06-01,10:59:18,IST,957575197,thehawk,The Hawk,,Agra records 42nd corona death as ''Unlock 1'' begins #Agra #coronadeath #Unlock1  http://www.thehawk.in/states/uttar-pradesh/agra-records-42nd-corona-death-as-unlock-1-begins-150184?utm_campaign=pubshare&utm_source=Twitter&utm_medium=957575197&utm_content=auto-link&utm_id=346 …,[],['http://www.thehawk.in/states/uttar-pradesh/agra-records-42nd-corona-death-as-unlock-1-begins-150184?utm_campaign=pubshare&utm_source=Twitter&utm_medium=957575197&utm_content=auto-link&utm_id=346'],[],0,0,0,"['#agra', '#coronadeath', '#unlock1']",[],https://twitter.com/thehawk/status/1267327338947067904,False,,0,,,,,,,"[{'user_id': '957575197', 'username': 'thehawk'}]",,,,
1267140967234187264,1267140967234187264,1590944923000,2020-05-31,22:38:43,IST,789117448532348928,rajdhaniupdate,Rajdhaniupdate,,"लॉकडाउन-4 के अंतिम दिन UP में फूटा कोरोना बम, लखनऊ में 16 समेत 53 शहरों में मिलें रिकॉर्ड 378 संक्रमित, मृतकों की संख्‍या हुई 217  https://rajdhaniupdate.com/lucknow-samait-53-sahron-main-milay-378-sankramit/ … via @rajdhaniupdate #Unlock1 #Lockdown5 #Lockdown4 #CoronaUpdate #Lucknow #Noida #Agra #Kanpur #Barabanki #COVID19inUP",['rajdhaniupdate'],['https://rajdhaniupdate.com/lucknow-samait-53-sahron-main-milay-378-sankramit/'],[],1,1,0,"['#unlock1', '#lockdown5', '#lockdown4', '#coronaupdate', '#lucknow', '#noida', '#agra', '#kanpur', '#barabanki', '#covid19inup']",[],https://twitter.com/rajdhaniupdate/status/1267140967234187264,False,,0,,,,,,,"[{'user_id': '789117448532348928', 'username': 'rajdhaniupdate'}]",,,,
1267137600562716672,1267136787417350144,1590944120000,2020-05-31,22:25:20,IST,3275572237,rashidkhan963,Rashid Khan,,Sirs; what happens to Agra from 01st June? How will be the lockdown 5/unlock1 in Agra. Please update at the earliest 🙏,"['officeofdmagra', 'upgovt', 'prabhuns_']",[],[],0,0,2,[],[],https://twitter.com/RashidKhan963/status/1267137600562716672,False,,0,,,,,,,"[{'user_id': '3275572237', 'username': 'RashidKhan963'}, {'user_id': '1009373761047416832', 'username': 'OfficeOfDMAgra'}, {'user_id': '2588841246', 'username': 'UPGovt'}, {'user_id': '2348109451', 'username': 'PrabhuNs_'}]",,,,
1267120339743461376,1267120339743461376,1590940005000,2020-05-31,21:16:45,IST,82417377,tauseefnissar,Dr.Tauseef Nissar,,"Taj Mahal View from Agra Fort 
May be Shahjahan had the similar view.

Post Lockdown
Pre Lockdown
#CoronavirusIndia #Unlock1 #TajMahal @IndiaHistorypic @Imadclicks @neeleshmisra pic.twitter.com/ZWwFU1O6Ca","['indiahistorypic', 'imadclicks', 'neeleshmisra']",[],"['https://pbs.twimg.com/media/EZW3N-JUcAEwdgm.jpg', 'https://pbs.twimg.com/media/EZW3O34U4AEkjJT.jpg']",1,0,2,"['#coronavirusindia', '#unlock1', '#tajmahal']",[],https://twitter.com/tauseefnissar/status/1267120339743461376,False,,0,,,,,,,"[{'user_id': '82417377', 'username': 'tauseefnissar'}, {'user_id': '2312262702', 'username': 'IndiaHistorypic'}, {'user_id': '71658452', 'username': 'Imadclicks'}, {'user_id': '31119205', 'username': 'neeleshmisra'}]",,,,
1267061652282699779,1267061652282699779,1590926013000,2020-05-31,17:23:33,IST,99732008,iamprbl,Prabal Ponia,,"#Unlock1  में ब्रज में इस तरह से खुशी हो रही है जैसे कल ही बेडई और जलेबी का नाश्ता शुरू हो जाएगा 😂🤣 । @jayantrld @RaviRld @HarbeerSamra11 @Ayushkg
#Agra #Mathura","['jayantrld', 'ravirld', 'harbeersamra11', 'ayushkg']",[],[],0,0,7,"['#unlock1', '#agra', '#mathura']",[],https://twitter.com/iamprbl/status/1267061652282699779,False,,0,,,,,,,"[{'user_id': '99732008', 'username': 'iamprbl'}, {'user_id': '2864060538', 'username': 'jayantrld'}, {'user_id': '3220960722', 'username': 'RaviRld'}, {'user_id': '1333529845', 'username': 'HarbeerSamra11'}, {'user_id': '732720269572218881', 'username': 'Ayushkg'}]",,,,
1267032691649720320,1267032691649720320,1590919108000,2020-05-31,15:28:28,IST,1693915063,exo_1989,Dharmesh Verma,,"@aaiagraairport @AAI_Official @MoCA_GoI Sir, Can someone tell me when the Flight operations will start at Agra Airport in #Unlock1, Special flight was announced under #UDAAN scheme AGR to BLR , 6E-5917 @IndiGo6E , no info anywhere about the operations in Agra @OfficeOfDMAgra","['aaiagraairport', 'aai_official', 'moca_goi', 'indigo6e', 'officeofdmagra']",[],[],0,1,0,"['#unlock1', '#udaan']",[],https://twitter.com/exo_1989/status/1267032691649720320,False,,0,,,,,,,"[{'user_id': '1693915063', 'username': 'exo_1989'}, {'user_id': '767591708431310848', 'username': 'aaiagraairport'}, {'user_id': '877832878830137345', 'username': 'AAI_Official'}, {'user_id': '3619207820', 'username': 'MoCA_GoI'}, {'user_id': '1467228402', 'username': 'IndiGo6E'}, {'user_id': '1009373761047416832', 'username': 'OfficeOfDMAgra'}]",,,,
1266752894252068865,1266752894252068865,1590852399000,2020-05-30,20:56:39,IST,1193102522958770177,brainbuster8,Brain Buster,,"753) The city of Agra was founded by

1.Shivaji
2.Abul Fazai
3.Sikandar Lodi
4.Shah Jahan

Ans 752) Pallavas

#Lockdown5
#Unlock1
#5DecadesOfSuperstarRAJINI",[],[],[],0,1,0,"['#lockdown5', '#unlock1', '#5decadesofsuperstarrajini']",[],https://twitter.com/BrainBuster8/status/1266752894252068865,False,,0,,,,,,,"[{'user_id': '1193102522958770177', 'username': 'BrainBuster8'}]",,,,
