id,conversation_id,created_at,date,time,timezone,user_id,username,name,place,tweet,mentions,urls,photos,replies_count,retweets_count,likes_count,hashtags,cashtags,link,retweet,quote_url,video,near,geo,source,user_rt_id,user_rt,retweet_id,reply_to,retweet_date,translate,trans_src,trans_dest
1277798416307810304,1277798416307810304,1593485857000,2020-06-30,08:27:37,IST,2376970800,toilucknow,TOI Lucknow News,,"If you are missing the TOI's print edition, click here to read the TOI epaper and your city edition 

 https://epaper.timesgroup.com/Olive/ODN/TimesOfIndia/# …
#Unlock1
#CautionYesPanicNo #CoronavirusOutbreak pic.twitter.com/i1w76aO1qy",[],['https://epaper.timesgroup.com/Olive/ODN/TimesOfIndia/#'],['https://pbs.twimg.com/media/Ebum4btU8AEzbMI.png'],0,1,2,"['#unlock1', '#cautionyespanicno', '#coronavirusoutbreak']",[],https://twitter.com/TOILucknow/status/1277798416307810304,False,,0,,,,,,,"[{'user_id': '2376970800', 'username': 'TOILucknow'}]",,,,
1277475978562793473,1277475978562793473,1593408982000,2020-06-29,11:06:22,IST,1068671848835993600,informupcrime,Delhi Crime,,"ऐसे प्रशासनिक अधिकारियों के विरुद्ध उचित धाराओं के तहत अभियोग दर्ज होना चाहिए और उच्च पद पर कार्यरत अधिकारियों को भी इसे गंभीरता से लेना चाहिए
@IASassociation #BJPVirtualRally #Unlock1 #UPPInNews #UPPolice @IpsAshish @SspGhaziabad @BJP4UP @InfoDeptUP @UPGovt #Lucknow #prayagraj https://twitter.com/Abhay_journo/status/1277306086551220224 …","['iasassociation', 'ipsashish', 'sspghaziabad', 'bjp4up', 'infodeptup', 'upgovt']",['https://twitter.com/Abhay_journo/status/1277306086551220224'],[],0,0,1,"['#bjpvirtualrally', '#unlock1', '#uppinnews', '#uppolice', '#lucknow', '#prayagraj']",[],https://twitter.com/informupcrime/status/1277475978562793473,False,https://twitter.com/Abhay_journo/status/1277306086551220224,0,,,,,,,"[{'user_id': '1068671848835993600', 'username': 'informupcrime'}, {'user_id': '318195157', 'username': 'IASassociation'}, {'user_id': '1162325012', 'username': 'IpsAshish'}, {'user_id': '736906416414298112', 'username': 'SspGhaziabad'}, {'user_id': '2220938808', 'username': 'BJP4UP'}, {'user_id': '1070981309068042240', 'username': 'InfoDeptUP'}, {'user_id': '2588841246', 'username': 'UPGovt'}]",,,,
1277063974698143744,1277063974698143744,1593310752000,2020-06-28,07:49:12,IST,2376970800,toilucknow,TOI Lucknow News,,"If you are missing the TOI's print edition, click here to read the TOI epaper and your city edition 

 https://epaper.timesgroup.com/Olive/ODN/TimesOfIndia/# …
#Unlock1
#CautionYesPanicNo #CoronavirusOutbreak pic.twitter.com/gkuNNhRaxk",[],['https://epaper.timesgroup.com/Olive/ODN/TimesOfIndia/#'],['https://pbs.twimg.com/media/EbkK6DHUcAAwcro.png'],0,0,5,"['#unlock1', '#cautionyespanicno', '#coronavirusoutbreak']",[],https://twitter.com/TOILucknow/status/1277063974698143744,False,,0,,,,,,,"[{'user_id': '2376970800', 'username': 'TOILucknow'}]",,,,
1276700461425233921,1276700461425233921,1593224084000,2020-06-27,07:44:44,IST,2376970800,toilucknow,TOI Lucknow News,,"If you are missing the TOI's print edition, click here to read the TOI epaper and your city edition 

 https://epaper.timesgroup.com/Olive/ODN/TimesOfIndia/# …
#Unlock1
#CautionYesPanicNo #CoronavirusOutbreak pic.twitter.com/y7TJ3ONs3m",[],['https://epaper.timesgroup.com/Olive/ODN/TimesOfIndia/#'],['https://pbs.twimg.com/media/EbfATBvVAAACSwu.png'],0,0,1,"['#unlock1', '#cautionyespanicno', '#coronavirusoutbreak']",[],https://twitter.com/TOILucknow/status/1276700461425233921,False,,0,,,,,,,"[{'user_id': '2376970800', 'username': 'TOILucknow'}]",,,,
1275979756517744641,1275979756517744641,1593052255000,2020-06-25,08:00:55,IST,2376970800,toilucknow,TOI Lucknow News,,"If you are missing the TOI's print edition, click here to read the TOI epaper and your city edition 

 https://epaper.timesgroup.com/Olive/ODN/TimesOfIndia/# …
#Unlock1
#CautionYesPanicNo #CoronavirusOutbreak pic.twitter.com/9BwpZdlylG",[],['https://epaper.timesgroup.com/Olive/ODN/TimesOfIndia/#'],['https://pbs.twimg.com/media/EbUw0hiVcAAxJnV.png'],0,2,4,"['#unlock1', '#cautionyespanicno', '#coronavirusoutbreak']",[],https://twitter.com/TOILucknow/status/1275979756517744641,False,,0,,,,,,,"[{'user_id': '2376970800', 'username': 'TOILucknow'}]",,,,
1274633195791593472,1274633195791593472,1592731210000,2020-06-21,14:50:10,IST,550403619,rashig999,Rakesh chaturvedi,,"Aryaman pushpdant chaturvedi 
Class-1H 
C.M.S. kanpur road , LUCKNOW. U.P.

INTERNATIONAL YOGA DAY.

⚘⚘🙏🙏
#10MillionSuryanamaskar
#NamsteYoga
#Namsteyoga
#Unlock1Challenge
#Unlock1  pic.twitter.com/2nortdAmh5",[],[],"['https://pbs.twimg.com/media/EbBoE2UUMAIImwa.jpg', 'https://pbs.twimg.com/media/EbBoF-jVAAEXJmB.jpg', 'https://pbs.twimg.com/media/EbBoG_JU8AApPt4.jpg', 'https://pbs.twimg.com/media/EbBoH7hU4AUe_fE.jpg']",3,12,37,"['#10millionsuryanamaskar', '#namsteyoga', '#namsteyoga', '#unlock1challenge', '#unlock1']",[],https://twitter.com/rashig999/status/1274633195791593472,False,,0,,,,,,,"[{'user_id': '550403619', 'username': 'rashig999'}]",,,,
1274061243729326080,1274061243729326080,1592594846000,2020-06-20,00:57:26,IST,1266860683058204673,aktustudents,AKTU STUDENT UNION,,"@ChiefSecyUP sir, asiee Kiya problem hai Jo @AKTU_Lucknow ke students ko promotion nhi diya jaa Raha h?Aur promotion ka prastaav cancel KR diya, kiya ap jaante h ki unlock1 se daily 12k+ active cases roj aate h?Aur is prasthiti mai exams lena students ke jaan ke liye khatra h.","['chiefsecyup', 'aktu_lucknow']",[],[],1,1,7,[],[],https://twitter.com/AktuStudents/status/1274061243729326080,False,,0,,,,,,,"[{'user_id': '1266860683058204673', 'username': 'AktuStudents'}, {'user_id': '2587265450', 'username': 'ChiefSecyUP'}, {'user_id': '1027524968504995841', 'username': 'AKTU_Lucknow'}]",,,,
1273466706967646209,1273466706967646209,1592453097000,2020-06-18,09:34:57,IST,1262993086407487489,ourlucknow10,OurLucknow,,"Now total 26 #containmentzone in #Lucknow.
Please stay safe everyone. 
.
.
.
#Lucknow #Lucknowcity #Hotspot #Corona #Indiafightscorona #Alambagh #Oldlucknow #Staysafe #Unlock1 @ Lucknow, Uttar Pradesh  https://www.instagram.com/p/CBj_eKBJPpO/?igshid=1pm2fyphfs7m7 …",[],['https://www.instagram.com/p/CBj_eKBJPpO/?igshid=1pm2fyphfs7m7'],[],0,1,0,"['#containmentzone', '#lucknow', '#lucknow', '#lucknowcity', '#hotspot', '#corona', '#indiafightscorona', '#alambagh', '#oldlucknow', '#staysafe', '#unlock1']",[],https://twitter.com/ourlucknow10/status/1273466706967646209,False,,0,,,,,,,"[{'user_id': '1262993086407487489', 'username': 'ourlucknow10'}]",,,,
1273174468240777218,1273174468240777218,1592383422000,2020-06-17,14:13:42,IST,465703103,kushalmedia,Kushal Mishra,,"कभी यहां की गलियों में तांगे दौड़ा करते थे, मगर पिछले तीन महीनों में सब कुछ ठहर गया है, तांगे की रफ्तार भी और तांगे वालों की जिंदगी भी ...
Report @Abhishek1992100
#CoronaFootprint
#lockdown #Lucknow #Unlock1
 https://www.gaonconnection.com/gaon-connection-tvVideos/lockdown-hasnt-been-easy-for-horse-cart-pullers-in-old-lucknow-47714 …",['abhishek1992100'],['https://www.gaonconnection.com/gaon-connection-tvVideos/lockdown-hasnt-been-easy-for-horse-cart-pullers-in-old-lucknow-47714'],[],0,0,3,"['#coronafootprint', '#lockdown', '#lucknow', '#unlock1']",[],https://twitter.com/KushalMedia/status/1273174468240777218,False,,0,,,,,,,"[{'user_id': '465703103', 'username': 'KushalMedia'}, {'user_id': '2283570578', 'username': 'Abhishek1992100'}]",,,,
1273126319581265922,1273126319581265922,1592371942000,2020-06-17,11:02:22,IST,106972578,ibc24news,IBC24 News,,"#Bilaspur: #QuarantineCenter में मजदूर की मौत, #Lucknow से लौटने के बाद किया गया था क्वारंटाइन

#COVID2019 #IndiaFightsCoronavirus #Lockdownextention #UNLOCK1 #CGNews 

फॉलो करें : @Rachana_Nitesh 
LIVETV :  http://ibc24.in/livetv  https://www.youtube.com/watch?v=BoPSnqQ-cME …",['rachana_nitesh'],"['http://ibc24.in/livetv', 'https://www.youtube.com/watch?v=BoPSnqQ-cME']",[],0,2,5,"['#bilaspur', '#quarantinecenter', '#lucknow', '#covid2019', '#indiafightscoronavirus', '#lockdownextention', '#unlock1', '#cgnews']",[],https://twitter.com/IBC24News/status/1273126319581265922,False,,0,,,,,,,"[{'user_id': '106972578', 'username': 'IBC24News'}, {'user_id': '2849638807', 'username': 'Rachana_Nitesh'}]",,,,
1272315215061778434,1272315215061778434,1592178560000,2020-06-15,05:19:20,IST,1263981603753164801,shaansh74408270,Shaan Shahid ( NANHA BALAK ),,"Nanha Balak on Malls/Restaurants Re-opening! 
#Unlock1 #JustAsking #IndiaFightsCorona #nanhabalak #shaanthestar #Modiji #swarabhasker #kunalkamra #mallsreopening #lucknow #INDIA #TwitterTrends #goviral #nazmaaapi #retweet #LockdownFailed #unlock2 pic.twitter.com/5wIiPHgfJU",[],[],[],1,1,1,"['#unlock1', '#justasking', '#indiafightscorona', '#nanhabalak', '#shaanthestar', '#modiji', '#swarabhasker', '#kunalkamra', '#mallsreopening', '#lucknow', '#india', '#twittertrends', '#goviral', '#nazmaaapi', '#retweet', '#lockdownfailed', '#unlock2']",[],https://twitter.com/ShaanSh74408270/status/1272315215061778434,False,,1,,,,,,,"[{'user_id': '1263981603753164801', 'username': 'ShaanSh74408270'}]",,,,
1271314519533342720,1271314519533342720,1591939975000,2020-06-12,11:02:55,IST,797786062739357696,bluetreelakes,BlueTreeLakes,,"What is #HomeQuarantine 👇
#Mumbai #Delhi #Lucknow
#Chennai #Bengaluru #Indore
#India #Rajasthan #haryana
#Indians #lockdownindia 🔒
#Unlock1 #Modi #Mumbaikar
#Pune #TamilNadu #Jaipur
#Kolkata #UP #Ahmedabad
#Gujarat #Maharashtra #thane #Indian #chembur #navimumbai #Gurgaon pic.twitter.com/hTFHSL5FlN",[],[],"['https://pbs.twimg.com/media/EaSdxZaUcAgHK-O.jpg', 'https://pbs.twimg.com/media/EaSdzecU4AEBlYH.jpg', 'https://pbs.twimg.com/media/EaSd0OoUYAING_9.jpg']",0,0,0,"['#homequarantine', '#mumbai', '#delhi', '#lucknow', '#chennai', '#bengaluru', '#indore', '#india', '#rajasthan', '#haryana', '#indians', '#lockdownindia', '#unlock1', '#modi', '#mumbaikar', '#pune', '#tamilnadu', '#jaipur', '#kolkata', '#up', '#ahmedabad', '#gujarat', '#maharashtra', '#thane', '#indian', '#chembur', '#navimumbai', '#gurgaon']",[],https://twitter.com/bluetreelakes/status/1271314519533342720,False,,0,,,,,,,"[{'user_id': '797786062739357696', 'username': 'bluetreelakes'}]",,,,
1270731584518475779,1270731584518475779,1591800993000,2020-06-10,20:26:33,IST,1011603607,rjsaranshredfm,RJ Saransh,,"Corona Kavita - 2.5lakh se upar cases...

 Spread the word share this video...

 #corona #lockdown #quarantine #friends #quarantinelife #memer #memories #life #dosti #friendship #fun #boys #girls #Lucknow #solucknow #sodelhi #instatea #instafriends #f4f #coronavirus
#Unlock1  pic.twitter.com/iebADhhVOT",[],[],[],1,1,5,"['#corona', '#lockdown', '#quarantine', '#friends', '#quarantinelife', '#memer', '#memories', '#life', '#dosti', '#friendship', '#fun', '#boys', '#girls', '#lucknow', '#solucknow', '#sodelhi', '#instatea', '#instafriends', '#f4f', '#coronavirus', '#unlock1']",[],https://twitter.com/rjsaranshredfm/status/1270731584518475779,False,,1,,,,,,,"[{'user_id': '1011603607', 'username': 'rjsaranshredfm'}]",,,,
1270613373529608192,1270613373529608192,1591772809000,2020-06-10,12:36:49,IST,4630933278,rtse_trust,Rudrabhishek Trust for Sports and Education,,"'Catches win matches'. High catches practice through bowling machine at RTSE Cricket Academy, Lucknow.

#Unlock1.0 #PostLockdown #RTSE #Cricket #Lucknow  pic.twitter.com/xEj6JcaMfs",[],[],[],0,0,0,"['#unlock1', '#postlockdown', '#rtse', '#cricket', '#lucknow']",[],https://twitter.com/rtse_trust/status/1270613373529608192,False,,1,,,,,,,"[{'user_id': '4630933278', 'username': 'rtse_trust'}]",,,,
1270372381337534465,1270372381337534465,1591715352000,2020-06-09,20:39:12,IST,1158332256013783040,abhiagarwaljc,Abhishek Agarwal,,"Let's Pray for Humanity. 
#COVID__19 #Unlock1 #jcfoundation #Lucknow  pic.twitter.com/hv0wxkbcHD",[],[],[],0,1,1,"['#covid__19', '#unlock1', '#jcfoundation', '#lucknow']",[],https://twitter.com/Abhiagarwaljc/status/1270372381337534465,False,,1,,,,,,,"[{'user_id': '1158332256013783040', 'username': 'Abhiagarwaljc'}]",,,,
1270006124159344640,1270006124159344640,1591628030000,2020-06-08,20:23:50,IST,1263491679711092736,chinmay03662109,Chinmayee Muduli,,"@myogioffice @myogiadityanath @PMOIndia
Yogi sir and Pm sir, please help me. Sir, June1 se Unlock1 suru hogaya he. Lekin NBFGR, Canal ring road, Lucknow, me hume jail jese rakha gaya he. Bahar sirf 1 ghante essentials lane ke liye jane diya jata he. Quarter resident r suffering.","['myogioffice', 'myogiadityanath', 'pmoindia']",[],[],0,0,0,[],[],https://twitter.com/Chinmay03662109/status/1270006124159344640,False,,0,,,,,,,"[{'user_id': '1263491679711092736', 'username': 'Chinmay03662109'}, {'user_id': '1084769827271598080', 'username': 'myogioffice'}, {'user_id': '3437532637', 'username': 'myogiadityanath'}, {'user_id': '471741741', 'username': 'PMOIndia'}]",,,,
1269975128433201153,1269975128433201153,1591620640000,2020-06-08,18:20:40,IST,788015280207298560,varunraj_n,Varunraj Nannaware 🇮🇳,,Couples you know where you have to go!! #Unlock1 #unlock2 #Lucknow  https://twitter.com/ani_digital/status/1269898466597068801 …,[],['https://twitter.com/ani_digital/status/1269898466597068801'],[],1,0,2,"['#unlock1', '#unlock2', '#lucknow']",[],https://twitter.com/Varunraj_n/status/1269975128433201153,False,https://twitter.com/ani_digital/status/1269898466597068801,0,,,,,,,"[{'user_id': '788015280207298560', 'username': 'Varunraj_n'}]",,,,
1269967972208013312,1269967972208013312,1591618934000,2020-06-08,17:52:14,IST,1198172704106524672,yoyocialnews,Yoyocial.News,,"लखनऊ: खुल तो गए शॉपिंग माल्स, लेकिन कोरोना के भय से दूर है अभी पब्लिक 
 https://www.yoyocial.news/yoyo-in-depth/taja-tareen/shopping-malls-are-open-post-lockdown-but-public-is-ahead-due-to-corona-panic-still-in-their-mind …
#Lucknow #MallsinLucknow #lockdown5 #unlock1 #MallsafterLockdown #shoppingmalls #UPNews #LucknowNews #yoyocial #yoyocialnews",[],['https://www.yoyocial.news/yoyo-in-depth/taja-tareen/shopping-malls-are-open-post-lockdown-but-public-is-ahead-due-to-corona-panic-still-in-their-mind'],[],0,1,0,"['#lucknow', '#mallsinlucknow', '#lockdown5', '#unlock1', '#mallsafterlockdown', '#shoppingmalls', '#upnews', '#lucknownews', '#yoyocial', '#yoyocialnews']",[],https://twitter.com/yoyocialnews/status/1269967972208013312,False,,0,,,,,,,"[{'user_id': '1198172704106524672', 'username': 'yoyocialnews'}]",,,,
1269956455349710850,1269953282283356160,1591616188000,2020-06-08,17:06:28,IST,95830564,bhiren,Hiren,,New meaning to window shopping 🛒.. #Unlock1 #UttarPradesh #Lucknow #Malls,['tanushreevenkat'],[],[],0,0,0,"['#unlock1', '#uttarpradesh', '#lucknow', '#malls']",[],https://twitter.com/BHiren/status/1269956455349710850,False,,0,,,,,,,"[{'user_id': '95830564', 'username': 'BHiren'}, {'user_id': '162346418', 'username': 'tanushreevenkat'}]",,,,
1269932493827977217,1269932493827977217,1591610475000,2020-06-08,15:31:15,IST,585427929,imswastikanand,SAT- Sri Bhaukaal,,"In case you're willing to go for a walk between at a place bigger than your house and enjoy some free AC, then you're most welcome.
.
#Lucknow #UttarPradesh #Mall #schoolreopening #unlock2 #Unlock1 mall  pic.twitter.com/9BTzVgQed1",[],[],['https://pbs.twimg.com/media/EZ-025DXYAA_-ly.jpg'],0,0,1,"['#lucknow', '#uttarpradesh', '#mall', '#schoolreopening', '#unlock2', '#unlock1']",[],https://twitter.com/ImSwastikAnand/status/1269932493827977217,False,,0,,,,,,,"[{'user_id': '585427929', 'username': 'ImSwastikAnand'}]",,,,
1269929628271104000,1269929628271104000,1591609792000,2020-06-08,15:19:52,IST,911907865,shabnam_azad,Shabnam Azad,,"Am I only the confused one....
#Unlock1 #malls #Lucknow  https://twitter.com/ani_digital/status/1269898466597068801 …",[],['https://twitter.com/ani_digital/status/1269898466597068801'],[],0,0,0,"['#unlock1', '#malls', '#lucknow']",[],https://twitter.com/shabnam_azad/status/1269929628271104000,False,https://twitter.com/ani_digital/status/1269898466597068801,0,,,,,,,"[{'user_id': '911907865', 'username': 'shabnam_azad'}]",,,,
1269928433213222917,1269928433213222917,1591609507000,2020-06-08,15:15:07,IST,3011154697,vijaytiwarilive,VIJAY TIWARI 🗣️🔊 🇮🇳,,"@CMOfficeUP @AdminLKO @UPGovt @MoHFW_INDIA @Uppolice @lkopolice @LkoCp
@CharuNigamIPS @lucknowtraffic
#Lko #Lucknow #UttarPradesh #Unlock1 #unlock2 #Lockdown5
#लखनऊ : ढील मिलते ही #सड़कों पर लगा भीषण जाम,#अस्पताल में उमड़ा मरीजों का हुजूम @suryakantvsnl http://www.jantakiawaz.org/category/state/utterpradesh/news-629964 …","['cmofficeup', 'adminlko', 'upgovt', 'mohfw_india', 'uppolice', 'lkopolice', 'lkocp', 'charunigamips', 'lucknowtraffic', 'suryakantvsnl']",['http://www.jantakiawaz.org/category/state/utterpradesh/news-629964'],[],0,4,4,"['#lko', '#lucknow', '#uttarpradesh', '#unlock1', '#unlock2', '#lockdown5', '#लखनऊ', '#सड़कों', '#अस्पताल']",[],https://twitter.com/vijaytiwarilive/status/1269928433213222917,False,,0,,,,,,,"[{'user_id': '3011154697', 'username': 'vijaytiwarilive'}, {'user_id': '2587240482', 'username': 'CMOfficeUP'}, {'user_id': '954009094662234112', 'username': 'AdminLKO'}, {'user_id': '2588841246', 'username': 'UPGovt'}, {'user_id': '2596143056', 'username': 'MoHFW_INDIA'}, {'user_id': '1271749327', 'username': 'Uppolice'}, {'user_id': '1471579316', 'username': 'lkopolice'}, {'user_id': '1217322324216729600', 'username': 'LkoCp'}, {'user_id': '861551137073188864', 'username': 'CharuNigamIPS'}, {'user_id': '3263176950', 'username': 'lucknowtraffic'}, {'user_id': '94095624', 'username': 'suryakantvsnl'}]",,,,
1269927142869041152,1269927142869041152,1591609199000,2020-06-08,15:09:59,IST,4219066761,neil_ghodela_28,Nilesh Ghodela,,"किसी को खाने पर घर बुलाया है पर , सिर्फ घर आ सकता है खाना नही खाना है सिर्फ देखना है 🤣🤣🤣🤣
#COVID__19 #Unlock1 #modi #Lucknow
@cricketaakash @SujoyBarg07 @lokesh623 @iamAshishKohli @myogiadityanath https://twitter.com/ani_digital/status/1269898466597068801 …","['cricketaakash', 'sujoybarg07', 'lokesh623', 'iamashishkohli', 'myogiadityanath']",['https://twitter.com/ani_digital/status/1269898466597068801'],[],1,0,2,"['#covid__19', '#unlock1', '#modi', '#lucknow']",[],https://twitter.com/neil_Ghodela_28/status/1269927142869041152,False,https://twitter.com/ani_digital/status/1269898466597068801,0,,,,,,,"[{'user_id': '4219066761', 'username': 'neil_Ghodela_28'}, {'user_id': '70663487', 'username': 'cricketaakash'}, {'user_id': '888637041277378560', 'username': 'SujoyBarg07'}, {'user_id': '2448802718', 'username': 'lokesh623'}, {'user_id': '913961163485986816', 'username': 'iamAshishKohli'}, {'user_id': '3437532637', 'username': 'myogiadityanath'}]",,,,
1269924964372643840,1269924964372643840,1591608680000,2020-06-08,15:01:20,IST,4777960033,shalu_official,Shalu Awasthi,,"दोस्तों,लखनऊ में मॉल्स खुल गए हैं,जाइए और सेल्फी लेकर आ जाइए।बस इतना ही करना है 👇

As per the trader body's decision, all shopping malls of Uttar Pradesh including Lucknow will open but all shops inside the malls will remain closed. 😂😂
#Unlock1  pic.twitter.com/ijHT0QkBYY",[],[],['https://pbs.twimg.com/media/EZ-ttrZUwAIiywx.jpg'],4,1,11,['#unlock1'],[],https://twitter.com/Shalu_official/status/1269924964372643840,False,,0,,,,,,,"[{'user_id': '4777960033', 'username': 'Shalu_official'}]",,,,
1269905524247588865,1269905524247588865,1591604045000,2020-06-08,13:44:05,IST,729201656311635972,khiamals,Khiamalsons,,"Now Open 6 Days a Week! | Hazratganj | Lucknow | Unlock 1.0
 
Monday to Saturday 
10:00 AM to 9:00 PM !

Khiamals Sons - The Saree Shop 
68, Hazratganj, Lucknow
#Lucknow #Hazratganj #Unlock1 #LucknowCity #Sarees #Suits #India #IndianOutfits #Saree #SareeShopping #LucknowShopping pic.twitter.com/GL56JvYwQJ",[],[],['https://pbs.twimg.com/media/EZ-cVgFWoAMyBiQ.jpg'],0,0,2,"['#lucknow', '#hazratganj', '#unlock1', '#lucknowcity', '#sarees', '#suits', '#india', '#indianoutfits', '#saree', '#sareeshopping', '#lucknowshopping']",[],https://twitter.com/khiamals/status/1269905524247588865,False,,0,,,,,,,"[{'user_id': '729201656311635972', 'username': 'khiamals'}]",,,,
1269884900565413888,1269884900565413888,1591599128000,2020-06-08,12:22:08,IST,3286322893,upkesari,Punjab Kesari-UP/UK,,"काशी के दौरे पर आज CM योगी, बाबा विश्वनाथ मंदिर का करेंगे निरीक्षण
 https://up.punjabkesari.in/uttar-pradesh/news/cm-yogi-to-inspect-baba-vishwanath-temple-on-kashi-visit-1180535 …
#Lucknow @BJP4UP @myogiadityanath #BabaVishwanathtemple #Kashi #visit #Unlock1 #UttarPradesh #UPNews pic.twitter.com/Seqj5L3dOz","['bjp4up', 'myogiadityanath']",['https://up.punjabkesari.in/uttar-pradesh/news/cm-yogi-to-inspect-baba-vishwanath-temple-on-kashi-visit-1180535'],['https://pbs.twimg.com/media/EZ-C0wTU0AEqls6.jpg'],0,1,1,"['#lucknow', '#babavishwanathtemple', '#kashi', '#visit', '#unlock1', '#uttarpradesh', '#upnews']",[],https://twitter.com/UPkesari/status/1269884900565413888,False,,0,,,,,,,"[{'user_id': '3286322893', 'username': 'UPkesari'}, {'user_id': '2220938808', 'username': 'BJP4UP'}, {'user_id': '3437532637', 'username': 'myogiadityanath'}]",,,,
1269870271244181504,1269870271244181504,1591595640000,2020-06-08,11:24:00,IST,1179403072092508160,aamiraziz07,AamIr AzIz,,"Lucknow's Eidgah Mosque reopens today, after over 2 months, with COVID-19 safety measures in place. 
#Unlock1  pic.twitter.com/RRd3HWZPLb",[],[],[],0,2,3,['#unlock1'],[],https://twitter.com/AamIrAzIz07/status/1269870271244181504,False,,1,,,,,,,"[{'user_id': '1179403072092508160', 'username': 'AamIrAzIz07'}]",,,,
1269867983872065536,1269867983872065536,1591595095000,2020-06-08,11:14:55,IST,461841349,zeenews,Zee News,,"राजधानी #Lucknow में भी मॉल तो खोले जा रहे हैं, लेकिन मॉल के अंदर की सभी दुकानें बंद रहेंगी

#UttarPradesh @myogiadityanath #Unlock1
 https://zeenews.india.com/hindi/india/up-uttarakhand/lucknow-shopping-malls-open-but-shops-will-be-closed-in-mall-premises/692661 …",['myogiadityanath'],['https://zeenews.india.com/hindi/india/up-uttarakhand/lucknow-shopping-malls-open-but-shops-will-be-closed-in-mall-premises/692661'],[],9,14,193,"['#lucknow', '#uttarpradesh', '#unlock1']",[],https://twitter.com/ZeeNews/status/1269867983872065536,False,,0,,,,,,,"[{'user_id': '461841349', 'username': 'ZeeNews'}, {'user_id': '3437532637', 'username': 'myogiadityanath'}]",,,,
1269844678280531969,1269844678280531969,1591589538000,2020-06-08,09:42:18,IST,1018478450657488896,manvvarali14,Munawar Ali منور علی🇮🇳,,"Lucknow's Eidgah Mosque reopens today, after over 2 months, with COVID-19 safety measures in place.

#Unlock1
 pic.twitter.com/PUwR5m0VZR",[],[],[],4,13,69,['#unlock1'],[],https://twitter.com/ManvvarAli14/status/1269844678280531969,False,,1,,,,,,,"[{'user_id': '1018478450657488896', 'username': 'ManvvarAli14'}]",,,,
1269843311151525890,1269843311151525890,1591589212000,2020-06-08,09:36:52,IST,249643872,ndtvvideos,NDTV Videos,,"Lucknow's Eidgah Mosque reopens today, after over 2 months, with COVID-19 safety measures in place.

#Unlock1
 pic.twitter.com/t6zCwmr9oD",[],[],[],2,7,50,['#unlock1'],[],https://twitter.com/ndtvvideos/status/1269843311151525890,False,,1,,,,,,,"[{'user_id': '249643872', 'username': 'ndtvvideos'}]",,,,
1269834832399433730,1269834832399433730,1591587191000,2020-06-08,09:03:11,IST,943349784152289280,zeeupuk,Zee Uttar Pradesh Uttarakhand,,लखनऊ: ईदगाह मस्जिद में लोगों ने नमाज़ अदा की।मस्जिद में प्रवेश करने से पहले लोगों की स्क्रीनिंग और हाथ सैनिटाइज कराए गए।यहां  लोगों ने सामाजिक दूरी का पालन भी किया। #Lucknow #Unlock1  pic.twitter.com/bMwD1mkXPN,[],[],"['https://pbs.twimg.com/media/EZ9cC0uXgAEdThT.jpg', 'https://pbs.twimg.com/media/EZ9cC1CWoAArjdk.jpg', 'https://pbs.twimg.com/media/EZ9cC2yWkAEehF_.jpg']",0,0,8,"['#lucknow', '#unlock1']",[],https://twitter.com/ZEEUPUK/status/1269834832399433730,False,,0,,,,,,,"[{'user_id': '943349784152289280', 'username': 'ZEEUPUK'}]",,,,
1269822968265400320,1269822968265400320,1591584362000,2020-06-08,08:16:02,IST,17217096,dailyindia,India News,,"Lucknow's Eidgah Mosque reopens today, after over 2 months, with COVID-19 safety measures in place.

#Unlock1  pic.twitter.com/ujr0vC9LRq (via @ndtv)",['ndtv'],[],[],0,0,0,['#unlock1'],[],https://twitter.com/dailyindia/status/1269822968265400320,False,,1,,,,,,,"[{'user_id': '17217096', 'username': 'dailyindia'}, {'user_id': '37034483', 'username': 'ndtv'}]",,,,
1269818018378346497,1269818018378346497,1591583182000,2020-06-08,07:56:22,IST,119070043,pppjain,CA PP Jain,,"What are the different safety measures that malls are putting in place, as they prepare to open after over two months of being shut due to the lockdown? We visited two malls in Lucknow and Bengaluru to find out.#Unlock1 #COVID19 https://www.msgp.pl/2APBaAw ",[],['https://www.msgp.pl/2APBaAw'],[],0,0,0,"['#unlock1', '#covid19']",[],https://twitter.com/pppjain/status/1269818018378346497,False,,0,,,,,,,"[{'user_id': '119070043', 'username': 'pppjain'}]",,,,
1269816356616105984,1269816356616105984,1591582786000,2020-06-08,07:49:46,IST,181491054,sirajnoorani,Journalist Siraj Noorani,,"#Lucknow's Eidgah Mosque reopens today, after over 2 months, with #COVID19 safety measures in place.
(Ndtv)

#Unlock1  pic.twitter.com/p5Holc8zvV",[],[],[],0,0,0,"['#lucknow', '#covid19', '#unlock1']",[],https://twitter.com/sirajnoorani/status/1269816356616105984,False,,1,,,,,,,"[{'user_id': '181491054', 'username': 'sirajnoorani'}]",,,,
1269815458191904769,1269815458191904769,1591582571000,2020-06-08,07:46:11,IST,37034483,ndtv,NDTV,,"Lucknow's Eidgah Mosque reopens today, after over 2 months, with COVID-19 safety measures in place.

#Unlock1  pic.twitter.com/LynVTAO8t2",[],[],[],39,128,1581,['#unlock1'],[],https://twitter.com/ndtv/status/1269815458191904769,False,,1,,,,,,,"[{'user_id': '37034483', 'username': 'ndtv'}]",,,,
1269799349451739139,1269799349451739139,1591578731000,2020-06-08,06:42:11,IST,1113747196099399680,thefirstindia,First India,,"#Lucknow | People offer prayers at Eidgah Mosque as Government has allowed places of worship to reopen from today.
As per Ministry of Health guidelines, touching of idols/holy books, choir/singing groups, etc are not allowed.

#Unlock1 #UnlockIndia #lockdown #coronavirus pic.twitter.com/4hyzSyhkQy",[],[],"['https://pbs.twimg.com/media/EZ87rbzWsAA6s2x.jpg', 'https://pbs.twimg.com/media/EZ87s9mXsAAZzkb.jpg', 'https://pbs.twimg.com/media/EZ87utiWAAAsfs0.jpg', 'https://pbs.twimg.com/media/EZ87xCSXQAAG4BR.jpg']",0,0,0,"['#lucknow', '#unlock1', '#unlockindia', '#lockdown', '#coronavirus']",[],https://twitter.com/thefirstindia/status/1269799349451739139,False,,0,,,,,,,"[{'user_id': '1113747196099399680', 'username': 'thefirstindia'}]",,,,
1269748924748673025,1269748924748673025,1591566709000,2020-06-08,03:21:49,IST,867453320,kanishkdangi,ᴋᴀɴɪꜱʜᴋ ᴅᴀɴɢɪ,,#Lockdown के बाद #Unlock1 में 8 जून से खुलने के लिए कितने तैयार मॉल? @AlizaNoor1501 की ग्राउंड रिपोर्ट | #MallReOpening #Lucknow #Patna https://www.youtube.com/watch?v=Ft5GxiaxLgk&feature=emb_title …,['alizanoor1501'],['https://www.youtube.com/watch?v=Ft5GxiaxLgk&feature=emb_title'],[],0,1,2,"['#lockdown', '#unlock1', '#mallreopening', '#lucknow', '#patna']",[],https://twitter.com/kanishkdangi/status/1269748924748673025,False,,0,,,,,,,"[{'user_id': '867453320', 'username': 'kanishkdangi'}, {'user_id': '1020612678912364544', 'username': 'AlizaNoor1501'}]",,,,
1269659552271593472,1269659552271593472,1591545401000,2020-06-07,21:26:41,IST,3965872579,patrikaup,Patrika UttarPradesh,,"कब्रिस्तान में कटा हुआ पैर देख कर लोग डर के चौंके, पुलिस ने जताई ये आशंका
 https://www.patrika.com/lucknow-news/lucknow-madiyaon-purnia-cemetery-chopped-leg-fear-police-clue-6171660/ … #lucknow #UttarPradesh #coronavirus #Unlock1 #coronavirus #Lucknowpolice pic.twitter.com/aUqpoeZ0Br",[],['https://www.patrika.com/lucknow-news/lucknow-madiyaon-purnia-cemetery-chopped-leg-fear-police-clue-6171660/'],['https://pbs.twimg.com/media/EZ68hkVVAAE_pkR.jpg'],0,0,2,"['#lucknow', '#uttarpradesh', '#coronavirus', '#unlock1', '#coronavirus', '#lucknowpolice']",[],https://twitter.com/PatrikaUP/status/1269659552271593472,False,,0,,,,,,,"[{'user_id': '3965872579', 'username': 'PatrikaUP'}]",,,,
1269654324109430784,1269654324109430784,1591544154000,2020-06-07,21:05:54,IST,3965872579,patrikaup,Patrika UttarPradesh,,"यूपी में आठ जून से खुलेंगे मंदिर, शॉपिंग मॉल, होटल, रेस्टोरेंट, यूपी सरकार की गाइडलाइन का करें पालन नहीं तो कोरोना का खतरा तय
 https://www.patrika.com/lucknow-news/lucknow-unlock-8-june-temple-shopping-mall-hotel-restaurant-open-guide-6172465/ … #lucknow #Unlock1 #8june #temple @yadavakhilesh @samajwadiparty @BJP4India #AbuDhabiInvestmentAuthority pic.twitter.com/0us880lIt3","['yadavakhilesh', 'samajwadiparty', 'bjp4india']",['https://www.patrika.com/lucknow-news/lucknow-unlock-8-june-temple-shopping-mall-hotel-restaurant-open-guide-6172465/'],['https://pbs.twimg.com/media/EZ63uNcVcAAJHWu.jpg'],0,1,5,"['#lucknow', '#unlock1', '#8june', '#temple', '#abudhabiinvestmentauthority']",[],https://twitter.com/PatrikaUP/status/1269654324109430784,False,,0,,,,,,,"[{'user_id': '3965872579', 'username': 'PatrikaUP'}, {'user_id': '57948579', 'username': 'yadavakhilesh'}, {'user_id': '143392465', 'username': 'samajwadiparty'}, {'user_id': '207809313', 'username': 'BJP4India'}]",,,,
1269653180322680840,1269653180322680840,1591543881000,2020-06-07,21:01:21,IST,3965872579,patrikaup,Patrika UttarPradesh,,"UP Ten Big News Today : सीएम योगी का तूफानी दौरा, बस्ती के बाद फिर गोरखपुर पहुंच गए
 https://www.patrika.com/lucknow-news/lucknow-up-ten-big-news-today-uttar-pradesh-cm-yogi-6173083/ … #Lucknow #UPTenBigNewsToday #UttarPradesh
#cmyogiadityanath #RemoveTikTokInstallRoposo #coronavirus #Unlock1 @samajwadiparty @yadavakhilesh @BJP4India pic.twitter.com/OkYqwjN2K4","['samajwadiparty', 'yadavakhilesh', 'bjp4india']",['https://www.patrika.com/lucknow-news/lucknow-up-ten-big-news-today-uttar-pradesh-cm-yogi-6173083/'],['https://pbs.twimg.com/media/EZ62xCQUEAAdkyY.jpg'],0,1,7,"['#lucknow', '#uptenbignewstoday', '#uttarpradesh', '#cmyogiadityanath', '#removetiktokinstallroposo', '#coronavirus', '#unlock1']",[],https://twitter.com/PatrikaUP/status/1269653180322680840,False,,0,,,,,,,"[{'user_id': '3965872579', 'username': 'PatrikaUP'}, {'user_id': '143392465', 'username': 'samajwadiparty'}, {'user_id': '57948579', 'username': 'yadavakhilesh'}, {'user_id': '207809313', 'username': 'BJP4India'}]",,,,
1269565744028753920,1269565744028753920,1591523035000,2020-06-07,15:13:55,IST,1198172704106524672,yoyocialnews,Yoyocial.News,,"लखनऊ: कल खुल जाएंगे इस्कॉन मंदिर के द्वार, दर्शन के लिए ये होंगी नियम व शर्तें 
 https://www.yoyocial.news/yoyo-in-depth/taja-tareen/these-terms-and-conditions-the-gates-of-iskcon-temple-will-open-from-june-8-in-lucknow …
#CoronavirusIndia #CoronavirusOutbreak #CoronavirusLockdown #Unlock1 #Lucknow #Lockdown5",[],['https://www.yoyocial.news/yoyo-in-depth/taja-tareen/these-terms-and-conditions-the-gates-of-iskcon-temple-will-open-from-june-8-in-lucknow'],[],0,1,0,"['#coronavirusindia', '#coronavirusoutbreak', '#coronaviruslockdown', '#unlock1', '#lucknow', '#lockdown5']",[],https://twitter.com/yoyocialnews/status/1269565744028753920,False,,0,,,,,,,"[{'user_id': '1198172704106524672', 'username': 'yoyocialnews'}]",,,,
1269534096612446209,1269534096612446209,1591515490000,2020-06-07,13:08:10,IST,3286322893,upkesari,Punjab Kesari-UP/UK,,"CM योगी का DM-SP को निर्देश- प्रदेश में अनलॉक 1.0 का सख्ती से कराएं पालन
 https://up.punjabkesari.in/uttar-pradesh/news/cm-yogi-s-instructions-to-dm-sp--strictly-follow-unlock-1-0-in-the-state-1179961 …
#Lucknow @BJP4UP @myogiadityanath #DM #SP #Unlock1 #instruction #strictlyfollow #UttarPradesh #UPNews pic.twitter.com/dTgTDN3iqZ","['bjp4up', 'myogiadityanath']",['https://up.punjabkesari.in/uttar-pradesh/news/cm-yogi-s-instructions-to-dm-sp--strictly-follow-unlock-1-0-in-the-state-1179961'],['https://pbs.twimg.com/media/EZ5EVHEU8AAo8TI.jpg'],0,1,1,"['#lucknow', '#dm', '#sp', '#unlock1', '#instruction', '#strictlyfollow', '#uttarpradesh', '#upnews']",[],https://twitter.com/UPkesari/status/1269534096612446209,False,,0,,,,,,,"[{'user_id': '3286322893', 'username': 'UPkesari'}, {'user_id': '2220938808', 'username': 'BJP4UP'}, {'user_id': '3437532637', 'username': 'myogiadityanath'}]",,,,
1269242793303568384,1269242793303568384,1591446037000,2020-06-06,17:50:37,IST,3286322893,upkesari,Punjab Kesari-UP/UK,,"8 जून से नए नियमों के साथ खुलेगा चिड़ियाघर, ऑनलाइन टिकट से मिलेगी एंट्री
 https://up.punjabkesari.in/uttar-pradesh/news/zoo-will-open-with-new-rules-from-8-june-online-ticket-entry-1179597 …
#Lucknow #8june #Zoo #Open #newrules #online #ticket #entry #Unlock1 #UttarPradesh #UPNews pic.twitter.com/EqfwE4oBzi",[],['https://up.punjabkesari.in/uttar-pradesh/news/zoo-will-open-with-new-rules-from-8-june-online-ticket-entry-1179597'],['https://pbs.twimg.com/media/EZ0-zKsUEAAggkV.jpg'],0,1,1,"['#lucknow', '#8june', '#zoo', '#open', '#newrules', '#online', '#ticket', '#entry', '#unlock1', '#uttarpradesh', '#upnews']",[],https://twitter.com/UPkesari/status/1269242793303568384,False,,0,,,,,,,"[{'user_id': '3286322893', 'username': 'UPkesari'}]",,,,
1269223054770442240,1269223054770442240,1591441331000,2020-06-06,16:32:11,IST,1198172704106524672,yoyocialnews,Yoyocial.News,,"लखनऊ के व्यापारियों ने कहा, 'किराया माफ नहीं हुआ, तो 8 जून से नहीं खोलेंगे मॉल्स की दुकानें' 
 https://www.yoyocial.news/yoyo-pradesh/uttar-pradesh/lucknow-merchants-said-if-the-rent-is-not-waived-the-shops-will-not-open-from-june-8-in-malls …
#UttarPradesh #Lucknow #Unlock1",[],['https://www.yoyocial.news/yoyo-pradesh/uttar-pradesh/lucknow-merchants-said-if-the-rent-is-not-waived-the-shops-will-not-open-from-june-8-in-malls'],[],0,0,0,"['#uttarpradesh', '#lucknow', '#unlock1']",[],https://twitter.com/yoyocialnews/status/1269223054770442240,False,,0,,,,,,,"[{'user_id': '1198172704106524672', 'username': 'yoyocialnews'}]",,,,
1269222013018804224,1269222013018804224,1591441083000,2020-06-06,16:28:03,IST,3168249863,wefornews,We For News,,"Lucknow: Nawab Wajid Ali Shah Zoological Garden set to open from June 9; its Director RK Singh says, ""Govt has allowed reopening of zoos from June 8 but since the zoo remains closed on Mondays, we will reopen it from June 9. Only online booking of tickets is allowed"". #Unlock1",[],[],[],0,0,0,['#unlock1'],[],https://twitter.com/WeForNews/status/1269222013018804224,False,,0,,,,,,,"[{'user_id': '3168249863', 'username': 'WeForNews'}]",,,,
1269220979613392897,1269220979613392897,1591440837000,2020-06-06,16:23:57,IST,1244526521282265088,newswrap360,News Wrap 360,,"#Lucknow #Zoo को 9 June 2020 से तीन पालियों में 2-2 घंटे के लिए खोला जाएगा 

#Unlock1
#UttarPradesh pic.twitter.com/IWBqrpx83s",[],[],['https://pbs.twimg.com/media/EZ0tvzhVAAAGdJu.jpg'],0,0,0,"['#lucknow', '#zoo', '#unlock1', '#uttarpradesh']",[],https://twitter.com/NewsWrap360/status/1269220979613392897,False,,0,,,,,,,"[{'user_id': '1244526521282265088', 'username': 'NewsWrap360'}]",,,,
1269220877327089666,1269220877327089666,1591440812000,2020-06-06,16:23:32,IST,3303023034,dynamitenews_,Dynamite News,,"Lucknow: Nawab Wajid Ali Shah Zoological Garden set to open from June 9; its Director RK Singh says, ""Govt has allowed reopening of zoos from June 8 but since the zoo remains closed on Mondays, we will reopen it from June 9. Only online booking of tickets is allowed"". #Unlock1  pic.twitter.com/XSkLdMAXoD",[],[],['https://pbs.twimg.com/media/EZ0tp1-XsAEr6GP.jpg'],0,0,0,['#unlock1'],[],https://twitter.com/DynamiteNews_/status/1269220877327089666,False,,0,,,,,,,"[{'user_id': '3303023034', 'username': 'DynamiteNews_'}]",,,,
1269220833685204998,1269220833685204998,1591440802000,2020-06-06,16:23:22,IST,310913126,himmi100,HIMANSHU BHAKUNI,,"#Lucknow #Zoo को 9 June 2020 से तीन पालियों में 2-2 घंटे के लिए खोला जाएगा 

#Unlock1  pic.twitter.com/InmTYtWGiu",[],[],['https://pbs.twimg.com/media/EZ0tmYIUcAAwrIr.jpg'],0,0,0,"['#lucknow', '#zoo', '#unlock1']",[],https://twitter.com/himmi100/status/1269220833685204998,False,,0,,,,,,,"[{'user_id': '310913126', 'username': 'himmi100'}]",,,,
1269212119636926464,1269212119636926464,1591438724000,2020-06-06,15:48:44,IST,706709499856334848,aninewsup,ANI UP,,"Lucknow: Nawab Wajid Ali Shah Zoological Garden set to open from June 9; its Director RK Singh says, ""Govt has allowed reopening of zoos from June 8 but since the zoo remains closed on Mondays, we will reopen it from June 9. Only online booking of tickets is allowed"". #Unlock1  pic.twitter.com/hlYNEyyAC9",[],[],"['https://pbs.twimg.com/media/EZ0kInlUwAE2BSt.jpg', 'https://pbs.twimg.com/media/EZ0kJ2JVcAMCcPU.jpg', 'https://pbs.twimg.com/media/EZ0kR3-VcAAFF5m.jpg', 'https://pbs.twimg.com/media/EZ0kS3DU0AAtZWB.jpg']",5,23,293,['#unlock1'],[],https://twitter.com/ANINewsUP/status/1269212119636926464,False,,0,,,,,,,"[{'user_id': '706709499856334848', 'username': 'ANINewsUP'}]",,,,
1269193150037397505,1269193150037397505,1591434202000,2020-06-06,14:33:22,IST,1242731805926547456,englishkibaat,English Ki Baat,,"Hotels and other hospitality units are taking precautionary measures in view of #CoronavirusPandemic, ahead of their reopening from 8th June; visuals from a hotel in Lucknow. #Unlock1  pic.twitter.com/e4DgxnYZpj",[],[],"['https://pbs.twimg.com/media/EZ0UaV_VcAISlaS.jpg', 'https://pbs.twimg.com/media/EZ0UbGfVcAAlYYy.jpg', 'https://pbs.twimg.com/media/EZ0UbyUUMAM9h4B.jpg']",0,0,0,"['#coronaviruspandemic', '#unlock1']",[],https://twitter.com/englishkibaat/status/1269193150037397505,False,,0,,,,,,,"[{'user_id': '1242731805926547456', 'username': 'englishkibaat'}]",,,,
1269191621117128705,1269191621117128705,1591433837000,2020-06-06,14:27:17,IST,2297585064,nationalnewsdm,DANIK NATIONAL NEWS DIGITAL MEDIA,,"Hotels and other hospitality units are taking precautionary measures in view of #CoronavirusPandemic, ahead of their reopening from 8th June; visuals from a hotel in Lucknow. #Unlock1  pic.twitter.com/RCGDdnyGo1",[],[],"['https://pbs.twimg.com/media/EZ0PgEgVcAAXGoc.jpg', 'https://pbs.twimg.com/media/EZ0PsDMU4AI2hib.jpg', 'https://pbs.twimg.com/media/EZ0PxOxVAAA-kII.jpg', 'https://pbs.twimg.com/media/EZ0P3DDUwAANDZX.jpg']",0,0,0,"['#coronaviruspandemic', '#unlock1']",[],https://twitter.com/NATIONALNEWSDM/status/1269191621117128705,False,,0,,,,,,,"[{'user_id': '2297585064', 'username': 'NATIONALNEWSDM'}]",,,,
1269190849742532609,1269190849742532609,1591433653000,2020-06-06,14:24:13,IST,2262532860,newsmobileindia,NewsMobile,,"Hotels and other hospitality units are taking precautionary measures in view of #CoronavirusPandemic, ahead of their reopening from 8th June; visuals from a hotel in Lucknow. #Unlock1  pic.twitter.com/8onoWPFaLC",[],[],['https://pbs.twimg.com/media/EZ0SSetU8AU6NxS.jpg'],0,3,2,"['#coronaviruspandemic', '#unlock1']",[],https://twitter.com/NewsMobileIndia/status/1269190849742532609,False,,0,,,,,,,"[{'user_id': '2262532860', 'username': 'NewsMobileIndia'}]",,,,
1269190848488583168,1269190848488583168,1591433653000,2020-06-06,14:24:13,IST,3303023034,dynamitenews_,Dynamite News,,"Hotels and other hospitality units are taking precautionary measures in view of #CoronavirusPandemic, ahead of their reopening from 8th June; visuals from a hotel in Lucknow. #Unlock1",[],[],[],0,0,0,"['#coronaviruspandemic', '#unlock1']",[],https://twitter.com/DynamiteNews_/status/1269190848488583168,False,,0,,,,,,,"[{'user_id': '3303023034', 'username': 'DynamiteNews_'}]",,,,
1269190075125886976,1269190075125886976,1591433468000,2020-06-06,14:21:08,IST,706709499856334848,aninewsup,ANI UP,,"Hotels and other hospitality units are taking precautionary measures in view of #CoronavirusPandemic, ahead of their reopening from 8th June; visuals from a hotel in Lucknow. #Unlock1  pic.twitter.com/9GaltCF5BQ",[],[],"['https://pbs.twimg.com/media/EZ0PgEgVcAAXGoc.jpg', 'https://pbs.twimg.com/media/EZ0PsDMU4AI2hib.jpg', 'https://pbs.twimg.com/media/EZ0PxOxVAAA-kII.jpg', 'https://pbs.twimg.com/media/EZ0P3DDUwAANDZX.jpg']",1,17,291,"['#coronaviruspandemic', '#unlock1']",[],https://twitter.com/ANINewsUP/status/1269190075125886976,False,,0,,,,,,,"[{'user_id': '706709499856334848', 'username': 'ANINewsUP'}]",,,,
1269178806863986688,1268885835971096576,1591430782000,2020-06-06,13:36:22,IST,1241322167863635968,fitsuyash,Suyash Tripathi,,"Samanvay Srivastav 
Age- 3 yrs, Kidzee lucknow
#Unlock1.0Challenge 
@DDNewslive pic.twitter.com/5PmaUyfig6",['ddnewslive'],[],['https://pbs.twimg.com/media/EZ0HYezVcAYi1Ak.jpg'],0,0,0,['#unlock1'],[],https://twitter.com/FitSuyash/status/1269178806863986688,False,,0,,,,,,,"[{'user_id': '1241322167863635968', 'username': 'FitSuyash'}, {'user_id': '1100927498', 'username': 'DDNewslive'}]",,,,
1268903673968631810,1268903673968631810,1591365185000,2020-06-05,19:23:05,IST,1244526521282265088,newswrap360,News Wrap 360,,#Lucknow #Unlock1 में 8 जून से #ShoppingMalls खोले जाने के संबंध में। pic.twitter.com/NTIRMfjwmJ,[],[],"['https://pbs.twimg.com/media/EZwNJYZX0AMUkfP.jpg', 'https://pbs.twimg.com/media/EZwNKHoXgAEsgr4.jpg']",0,0,0,"['#lucknow', '#unlock1', '#shoppingmalls']",[],https://twitter.com/NewsWrap360/status/1268903673968631810,False,,0,,,,,,,"[{'user_id': '1244526521282265088', 'username': 'NewsWrap360'}]",,,,
1268902852484833283,1268902852484833283,1591364989000,2020-06-05,19:19:49,IST,310913126,himmi100,HIMANSHU BHAKUNI,,#Lucknow #Unlock1 में Shopping Malls ‍खोले जाने के संबंध में।  pic.twitter.com/40DUbZqmh9,[],[],"['https://pbs.twimg.com/media/EZwMZZUWsAA8iyI.jpg', 'https://pbs.twimg.com/media/EZwMaTNWAAAruu-.jpg']",0,0,0,"['#lucknow', '#unlock1']",[],https://twitter.com/himmi100/status/1268902852484833283,False,,0,,,,,,,"[{'user_id': '310913126', 'username': 'himmi100'}]",,,,
1268891844600983552,1268891844600983552,1591362365000,2020-06-05,18:36:05,IST,1244526521282265088,newswrap360,News Wrap 360,,"अधीनस्थ न्यायालय खोले जाने के संबंध में।

#Lucknow
#Unlock1  pic.twitter.com/KZwwbxJ5FY",[],[],"['https://pbs.twimg.com/media/EZwCZXkUMAAFVHc.jpg', 'https://pbs.twimg.com/media/EZwCaDZU4AAlSG-.jpg']",0,0,0,"['#lucknow', '#unlock1']",[],https://twitter.com/NewsWrap360/status/1268891844600983552,False,,0,,,,,,,"[{'user_id': '1244526521282265088', 'username': 'NewsWrap360'}]",,,,
1268891158677094400,1268891158677094400,1591362201000,2020-06-05,18:33:21,IST,310913126,himmi100,HIMANSHU BHAKUNI,,"अधीनस्थ न्यायालय खोले जाने के संबंध में।

#Lucknow
#Unlock1  pic.twitter.com/3nnQjgvU1F",[],[],"['https://pbs.twimg.com/media/EZwBxZQVcAEiNwe.jpg', 'https://pbs.twimg.com/media/EZwByJqUYAEkSGV.jpg']",0,0,0,"['#lucknow', '#unlock1']",[],https://twitter.com/himmi100/status/1268891158677094400,False,,0,,,,,,,"[{'user_id': '310913126', 'username': 'himmi100'}]",,,,
1268890372756738049,1268890372756738049,1591362014000,2020-06-05,18:30:14,IST,3286322893,upkesari,Punjab Kesari-UP/UK,,"LU ने परीक्षा फॉर्म में किए नए बदलाव, जानिए कब तक कर सकते हैं आवेदन
 https://up.punjabkesari.in/uttar-pradesh/news/lu-has-made-new-changes-in-the-examination-form-know-how-long-can-apply-1178946 …
#Lucknow #examinationform #LucknowUniversity #application #Unlock1 #UttarPradesh #UPNews pic.twitter.com/YqSl7f0kXG",[],['https://up.punjabkesari.in/uttar-pradesh/news/lu-has-made-new-changes-in-the-examination-form-know-how-long-can-apply-1178946'],['https://pbs.twimg.com/media/EZv_HGOVAAENWOi.jpg'],0,0,1,"['#lucknow', '#examinationform', '#lucknowuniversity', '#application', '#unlock1', '#uttarpradesh', '#upnews']",[],https://twitter.com/UPkesari/status/1268890372756738049,False,,0,,,,,,,"[{'user_id': '3286322893', 'username': 'UPkesari'}]",,,,
1268612937477849088,1268612937477849088,1591295868000,2020-06-05,00:07:48,IST,1244471787749957633,parvezashraf3,Parvez Ashraf,,"Mahanager,SGPGI area,Vibhuti Khand,Aliganj Sec-E,Niralanagar,RMLIMS ARES,Chinhat-Dilkusha Colony.
New Hotspot Area in Lucknow From 5June,2020
Thats the condition after relaxation of Lockdown #Unlock1 #LucknowFightsCorona #StayHomeStaySafe #CoronaWarriors",[],[],[],0,1,1,"['#unlock1', '#lucknowfightscorona', '#stayhomestaysafe', '#coronawarriors']",[],https://twitter.com/ParvezAshraf3/status/1268612937477849088,False,,0,,,,,,,"[{'user_id': '1244471787749957633', 'username': 'ParvezAshraf3'}]",,,,
1268535919348346880,1268535919348346880,1591277506000,2020-06-04,19:01:46,IST,1244526521282265088,newswrap360,News Wrap 360,,#UttarPradesh #Lucknow #Unlock1 #MarketUpdate pic.twitter.com/CaQ5vTXxfZ,[],[],['https://pbs.twimg.com/media/EZq-r-AXkAEEGRO.jpg'],0,0,0,"['#uttarpradesh', '#lucknow', '#unlock1', '#marketupdate']",[],https://twitter.com/NewsWrap360/status/1268535919348346880,False,,0,,,,,,,"[{'user_id': '1244526521282265088', 'username': 'NewsWrap360'}]",,,,
1268535775077040130,1268535775077040130,1591277471000,2020-06-04,19:01:11,IST,310913126,himmi100,HIMANSHU BHAKUNI,,#UttarPradesh #Lucknow #Unlock1 #MarketUpdate pic.twitter.com/8jKY0xn5Fz,[],[],['https://pbs.twimg.com/media/EZq-jiYWoAMhw0O.jpg'],0,0,1,"['#uttarpradesh', '#lucknow', '#unlock1', '#marketupdate']",[],https://twitter.com/himmi100/status/1268535775077040130,False,,0,,,,,,,"[{'user_id': '310913126', 'username': 'himmi100'}]",,,,
1268463997440987136,1268463997440987136,1591260358000,2020-06-04,14:15:58,IST,866602659335348224,abhishekpsing18,Abhishek P Singh,,"यदि फ़ौजी को युद्ध से,पुलिस को अपराधियो  से और डॉक्टरों को किसी वायरस से मौत का भय हो तो उन्हें सेवा में रहने का कोई अधिकार नही है।
अब जबकि सब #Unlock1 है तो 70 दिनों से बंद @SPGI_Lucknow की ओपीडी आखिर कब खुलेगी?
 @myogiadityanath @DMLUCKNOW
@ANI
@JagranNews
@AajTakTweets","['myogiadityanath', 'dmlucknow', 'ani', 'jagrannews', 'aajtaktweets']",[],[],0,1,2,['#unlock1'],[],https://twitter.com/AbhishekPSing18/status/1268463997440987136,False,,0,,,,,,,"[{'user_id': '866602659335348224', 'username': 'AbhishekPSing18'}, {'user_id': '3437532637', 'username': 'myogiadityanath'}, {'user_id': '453181123', 'username': 'dmlucknow'}, {'user_id': '355989081', 'username': 'ANI'}, {'user_id': '64639742', 'username': 'JagranNews'}, {'user_id': '3263015474', 'username': 'AajTakTweets'}]",,,,
1268385757724475393,1268385757724475393,1591241704000,2020-06-04,09:05:04,IST,1621915867,mohamma28421307,Mohammad.Imran,,"Food and water distribution by Insaniyat Welfare Society Masjid Noor Lucknow
#COVID19 #Unlock1 #lockdown2020 #lockdown2020 #lockdownextension #lockdownindia #lockdownlife #quarantinelife #selfisolate #inlockdown #lockdowngoals #staysafe #jantacurfew #trust #love #faith #believe pic.twitter.com/Op91ND7Qts",[],[],"['https://pbs.twimg.com/media/EZo2EBUWoAIyp4U.jpg', 'https://pbs.twimg.com/media/EZo2EzbWAAABLCM.jpg', 'https://pbs.twimg.com/media/EZo2FthXsAMl54p.jpg', 'https://pbs.twimg.com/media/EZo2G_2WkAAI8B8.jpg']",1,0,2,"['#covid19', '#unlock1', '#lockdown2020', '#lockdown2020', '#lockdownextension', '#lockdownindia', '#lockdownlife', '#quarantinelife', '#selfisolate', '#inlockdown', '#lockdowngoals', '#staysafe', '#jantacurfew', '#trust', '#love', '#faith', '#believe']",[],https://twitter.com/Mohamma28421307/status/1268385757724475393,False,,0,,,,,,,"[{'user_id': '1621915867', 'username': 'Mohamma28421307'}]",,,,
1268119060857761792,1268119060857761792,1591178119000,2020-06-03,15:25:19,IST,722536176,stuti21stuti,Stuti srivastava,,"Dont know what to buy during this after lockdown period. Do I trust brands or I dont. Ordered #daal from spencers cinepolis #lucknow and look what I got. Corona won't kill us but these brands would
@Spencers_Retail @RP_SanjivGoenka @devendrachawla #Unlock1 @TOILucknow @htlucknow pic.twitter.com/4FfAMYmF44","['spencers_retail', 'rp_sanjivgoenka', 'devendrachawla', 'toilucknow', 'htlucknow']",[],[],2,1,1,"['#daal', '#lucknow', '#unlock1']",[],https://twitter.com/Stuti21Stuti/status/1268119060857761792,False,,1,,,,,,,"[{'user_id': '722536176', 'username': 'Stuti21Stuti'}, {'user_id': '2213981946', 'username': 'Spencers_Retail'}, {'user_id': '1024168669', 'username': 'RP_SanjivGoenka'}, {'user_id': '98844711', 'username': 'devendrachawla'}, {'user_id': '2376970800', 'username': 'TOILucknow'}, {'user_id': '1219207059196923904', 'username': 'htlucknow'}]",,,,
1268061481863692289,1268061481863692289,1591164391000,2020-06-03,11:36:31,IST,1262993086407487489,ourlucknow10,OurLucknow,,"#Unlock1
After about two and a half months, on Wednesday, auto and tempo started operating on the streets of  #Lucknow. However, strict rules will also have to be followed during this period. Three people will be…  https://www.instagram.com/p/CA9ldYbJJvY/?igshid=nw5d6w6rlq9o …",[],['https://www.instagram.com/p/CA9ldYbJJvY/?igshid=nw5d6w6rlq9o'],[],0,0,0,"['#unlock1', '#lucknow']",[],https://twitter.com/ourlucknow10/status/1268061481863692289,False,,0,,,,,,,"[{'user_id': '1262993086407487489', 'username': 'ourlucknow10'}]",,,,
1268053839153790976,1268053836028981248,1591162569000,2020-06-03,11:06:09,IST,1243237660526645248,ashutoshkarans5,Ashutosh Karan Singh,,शासन-प्रशासन विवश हो सकता हैं पर हम और आप नहीं। सचेत रहें सुरक्षित रहें। 🙏🏻 #COVID19 #Unlock1 #Lucknow #carelesness #StayAlert #StayHomeStaySafe #StayHomeSaveLives,[],[],[],0,0,0,"['#covid19', '#unlock1', '#lucknow', '#carelesness', '#stayalert', '#stayhomestaysafe', '#stayhomesavelives']",[],https://twitter.com/AshutoshKaranS5/status/1268053839153790976,False,,0,,,,,,,"[{'user_id': '1243237660526645248', 'username': 'AshutoshKaranS5'}]",,,,
1267980367501262849,1267980367501262849,1591145052000,2020-06-03,06:14:12,IST,1069582013290696704,millennialworx,Millennial Worx,,"We value our co-workers! We are ready to serve you again adhering to all guidelines #MillennialWorx #Coworking  helps you work safely and securely #VocalForLocal #Lucknow #India
#Entrepreneurs #coworkingspace #coworking #sharedspace #workplace #WearAMask #COVID19 #Unlock1  pic.twitter.com/vvrNGgRbn4",[],[],[],0,2,2,"['#millennialworx', '#coworking', '#vocalforlocal', '#lucknow', '#india', '#entrepreneurs', '#coworkingspace', '#coworking', '#sharedspace', '#workplace', '#wearamask', '#covid19', '#unlock1']",[],https://twitter.com/MillennialWorx/status/1267980367501262849,False,,1,,,,,,,"[{'user_id': '1069582013290696704', 'username': 'MillennialWorx'}]",,,,
1267882439420116995,1267881001826615296,1591121704000,2020-06-02,23:45:04,IST,398639236,abhinavsri77,Abhinav Srivastava,,This is the number plate of the car. Police brutality. I just cant see this. It is very disheartening. #Unlock1 #Lucknow #news @AdminLKO @myogiadityanath #PoliceBrutality #Covid_19 pic.twitter.com/EsAbmE85zz,"['adminlko', 'myogiadityanath']",[],[],2,1,3,"['#unlock1', '#lucknow', '#news', '#policebrutality', '#covid_19']",[],https://twitter.com/abhinavsri77/status/1267882439420116995,False,,1,,,,,,,"[{'user_id': '398639236', 'username': 'abhinavsri77'}, {'user_id': '954009094662234112', 'username': 'AdminLKO'}, {'user_id': '3437532637', 'username': 'myogiadityanath'}]",,,,
1267868201171460096,1267868201171460096,1591118309000,2020-06-02,22:48:29,IST,789117448532348928,rajdhaniupdate,Rajdhaniupdate,,"यूपी में बढ़ रहा कोरोना, 53 जिलों में फिर मिलें 369 नए पॉजिटिव, एक दिन में सात की जान भी गयी  https://rajdhaniupdate.com/up-main-badh-raha-corona-lucknow/ … via @rajdhaniupdate #Unlock1 #UP #COVID19 #Lucknow #Agra #Amethi #Coronaupdate #Coronavirus",['rajdhaniupdate'],['https://rajdhaniupdate.com/up-main-badh-raha-corona-lucknow/'],[],0,0,0,"['#unlock1', '#up', '#covid19', '#lucknow', '#agra', '#amethi', '#coronaupdate', '#coronavirus']",[],https://twitter.com/rajdhaniupdate/status/1267868201171460096,False,,0,,,,,,,"[{'user_id': '789117448532348928', 'username': 'rajdhaniupdate'}]",,,,
1267826304604225536,1267826304604225536,1591108320000,2020-06-02,20:02:00,IST,113862968,uninitiated_,नूपुर,,"Everyone’s got their BMWs out
#unlock1
#mallavenue
#lucknow",[],[],[],0,0,1,"['#unlock1', '#mallavenue', '#lucknow']",[],https://twitter.com/Uninitiated_/status/1267826304604225536,False,,0,,,,,,,"[{'user_id': '113862968', 'username': 'Uninitiated_'}]",,,,
1267813959995805697,1267813959995805697,1591105377000,2020-06-02,19:12:57,IST,2912418230,samsrivastava31,Samarth,,"#Lucknow unlocked!!! 
#Unlock1 #unlock1Point0 @SatishK75539324 pic.twitter.com/aZ5SN9q3KW",['satishk75539324'],[],[],1,1,3,"['#lucknow', '#unlock1', '#unlock1point0']",[],https://twitter.com/samsrivastava31/status/1267813959995805697,False,,1,,,,,,,"[{'user_id': '2912418230', 'username': 'samsrivastava31'}, {'user_id': '1255091359037317120', 'username': 'SatishK75539324'}]",,,,
1267805230122459136,1267805230122459136,1591103296000,2020-06-02,18:38:16,IST,828841083257778176,latestly,LatestLY,,"#Unlock1 in #UttarPradesh: Washermen Resume Services in #Lucknow's 'Dhobi Ghat'
 https://www.latestly.com/agency-news/india-news-unlock1-washermen-resume-services-in-ups-lucknow-1794706.html …",[],['https://www.latestly.com/agency-news/india-news-unlock1-washermen-resume-services-in-ups-lucknow-1794706.html'],[],0,0,0,"['#unlock1', '#uttarpradesh', '#lucknow']",[],https://twitter.com/latestly/status/1267805230122459136,False,,0,,,,,,,"[{'user_id': '828841083257778176', 'username': 'latestly'}]",,,,
1267778999586942978,1267778999586942978,1591097042000,2020-06-02,16:54:02,IST,3286322893,upkesari,Punjab Kesari-UP/UK,,"अयोध्या विवादित ढांचा विध्वंस मामले में 4 जून से CBI अदालत में होगी सुनवाई
 https://up.punjabkesari.in/uttar-pradesh/news/ayodhya-disputed-structure-demolition-case-heard-in-cbi-court-june-4-1176733 …
#Lucknow #Ayodhyadisputestructure #demolitioncase #4june #CBIcourt #hear #Unlock1 #UttarPradesh #UPNews pic.twitter.com/NO43I4iRAv",[],['https://up.punjabkesari.in/uttar-pradesh/news/ayodhya-disputed-structure-demolition-case-heard-in-cbi-court-june-4-1176733'],['https://pbs.twimg.com/media/EZgJ6zqUMAAYTmd.jpg'],0,0,0,"['#lucknow', '#ayodhyadisputestructure', '#demolitioncase', '#4june', '#cbicourt', '#hear', '#unlock1', '#uttarpradesh', '#upnews']",[],https://twitter.com/UPkesari/status/1267778999586942978,False,,0,,,,,,,"[{'user_id': '3286322893', 'username': 'UPkesari'}]",,,,
1267763189808160769,1267763189808160769,1591093273000,2020-06-02,15:51:13,IST,3286322893,upkesari,Punjab Kesari-UP/UK,,"69000 शिक्षक भर्तीः चयनित शिक्षकों की होगी 5 तरह की मेडिकल जांच, देना होगा प्रमाण पत्र
 https://up.punjabkesari.in/uttar-pradesh/news/69000-teacher-recruitment-teachers-5-types-of-medical-examination-certificate-1176644 …
#Lucknow #69000teacherrecruitment #teacher #medicalexamination #certificate #Covid19 #Unlock1 #UttarPradesh #UPNews pic.twitter.com/q29qErtjxf",[],['https://up.punjabkesari.in/uttar-pradesh/news/69000-teacher-recruitment-teachers-5-types-of-medical-examination-certificate-1176644'],['https://pbs.twimg.com/media/EZf6OwCU0AAmUNT.jpg'],0,0,1,"['#lucknow', '#69000teacherrecruitment', '#teacher', '#medicalexamination', '#certificate', '#covid19', '#unlock1', '#uttarpradesh', '#upnews']",[],https://twitter.com/UPkesari/status/1267763189808160769,False,,0,,,,,,,"[{'user_id': '3286322893', 'username': 'UPkesari'}]",,,,
1267755389988343809,1267755389988343809,1591091413000,2020-06-02,15:20:13,IST,775341808968691712,policemedianews,PoliceMediaNews,,"#Lucknow पुलिस ने 2 शातिर लुटेरों को किया गिरफ्तार, 2 अवैध असलहे भी पुलिस ने किए बरामद, काकोरी पुलिस ने की गिरफ्तारी। @lkopolice @LkoCp @Uppolice #ByeByeIndiaOnlyBharat #युवराज_सिंह_माफी_मांगो #युवराज_सिंह_को_गिरफ्तार_करो #पीएम #Unlock1 #COVID__19 #policemedianews","['lkopolice', 'lkocp', 'uppolice']",[],[],0,0,0,"['#lucknow', '#byebyeindiaonlybharat', '#युवराज_सिंह_माफी_मांगो', '#युवराज_सिंह_को_गिरफ्तार_करो', '#पीएम', '#unlock1', '#covid__19', '#policemedianews']",[],https://twitter.com/policemedianews/status/1267755389988343809,False,,0,,,,,,,"[{'user_id': '775341808968691712', 'username': 'policemedianews'}, {'user_id': '1471579316', 'username': 'lkopolice'}, {'user_id': '1217322324216729600', 'username': 'LkoCp'}, {'user_id': '1271749327', 'username': 'Uppolice'}]",,,,
1267700380734877696,1267700380734877696,1591078298000,2020-06-02,11:41:38,IST,2376970800,toilucknow,TOI Lucknow News,,"If you are missing the TOI's print edition, click here to read the TOI epaper and your city edition 

 https://epaper.timesgroup.com/Olive/ODN/TimesOfIndia/# …
#Unlock1 #Lucknow #UttarPradesh pic.twitter.com/lFl0i5beiw",[],['https://epaper.timesgroup.com/Olive/ODN/TimesOfIndia/#'],['https://pbs.twimg.com/media/EZfGudcUcAEbHW7.png'],0,0,0,"['#unlock1', '#lucknow', '#uttarpradesh']",[],https://twitter.com/TOILucknow/status/1267700380734877696,False,,0,,,,,,,"[{'user_id': '2376970800', 'username': 'TOILucknow'}]",,,,
1267697721856552960,1267697721856552960,1591077664000,2020-06-02,11:31:04,IST,3286322893,upkesari,Punjab Kesari-UP/UK,,"UP: 80 वर्षीय कुली मुजीबुल्लाह बने मसीहा, खिदमत के नाम से कर रहे नि:शुल्क श्रमिकों की मदद
 https://up.punjabkesari.in/uttar-pradesh/news/80-year-old-quli-mujibullah-became-the-messiah-free-workers-in--khidmat-1176499 …
#Lucknow #80yearold #QuliMujibullah #masseha #freehelp #worker #Khidmat #Unlock1 #UttarPradesh #UPNews pic.twitter.com/t8q3lhs8hO",[],['https://up.punjabkesari.in/uttar-pradesh/news/80-year-old-quli-mujibullah-became-the-messiah-free-workers-in--khidmat-1176499'],['https://pbs.twimg.com/media/EZfCdWeU4AIp--J.jpg'],0,0,1,"['#lucknow', '#80yearold', '#qulimujibullah', '#masseha', '#freehelp', '#worker', '#khidmat', '#unlock1', '#uttarpradesh', '#upnews']",[],https://twitter.com/UPkesari/status/1267697721856552960,False,,0,,,,,,,"[{'user_id': '3286322893', 'username': 'UPkesari'}]",,,,
1267486389614063619,1267481469435301889,1591027278000,2020-06-01,21:31:18,IST,310913126,himmi100,HIMANSHU BHAKUNI,,#UttarPradesh #Lucknow #Unlock1  pic.twitter.com/gYxK90KSwD,[],[],['https://pbs.twimg.com/media/EZcEJHpXQAANtz0.jpg'],0,0,0,"['#uttarpradesh', '#lucknow', '#unlock1']",[],https://twitter.com/himmi100/status/1267486389614063619,False,,0,,,,,,,"[{'user_id': '310913126', 'username': 'himmi100'}]",,,,
1267484088803315712,1267483904451022849,1591026730000,2020-06-01,21:22:10,IST,1244526521282265088,newswrap360,News Wrap 360,,#UttarPradesh #Lucknow #Unlock1  pic.twitter.com/DAucNytZu1,[],[],['https://pbs.twimg.com/media/EZcCDUJWkAE13Zc.jpg'],0,0,0,"['#uttarpradesh', '#lucknow', '#unlock1']",[],https://twitter.com/NewsWrap360/status/1267484088803315712,False,,0,,,,,,,"[{'user_id': '1244526521282265088', 'username': 'NewsWrap360'}]",,,,
1267430647292813312,1267430647292813312,1591013988000,2020-06-01,17:49:48,IST,3286322893,upkesari,Punjab Kesari-UP/UK,,"अखिलेश यादव ने सीमा पर जन्मे बच्चे ‘बॉर्डर’ को दी 50 हजार की आर्थिक सहायता
 https://up.punjabkesari.in/uttar-pradesh/news/akhilesh-yadav-gave-50-thousand-financial-assistance-border-1176102 …
#Lucknow @yadavakhilesh @samajwadiparty #50thousand #financialassistance #bornchild #Border #Unlock1 #UttarPradesh #UPNews pic.twitter.com/w0s9IP7Xml","['yadavakhilesh', 'samajwadiparty']",['https://up.punjabkesari.in/uttar-pradesh/news/akhilesh-yadav-gave-50-thousand-financial-assistance-border-1176102'],['https://pbs.twimg.com/media/EZbO-28UMAAHTxX.jpg'],0,0,0,"['#lucknow', '#50thousand', '#financialassistance', '#bornchild', '#border', '#unlock1', '#uttarpradesh', '#upnews']",[],https://twitter.com/UPkesari/status/1267430647292813312,False,,0,,,,,,,"[{'user_id': '3286322893', 'username': 'UPkesari'}, {'user_id': '57948579', 'username': 'yadavakhilesh'}, {'user_id': '143392465', 'username': 'samajwadiparty'}]",,,,
1267409943788843010,1267409943788843010,1591009052000,2020-06-01,16:27:32,IST,725545144833839109,_nationalvoice,NationalVoice,,#Lucknow : उत्तर प्रदेश के अपर मुख्य सचिव गृह का बयान - अब तक 28 लाख 79 हजार लोग उद्योगों में कार्य कर रहे हैं। #COVID19India | #CoronavirusLockdown | #Unlock1 | #NationalVoice |  https://twitter.com/_NationalVoice/status/1267409828206370816 … pic.twitter.com/ZEAMS1ldAA,[],['https://twitter.com/_NationalVoice/status/1267409828206370816'],['https://pbs.twimg.com/media/EZa-mfyVcAEaTsP.png'],0,0,1,"['#lucknow', '#covid19india', '#coronaviruslockdown', '#unlock1', '#nationalvoice']",[],https://twitter.com/_NationalVoice/status/1267409943788843010,False,,0,,,,,,,"[{'user_id': '725545144833839109', 'username': '_NationalVoice'}]",,,,
1267409828206370816,1267409828206370816,1591009025000,2020-06-01,16:27:05,IST,725545144833839109,_nationalvoice,NationalVoice,,"#Lucknow : उत्तर प्रदेश के अपर मुख्य सचिव गृह का बयान - अब तक 3 लाख 18 हजार 223 SMEs  शुरू हुए हैं, सूक्ष्म श्रेणी के माइक्रो यूनिट में 77830 औद्योगिक इकाइयोंको शुरू कर लिया गया है। #COVID19India | #CoronavirusLockdown | #Unlock1 | #NationalVoice | pic.twitter.com/KGEA0du9uZ",[],[],['https://pbs.twimg.com/media/EZa-gDaUEAAxxEV.png'],0,0,1,"['#lucknow', '#covid19india', '#coronaviruslockdown', '#unlock1', '#nationalvoice']",[],https://twitter.com/_NationalVoice/status/1267409828206370816,False,,0,,,,,,,"[{'user_id': '725545144833839109', 'username': '_NationalVoice'}]",,,,
1267409709310439425,1267409709310439425,1591008996000,2020-06-01,16:26:36,IST,725545144833839109,_nationalvoice,NationalVoice,,"#Lucknow : उत्तर प्रदेश के अपर मुख्य सचिव गृह का बयान - आज 2 बजे तक 1587 ट्रेन प्रदेश में आई हैं उनमें लगभग 21 लाख 50 हजार लोग आए हैं, अब तक 1647 ट्रेनों की व्यवस्था कर दी गई है, लगभग 22 लाख 50 हजार लोग केवल ट्रेनों से आ चुके होंगे #CoronavirusLockdown |#Unlock1 |#NationalVoice pic.twitter.com/qkvwpGGoCg",[],[],['https://pbs.twimg.com/media/EZa-ZJJUMAEM9C7.png'],0,0,1,"['#lucknow', '#coronaviruslockdown', '#unlock1', '#nationalvoice']",[],https://twitter.com/_NationalVoice/status/1267409709310439425,False,,0,,,,,,,"[{'user_id': '725545144833839109', 'username': '_NationalVoice'}]",,,,
1267409527915155457,1267409527915155457,1591008953000,2020-06-01,16:25:53,IST,725545144833839109,_nationalvoice,NationalVoice,,"#Lucknow : :उत्तर प्रदेश के अपर मुख्य सचिव गृह का बयान - हाईवे पर, बाजारों पर, पार्कों पर सघन पेट्रोलिंग का आदेश मुख्यमंत्री द्वारा दिया गया है। #COVID19India | #CoronavirusLockdown | #Unlock1 | #NationalVoice | pic.twitter.com/HhJLszqLIL",[],[],['https://pbs.twimg.com/media/EZa-OIBUcAAu7Db.png'],0,0,2,"['#lucknow', '#covid19india', '#coronaviruslockdown', '#unlock1', '#nationalvoice']",[],https://twitter.com/_NationalVoice/status/1267409527915155457,False,,0,,,,,,,"[{'user_id': '725545144833839109', 'username': '_NationalVoice'}]",,,,
1267409358796644352,1267409358796644352,1591008913000,2020-06-01,16:25:13,IST,725545144833839109,_nationalvoice,NationalVoice,,#Lucknow : :उत्तर प्रदेश के अपर मुख्य सचिव गृह का बयान - मुख्यमंत्री जी ने आज टीम 11 की बैठक ली। मुख्यमंत्री जी ने आदेश दिया कि भारत सरकार की #unlock1 की गाइडलाइंस के आधार पर कल राज्य सरकार द्वारा गाइडलाइंस जारी कर दिए गए हैं। #CoronavirusLockdown | #Unlock1 | #NationalVoice pic.twitter.com/mNwmnWszCR,[],[],['https://pbs.twimg.com/media/EZa-ELXVcAEmZ71.png'],0,0,2,"['#lucknow', '#unlock1', '#coronaviruslockdown', '#unlock1', '#nationalvoice']",[],https://twitter.com/_NationalVoice/status/1267409358796644352,False,,0,,,,,,,"[{'user_id': '725545144833839109', 'username': '_NationalVoice'}]",,,,
1267408919959236614,1267408919959236614,1591008808000,2020-06-01,16:23:28,IST,725545144833839109,_nationalvoice,NationalVoice,,"#Lucknow : उत्तर प्रदेश के प्रमुख सचिव स्वास्थ्य का बयान - आइसोलेशन वार्ड में इस समय 3141 मरीज हैं, इनमें से 60 मरीज इस समय ऑक्सीजन पर हैं और 4 मरीज वेंटिलेटर पर हैं, फैसिलिटी क्वारंटाइन में 8472 लोगों को रखा गया है #COVID19India | #CoronavirusLockdown | #Unlock1 | #NationalVoice pic.twitter.com/iICfk1MRxh",[],[],['https://pbs.twimg.com/media/EZa9rnVUYAAlPUP.png'],0,0,1,"['#lucknow', '#covid19india', '#coronaviruslockdown', '#unlock1', '#nationalvoice']",[],https://twitter.com/_NationalVoice/status/1267408919959236614,False,,0,,,,,,,"[{'user_id': '725545144833839109', 'username': '_NationalVoice'}]",,,,
1267408789482823681,1267408789482823681,1591008777000,2020-06-01,16:22:57,IST,725545144833839109,_nationalvoice,NationalVoice,,"#Lucknow : उत्तर प्रदेश के प्रमुख सचिव स्वास्थ्य का बयान - कल 8642 सैंपल की जांच की गई है, टेस्टिंग को लगातार बढ़ाने का प्रयास किया जा रहा है  । #COVID19India | #CoronavirusLockdown | #Unlock1 | #NationalVoice | pic.twitter.com/9pf6n3CJjn",[],[],['https://pbs.twimg.com/media/EZa9iJ1UcAEv7M-.png'],0,0,1,"['#lucknow', '#covid19india', '#coronaviruslockdown', '#unlock1', '#nationalvoice']",[],https://twitter.com/_NationalVoice/status/1267408789482823681,False,,0,,,,,,,"[{'user_id': '725545144833839109', 'username': '_NationalVoice'}]",,,,
1267408638240419841,1267408638240419841,1591008741000,2020-06-01,16:22:21,IST,725545144833839109,_nationalvoice,NationalVoice,,"#Lucknow : उत्तर प्रदेश के प्रमुख सचिव स्वास्थ्य का बयान - पिछले 24 घंटे में प्रदेश में संक्रमण के 373 नए मामले आए हैं, कुल सक्रिय मामले 3083 हैं । #COVID19India | #CoronavirusLockdown | #Unlock1 | #NationalVoice | pic.twitter.com/SMy8kCVgRe",[],[],['https://pbs.twimg.com/media/EZa9aNFUcAAxNgG.png'],0,0,3,"['#lucknow', '#covid19india', '#coronaviruslockdown', '#unlock1', '#nationalvoice']",[],https://twitter.com/_NationalVoice/status/1267408638240419841,False,,0,,,,,,,"[{'user_id': '725545144833839109', 'username': '_NationalVoice'}]",,,,
1267408489858523136,1267408489858523136,1591008705000,2020-06-01,16:21:45,IST,725545144833839109,_nationalvoice,NationalVoice,,"#Lucknow : उत्तर प्रदेश के प्रमुख सचिव स्वास्थ्य का बयान - कल 5-5 सैंपल के 847 पूल लगाए गए जिसमें से 100 पूल में पॉजिटिविटी पाई गई है, 10-10 सैंपल वाले 111 पूल लगाए गए जिसमें से  20 पूल में पॉजिटिविटी पाई गई है। #COVID19India | #CoronavirusLockdown | #Unlock1 | #NationalVoice | pic.twitter.com/34qSF0WiGr",[],[],['https://pbs.twimg.com/media/EZa9RSiUMAAjulR.png'],0,0,2,"['#lucknow', '#covid19india', '#coronaviruslockdown', '#unlock1', '#nationalvoice']",[],https://twitter.com/_NationalVoice/status/1267408489858523136,False,,0,,,,,,,"[{'user_id': '725545144833839109', 'username': '_NationalVoice'}]",,,,
1267408364125843456,1267408364125843456,1591008675000,2020-06-01,16:21:15,IST,725545144833839109,_nationalvoice,NationalVoice,,"#Lucknow : उत्तर प्रदेश के प्रमुख सचिव स्वास्थ्य का बयान - अब तक प्रदेश में कोरोना वायरस के 4891 मामले पूरी तरह ठीक होने के बाद घर जा चुके हैं, 217 लोगों की अब तक मृत्यु हुई है। हमारा रिकवरी रेट 59.71 प्रतिशत है। #COVID19India | #CoronavirusLockdown | #Unlock1 | #NationalVoice | pic.twitter.com/fncP9nHLVw",[],[],['https://pbs.twimg.com/media/EZa9JNzU8AAkTYW.png'],0,0,1,"['#lucknow', '#covid19india', '#coronaviruslockdown', '#unlock1', '#nationalvoice']",[],https://twitter.com/_NationalVoice/status/1267408364125843456,False,,0,,,,,,,"[{'user_id': '725545144833839109', 'username': '_NationalVoice'}]",,,,
1267408027897827330,1267408027897827330,1591008595000,2020-06-01,16:19:55,IST,725545144833839109,_nationalvoice,NationalVoice,,"#Lucknow : उत्तर प्रदेश के प्रमुख सचिव स्वास्थ्य का बयान - अब तक प्रदेश में कोरोना वायरस के 4891 मामले पूरी तरह ठीक होने के बाद घर जा चुके हैं, 217 लोगों की अब तक मृत्यु हुई है। हमारा रिकवरी रेट 59.71 प्रतिशत है। #COVID19India | #CoronavirusLockdown | #Unlock1 | #NationalVoice | pic.twitter.com/uA2Fw5lMlD",[],[],['https://pbs.twimg.com/media/EZa8ynsUwAA9w97.png'],0,0,1,"['#lucknow', '#covid19india', '#coronaviruslockdown', '#unlock1', '#nationalvoice']",[],https://twitter.com/_NationalVoice/status/1267408027897827330,False,,0,,,,,,,"[{'user_id': '725545144833839109', 'username': '_NationalVoice'}]",,,,
1267392227434774529,1267392227434774529,1591004828000,2020-06-01,15:17:08,IST,1074554990147055616,greenplanetmag1,Green Planet News (www.greenplanetmagazine.in),,"@dcptrafficlko के निर्देश के अनुपालन में #Unlock1 के दृष्टिगत आज दि0 01.06.2020 को ADCPT/ACPT, #Lucknow द्वारा क्रेन व्यवस्था में लगे कर्मियों को यातायात नियमों के उल्लंघन करने पर वाहन को टो करने के सम्बन्ध में ब्रीफ किया गया। @ADCPTRAFFICLKO pic.twitter.com/GOnRfPmtT0","['dcptrafficlko', 'adcptrafficlko']",[],"['https://pbs.twimg.com/media/EZaoWlGXQAA2Jby.jpg', 'https://pbs.twimg.com/media/EZaoW-eWkAAaTi3.jpg']",0,0,0,"['#unlock1', '#lucknow']",[],https://twitter.com/GreenPlanetMag1/status/1267392227434774529,False,,0,,,,,,,"[{'user_id': '1074554990147055616', 'username': 'GreenPlanetMag1'}, {'user_id': '1218452776679686146', 'username': 'dcptrafficlko'}, {'user_id': '1098581988796174336', 'username': 'ADCPTRAFFICLKO'}]",,,,
1267387482762608640,1267146795668430857,1591003697000,2020-06-01,14:58:17,IST,1147708471212535808,aparnar45321523,Aparna Rai,,"Only one question. ..kya ab tak sach m lockdown ka ache se palan hua tha ? mujhe toh aisa bilkul nhi lag rha h q k lucknow ki galliyon m aisa bilkul nhi tha.
 Sab bahar ghumte rhe ..

#Unlock1 q isse kya hoga jab patients aaye din badh hi rahe h?","['sushantbsinha', 'myogiadityanath']",[],[],0,0,0,['#unlock1'],[],https://twitter.com/AparnaR45321523/status/1267387482762608640,False,,0,,,,,,,"[{'user_id': '1147708471212535808', 'username': 'AparnaR45321523'}, {'user_id': '88199384', 'username': 'SushantBSinha'}, {'user_id': '3437532637', 'username': 'myogiadityanath'}]",,,,
1267386755289767936,1267386755289767936,1591003524000,2020-06-01,14:55:24,IST,42606652,aajtak,AajTak,,"यूपी सरकार द्वारा जारी गाइडलाइन्स के बाद आज से सचिवालय में सभी कर्मी काम पर लौटे, जानिए कैसी हैं सुरक्षा व्यवस्था  
@neelanshu512 की रिपोर्ट
अन्य #ReporterDiary के लिए क्लिक करें:  http://bit.ly/IndiaTodaySocial …
#UttarPradesh #Lucknow #Unlock1  pic.twitter.com/eziAkxLoyB",['neelanshu512'],['http://bit.ly/IndiaTodaySocial'],[],1,9,71,"['#reporterdiary', '#uttarpradesh', '#lucknow', '#unlock1']",[],https://twitter.com/aajtak/status/1267386755289767936,False,,1,,,,,,,"[{'user_id': '42606652', 'username': 'aajtak'}, {'user_id': '588979563', 'username': 'neelanshu512'}]",,,,
1267386256284979200,1267386256284979200,1591003405000,2020-06-01,14:53:25,IST,3286322893,upkesari,Punjab Kesari-UP/UK,,"राहत भरी खबर: बाइक पर दो को बैठने की छूट, मास्क लगाना होगा अनिवार्य
 https://up.punjabkesari.in/uttar-pradesh/news/relieving-news-relaxation-of-two-to-sit-on-bike-mask-will-be-mandatory-1176017 …
#Lucknow #Relievingnews #relaxation #twosit #bike #mask #Unlock1 #UttarPradesh #UPNews pic.twitter.com/9PVeKDC56h",[],['https://up.punjabkesari.in/uttar-pradesh/news/relieving-news-relaxation-of-two-to-sit-on-bike-mask-will-be-mandatory-1176017'],['https://pbs.twimg.com/media/EZak8lvUYAEgDUd.jpg'],0,0,1,"['#lucknow', '#relievingnews', '#relaxation', '#twosit', '#bike', '#mask', '#unlock1', '#uttarpradesh', '#upnews']",[],https://twitter.com/UPkesari/status/1267386256284979200,False,,0,,,,,,,"[{'user_id': '3286322893', 'username': 'UPkesari'}]",,,,
1267386066631303168,1267386066631303168,1591003359000,2020-06-01,14:52:39,IST,3263176950,lucknowtraffic,LUCKNOWTRAFFICPOLICE,,"@dcptrafficlko के निर्देश के अनुपालन में #Unlock1 के दृष्टिगत आज दि0 01.06.2020 को ADCPT/ACPT, #Lucknow द्वारा क्रेन व्यवस्था में लगे कर्मियों को यातायात नियमों के उल्लंघन करने पर वाहन को टो करने के सम्बन्ध में ब्रीफ किया गया। @uptrafficpolice @ADCPTRAFFICLKO pic.twitter.com/KHRLyDWuuC","['dcptrafficlko', 'uptrafficpolice', 'adcptrafficlko']",[],"['https://pbs.twimg.com/media/EZaoWlGXQAA2Jby.jpg', 'https://pbs.twimg.com/media/EZaoW-eWkAAaTi3.jpg']",0,0,1,"['#unlock1', '#lucknow']",[],https://twitter.com/lucknowtraffic/status/1267386066631303168,False,,0,,,,,,,"[{'user_id': '3263176950', 'username': 'lucknowtraffic'}, {'user_id': '1218452776679686146', 'username': 'dcptrafficlko'}, {'user_id': '3259784640', 'username': 'uptrafficpolice'}, {'user_id': '1098581988796174336', 'username': 'ADCPTRAFFICLKO'}]",,,,
1267378997475684352,1267378997475684352,1591001674000,2020-06-01,14:24:34,IST,1196696160431329280,rninational,RNI NEWS,,"#UNLOCK1 #UttarPradesh
#Lucknow : सचिवायल गेट पर सचिवायल के सभी कर्मचारियों की थर्मल स्क्रीनिंग की जा रही है। 

 https://www.rninews.co.in/  pic.twitter.com/QOtV5L8ks4",[],['https://www.rninews.co.in/'],"['https://pbs.twimg.com/media/EZaiPccUMAAxWfZ.jpg', 'https://pbs.twimg.com/media/EZaiPcdVAAArVrh.jpg']",0,0,1,"['#unlock1', '#uttarpradesh', '#lucknow']",[],https://twitter.com/rninational/status/1267378997475684352,False,,0,,,,,,,"[{'user_id': '1196696160431329280', 'username': 'rninational'}]",,,,
1267378934355812353,1267378934355812353,1591001659000,2020-06-01,14:24:19,IST,2912418230,samsrivastava31,Samarth,,Covid-19 का खतरा बरकरार पर अपना हज़रतगंज वापस गुलज़ार।।। #Unlock1 #COVIDー19 #CoronavirusIndia #Lucknow  pic.twitter.com/1T7PXm1SOL,[],[],[],1,2,7,"['#unlock1', '#covidー19', '#coronavirusindia', '#lucknow']",[],https://twitter.com/samsrivastava31/status/1267378934355812353,False,,1,,,,,,,"[{'user_id': '2912418230', 'username': 'samsrivastava31'}]",,,,
1267356868869074944,1267356868869074944,1590996398000,2020-06-01,12:56:38,IST,415452007,akashvarma932,akash,,"UP govt guidelines on Unlock: : bus services resume in Kaisarbag station in Lucknow, rule of government office in UP – Unlock1: लखनऊ के कैसरबाग स्टेशन से बसें हुई रवाना, यूपी में सरकारी ऑफिसों में अब तीन शिफ्टें  https://micvir.com/up-govt-guidelines-on-unlock-bus-services-resume-in-kaisarbag-station-in-lucknow-rule-of-government-office-in-up-unlock1-%e0%a4%b2%e0%a4%96%e0%a4%a8%e0%a4%8a-%e0%a4%95%e0%a5%87-%e0%a4%95/ …",[],['https://micvir.com/up-govt-guidelines-on-unlock-bus-services-resume-in-kaisarbag-station-in-lucknow-rule-of-government-office-in-up-unlock1-%e0%a4%b2%e0%a4%96%e0%a4%a8%e0%a4%8a-%e0%a4%95%e0%a5%87-%e0%a4%95/'],[],0,0,0,[],[],https://twitter.com/akashvarma932/status/1267356868869074944,False,,0,,,,,,,"[{'user_id': '415452007', 'username': 'akashvarma932'}]",,,,
1267355846507409408,1267355846507409408,1590996154000,2020-06-01,12:52:34,IST,1121750579250782209,webodisha,Webodisha,,"Unlock1: buses leave from Kaiserbagh station in Lucknow, now three shifts in government offices in UP  https://www.webodisha.com/unlock1-buses-leave-from-kaiserbagh-station-in-lucknow-now-three-shifts-in-government-offices-in-up/ …",[],['https://www.webodisha.com/unlock1-buses-leave-from-kaiserbagh-station-in-lucknow-now-three-shifts-in-government-offices-in-up/'],[],0,0,0,[],[],https://twitter.com/webodisha/status/1267355846507409408,False,,0,,,,,,,"[{'user_id': '1121750579250782209', 'username': 'webodisha'}]",,,,
1267346216255467523,1267346216255467523,1590993858000,2020-06-01,12:14:18,IST,1242731805926547456,englishkibaat,English Ki Baat,,Lucknow: Uttar Pradesh State Road Transport Corporation resumes its bus services after government lifted restrictions on inter state and intra state movements; visuals from Kaiserbagh Bus Stand. #UNLOCK1  pic.twitter.com/HweANcVkul,[],[],"['https://pbs.twimg.com/media/EZaEod3UYAA4aoH.jpg', 'https://pbs.twimg.com/media/EZaEpJ8U8AA6-VU.jpg', 'https://pbs.twimg.com/media/EZaEpv5UwAAfRph.jpg', 'https://pbs.twimg.com/media/EZaEqTIU4AAJCED.jpg']",0,0,1,['#unlock1'],[],https://twitter.com/englishkibaat/status/1267346216255467523,False,,0,,,,,,,"[{'user_id': '1242731805926547456', 'username': 'englishkibaat'}]",,,,
1267345264781725697,1267345264781725697,1590993631000,2020-06-01,12:10:31,IST,819584923891888132,dnhindi,डाइनामाइट न्यूज़,,"#लखनऊ आज से खुलेगा पूरा सचिवालय, सचिवालय प्रशासन ने जारी किया आदेश, आज से सभी अधिकारी-कर्मचारी बुलाए गए, ACS महेश गुप्ता ने जारी किया आदेश #UttarPradesh #Lucknow #Unlock1  pic.twitter.com/VNbUMl8nAx",[],[],"['https://pbs.twimg.com/media/EZaDyzxXkAcdqS2.jpg', 'https://pbs.twimg.com/media/EZaDyz1XsAAqeP-.jpg']",0,1,5,"['#लखनऊ', '#uttarpradesh', '#lucknow', '#unlock1']",[],https://twitter.com/DNHindi/status/1267345264781725697,False,,0,,,,,,,"[{'user_id': '819584923891888132', 'username': 'DNHindi'}]",,,,
1267344411328839681,1267344411328839681,1590993428000,2020-06-01,12:07:08,IST,3690561734,connectgujarat,ConnectGujarat,,#Lucknow: Uttar Pradesh State Road Transport Corporation resumes its bus services after government lifted restrictions on inter state and intra state movements; visuals from Kaiserbagh Bus Stand. #UNLOCK1 #uttarPradesh pic.twitter.com/06j82adlxx,[],[],"['https://pbs.twimg.com/media/EZaDA6HUEAAcQ9S.jpg', 'https://pbs.twimg.com/media/EZaDA6EUEAIdkqI.jpg', 'https://pbs.twimg.com/media/EZaDA6HU4AAMJgo.jpg', 'https://pbs.twimg.com/media/EZaDA6GVcAEidoe.jpg']",0,0,0,"['#lucknow', '#unlock1', '#uttarpradesh']",[],https://twitter.com/ConnectGujarat/status/1267344411328839681,False,,0,,,,,,,"[{'user_id': '3690561734', 'username': 'ConnectGujarat'}]",,,,
1267343544802476032,1267343544802476032,1590993221000,2020-06-01,12:03:41,IST,1059541221385871365,janodayatimes,JANODAYA TIMES (जनोदय टाइम्स),,"जनोदय टाइम्स: लखनऊ में  राज्य सड़क परिवहन निगम ने सरकार द्वारा अंतर राज्य और अंतर्राज्यीय आंदोलनों पर प्रतिबंध हटाने के बाद अपनी बस सेवाएं फिर से शुरू कर दीं; कैसरबाग बस स्टैंड से दृश्य। 
#Unlock1
#Lucknow
#UttarPradesh
@mygovindia
@myogioffice pic.twitter.com/lMTpn5aFqD","['mygovindia', 'myogioffice']",[],"['https://pbs.twimg.com/media/EZaCNi-WoAIh-hv.jpg', 'https://pbs.twimg.com/media/EZaCOPjWoAISa-p.jpg']",0,0,0,"['#unlock1', '#lucknow', '#uttarpradesh']",[],https://twitter.com/janodayatimes/status/1267343544802476032,False,,0,,,,,,,"[{'user_id': '1059541221385871365', 'username': 'janodayatimes'}, {'user_id': '2686834802', 'username': 'mygovindia'}, {'user_id': '1084769827271598080', 'username': 'myogioffice'}]",,,,
1267343187267465216,1267343187267465216,1590993136000,2020-06-01,12:02:16,IST,2262532860,newsmobileindia,NewsMobile,,#Lucknow: Uttar Pradesh State Road Transport Corporation resumes its bus services after government lifted restrictions on inter state and intra state movements; visuals from Kaiserbagh Bus Stand. #UNLOCK1  pic.twitter.com/FaBRl7H5yV,[],[],"['https://pbs.twimg.com/media/EZaB44kWsAEs4r6.jpg', 'https://pbs.twimg.com/media/EZaB4-EWoAsyZDH.jpg']",0,0,0,"['#lucknow', '#unlock1']",[],https://twitter.com/NewsMobileIndia/status/1267343187267465216,False,,0,,,,,,,"[{'user_id': '2262532860', 'username': 'NewsMobileIndia'}]",,,,
1267340958099582976,1267340958099582976,1590992605000,2020-06-01,11:53:25,IST,706709499856334848,aninewsup,ANI UP,,Lucknow: Uttar Pradesh State Road Transport Corporation resumes its bus services after government lifted restrictions on inter state and intra state movements; visuals from Kaiserbagh Bus Stand. #UNLOCK1  pic.twitter.com/FQ1iKdtnvi,[],[],"['https://pbs.twimg.com/media/EZZ-2WjVAAAthWg.jpg', 'https://pbs.twimg.com/media/EZZ-7EgUEAANCSF.jpg', 'https://pbs.twimg.com/media/EZZ-8raVcAA52Yc.jpg', 'https://pbs.twimg.com/media/EZZ_FAsU8AAAU-4.jpg']",5,38,566,['#unlock1'],[],https://twitter.com/ANINewsUP/status/1267340958099582976,False,,0,,,,,,,"[{'user_id': '706709499856334848', 'username': 'ANINewsUP'}]",,,,
1267304375363358728,1267304375363358728,1590983883000,2020-06-01,09:28:03,IST,2376970800,toilucknow,TOI Lucknow News,,"Passengers being screened at Lucknow Railway Station

#unlock1
#UttarPradeshUnlock1 pic.twitter.com/ZRlBCcPcs2",[],[],"['https://pbs.twimg.com/media/EZZelByVAAE1xcC.png', 'https://pbs.twimg.com/media/EZZelB8U0AIcknN.png', 'https://pbs.twimg.com/media/EZZelB9UMAE6jQP.png', 'https://pbs.twimg.com/media/EZZelB9UcAEQ7RK.png']",0,0,11,"['#unlock1', '#uttarpradeshunlock1']",[],https://twitter.com/TOILucknow/status/1267304375363358728,False,,0,,,,,,,"[{'user_id': '2376970800', 'username': 'TOILucknow'}]",,,,
1267140967234187264,1267140967234187264,1590944923000,2020-05-31,22:38:43,IST,789117448532348928,rajdhaniupdate,Rajdhaniupdate,,"लॉकडाउन-4 के अंतिम दिन UP में फूटा कोरोना बम, लखनऊ में 16 समेत 53 शहरों में मिलें रिकॉर्ड 378 संक्रमित, मृतकों की संख्‍या हुई 217  https://rajdhaniupdate.com/lucknow-samait-53-sahron-main-milay-378-sankramit/ … via @rajdhaniupdate #Unlock1 #Lockdown5 #Lockdown4 #CoronaUpdate #Lucknow #Noida #Agra #Kanpur #Barabanki #COVID19inUP",['rajdhaniupdate'],['https://rajdhaniupdate.com/lucknow-samait-53-sahron-main-milay-378-sankramit/'],[],1,1,0,"['#unlock1', '#lockdown5', '#lockdown4', '#coronaupdate', '#lucknow', '#noida', '#agra', '#kanpur', '#barabanki', '#covid19inup']",[],https://twitter.com/rajdhaniupdate/status/1267140967234187264,False,,0,,,,,,,"[{'user_id': '789117448532348928', 'username': 'rajdhaniupdate'}]",,,,
1267119155074891776,1267119155074891776,1590939723000,2020-05-31,21:12:03,IST,142003660,nicksarma,sanjay sarma,,"Delhi-Noida border to remain closed. But you can take a flight to Lucknow and drive back to Noida. 
#Unlock1 #Lockdown5 https://www.ndtv.com/india-news/noida-administration-says-delhi-noida-border-to-remain-closed-42-coronavirus-cases-tracked-to-national-capital-2238339 …",[],['https://www.ndtv.com/india-news/noida-administration-says-delhi-noida-border-to-remain-closed-42-coronavirus-cases-tracked-to-national-capital-2238339'],[],0,0,0,"['#unlock1', '#lockdown5']",[],https://twitter.com/NickSarma/status/1267119155074891776,False,,0,,,,,,,"[{'user_id': '142003660', 'username': 'NickSarma'}]",,,,
1267110071491756033,1267110071491756033,1590937557000,2020-05-31,20:35:57,IST,813382438713847808,khabartreakupuk,KHABAR TRACK,,नाईट कर्फ्यू को लेकर पुलिस एलर्ट हर चौराहे पर तैनात की गई फोर्स हर क्षेत्र के एसीपी जवानो को जारी कर रहे निर्देश अधिकारियो ने ब्रीफिंग मे जारी किया निर्देश  जिस इलाके की घटना वहा के चौकी इंचार्ज जिम्मेदार  #Lucknow @lkopolice #Unlock1  pic.twitter.com/8jZHWr4Urt,['lkopolice'],[],[],0,0,0,"['#lucknow', '#unlock1']",[],https://twitter.com/khabartreakUPUK/status/1267110071491756033,False,,1,,,,,,,"[{'user_id': '813382438713847808', 'username': 'khabartreakUPUK'}, {'user_id': '1471579316', 'username': 'lkopolice'}]",,,,
1267012986725515264,1267012986725515264,1590914410000,2020-05-31,14:10:10,IST,725545144833839109,_nationalvoice,NationalVoice,,"#Lucknow : #UPCM #YogiAdityanath ने कहा - इस चीज को स्थानीय प्रशासन तय करेगा, खासकर नोएडा और गाजियाबाद में लोक स्वास्थ्य के लिए क्या सही हो सकता है ये जिला प्रशासन तय करेगा। #unlockone | #Unlock1 | #UttarPradesh | #NationalVoice | #राष्ट्रधर्म_सर्वप्रथम | pic.twitter.com/1WgGe5J6BP",[],[],['https://pbs.twimg.com/media/EZVVj1DVcAA9Eix.jpg'],0,0,1,"['#lucknow', '#upcm', '#yogiadityanath', '#unlockone', '#unlock1', '#uttarpradesh', '#nationalvoice', '#राष्ट्रधर्म_सर्वप्रथम']",[],https://twitter.com/_NationalVoice/status/1267012986725515264,False,,0,,,,,,,"[{'user_id': '725545144833839109', 'username': '_NationalVoice'}]",,,,
1267012511171149824,1267012511171149824,1590914297000,2020-05-31,14:08:17,IST,725545144833839109,_nationalvoice,NationalVoice,,#Lucknow : #UPCM #YogiAdityanath ने कहा - अगर कोई निजी साधन से एक राज्य से दूसरे राज्य जा रहा है तो उसमें प्रतिबंध नहीं बशर्ते वो लोक स्वास्थ्य के लिए खतरनाक न हो। #unlockone | #Unlock1 | #UttarPradesh | #NationalVoice | #राष्ट्रधर्म_सर्वप्रथम | pic.twitter.com/bg3iobDpoO,[],[],['https://pbs.twimg.com/media/EZVVIpQUMAAd_I8.jpg'],0,1,6,"['#lucknow', '#upcm', '#yogiadityanath', '#unlockone', '#unlock1', '#uttarpradesh', '#nationalvoice', '#राष्ट्रधर्म_सर्वप्रथम']",[],https://twitter.com/_NationalVoice/status/1267012511171149824,False,,0,,,,,,,"[{'user_id': '725545144833839109', 'username': '_NationalVoice'}]",,,,
1267012369219121155,1267012369219121155,1590914263000,2020-05-31,14:07:43,IST,725545144833839109,_nationalvoice,NationalVoice,,#Lucknow : #UPCM #YogiAdityanath ने कहा - इंटर स्टेट के लिए दो राज्यों की सहमति अनिवार्य होगी। हम इंट्रा स्टेट बस और टैक्सी सेवाएं प्रारंभ करने जा रहे हैं। #unlockone | #Unlock1 | #UttarPradesh | #NationalVoice | #राष्ट्रधर्म_सर्वप्रथम |  https://twitter.com/_NationalVoice/status/1267012213908226051 … pic.twitter.com/MjNwSeYlVZ,[],['https://twitter.com/_NationalVoice/status/1267012213908226051'],['https://pbs.twimg.com/media/EZVVAEUUEAIwo6I.jpg'],0,1,3,"['#lucknow', '#upcm', '#yogiadityanath', '#unlockone', '#unlock1', '#uttarpradesh', '#nationalvoice', '#राष्ट्रधर्म_सर्वप्रथम']",[],https://twitter.com/_NationalVoice/status/1267012369219121155,False,,0,,,,,,,"[{'user_id': '725545144833839109', 'username': '_NationalVoice'}]",,,,
1267012213908226051,1267012213908226051,1590914226000,2020-05-31,14:07:06,IST,725545144833839109,_nationalvoice,NationalVoice,,"#Lucknow : #UPCM #YogiAdityanath ने कहा - NCR, गौतमबुद्धनगर और गाजियाबाद में भारत सरकार की गाइडलाइन्स के अनुरूप जिलाधिकारी कंटेनमेंट ज़ोन्स और आवागमन की व्यवस्था देखेंगे। #unlockone | #Unlock1 | #UttarPradesh | #NationalVoice | #राष्ट्रधर्म_सर्वप्रथम | pic.twitter.com/MHKeCkFkET",[],[],['https://pbs.twimg.com/media/EZVU2kmVAAEoXnH.jpg'],0,1,10,"['#lucknow', '#upcm', '#yogiadityanath', '#unlockone', '#unlock1', '#uttarpradesh', '#nationalvoice', '#राष्ट्रधर्म_सर्वप्रथम']",[],https://twitter.com/_NationalVoice/status/1267012213908226051,False,,0,,,,,,,"[{'user_id': '725545144833839109', 'username': '_NationalVoice'}]",,,,
1266936559275839488,1266936559275839488,1590896188000,2020-05-31,09:06:28,IST,1262993086407487489,ourlucknow10,OurLucknow,,"Lucknow's Aminabad and Latush Road markets will open from June 1
With this, it has been decided to open some other markets including Lalbagh, Nadan Mahal Road, Akbari Gate from Saturday.
.
.
#Market #Unlock1 #Lucknow…  https://www.instagram.com/p/CA1l5moJvNd/?igshid=5zmz8vdqgqpv …",[],['https://www.instagram.com/p/CA1l5moJvNd/?igshid=5zmz8vdqgqpv'],[],0,0,0,"['#market', '#unlock1', '#lucknow']",[],https://twitter.com/ourlucknow10/status/1266936559275839488,False,,0,,,,,,,"[{'user_id': '1262993086407487489', 'username': 'ourlucknow10'}]",,,,
1266800084706119680,1266800084706119680,1590863650000,2020-05-31,00:04:10,IST,1978353180,up32_wale,Vinay Trivedi Official,,"Unlock-1 में सभी देशवासियों को संयम के साथ गतिविधियों को चालू करना है, सावधानी के साथ कोरोना पर विजय प्राप्त करनी है और सबको मिलकर इस समस्या से बाहर निकलना है।  

#Unlock1
@AmitShah @AmitShahOffice pic.twitter.com/5NVg7G0OOA","['amitshah', 'amitshahoffice']",[],[],0,0,2,['#unlock1'],[],https://twitter.com/Up32_Wale/status/1266800084706119680,False,,1,,,,,,,"[{'user_id': '1978353180', 'username': 'Up32_Wale'}, {'user_id': '1447949844', 'username': 'AmitShah'}, {'user_id': '4306715188', 'username': 'AmitShahOffice'}]",,,,
1266744625605345280,1266744625605345280,1590850428000,2020-05-30,20:23:48,IST,1263491679711092736,chinmay03662109,Chinmayee Muduli,,"*For NBFGR, Lucknow*

• Central ministry guidelines
                  👇
• State ministry guidelines
                  👇
•NBFGR guidelines

#Unlock1  pic.twitter.com/DrmH67cj3c  https://twitter.com/DoctorLFC/status/1266729957188927488 …",[],['https://twitter.com/DoctorLFC/status/1266729957188927488'],['https://pbs.twimg.com/media/EZRULYyXkAEM_xN.jpg'],0,0,3,['#unlock1'],[],https://twitter.com/Chinmay03662109/status/1266744625605345280,False,,0,,,,,,,"[{'user_id': '1263491679711092736', 'username': 'Chinmay03662109'}]",,,,
