id,conversation_id,created_at,date,time,timezone,user_id,username,name,place,tweet,mentions,urls,photos,replies_count,retweets_count,likes_count,hashtags,cashtags,link,retweet,quote_url,video,near,geo,source,user_rt_id,user_rt,retweet_id,reply_to,retweet_date,translate,trans_src,trans_dest
1276219607347392513,1276219607347392513,1593109440000,2020-06-25,23:54:00,IST,1456464504,ghaziabadpolice,GHAZIABAD POLICE,,"#SSP_GZB के निर्देशन में #GhaziabadPolice द्वारा मुख्य मार्गों/चौराहों पर बैरियर लगाकर संदिग्ध व्यक्ति/वाहनों की सघन चेकिंग व पैदल गश्त कर अपराध एवं अपराधियों की रोकथाम व #Unlock1 में प्रदत्त निर्देशों का प्रभावी ढंग से अनुपालन कराया जा रहा है। 
@Uppolice @ANINewsUP pic.twitter.com/nUmRQ6yp07","['uppolice', 'aninewsup']",[],"['https://pbs.twimg.com/media/EbYKpOEUcAEjZr0.jpg', 'https://pbs.twimg.com/media/EbYKpOGUcAE9DQD.jpg', 'https://pbs.twimg.com/media/EbYKpOLVcAAMV8_.jpg', 'https://pbs.twimg.com/media/EbYKpOPU8AA_LZr.jpg']",1,11,63,"['#ssp_gzb', '#ghaziabadpolice', '#unlock1']",[],https://twitter.com/ghaziabadpolice/status/1276219607347392513,False,,0,,,,,,,"[{'user_id': '1456464504', 'username': 'ghaziabadpolice'}, {'user_id': '1271749327', 'username': 'Uppolice'}, {'user_id': '706709499856334848', 'username': 'ANINewsUP'}]",,,,
1275434422263672835,1275434422263672835,1592922237000,2020-06-23,19:53:57,IST,1456464504,ghaziabadpolice,GHAZIABAD POLICE,,"#SSP_GZB के निर्देशन में #GhaziabadPolice द्वारा मुख्य मार्गों/चौराहों पर बैरियर लगाकर संदिग्ध व्यक्ति/वाहनों की सघन चेकिंग व पैदल गश्त कर अपराध एवं अपराधियों की रोकथाम व #Unlock1 में प्रदत्त निर्देशों का प्रभावी ढंग से अनुपालन कराया जा रहा है। 
@Uppolice @ANINewsUP pic.twitter.com/63MFmVZ3Up","['uppolice', 'aninewsup']",[],"['https://pbs.twimg.com/media/EbNAZQtVcAIgOC-.jpg', 'https://pbs.twimg.com/media/EbNAZQ1VAAIgb1f.jpg', 'https://pbs.twimg.com/media/EbNAZQ1UwAAVt7O.jpg']",4,11,113,"['#ssp_gzb', '#ghaziabadpolice', '#unlock1']",[],https://twitter.com/ghaziabadpolice/status/1275434422263672835,False,,0,,,,,,,"[{'user_id': '1456464504', 'username': 'ghaziabadpolice'}, {'user_id': '1271749327', 'username': 'Uppolice'}, {'user_id': '706709499856334848', 'username': 'ANINewsUP'}]",,,,
1275124032094887936,1275124032094887936,1592848234000,2020-06-22,23:20:34,IST,1456464504,ghaziabadpolice,GHAZIABAD POLICE,,#SSP_GZB के निर्देशन में #GhaziabadPolice द्वारा मुख्य मार्गों/चौराहों पर बैरियर लगाकर संदिग्ध व्यक्ति/वाहनों की सघन चेकिंग व पैदल गश्त कर अपराध एवं अपराधियों की रोकथाम व #Unlock1 में प्रदत्त निर्देशों का प्रभावी ढंग से अनुपालन कराया जा रहा है। @Uppolice @ANINewsUP pic.twitter.com/cdNyZU6WbO,"['uppolice', 'aninewsup']",[],"['https://pbs.twimg.com/media/EbIl4L9U8AApX7U.jpg', 'https://pbs.twimg.com/media/EbIl5e6UcAAfAt4.jpg', 'https://pbs.twimg.com/media/EbIl7AnU4AUirp_.jpg', 'https://pbs.twimg.com/media/EbIl8J-VcAINRMI.jpg']",5,15,134,"['#ssp_gzb', '#ghaziabadpolice', '#unlock1']",[],https://twitter.com/ghaziabadpolice/status/1275124032094887936,False,,0,,,,,,,"[{'user_id': '1456464504', 'username': 'ghaziabadpolice'}, {'user_id': '1271749327', 'username': 'Uppolice'}, {'user_id': '706709499856334848', 'username': 'ANINewsUP'}]",,,,
1274696604423839746,1274696604423839746,1592746327000,2020-06-21,19:02:07,IST,1269574287427424257,ghaziabad365,Ghaziabad 365,,"लगता है यह परिवार सोशल के मंत्र को कुछ ज्यादा ही गंभीरता से ले रहा है। @ghaziabadpolice @dm_ghaziabad @Uppolice @uptrafficpolice @Gzbtrafficpol
#Unlock1 #SocialDistancing #Ghaziabad365 #AzabGhaziabad pic.twitter.com/yCrnC3gZCM","['ghaziabadpolice', 'dm_ghaziabad', 'uppolice', 'uptrafficpolice', 'gzbtrafficpol']",[],['https://pbs.twimg.com/media/EbChrTSVcAs1Dqx.jpg'],0,0,2,"['#unlock1', '#socialdistancing', '#ghaziabad365', '#azabghaziabad']",[],https://twitter.com/Ghaziabad365/status/1274696604423839746,False,,0,,,,,,,"[{'user_id': '1269574287427424257', 'username': 'Ghaziabad365'}, {'user_id': '1456464504', 'username': 'ghaziabadpolice'}, {'user_id': '760158046177923072', 'username': 'dm_ghaziabad'}, {'user_id': '1271749327', 'username': 'Uppolice'}, {'user_id': '3259784640', 'username': 'uptrafficpolice'}, {'user_id': '3259784430', 'username': 'Gzbtrafficpol'}]",,,,
1272837939324575744,1272837939324575744,1592303187000,2020-06-16,15:56:27,IST,1269574287427424257,ghaziabad365,Ghaziabad 365,,"#breakingnews🚨
उत्तराखंड में आज कोरोना के मिले 67 नए मरीज 
#Uttarakhand #Unlock1 #Ghaziabad365 #Ghaziabad #HamaraGhaziabad #Covid19Updates pic.twitter.com/HZherAWrEf",[],[],['https://pbs.twimg.com/media/EaoHWo5U0AAXhDg.png'],0,0,0,"['#breakingnews', '#uttarakhand', '#unlock1', '#ghaziabad365', '#ghaziabad', '#hamaraghaziabad', '#covid19updates']",[],https://twitter.com/Ghaziabad365/status/1272837939324575744,False,,0,,,,,,,"[{'user_id': '1269574287427424257', 'username': 'Ghaziabad365'}]",,,,
1272823538081165312,1272823538081165312,1592299754000,2020-06-16,14:59:14,IST,1269574287427424257,ghaziabad365,Ghaziabad 365,,"भारतीय सेना ने दिया तगड़ा जवाब, किए चीनी सेना के 5 जवान ढेर 
#IPSTransfer #Pryagraj #YogiSarkar #Unlock1 #Ghaziabad365 #Ghaziabad #HamaraGhaziabad pic.twitter.com/fQg1gfNYPN",[],[],['https://pbs.twimg.com/media/Ean6QA2UMAAEelR.jpg'],0,0,1,"['#ipstransfer', '#pryagraj', '#yogisarkar', '#unlock1', '#ghaziabad365', '#ghaziabad', '#hamaraghaziabad']",[],https://twitter.com/Ghaziabad365/status/1272823538081165312,False,,0,,,,,,,"[{'user_id': '1269574287427424257', 'username': 'Ghaziabad365'}]",,,,
1272809567261323264,1272809567261323264,1592296423000,2020-06-16,14:03:43,IST,1269574287427424257,ghaziabad365,Ghaziabad 365,,"प्रयाग राज के एसएसपी सत्यार्थ अनिरुद्ध पंकज के ट्रान्सफर पर सियासत शुरू, प्रियंका गांधी के ट्वीट पर योगी सरकार ने दी सफाई 
#IPSTransfer #Pryagraj #YogiSarkar #Unlock1 #Ghaziabad365 #Ghaziabad #HamaraGhaziabad pic.twitter.com/KOzY9DWqWv",[],[],['https://pbs.twimg.com/media/EantjIGUMAAnDVE.png'],0,0,0,"['#ipstransfer', '#pryagraj', '#yogisarkar', '#unlock1', '#ghaziabad365', '#ghaziabad', '#hamaraghaziabad']",[],https://twitter.com/Ghaziabad365/status/1272809567261323264,False,,0,,,,,,,"[{'user_id': '1269574287427424257', 'username': 'Ghaziabad365'}]",,,,
1272799930956963840,1272799930956963840,1592294125000,2020-06-16,13:25:25,IST,1269574287427424257,ghaziabad365,Ghaziabad 365,,"#breakingnews🚨
लद्दाख की गालवन वैली में भारत-चीन के सैनिकों के बीच हिंसक झड़प में भारत के एक कर्नल और दो जवान शहीद 
#IndoChinaWar #Unlock1 #Ghaziabad365 #Ghaziabad #HamaraGhaziabad pic.twitter.com/mDoyTWcBfn",[],[],['https://pbs.twimg.com/media/Eankxn4UMAAc8-Z.png'],0,0,0,"['#breakingnews', '#indochinawar', '#unlock1', '#ghaziabad365', '#ghaziabad', '#hamaraghaziabad']",[],https://twitter.com/Ghaziabad365/status/1272799930956963840,False,,0,,,,,,,"[{'user_id': '1269574287427424257', 'username': 'Ghaziabad365'}]",,,,
1272767228463640577,1272767228463640577,1592286328000,2020-06-16,11:15:28,IST,1269574287427424257,ghaziabad365,Ghaziabad 365,,"उत्तर प्रदेश में हुए 14 आईपीएस अधिकारियों के तबादले
#IPStransfers #UttarPradesh #YogiSarkar #Unlock1 #Ghaziabad365 #Ghaziabad #HamaraGhaziabad
@Uppolice pic.twitter.com/pyEt4jnPG0",['uppolice'],[],['https://pbs.twimg.com/media/EanHB3TUMAAvv1G.png'],0,0,0,"['#ipstransfers', '#uttarpradesh', '#yogisarkar', '#unlock1', '#ghaziabad365', '#ghaziabad', '#hamaraghaziabad']",[],https://twitter.com/Ghaziabad365/status/1272767228463640577,False,,0,,,,,,,"[{'user_id': '1269574287427424257', 'username': 'Ghaziabad365'}, {'user_id': '1271749327', 'username': 'Uppolice'}]",,,,
1272754957511344128,1272754957511344128,1592283403000,2020-06-16,10:26:43,IST,1269574287427424257,ghaziabad365,Ghaziabad 365,,"लगातार दसवें दिन बढ़े पेट्रोलियम पदार्थों के दाम, साल में सबसे अधिक कीमत पर पहुंचा पेट्रोल और डीजल 
#PetrolPriceToday #Unlock1 #Ghaziabad365 #Ghaziabad #HamaraGhaziabad pic.twitter.com/NOD3466Gg0",[],[],['https://pbs.twimg.com/media/Eam74lJUwAE44Iz.jpg'],0,0,0,"['#petrolpricetoday', '#unlock1', '#ghaziabad365', '#ghaziabad', '#hamaraghaziabad']",[],https://twitter.com/Ghaziabad365/status/1272754957511344128,False,,0,,,,,,,"[{'user_id': '1269574287427424257', 'username': 'Ghaziabad365'}]",,,,
1271386661541179392,1271386661541179392,1591957175000,2020-06-12,15:49:35,IST,969565806831992837,anonymo37180133,Batman,,"May be if we take a cow with ourself then they can allow us to enter in #UttarPradesh
#noida #noidaborder #opendelhi_noidaborder #delhi #border #Ghaziabad #Unlock1 #india #lockdown #LetUsEnterNoida",[],[],[],0,2,4,"['#uttarpradesh', '#noida', '#noidaborder', '#opendelhi_noidaborder', '#delhi', '#border', '#ghaziabad', '#unlock1', '#india', '#lockdown', '#letusenternoida']",[],https://twitter.com/Anonymo37180133/status/1271386661541179392,False,,0,,,,,,,"[{'user_id': '969565806831992837', 'username': 'Anonymo37180133'}]",,,,
1270913993591291905,1270913993591291905,1591844483000,2020-06-11,08:31:23,IST,828841083257778176,latestly,LatestLY,,"Ghaziabad Restaurants Resume Services Amid Second Phase of Unlock 1
 https://www.latestly.com/agency-news/ghaziabad-restaurants-resume-services-amid-second-phase-of-unlock-1-1814838.html …
#Ghaziabad #Restaurants #Unlock1",[],['https://www.latestly.com/agency-news/ghaziabad-restaurants-resume-services-amid-second-phase-of-unlock-1-1814838.html'],[],0,0,0,"['#ghaziabad', '#restaurants', '#unlock1']",[],https://twitter.com/latestly/status/1270913993591291905,False,,0,,,,,,,"[{'user_id': '828841083257778176', 'username': 'latestly'}]",,,,
1270912876169977856,1270912876169977856,1591844216000,2020-06-11,08:26:56,IST,631810714,cnbctv18news,CNBC-TV18,,"Restaurants have resumed services in Ghaziabad following relaxations in lockdown norms.

#Unlock1

(📷: ANI)  pic.twitter.com/ZsGoaqce5Y",[],[],"['https://pbs.twimg.com/media/EaMwhEfVcAAw52E.jpg', 'https://pbs.twimg.com/media/EaMwhEZVcAIDRAR.jpg', 'https://pbs.twimg.com/media/EaMwhEZVAAEARM9.jpg']",0,0,8,['#unlock1'],[],https://twitter.com/CNBCTV18News/status/1270912876169977856,False,,0,,,,,,,"[{'user_id': '631810714', 'username': 'CNBCTV18News'}]",,,,
1270545296863322114,1270545296863322114,1591756579000,2020-06-10,08:06:19,IST,123171317,navbharattimes,NBT Hindi News,,"गाजियाबाद: खुलेंगे होटल-रेस्तरां...नहीं मिलेगी शराब
 http://nbt.in/uHx9Va/kcf 
#CoronavirusOutbreak #Unlock1 #Lockdown5 #ghaziabad",[],['http://nbt.in/uHx9Va/kcf'],[],0,2,10,"['#coronavirusoutbreak', '#unlock1', '#lockdown5', '#ghaziabad']",[],https://twitter.com/NavbharatTimes/status/1270545296863322114,False,,0,,,,,,,"[{'user_id': '123171317', 'username': 'NavbharatTimes'}]",,,,
1270425046696316928,1270425046696316928,1591727909000,2020-06-10,00:08:29,IST,1180692028864098304,jeetaro96465472,JEET ARORA,,"@dm_ghaziabad RAJ NAGAR EXTENSION, CHOCKED EVERYWHERE NOT ABLE TO GO HOME, WHATS THE MEANING OF UNLOCK1????  pic.twitter.com/sPMM1WU4fZ",['dm_ghaziabad'],[],['https://pbs.twimg.com/media/EaF00rJWAAAsG_Z.jpg'],1,0,1,[],[],https://twitter.com/JEETARO96465472/status/1270425046696316928,False,,0,,,,,,,"[{'user_id': '1180692028864098304', 'username': 'JEETARO96465472'}, {'user_id': '760158046177923072', 'username': 'dm_ghaziabad'}]",,,,
1270353332159131648,1270353326236811264,1591710811000,2020-06-09,19:23:31,IST,1270343311866265600,dranaacrotest,dranaacrotest,,"@PAConstabulary 
Can you please clarify if these rules setup for the premises are legit and follow the lines of Unlock1.0 guidelines. This is the current situation for almost all the batallions across Noida, Ghaziabad and Meerut.
@myogiadityanath @Uppolice @dgpup","['paconstabulary', 'myogiadityanath', 'uppolice', 'dgpup']",[],[],0,0,0,[],[],https://twitter.com/dranaacrotest/status/1270353332159131648,False,,0,,,,,,,"[{'user_id': '1270343311866265600', 'username': 'dranaacrotest'}, {'user_id': '933709830052655105', 'username': 'PAConstabulary'}, {'user_id': '3437532637', 'username': 'myogiadityanath'}, {'user_id': '1271749327', 'username': 'Uppolice'}, {'user_id': '842978276800835584', 'username': 'dgpup'}]",,,,
1270034070710484996,1270034070710484996,1591634693000,2020-06-08,22:14:53,IST,91074298,ashishonground,Ashish,,"#COVID__19 update June 8:
#Ghaziabad crossed 500 mark, records 2 more deaths; Every 10th sample tested positive
Cases found: 28
Cured: 0
Fatality: 2 (1 at Santosh hospital, another at LLRM Meerut)
Infection rate: 10%
60% Rise in cases since #Unlock1
@ghaziabad_union
#coronavirus",['ghaziabad_union'],[],[],0,1,2,"['#covid__19', '#ghaziabad', '#unlock1', '#coronavirus']",[],https://twitter.com/AshishOnGround/status/1270034070710484996,False,,0,,,,,,,"[{'user_id': '91074298', 'username': 'AshishOnGround'}, {'user_id': '1259894924343947264', 'username': 'ghaziabad_union'}]",,,,
1270033887096422400,1270033887096422400,1591634649000,2020-06-08,22:14:09,IST,1265888491897933824,vaibhav61270730,KillerOfCorona,,It may be unlock1 but we have to protect our city and its people. Please everyone take the stand now and follow social distancing. Only go outside for work which is important. Stop your kids to go out they are the future of this city and nation.@HamaraGhaziabad @ghaziabad_union,"['hamaraghaziabad', 'ghaziabad_union']",[],[],0,0,2,[],[],https://twitter.com/Vaibhav61270730/status/1270033887096422400,False,,0,,,,,,,"[{'user_id': '1265888491897933824', 'username': 'Vaibhav61270730'}, {'user_id': '2897254658', 'username': 'HamaraGhaziabad'}, {'user_id': '1259894924343947264', 'username': 'ghaziabad_union'}]",,,,
1269981676517462017,1269981676517462017,1591622201000,2020-06-08,18:46:41,IST,1670502764,vinodvinodk1979,Vinod Kumar,,@UPGovt @AwasthiAwanishK @CMOfficeUP @dm_ghaziabad #Unlock1 महोदय कृपया अनलॉक  में सैलून खोल रहे है यदि हाँ तो पूर्ण जानकारी दे ग़ाज़ियाबाद में जानकारी के अभाव मे जनता को परेशानी हो रही है ।दुःख के साथ कहना पड़ता है उत्तर प्रेदश में कोई भी जानकारी सही से नही मिलती है ?,"['upgovt', 'awasthiawanishk', 'cmofficeup', 'dm_ghaziabad']",[],[],0,0,0,['#unlock1'],[],https://twitter.com/VinodVinodk1979/status/1269981676517462017,False,,0,,,,,,,"[{'user_id': '1670502764', 'username': 'VinodVinodk1979'}, {'user_id': '2588841246', 'username': 'UPGovt'}, {'user_id': '3111986520', 'username': 'AwasthiAwanishK'}, {'user_id': '2587240482', 'username': 'CMOfficeUP'}, {'user_id': '760158046177923072', 'username': 'dm_ghaziabad'}]",,,,
1269910097292980229,1269910097292980229,1591605135000,2020-06-08,14:02:15,IST,134007890,siddharth_sss,Siddharth Singh,,"People from Gurugram, Faridabad, Ghaziabad and Noida entering Delhi after CM  #ArvindKejriwal announced opening of Delhi’s border #Unlock1 #unlock2 pic.twitter.com/UHyMB2hje5",[],[],['https://pbs.twimg.com/media/EZ-gfpsU4AAyU5o.jpg'],0,0,6,"['#arvindkejriwal', '#unlock1', '#unlock2']",[],https://twitter.com/Siddharth_sss/status/1269910097292980229,False,,0,,,,,,,"[{'user_id': '134007890', 'username': 'Siddharth_sss'}]",,,,
1269908123579531270,1269908123579531270,1591604665000,2020-06-08,13:54:25,IST,235560536,imriteshsinha,Ritesh sinha,,"#ArvindKejriwal I hope he recovers soon.
But as he is from Haryana and resides in Ghaziabad, will he get tested in Delhi hospitals? Is he allowed ? @DrKumarVishwas
#Delhicorona #Unlock1",['drkumarvishwas'],[],[],0,0,4,"['#arvindkejriwal', '#delhicorona', '#unlock1']",[],https://twitter.com/imriteshsinha/status/1269908123579531270,False,,0,,,,,,,"[{'user_id': '235560536', 'username': 'imriteshsinha'}, {'user_id': '141633175', 'username': 'DrKumarVishwas'}]",,,,
1269867863717732352,1269867863717732352,1591595066000,2020-06-08,11:14:26,IST,973605365236428800,kaalikapuriya1,Sagar Jha | NewsMan,,"कुछ दिन पूर्व प्रसाशन की मुस्तेदी की वजह से एक गर्भवती महिला की मौत हो गई,
आज जब संपूर्ण भारत मे #Unlock1 का एलान हो चुका है, तब नोएडा की एक फर्म ने @Prince_Vestige भाई को महज़ इसलिए काम पर नही रखा क्योंकि वो खोड़ा से है😟
@myogiadityanath @PMOIndia
@dmgbnagar @dm_ghaziabad","['prince_vestige', 'myogiadityanath', 'pmoindia', 'dmgbnagar', 'dm_ghaziabad']",[],[],1,1,5,['#unlock1'],[],https://twitter.com/Kaalikapuriya1/status/1269867863717732352,False,,0,,,,,,,"[{'user_id': '973605365236428800', 'username': 'Kaalikapuriya1'}, {'user_id': '1265893617689702401', 'username': 'Prince_Vestige'}, {'user_id': '3437532637', 'username': 'myogiadityanath'}, {'user_id': '471741741', 'username': 'PMOIndia'}, {'user_id': '874516907256197120', 'username': 'dmgbnagar'}, {'user_id': '760158046177923072', 'username': 'dm_ghaziabad'}]",,,,
1269854799261884416,1269854799261884416,1591591951000,2020-06-08,10:22:31,IST,893401291044511745,patrika_noida,Patrika Noida,,"भगवान हुए 'अनलॉक': सोशल डिस्टेंसिंग के साथ मंदिर में दर्शन के लिए लगी श्रद्धालुओं की लंबी कतारें
 https://www.patrika.com/ghaziabad-news/doors-of-dudheshwar-nath-mahadev-math-temple-were-opened-6174144/ …
#Unlock1 @dm_ghaziabad @CMOfficeUP","['dm_ghaziabad', 'cmofficeup']",['https://www.patrika.com/ghaziabad-news/doors-of-dudheshwar-nath-mahadev-math-temple-were-opened-6174144/'],[],0,0,0,['#unlock1'],[],https://twitter.com/patrika_noida/status/1269854799261884416,False,,0,,,,,,,"[{'user_id': '893401291044511745', 'username': 'patrika_noida'}, {'user_id': '760158046177923072', 'username': 'dm_ghaziabad'}, {'user_id': '2587240482', 'username': 'CMOfficeUP'}]",,,,
1269850328888819712,1269850328888819712,1591590885000,2020-06-08,10:04:45,IST,1050696050976190464,tntimesdrive,Times Drive,,"Here are the latest updates on travel in Delhi NCR

#Lockdown #Lockdown5 #Unlock1 #Delhi #Noida #Gurugram #Ghaziabad #COVID19 #Coronavirus https://www.timesnownews.com/auto/features/article/lockdown-5-delhi-border-now-open-check-out-latest-updates-on-travel-and-movement-in-delhi-ncr/603004 …",[],['https://www.timesnownews.com/auto/features/article/lockdown-5-delhi-border-now-open-check-out-latest-updates-on-travel-and-movement-in-delhi-ncr/603004'],[],1,3,10,"['#lockdown', '#lockdown5', '#unlock1', '#delhi', '#noida', '#gurugram', '#ghaziabad', '#covid19', '#coronavirus']",[],https://twitter.com/TNTimesDrive/status/1269850328888819712,False,,0,,,,,,,"[{'user_id': '1050696050976190464', 'username': 'TNTimesDrive'}]",,,,
1269786005474652160,1269786005474652160,1591575549000,2020-06-08,05:49:09,IST,91074298,ashishonground,Ashish,,"Ghaziabad: 60% rise in the COVID cases since the government unleashed unlock phase 1. Detailed story would follow.
#UnlockingIndia #Unlock1 @dm_ghaziabad @CMOfficeUP","['dm_ghaziabad', 'cmofficeup']",[],[],1,0,1,"['#unlockingindia', '#unlock1']",[],https://twitter.com/AshishOnGround/status/1269786005474652160,False,,0,,,,,,,"[{'user_id': '91074298', 'username': 'AshishOnGround'}, {'user_id': '760158046177923072', 'username': 'dm_ghaziabad'}, {'user_id': '2587240482', 'username': 'CMOfficeUP'}]",,,,
1269621381160775680,1269621381160775680,1591536300000,2020-06-07,18:55:00,IST,91074298,ashishonground,Ashish,,"BREAKING: @dm_ghaziabad revised time slots for operations of grocery, vegetables, dairy and sweets shops. They will remain open from 9 am to 9 pm. Earlier the deadline was 2 pm for vegetables and 4 pm for grocery stores.
#Unlock1 #UnlockingIndia #Ghaziabad",['dm_ghaziabad'],[],[],0,0,0,"['#unlock1', '#unlockingindia', '#ghaziabad']",[],https://twitter.com/AshishOnGround/status/1269621381160775680,False,,0,,,,,,,"[{'user_id': '91074298', 'username': 'AshishOnGround'}, {'user_id': '760158046177923072', 'username': 'dm_ghaziabad'}]",,,,
1269585469060177920,1269585469060177920,1591527738000,2020-06-07,16:32:18,IST,4001488693,stellaronenergy,Stellaron Energy,,@dm_ghaziabad Sir kal se kya adesh rahenge odd even band karenge jaise sab kar rahe hain ya odd even ab bhi continue rahega .. pls issue fresh guidelines for Ghaziabad 🙏 #Unlock1 #dukandaaronKiSuno,['dm_ghaziabad'],[],[],0,1,0,"['#unlock1', '#dukandaaronkisuno']",[],https://twitter.com/StellaronEnergy/status/1269585469060177920,False,,0,,,,,,,"[{'user_id': '4001488693', 'username': 'StellaronEnergy'}, {'user_id': '760158046177923072', 'username': 'dm_ghaziabad'}]",,,,
1269153264341340160,1268032405174181895,1591424692000,2020-06-06,11:54:52,IST,2860346323,statuespeaks,Statue Speaks,,एक बार फिर मै आप सभी से अनुरोध करती हूँ कि मेरी बात #DMGhaziabad तक पहुंचायें plz कयोंकि मेरा कोई दूसरा account भी नही है जिससे मै @dm_ghaziabad को फालो कर सकँू! #FightAgainstCorona #IndiaFightsCorona #Unlock1 #Vaishali #ghaziabad,"['akhandnbt', 'ipsnaithani', 'ghaziabadpolice', 'uppolice', 'delhipolice', 'richaanirudh', 'policeimagerfms', 'policesewakhai', 'httweets', 'toiindianews', 'cmofficeup', 'nbtdilli', 'dm_ghaziabad', 'myogioffice', 'myogiadityanath', 'narendramodi', 'pmoindia', 'sspghaziabad', 'dmgbnagar']",[],[],1,1,0,"['#dmghaziabad', '#fightagainstcorona', '#indiafightscorona', '#unlock1', '#vaishali', '#ghaziabad']",[],https://twitter.com/StatueSpeaks/status/1269153264341340160,False,,0,,,,,,,"[{'user_id': '2860346323', 'username': 'StatueSpeaks'}, {'user_id': '887931123182862336', 'username': 'akhandnbt'}, {'user_id': '1047945976869257217', 'username': 'ipsnaithani'}, {'user_id': '1456464504', 'username': 'ghaziabadpolice'}, {'user_id': '1271749327', 'username': 'Uppolice'}, {'user_id': '1850705408', 'username': 'DelhiPolice'}, {'user_id': '108538423', 'username': 'richaanirudh'}, {'user_id': '901107430951575552', 'username': 'policeimagerfms'}, {'user_id': '1040154801458241538', 'username': 'PoliceSewakHai'}, {'user_id': '36327407', 'username': 'htTweets'}, {'user_id': '29958928', 'username': 'TOIIndiaNews'}, {'user_id': '2587240482', 'username': 'CMOfficeUP'}, {'user_id': '150220875', 'username': 'NBTDilli'}, {'user_id': '760158046177923072', 'username': 'dm_ghaziabad'}, {'user_id': '1084769827271598080', 'username': 'myogioffice'}, {'user_id': '3437532637', 'username': 'myogiadityanath'}, {'user_id': '18839785', 'username': 'narendramodi'}, {'user_id': '471741741', 'username': 'PMOIndia'}, {'user_id': '736906416414298112', 'username': 'SspGhaziabad'}, {'user_id': '874516907256197120', 'username': 'dmgbnagar'}]",,,,
1268902751309725696,1268902751309725696,1591364965000,2020-06-05,19:19:25,IST,50319102,achintaborah,Achinta Borah,,"Dear @dm_ghaziabad,
We understand threat of COVID but that does not mean you keep 2 lakh people in #Vaishali hostage with closure of all localities, streets, shops when India is in #Unlock1. Plz REVIEW. Hope
@myogiadityanath will intervene.
Can our MP @Gen_VKSingh also step in?","['dm_ghaziabad', 'myogiadityanath', 'gen_vksingh']",[],[],6,31,48,"['#vaishali', '#unlock1']",[],https://twitter.com/achintaborah/status/1268902751309725696,False,,0,,,,,,,"[{'user_id': '50319102', 'username': 'achintaborah'}, {'user_id': '760158046177923072', 'username': 'dm_ghaziabad'}, {'user_id': '3437532637', 'username': 'myogiadityanath'}, {'user_id': '1856414335', 'username': 'Gen_VKSingh'}]",,,,
1268483680197988352,1268483680197988352,1591265051000,2020-06-04,15:34:11,IST,85550554,lokeshsaxena,लोकेश सक्सेना 💙,,"@dm_ghaziabad Sir can we have the latest guidelines for #Unlock1 ?

Please, we are struggling to earn our daily wages, please release latest guidelines

@ShipraRivera","['dm_ghaziabad', 'shiprarivera']",[],[],0,0,2,['#unlock1'],[],https://twitter.com/lokeshsaxena/status/1268483680197988352,False,,0,,,,,,,"[{'user_id': '85550554', 'username': 'lokeshsaxena'}, {'user_id': '760158046177923072', 'username': 'dm_ghaziabad'}, {'user_id': '984555694908231688', 'username': 'ShipraRivera'}]",,,,
1268483436714459136,1267727939908571137,1591264993000,2020-06-04,15:33:13,IST,1245939117168320512,ranjeet_k9,RanjeetVarmaUnderdogK9,,"🚨
We in #Delhi & #NCR #Gurgaon #Noida #Ghaziabad should be careful of this too in #Corona #Lockdown #Unlock1 #NisargaCyclone tough times
🚨
Experts fear MAJOR #earthquake
 http://shr.gs/wG5QFbN 
@drharshvardhan @PMOIndia @HMOIndia @ArvindKejriwal @ndmaindia @NDRFHQ @BJP4India pic.twitter.com/ZPVDCDGIre","['mohfw_india', 'pmoindia', 'drharshvardhan', 'ashwinikchoubey', 'pib_india', 'covidnewsbymib', 'covidindiaseva', 'hmoindia', 'arvindkejriwal', 'ndmaindia', 'ndrfhq', 'bjp4india']",['http://shr.gs/wG5QFbN'],"['https://pbs.twimg.com/media/EZqOxWAUEAEd_TH.jpg', 'https://pbs.twimg.com/media/EZqOxWCUYAEymBU.jpg']",0,0,3,"['#delhi', '#ncr', '#gurgaon', '#noida', '#ghaziabad', '#corona', '#lockdown', '#unlock1', '#nisargacyclone', '#earthquake']",[],https://twitter.com/ranjeet_k9/status/1268483436714459136,False,,0,,,,,,,"[{'user_id': '1245939117168320512', 'username': 'ranjeet_k9'}, {'user_id': '2596143056', 'username': 'MoHFW_INDIA'}, {'user_id': '471741741', 'username': 'PMOIndia'}, {'user_id': '77732185', 'username': 'drharshvardhan'}, {'user_id': '706963995', 'username': 'AshwiniKChoubey'}, {'user_id': '231033118', 'username': 'PIB_India'}, {'user_id': '1244892413262311425', 'username': 'COVIDNewsByMIB'}, {'user_id': '1243227921726066688', 'username': 'CovidIndiaSeva'}, {'user_id': '2541363451', 'username': 'HMOIndia'}, {'user_id': '405427035', 'username': 'ArvindKejriwal'}, {'user_id': '2611134289', 'username': 'ndmaindia'}, {'user_id': '2791137282', 'username': 'NDRFHQ'}, {'user_id': '207809313', 'username': 'BJP4India'}]",,,,
1268457720195276800,1268457720195276800,1591258861000,2020-06-04,13:51:01,IST,1085623246731366400,kshrivastaw,R K Shrivastaw,,"I #work in #delhi, my company insisting me to join office as #Unlock1 is going on. I reside in #indirapuram
Delhi's order of #sealed #border for a week
How I will save my #JobsDuringCorona ?😱😭
#COVIDー19
#Unlock1 #thursdayvibes #DelhiNCR #Jobs
@dm_ghaziabad @CMODelhi @HMOIndia","['dm_ghaziabad', 'cmodelhi', 'hmoindia']",[],[],3,2,5,"['#work', '#delhi', '#unlock1', '#indirapuram', '#sealed', '#border', '#jobsduringcorona', '#covidー19', '#unlock1', '#thursdayvibes', '#delhincr', '#jobs']",[],https://twitter.com/KShrivastaw/status/1268457720195276800,False,,0,,,,,,,"[{'user_id': '1085623246731366400', 'username': 'KShrivastaw'}, {'user_id': '760158046177923072', 'username': 'dm_ghaziabad'}, {'user_id': '1242298980660178951', 'username': 'CMODelhi'}, {'user_id': '2541363451', 'username': 'HMOIndia'}]",,,,
1268403147216547842,1268403147216547842,1591245850000,2020-06-04,10:14:10,IST,1159424710800658432,brandhanger,THE Brand Hanger,,"Despite lockdown don’t break your daily routine as a healthy body and a relaxed soul help you stay active.
#StayHome #StaySafe #EatHealthy #Tips #Covid19 #BeHealthy #ImmuneSystem #HealthyFood #AyurvedaTips #unlock1 #orbitplaza #crossingrepublik #ghaziabad  pic.twitter.com/jgOE8WSkvv",[],[],['https://pbs.twimg.com/media/EZpF7hPUYAIoJCf.jpg'],0,0,1,"['#stayhome', '#staysafe', '#eathealthy', '#tips', '#covid19', '#behealthy', '#immunesystem', '#healthyfood', '#ayurvedatips', '#unlock1', '#orbitplaza', '#crossingrepublik', '#ghaziabad']",[],https://twitter.com/BrandHanger/status/1268403147216547842,False,,0,,,,,,,"[{'user_id': '1159424710800658432', 'username': 'BrandHanger'}]",,,,
1268342729961951232,1268342729961951232,1591231446000,2020-06-04,06:14:06,IST,2269931144,avijitsharma_,Avijit,,In major historic event #COVIDー19 claims #AtlasCycle #Ghaziabad Factory shuts down owing massive financial crunch Hard times #health #CoronaWarriors #COVIDー19 #healthcare #COVID19India #CycloneNisarg #ChicagoProtests #Atlanta #TrendingNow #IndiaFightsCOVID19 #Unlock1 #CCPVirus,[],[],[],0,0,1,"['#covidー19', '#atlascycle', '#ghaziabad', '#health', '#coronawarriors', '#covidー19', '#healthcare', '#covid19india', '#cyclonenisarg', '#chicagoprotests', '#atlanta', '#trendingnow', '#indiafightscovid19', '#unlock1', '#ccpvirus']",[],https://twitter.com/AvijitSharma_/status/1268342729961951232,False,,0,,,,,,,"[{'user_id': '2269931144', 'username': 'AvijitSharma_'}]",,,,
1268215748624879619,1268215748624879619,1591201171000,2020-06-03,21:49:31,IST,159564547,rockmanish87,Manish Dubey,,@myogiadityanath @UPGovt @CMOfficeUP @Uppolice @dm_ghaziabad @ghaziabadpolice @republic @ABPNews police is now using vitto power to challan for 2 wheeler for pillion rider after in unlock1 no value of  secretary order  asking to conform with UP secretary# very poor approach,"['myogiadityanath', 'upgovt', 'cmofficeup', 'uppolice', 'dm_ghaziabad', 'ghaziabadpolice', 'republic', 'abpnews']",[],[],0,0,0,[],[],https://twitter.com/rockmanish87/status/1268215748624879619,False,,0,,,,,,,"[{'user_id': '159564547', 'username': 'rockmanish87'}, {'user_id': '3437532637', 'username': 'myogiadityanath'}, {'user_id': '2588841246', 'username': 'UPGovt'}, {'user_id': '2587240482', 'username': 'CMOfficeUP'}, {'user_id': '1271749327', 'username': 'Uppolice'}, {'user_id': '760158046177923072', 'username': 'dm_ghaziabad'}, {'user_id': '1456464504', 'username': 'ghaziabadpolice'}, {'user_id': '811972460560019456', 'username': 'republic'}, {'user_id': '39240673', 'username': 'ABPNews'}]",,,,
1268099505444061184,1268099505444061184,1591173456000,2020-06-03,14:07:36,IST,565462327,aayushgoel83,Aayush,,"#BreakingNews #BREAKING
#TrendingNow

Massive #Traffic jam at #Delhi #UP #borders at #Ghazipur on Delhi #Meerut #expressway #NH9. Sealing of borders create chaos. #coronavirus
@AamAadmiParty @ArvindKejriwal @AMRUTCityGzb @dm_ghaziabad @noidapolice @noidapolice #Unlock1 #Lockdown5 pic.twitter.com/XEukRSrFNt","['aamaadmiparty', 'arvindkejriwal', 'amrutcitygzb', 'dm_ghaziabad', 'noidapolice']",[],['https://pbs.twimg.com/media/EZkxxapWAAMAeV7.jpg'],0,1,0,"['#breakingnews', '#breaking', '#trendingnow', '#traffic', '#delhi', '#up', '#borders', '#ghazipur', '#meerut', '#expressway', '#nh9', '#coronavirus', '#unlock1', '#lockdown5']",[],https://twitter.com/aayushgoel83/status/1268099505444061184,False,,0,,,,,,,"[{'user_id': '565462327', 'username': 'aayushgoel83'}, {'user_id': '711694309', 'username': 'AamAadmiParty'}, {'user_id': '405427035', 'username': 'ArvindKejriwal'}, {'user_id': '4001282093', 'username': 'AMRUTCityGzb'}, {'user_id': '760158046177923072', 'username': 'dm_ghaziabad'}, {'user_id': '1461970477', 'username': 'noidapolice'}]",,,,
1268087552558448642,1268087552558448642,1591170607000,2020-06-03,13:20:07,IST,775341808968691712,policemedianews,PoliceMediaNews,,"#ghaziabad आज भी #दिल्ली #गाजियाबाद का बार्डर सील, लोगों करना पड़ रहा है भारी दिक्कतों का सामना, बार्डर पर लगा है भीषण जाम, आवाजाही में हो रही है परेशानी, नोकरीपेशा लोगों को करना पड़ रहा है परेशानी का सामना। @ghaziabadpolice @DelhiPolice #Unlock1 #coronavirus #policemedianews","['ghaziabadpolice', 'delhipolice']",[],[],0,0,2,"['#ghaziabad', '#दिल्ली', '#गाजियाबाद', '#unlock1', '#coronavirus', '#policemedianews']",[],https://twitter.com/policemedianews/status/1268087552558448642,False,,0,,,,,,,"[{'user_id': '775341808968691712', 'username': 'policemedianews'}, {'user_id': '1456464504', 'username': 'ghaziabadpolice'}, {'user_id': '1850705408', 'username': 'DelhiPolice'}]",,,,
1267994454507450369,1267994454507450369,1591148410000,2020-06-03,07:10:10,IST,2689524290,ritesh14887,Ritesh_Leo🦁,,Ghaziabad and Noida Admins should also discuss in same way to open their borders for hassle free commute required for office travellers and general movement....@dmgbnagar @dm_ghaziabad #Unlock1 #Lockdown5 https://twitter.com/ANI/status/1267989003967459328 …,"['dmgbnagar', 'dm_ghaziabad']",['https://twitter.com/ANI/status/1267989003967459328'],[],0,0,0,"['#unlock1', '#lockdown5']",[],https://twitter.com/ritesh14887/status/1267994454507450369,False,https://twitter.com/ANI/status/1267989003967459328,0,,,,,,,"[{'user_id': '2689524290', 'username': 'ritesh14887'}, {'user_id': '874516907256197120', 'username': 'dmgbnagar'}, {'user_id': '760158046177923072', 'username': 'dm_ghaziabad'}]",,,,
1267755828079026176,1267755828079026176,1591091517000,2020-06-02,15:21:57,IST,984555694908231688,shiprarivera,Shipra Riviera,,"Dear Riverian's

Since the #Unlock1 is in force, it is believed that many of us now will expect relaxation soon in our daily routine.

@dm_ghaziabad guidelines for #Unlock1 awaited for #ghaziabad

What you expect more of it ?",['dm_ghaziabad'],[],[],1,0,1,"['#unlock1', '#unlock1', '#ghaziabad']",[],https://twitter.com/ShipraRivera/status/1267755828079026176,False,,0,,,,,,,"[{'user_id': '984555694908231688', 'username': 'ShipraRivera'}, {'user_id': '760158046177923072', 'username': 'dm_ghaziabad'}]",,,,
1267728058775109634,1267728058775109634,1591084897000,2020-06-02,13:31:37,IST,115132268,cacmjain,C M JAIN🇮🇳,,वैशाली ग़ाज़ियाबाद आज पूर्ण तरह से बंद कर दिया गया है @dm_ghaziabad @HMOIndia @myogiadityanath #Unlock1  pic.twitter.com/meCKiZ0sQ7,"['dm_ghaziabad', 'hmoindia', 'myogiadityanath']",[],"['https://pbs.twimg.com/media/EZffyLmWsAM44Zk.jpg', 'https://pbs.twimg.com/media/EZffyOkXkAAWugA.jpg', 'https://pbs.twimg.com/media/EZffyOcXkAAA9Ix.jpg', 'https://pbs.twimg.com/media/EZffyOlXQAQB-DE.jpg']",0,2,3,['#unlock1'],[],https://twitter.com/cacmjain/status/1267728058775109634,False,,0,,,,,,,"[{'user_id': '115132268', 'username': 'cacmjain'}, {'user_id': '760158046177923072', 'username': 'dm_ghaziabad'}, {'user_id': '2541363451', 'username': 'HMOIndia'}, {'user_id': '3437532637', 'username': 'myogiadityanath'}]",,,,
1267687737781440512,1267687737781440512,1591075283000,2020-06-02,10:51:23,IST,995541860,paramendramohan,Paramendra Mohan,,ये @dmgbnagar @dm_ghaziabad और @ArvindKejriwal सरकार ने सबको ही पास बांट दिया है क्या? दोनों राज्यों ने दोनों ओर से बॉर्डर सील कर रखा है तब ये हालत है तो फिर आम लोगों के लिए ही ये सीमाबंदी क्यों? #NoidaDelhiborder #lockdown2020 #Unlock1  https://twitter.com/ANI/status/1267682707439448064 …,"['dmgbnagar', 'dm_ghaziabad', 'arvindkejriwal']",['https://twitter.com/ANI/status/1267682707439448064'],[],0,0,0,"['#noidadelhiborder', '#lockdown2020', '#unlock1']",[],https://twitter.com/paramendramohan/status/1267687737781440512,False,https://twitter.com/ANI/status/1267682707439448064,0,,,,,,,"[{'user_id': '995541860', 'username': 'paramendramohan'}, {'user_id': '874516907256197120', 'username': 'dmgbnagar'}, {'user_id': '760158046177923072', 'username': 'dm_ghaziabad'}, {'user_id': '405427035', 'username': 'ArvindKejriwal'}]",,,,
1267676977596686337,1267676977596686337,1591072718000,2020-06-02,10:08:38,IST,1159424710800658432,brandhanger,THE Brand Hanger,,"What to do if your family member has been tested positive for COVID-19?
Follow these steps...
#thebrandhanger #Unlock1 #covid #corona #staysafestayhome #covid19 #crossingrepublik #ghaziabad #orbitplaza pic.twitter.com/AcPPwv1dzJ",[],[],"['https://pbs.twimg.com/media/EZexd27UwAAxb6m.jpg', 'https://pbs.twimg.com/media/EZexeWmUcAAb3g0.jpg', 'https://pbs.twimg.com/media/EZexe2JVcAECxJN.jpg', 'https://pbs.twimg.com/media/EZexfRXUcAEvJeE.jpg']",0,0,1,"['#thebrandhanger', '#unlock1', '#covid', '#corona', '#staysafestayhome', '#covid19', '#crossingrepublik', '#ghaziabad', '#orbitplaza']",[],https://twitter.com/BrandHanger/status/1267676977596686337,False,,0,,,,,,,"[{'user_id': '1159424710800658432', 'username': 'BrandHanger'}]",,,,
1267526004064620550,1267526004064620550,1591036723000,2020-06-02,00:08:43,IST,704849137,htdelhi,HT Delhi,,"#unlock1 | Liquor shops get nod to open two hours extra till 9pm in Ghaziabad 

(reports @journopk)  

 https://www.hindustantimes.com/cities/liquor-shops-get-nod-to-open-two-hours-extra-till-9pm/story-t7BuHOiLyUMYyEbNgfUIhO.html … pic.twitter.com/KXbPlkJ8n5",['journopk'],['https://www.hindustantimes.com/cities/liquor-shops-get-nod-to-open-two-hours-extra-till-9pm/story-t7BuHOiLyUMYyEbNgfUIhO.html'],['https://pbs.twimg.com/media/EZcoLOtXYAYOU9y.jpg'],0,1,9,['#unlock1'],[],https://twitter.com/htdelhi/status/1267526004064620550,False,,0,,,,,,,"[{'user_id': '704849137', 'username': 'htdelhi'}, {'user_id': '1208048076746678272', 'username': 'journopk'}]",,,,
1267455369783230466,1267455369783230466,1591019882000,2020-06-01,19:28:02,IST,1100251676777172992,ssk_ghaziabad,SSK Ghaziabad,,"1जून2020SSKगाजि0द्वारा जूड़े हुए 26श्रमिको का📞 से फालोअप किया। जिसमें 10 श्रमिको को आपदाराहतयोजना से ₹1000-₹1000 प्राप्त हुये एवं #जागरूकता #कोरोनामहामारी से बचने का एक ही मूल मंत्र #मास्क लगाते हुये, #दो_गज_की_दूरी बनाना है जरूरी #Unlock1 @SSKLucknow @tatatrusts @Salilsr pic.twitter.com/bSQm44jqFm","['ssklucknow', 'tatatrusts', 'salilsr']",[],"['https://pbs.twimg.com/media/EZbnylnUYAEzRJw.jpg', 'https://pbs.twimg.com/media/EZbn3g1U8AEbdIG.jpg', 'https://pbs.twimg.com/media/EZbn4nvVAAAqE-Z.jpg', 'https://pbs.twimg.com/media/EZbn7QeUcAAUilI.jpg']",0,2,3,"['#जागरूकता', '#कोरोनामहामारी', '#मास्क', '#दो_गज_की_दूरी', '#unlock1']",[],https://twitter.com/SSK_Ghaziabad/status/1267455369783230466,False,,0,,,,,,,"[{'user_id': '1100251676777172992', 'username': 'SSK_Ghaziabad'}, {'user_id': '773306035', 'username': 'SSKLucknow'}, {'user_id': '3322045292', 'username': 'tatatrusts'}, {'user_id': '1114513537269768192', 'username': 'Salilsr'}]",,,,
1267443699379773442,1267443699379773442,1591017100000,2020-06-01,18:41:40,IST,129125658,ershivkarora,Shiv Arora,,"The Day when India opens with #Unlock1, Vaishali @dm_ghaziabad @myogiadityanath has been sealed
(7.5 lakhs+ people locked in their homes)

@PMOIndia @narendramodi @drharshvardhan @MoHFW_INDIA 

Kuch toh chupa rhe hoo....sabko pagal bana rhe hoo 😉
#IndiaHidesCorona","['dm_ghaziabad', 'myogiadityanath', 'pmoindia', 'narendramodi', 'drharshvardhan', 'mohfw_india']",[],[],1,1,2,"['#unlock1', '#indiahidescorona']",[],https://twitter.com/ershivkarora/status/1267443699379773442,False,,0,,,,,,,"[{'user_id': '129125658', 'username': 'ershivkarora'}, {'user_id': '760158046177923072', 'username': 'dm_ghaziabad'}, {'user_id': '3437532637', 'username': 'myogiadityanath'}, {'user_id': '471741741', 'username': 'PMOIndia'}, {'user_id': '18839785', 'username': 'narendramodi'}, {'user_id': '77732185', 'username': 'drharshvardhan'}, {'user_id': '2596143056', 'username': 'MoHFW_INDIA'}]",,,,
1267393059769200640,1267393059769200640,1591005027000,2020-06-01,15:20:27,IST,229051634,dhakreajay,Ajay Singh,,"With #Unlock1 guidelines in place, not sure where to go. My brother is to be married on June 11 and we have to travel from Rohini, Delhi to Aligarh, UP.  Not sure who to contact for epasses or other info. Please help @dmgbnagar @dm_ghaziabad @DM_NorthWest","['dmgbnagar', 'dm_ghaziabad', 'dm_northwest']",[],[],0,0,0,['#unlock1'],[],https://twitter.com/dhakreajay/status/1267393059769200640,False,,0,,,,,,,"[{'user_id': '229051634', 'username': 'dhakreajay'}, {'user_id': '874516907256197120', 'username': 'dmgbnagar'}, {'user_id': '760158046177923072', 'username': 'dm_ghaziabad'}, {'user_id': '1106155074386944001', 'username': 'DM_NorthWest'}]",,,,
1267375102116589568,1267375102116589568,1591000745000,2020-06-01,14:09:05,IST,3251528191,tanmoymitra01, Tanmoy Mitra,,"On #day1 of #Unlock1 .0 
#Dehi - #UP ( #UttarPradesh #ghaziabad #noida ) - #Haryana ( #Gurgaon #Faridabad) #border seal issues
#June1st
#June1
#Y2020
#coronavirus #Pandemic @ Steel City,…  https://www.instagram.com/p/CA4s94SJLGPHjez0o9wDT76BOR5bu0jRDE9_A00/?igshid=s8zdq24xxba8 …",[],['https://www.instagram.com/p/CA4s94SJLGPHjez0o9wDT76BOR5bu0jRDE9_A00/?igshid=s8zdq24xxba8'],[],0,0,0,"['#day1', '#unlock1', '#dehi', '#up', '#uttarpradesh', '#ghaziabad', '#noida', '#haryana', '#gurgaon', '#faridabad', '#border', '#june1st', '#june1', '#y2020', '#coronavirus', '#pandemic']",[],https://twitter.com/tanmoymitra01/status/1267375102116589568,False,,0,,,,,,,"[{'user_id': '3251528191', 'username': 'tanmoymitra01'}]",,,,
1267374735853322241,1267374735853322241,1591000658000,2020-06-01,14:07:38,IST,861240343060135936,sharadtandon13,Sharad Tandon,,"#Unlock1  Now people can travel from interstate buses and trains from Ghaziabad to Delhi and return . But can’t travel by their own vehicles as borders are sealed . Nice way of community spread by bureaucrats.

Such an out of box thinking by Government and officials.Jai ho .",[],[],[],0,0,0,['#unlock1'],[],https://twitter.com/sharadtandon13/status/1267374735853322241,False,,0,,,,,,,"[{'user_id': '861240343060135936', 'username': 'sharadtandon13'}]",,,,
1267359706051461120,1267359706051461120,1590997074000,2020-06-01,13:07:54,IST,870592920327409665,jyotisingh_s,Reporter Jyoti Singh,,#Unlock1 की देश में पहली सुबह और दिल्ली - गाज़ियाबाद बॉर्डर पर सुस्त दिखा प्रशासन! @dm_ghaziabad @Uppolice @myogioffice @PMOIndia @HomeMinistrymv pic.twitter.com/6J0nKpYNAz,"['dm_ghaziabad', 'uppolice', 'myogioffice', 'pmoindia', 'homeministrymv']",[],"['https://pbs.twimg.com/media/EZaQ6coWkAEyTiD.jpg', 'https://pbs.twimg.com/media/EZaQ7L_WoAAfDPv.jpg']",0,1,13,['#unlock1'],[],https://twitter.com/jyotisingh_s/status/1267359706051461120,False,,0,,,,,,,"[{'user_id': '870592920327409665', 'username': 'jyotisingh_s'}, {'user_id': '760158046177923072', 'username': 'dm_ghaziabad'}, {'user_id': '1271749327', 'username': 'Uppolice'}, {'user_id': '1084769827271598080', 'username': 'myogioffice'}, {'user_id': '471741741', 'username': 'PMOIndia'}, {'user_id': '566073030', 'username': 'HomeMinistrymv'}]",,,,
1267346103969574912,1267346103969574912,1590993831000,2020-06-01,12:13:51,IST,893401291044511745,patrika_noida,Patrika Noida,,"Unlock-1: सोशल डिस्टेंसिंग के साथ शुरू हुई रोडवेज बस सेवा, यात्री बोले- शुक्रिया सरकार
 https://www.patrika.com/ghaziabad-news/up-roadways-bus-service-started-with-social-distancing-6153065/ …
#Unlock1 #UPRoadways @dm_ghaziabad @CMOfficeUP","['dm_ghaziabad', 'cmofficeup']",['https://www.patrika.com/ghaziabad-news/up-roadways-bus-service-started-with-social-distancing-6153065/'],[],0,0,0,"['#unlock1', '#uproadways']",[],https://twitter.com/patrika_noida/status/1267346103969574912,False,,0,,,,,,,"[{'user_id': '893401291044511745', 'username': 'patrika_noida'}, {'user_id': '760158046177923072', 'username': 'dm_ghaziabad'}, {'user_id': '2587240482', 'username': 'CMOfficeUP'}]",,,,
1267340497003085825,1267340497003085825,1590992495000,2020-06-01,11:51:35,IST,556232979,ankitnbt,Ankit tiwari,,#Unlock1 #ghaziabad रेलवे स्टेशन @NBTDilli pic.twitter.com/XytNHdiehc,['nbtdilli'],[],[],0,0,4,"['#unlock1', '#ghaziabad']",[],https://twitter.com/ankitnbt/status/1267340497003085825,False,,1,,,,,,,"[{'user_id': '556232979', 'username': 'ankitnbt'}, {'user_id': '150220875', 'username': 'NBTDilli'}]",,,,
1267337465955680257,1267146795668430857,1590991772000,2020-06-01,11:39:32,IST,1256847919119863809,shubhams9990,shubham sharma,,Sir please ask @myogiadityanath ji  that they should take care of small shopkeepers. Shops are not allowed to open after 5pm in Ghaziabad which really affects business (even after unlock1 declared by @AmitShah ji.),"['sushantbsinha', 'myogiadityanath', 'amitshah']",[],[],0,0,0,[],[],https://twitter.com/shubhams9990/status/1267337465955680257,False,,0,,,,,,,"[{'user_id': '1256847919119863809', 'username': 'shubhams9990'}, {'user_id': '88199384', 'username': 'SushantBSinha'}, {'user_id': '3437532637', 'username': 'myogiadityanath'}, {'user_id': '1447949844', 'username': 'AmitShah'}]",,,,
1267319776101240833,1267319776101240833,1590987554000,2020-06-01,10:29:14,IST,294164691,akash1312,Akash Dada,,Also @dm_ghaziabad tweeted that Situation at borders in #Unlock1 are as it is (same as till 31st May). No Changes ! @SushantBSinha @myogiadityanath https://twitter.com/akash1312/status/1267319226148294656 …,"['dm_ghaziabad', 'sushantbsinha', 'myogiadityanath']",['https://twitter.com/akash1312/status/1267319226148294656'],[],0,0,0,['#unlock1'],[],https://twitter.com/akash1312/status/1267319776101240833,False,https://twitter.com/akash1312/status/1267319226148294656,0,,,,,,,"[{'user_id': '294164691', 'username': 'akash1312'}, {'user_id': '760158046177923072', 'username': 'dm_ghaziabad'}, {'user_id': '88199384', 'username': 'SushantBSinha'}, {'user_id': '3437532637', 'username': 'myogiadityanath'}]",,,,
1267314384419737600,1267314384419737600,1590986269000,2020-06-01,10:07:49,IST,18159588,oneindia,Oneindia News,,"The @UPGovt allowed interstate travel but left it to the district administrations of Ghaziabad and Noida to take a call on the movement of people from adjoining New Delhi.

#Unlock1 #Lockdown5 #COVID19 #StaySafe #InterstateTravel http://oneindia.com/india/up-lifts-ban-on-inter-intra-state-travel-3097507.html …",['upgovt'],['http://oneindia.com/india/up-lifts-ban-on-inter-intra-state-travel-3097507.html'],[],0,0,0,"['#unlock1', '#lockdown5', '#covid19', '#staysafe', '#interstatetravel']",[],https://twitter.com/Oneindia/status/1267314384419737600,False,,0,,,,,,,"[{'user_id': '18159588', 'username': 'Oneindia'}, {'user_id': '2588841246', 'username': 'UPGovt'}]",,,,
1267309761403355136,1267309761403355136,1590985167000,2020-06-01,09:49:27,IST,1082093007308898304,hindiasiaville,Asiaville Hindi #DistanceForResistance,,"सोमवार से अनलॉक 1 लागू होने के बाद भी गौतम बुद्ध नगर (नोएडा) और गाजियाबाद की दिल्ली से लगती सीमा को न खोलने का फैसला किया गया है.
 https://bit.ly/3gIYyOW  | #Lockdown4 | #Unlock1 | @dmgbnagar | @dm_ghaziabad | @UPGovt | @CMOfficeUP |","['dmgbnagar', 'dm_ghaziabad', 'upgovt', 'cmofficeup']",['https://bit.ly/3gIYyOW'],[],0,0,0,"['#lockdown4', '#unlock1']",[],https://twitter.com/HindiAsiaville/status/1267309761403355136,False,,0,,,,,,,"[{'user_id': '1082093007308898304', 'username': 'HindiAsiaville'}, {'user_id': '874516907256197120', 'username': 'dmgbnagar'}, {'user_id': '760158046177923072', 'username': 'dm_ghaziabad'}, {'user_id': '2588841246', 'username': 'UPGovt'}, {'user_id': '2587240482', 'username': 'CMOfficeUP'}]",,,,
1267305178694217728,1267305178694217728,1590984074000,2020-06-01,09:31:14,IST,2262532860,newsmobileindia,NewsMobile,,Traffic movement at Delhi-Ghaziabad border near Ghazipur after government lifted restrictions on inter state and intra state movements. #Unlock1  pic.twitter.com/iJY1b3SpPj,[],[],"['https://pbs.twimg.com/media/EZZfUNcUYAA2oYV.jpg', 'https://pbs.twimg.com/media/EZZfUhzU0AIPbcQ.jpg', 'https://pbs.twimg.com/media/EZZfU6uUEAAKOwx.jpg']",0,1,1,['#unlock1'],[],https://twitter.com/NewsMobileIndia/status/1267305178694217728,False,,0,,,,,,,"[{'user_id': '2262532860', 'username': 'NewsMobileIndia'}]",,,,
1267304727601176582,1267304727601176582,1590983967000,2020-06-01,09:29:27,IST,3303023034,dynamitenews_,Dynamite News,,Traffic movement at Delhi-Ghaziabad border near Ghazipur after government lifted restrictions on inter state and intra state movements. #Unlock1,[],[],[],0,0,0,['#unlock1'],[],https://twitter.com/DynamiteNews_/status/1267304727601176582,False,,0,,,,,,,"[{'user_id': '3303023034', 'username': 'DynamiteNews_'}]",,,,
1267304547493404674,1267304547493404674,1590983924000,2020-06-01,09:28:44,IST,355989081,ani,ANI,,Traffic movement at Delhi-Ghaziabad border near Ghazipur after government lifted restrictions on inter state and intra state movements. #Unlock1  pic.twitter.com/o7leiNCp5o,[],[],"['https://pbs.twimg.com/media/EZZeiIhU0AA1m46.jpg', 'https://pbs.twimg.com/media/EZZelujU8AEnaBk.jpg', 'https://pbs.twimg.com/media/EZZeqDtUYAIQUBN.jpg']",0,11,237,['#unlock1'],[],https://twitter.com/ANI/status/1267304547493404674,False,,0,,,,,,,"[{'user_id': '355989081', 'username': 'ANI'}]",,,,
1267302906828451841,1267302906828451841,1590983532000,2020-06-01,09:22:12,IST,1074554990147055616,greenplanetmag1,Green Planet News (www.greenplanetmagazine.in),,"Ghaziabad: New Unlock 1 guidelines issued by DM; Delhi border remains shut | via @indiatvnews
#Ghaziabad #Unlock1 #Delhi #guidelines https://www.indiatvnews.com/news/india/unlock-1-ghaziabad-guidelines-delhi-border-sealed-622362 …",['indiatvnews'],['https://www.indiatvnews.com/news/india/unlock-1-ghaziabad-guidelines-delhi-border-sealed-622362'],[],0,0,0,"['#ghaziabad', '#unlock1', '#delhi', '#guidelines']",[],https://twitter.com/GreenPlanetMag1/status/1267302906828451841,False,,0,,,,,,,"[{'user_id': '1074554990147055616', 'username': 'GreenPlanetMag1'}, {'user_id': '34245009', 'username': 'indiatvnews'}]",,,,
1267301699443494913,1267301699443494913,1590983245000,2020-06-01,09:17:25,IST,34245009,indiatvnews,India TV,,"Ghaziabad: New Unlock 1 guidelines issued by DM; Delhi border remains shut | via @indiatvnews
#Ghaziabad #Unlock1 #Delhi #guidelines
 https://www.indiatvnews.com/news/india/unlock-1-ghaziabad-guidelines-delhi-border-sealed-622362 …",['indiatvnews'],['https://www.indiatvnews.com/news/india/unlock-1-ghaziabad-guidelines-delhi-border-sealed-622362'],[],0,1,33,"['#ghaziabad', '#unlock1', '#delhi', '#guidelines']",[],https://twitter.com/indiatvnews/status/1267301699443494913,False,,0,,,,,,,"[{'user_id': '34245009', 'username': 'indiatvnews'}]",,,,
1267299560931708930,1267299560931708930,1590982735000,2020-06-01,09:08:55,IST,122104659,shruti23sharan,Shruti Sharan,,"Hello! 

I’m travelling from Patna to Delhi on June 5. I live in Noida and since the borders are closed I don’t know how will I travel since no one can come and pick me up. Will I also need an e pass? Please help!  @dm_ghaziabad @ghaziabadpolice @noidapolice
@dmgbnagar #Unlock1","['dm_ghaziabad', 'ghaziabadpolice', 'noidapolice', 'dmgbnagar']",[],[],2,0,0,['#unlock1'],[],https://twitter.com/shruti23sharan/status/1267299560931708930,False,,0,,,,,,,"[{'user_id': '122104659', 'username': 'shruti23sharan'}, {'user_id': '760158046177923072', 'username': 'dm_ghaziabad'}, {'user_id': '1456464504', 'username': 'ghaziabadpolice'}, {'user_id': '1461970477', 'username': 'noidapolice'}, {'user_id': '874516907256197120', 'username': 'dmgbnagar'}]",,,,
1267293688603930626,1267293688603930626,1590981335000,2020-06-01,08:45:35,IST,19897138,indiatoday,IndiaToday,,"The UP gove said there is no ban on interstate travel but left it to the district administrations of Ghaziabad and Noida to take a call on the movement of people from Delhi.
#Unlock1 #lockdown #coronavirus https://www.indiatoday.in/india/story/coronaviurs-lockdown-unlock-maharashtra-tamil-nadu-karnataka-delhi-rajasthan-inter-state-travel-1684086-2020-06-01 …",[],['https://www.indiatoday.in/india/story/coronaviurs-lockdown-unlock-maharashtra-tamil-nadu-karnataka-delhi-rajasthan-inter-state-travel-1684086-2020-06-01'],[],0,6,25,"['#unlock1', '#lockdown', '#coronavirus']",[],https://twitter.com/IndiaToday/status/1267293688603930626,False,,0,,,,,,,"[{'user_id': '19897138', 'username': 'IndiaToday'}]",,,,
1267272106510704640,1267262462228705280,1590976189000,2020-06-01,07:19:49,IST,392016457,lockdown0320,Sk singh,,Then what is unlock1 @PMOIndia,"['amarujalanews', 'ghaziabadpolice', 'amrutcitygzb', 'dm_ghaziabad', 'pmoindia']",[],[],0,0,0,[],[],https://twitter.com/Lockdown0320/status/1267272106510704640,False,,0,,,,,,,"[{'user_id': '392016457', 'username': 'Lockdown0320'}, {'user_id': '169018518', 'username': 'AmarUjalaNews'}, {'user_id': '1456464504', 'username': 'ghaziabadpolice'}, {'user_id': '4001282093', 'username': 'AMRUTCityGzb'}, {'user_id': '760158046177923072', 'username': 'dm_ghaziabad'}, {'user_id': '471741741', 'username': 'PMOIndia'}]",,,,
1267262462228705280,1267262462228705280,1590973890000,2020-06-01,06:41:30,IST,169018518,amarujalanews,Amar Ujala,,"गाजियाबाद-दिल्ली बॉर्डर रहेगा सील, बाजार पहले की तरह खुलेंगे
#unlock1 @ghaziabadpolice @AMRUTCityGzb @dm_ghaziabad #CoronaVirusUpdates #Lockdown5 #COVID19Pandemic https://www.amarujala.com/delhi-ncr/ghaziabad-delhi-border-will-remain-sealed …","['ghaziabadpolice', 'amrutcitygzb', 'dm_ghaziabad']",['https://www.amarujala.com/delhi-ncr/ghaziabad-delhi-border-will-remain-sealed'],[],3,5,57,"['#unlock1', '#coronavirusupdates', '#lockdown5', '#covid19pandemic']",[],https://twitter.com/AmarUjalaNews/status/1267262462228705280,False,,0,,,,,,,"[{'user_id': '169018518', 'username': 'AmarUjalaNews'}, {'user_id': '1456464504', 'username': 'ghaziabadpolice'}, {'user_id': '4001282093', 'username': 'AMRUTCityGzb'}, {'user_id': '760158046177923072', 'username': 'dm_ghaziabad'}]",,,,
1267256828066295808,1267256828066295808,1590972546000,2020-06-01,06:19:06,IST,178602430,uditd982,udit derawal,,"Every district in Uttarpradesh has different rules
Please let me know can i travel from Meerut to Noida by my own car
@dmgbnagar @DmMeerut @dm_ghaziabad
#Unlock1 #Stayhomestaysafe","['dmgbnagar', 'dmmeerut', 'dm_ghaziabad']",[],[],0,0,0,"['#unlock1', '#stayhomestaysafe']",[],https://twitter.com/UDITD982/status/1267256828066295808,False,,0,,,,,,,"[{'user_id': '178602430', 'username': 'UDITD982'}, {'user_id': '874516907256197120', 'username': 'dmgbnagar'}, {'user_id': '1009405840913256449', 'username': 'DmMeerut'}, {'user_id': '760158046177923072', 'username': 'dm_ghaziabad'}]",,,,
1267114619442737153,1267114619442737153,1590938641000,2020-05-31,20:54:01,IST,1239180171154010112,gitalikhurana,Gitali Khurana,,गाजियाबाद में कंटेनमेंट जोन के तहत जो इलाके शामिल हैं उनकी लिस्ट - #coronavirus #Lockdown5 #Unlock1 #unlockone #Ghaziabad  pic.twitter.com/8Ryg8FoR4D,[],[],"['https://pbs.twimg.com/media/EZWx7T8XQAAQDf5.jpg', 'https://pbs.twimg.com/media/EZWx-ONWoAMcdYI.jpg', 'https://pbs.twimg.com/media/EZWyAfuWkAAmy0r.jpg']",0,1,0,"['#coronavirus', '#lockdown5', '#unlock1', '#unlockone', '#ghaziabad']",[],https://twitter.com/gitalikhurana/status/1267114619442737153,False,,0,,,,,,,"[{'user_id': '1239180171154010112', 'username': 'gitalikhurana'}]",,,,
1267093395341623296,1267093395341623296,1590933581000,2020-05-31,19:29:41,IST,4599202098,kunaltyagikt,कुणाल त्यागी,,"#Unlock1 का स्वागत ग़ाज़ियाबाद में Double Rainbow के साथ हुआ!
@narendramodi @rajnathsingh @Gen_VKSingh @myogiadityanath @ashwinityagibjp @BJP4UP @upwestbjp @dm_ghaziabad @SspGhaziabad pic.twitter.com/EjiL7sTJA4","['narendramodi', 'rajnathsingh', 'gen_vksingh', 'myogiadityanath', 'ashwinityagibjp', 'bjp4up', 'upwestbjp', 'dm_ghaziabad', 'sspghaziabad']",[],['https://pbs.twimg.com/media/EZWeuEaVcAA6iLv.jpg'],0,0,0,['#unlock1'],[],https://twitter.com/kunaltyagiKT/status/1267093395341623296,False,,0,,,,,,,"[{'user_id': '4599202098', 'username': 'kunaltyagiKT'}, {'user_id': '18839785', 'username': 'narendramodi'}, {'user_id': '1346439824', 'username': 'rajnathsingh'}, {'user_id': '1856414335', 'username': 'Gen_VKSingh'}, {'user_id': '3437532637', 'username': 'myogiadityanath'}, {'user_id': '427317657', 'username': 'ashwinityagibjp'}, {'user_id': '2220938808', 'username': 'BJP4UP'}, {'user_id': '810834188563861504', 'username': 'upwestbjp'}, {'user_id': '760158046177923072', 'username': 'dm_ghaziabad'}, {'user_id': '736906416414298112', 'username': 'SspGhaziabad'}]",,,,
1267056244495224832,1267056244495224832,1590924724000,2020-05-31,17:02:04,IST,709472329563148288,adv_sharmadj,Dhananjay Sharma,,"@dm_ghaziabad सर,
इस बार थोड़ा जल्दी प्लीज़। 2 तीन दिन मत लगा दीजिएगा,पिछली बार जैसा।

@dmgbnagar 
Please release guidelines as soon as possible.
#Unlock1 #hma","['dm_ghaziabad', 'dmgbnagar']",[],[],0,0,0,"['#unlock1', '#hma']",[],https://twitter.com/adv_sharmadj/status/1267056244495224832,False,,0,,,,,,,"[{'user_id': '709472329563148288', 'username': 'adv_sharmadj'}, {'user_id': '760158046177923072', 'username': 'dm_ghaziabad'}, {'user_id': '874516907256197120', 'username': 'dmgbnagar'}]",,,,
1267049778157891585,1267049105660022785,1590923182000,2020-05-31,16:36:22,IST,1113747196099399680,thefirstindia,First India,,"#UttarPradesh | On 1 case 250 meters, on 2 cases 500 meters #containmentzone. 
- #Noida, #Ghaziabad DM will decide for the border.
- Proposed to open schools, colleges in July.
- All government offices will open in three shifts.
- Markets will open from 9 am to 9 pm.
#Unlock1",[],[],[],0,0,0,"['#uttarpradesh', '#containmentzone', '#noida', '#ghaziabad', '#unlock1']",[],https://twitter.com/thefirstindia/status/1267049778157891585,False,,0,,,,,,,"[{'user_id': '1113747196099399680', 'username': 'thefirstindia'}]",,,,
1267044620774432769,1267040711385309186,1590921952000,2020-05-31,16:15:52,IST,2376970800,toilucknow,TOI Lucknow News,,"Prohibition on entry of people from containment zones/hotspot areas in Delhi to Gautam Buddh Nagar and Ghaziabad will remain: UP additional chief secretary (home), Awanish Awasthi #Unlock1",[],[],[],1,2,11,['#unlock1'],[],https://twitter.com/TOILucknow/status/1267044620774432769,False,,0,,,,,,,"[{'user_id': '2376970800', 'username': 'TOILucknow'}]",,,,
1267039488141856771,1267039488141856771,1590920729000,2020-05-31,15:55:29,IST,612363737,tauseefjourno,Tauseef Sheikh,,".@UPGovt releases #guidelines for #Unlock1. 
People coming to Noida and Ghaziabad from Delhi hotspot areas will have to wait for District administration orders.  pic.twitter.com/B4A5M2YGLb",['upgovt'],[],['https://pbs.twimg.com/media/EZVtrsUXYAUpYWo.jpg'],0,0,3,"['#guidelines', '#unlock1']",[],https://twitter.com/tauseefjourno/status/1267039488141856771,False,,0,,,,,,,"[{'user_id': '612363737', 'username': 'tauseefjourno'}, {'user_id': '2588841246', 'username': 'UPGovt'}]",,,,
1267037549928697856,1267037549928697856,1590920266000,2020-05-31,15:47:46,IST,2386800769,faihaider,Faizan Haidar ET,,UP has issued fresh #guidelines for #Unlock1. #noida and #Ghaziabad administration to decide on the opening of border with Delhi. Cabs to be allowed.  pic.twitter.com/Sv31wzzQkb,[],[],"['https://pbs.twimg.com/media/EZVr7KmU0AAUeub.jpg', 'https://pbs.twimg.com/media/EZVr7KmUcAE_dYN.jpg', 'https://pbs.twimg.com/media/EZVr7KnU4AE0O6Q.jpg', 'https://pbs.twimg.com/media/EZVr7KoUwAE65Ec.jpg']",1,5,5,"['#guidelines', '#unlock1', '#noida', '#ghaziabad']",[],https://twitter.com/FaiHaider/status/1267037549928697856,False,,0,,,,,,,"[{'user_id': '2386800769', 'username': 'FaiHaider'}]",,,,
1266909460188008455,1266909460188008455,1590889728000,2020-05-31,07:18:48,IST,2852865362,saurabhk_verma,saurabh verma,,"Centre allowed inter-state, intra-state movement of people but gave power to States to decide. Economic activities in Delhi-NCR are linked with people living in Noida, Ghaziabad, Gurugram, Faridabad.
Will they open up roads to #Delhi? 

#Unlock1
 pic.twitter.com/W0LvF4ORdm",[],[],"['https://pbs.twimg.com/media/EZTunVtU4AAea1O.jpg', 'https://pbs.twimg.com/media/EZTurDbU4AMm_Kb.jpg', 'https://pbs.twimg.com/media/EZTus4oU8AEUcXE.jpg']",0,0,0,"['#delhi', '#unlock1']",[],https://twitter.com/saurabhk_verma/status/1266909460188008455,False,,0,,,,,,,"[{'user_id': '2852865362', 'username': 'saurabhk_verma'}]",,,,
1266733594279460865,1266733594279460865,1590847798000,2020-05-30,19:39:58,IST,2897254658,hamaraghaziabad,Hamara Ghaziabad,,केंद्र सरकार ने जारी की जून माह के लिए #गाइडलाइंस #Unlock1 #Ghaziabad #HamaraGhaziabad #Ghaziabadnews pic.twitter.com/DuV38gMp42,[],[],['https://pbs.twimg.com/media/EZRXABwU8AEH-Cp.jpg'],2,1,20,"['#गाइडलाइंस', '#unlock1', '#ghaziabad', '#hamaraghaziabad', '#ghaziabadnews']",[],https://twitter.com/HamaraGhaziabad/status/1266733594279460865,False,,0,,,,,,,"[{'user_id': '2897254658', 'username': 'HamaraGhaziabad'}]",,,,
1266723840052224000,1266723840052224000,1590845472000,2020-05-30,19:01:12,IST,2897254658,hamaraghaziabad,Hamara Ghaziabad,,केंद्र सरकार ने जारी की जून माह के लिए गाइडलाइंस #Unlock1 #Ghaziabad #HamaraGhaziabad #Ghaziabadnews pic.twitter.com/KxBVmKYI4p,[],[],['https://pbs.twimg.com/media/EZROmqxU4AAFSwK.jpg'],0,0,10,"['#unlock1', '#ghaziabad', '#hamaraghaziabad', '#ghaziabadnews']",[],https://twitter.com/HamaraGhaziabad/status/1266723840052224000,False,,0,,,,,,,"[{'user_id': '2897254658', 'username': 'HamaraGhaziabad'}]",,,,
