id,conversation_id,created_at,date,time,timezone,user_id,username,name,place,tweet,mentions,urls,photos,replies_count,retweets_count,likes_count,hashtags,cashtags,link,retweet,quote_url,video,near,geo,source,user_rt_id,user_rt,retweet_id,reply_to,retweet_date,translate,trans_src,trans_dest
1275833942814281728,1275833942814281728,1593017490000,2020-06-24,22:21:30,IST,443759575,yogendra4nimesh,Yogendra Nimesh 💙,,"#मेरठ में आज बुद्धवार की रिपोर्ट में नये 18 लोगो मे कोरोना की पुष्टि, कुल पॉजिटिव आकड़ा हुआ 835, मरने वालों की संख्या 1, मरने वालों का कुल आंकड़ा हुआ 63, डिस्चार्ज हुए 20, एक्टिव केस अब 234 हुए। @MeerutReport @ApnaMeerutGroup @meerut_globe @ndtvindia @bstvlive
#Unlock1 #Meerut  pic.twitter.com/y8fqoUulKP","['meerutreport', 'apnameerutgroup', 'meerut_globe', 'ndtvindia', 'bstvlive']",[],['https://pbs.twimg.com/media/EbSsMZCU8AYAUBb.jpg'],0,0,2,"['#मेरठ', '#unlock1', '#meerut']",[],https://twitter.com/Yogendra4Nimesh/status/1275833942814281728,False,,0,,,,,,,"[{'user_id': '443759575', 'username': 'Yogendra4Nimesh'}, {'user_id': '1051023194285625345', 'username': 'MeerutReport'}, {'user_id': '1129350025182474241', 'username': 'ApnaMeerutGroup'}, {'user_id': '1048968653755039744', 'username': 'meerut_globe'}, {'user_id': '321271735', 'username': 'ndtvindia'}, {'user_id': '4453205292', 'username': 'bstvlive'}]",,,,
1275469896894144512,1275469896894144512,1592930695000,2020-06-23,22:14:55,IST,443759575,yogendra4nimesh,Yogendra Nimesh 💙,,"#मेरठ में आज मंगलवार की रिपोर्ट में नये 22 लोगो मे कोरोना की पुष्टि, कुल पॉजिटिव आकड़ा हुआ 817, मरने वालों की संख्या 1, मरने वालों का कुल आंकड़ा हुआ 62, डिस्चार्ज हुए 28, एक्टिव केस अब 237 हुए। @MeerutReport @ApnaMeerutGroup @meerut_globe @ndtvindia @bstvlive
#Unlock1 #Meerut  pic.twitter.com/s0LSUP4qfz","['meerutreport', 'apnameerutgroup', 'meerut_globe', 'ndtvindia', 'bstvlive']",[],['https://pbs.twimg.com/media/EbNhF8bUEAAt1tl.jpg'],0,0,2,"['#मेरठ', '#unlock1', '#meerut']",[],https://twitter.com/Yogendra4Nimesh/status/1275469896894144512,False,,0,,,,,,,"[{'user_id': '443759575', 'username': 'Yogendra4Nimesh'}, {'user_id': '1051023194285625345', 'username': 'MeerutReport'}, {'user_id': '1129350025182474241', 'username': 'ApnaMeerutGroup'}, {'user_id': '1048968653755039744', 'username': 'meerut_globe'}, {'user_id': '321271735', 'username': 'ndtvindia'}, {'user_id': '4453205292', 'username': 'bstvlive'}]",,,,
1275112647260696576,1275112647260696576,1592845520000,2020-06-22,22:35:20,IST,443759575,yogendra4nimesh,Yogendra Nimesh 💙,,"#मेरठ में आज सोमवार की रिपोर्ट में नये 19 लोगो मे कोरोना की पुष्टि, कुल पॉजिटिव आकड़ा हुआ 795, मरने वालों का कुल आंकड़ा हुआ 61, डिस्चार्ज हुए 8, एक्टिव केस अब 244 हुए। @MeerutReport @ApnaMeerutGroup @meerut_globe @ndtvindia @bstvlive
#Unlock1 #Meerut  pic.twitter.com/EOpKZOWu8W","['meerutreport', 'apnameerutgroup', 'meerut_globe', 'ndtvindia', 'bstvlive']",[],['https://pbs.twimg.com/media/EbIbzCWUwAAOVtS.jpg'],0,0,1,"['#मेरठ', '#unlock1', '#meerut']",[],https://twitter.com/Yogendra4Nimesh/status/1275112647260696576,False,,0,,,,,,,"[{'user_id': '443759575', 'username': 'Yogendra4Nimesh'}, {'user_id': '1051023194285625345', 'username': 'MeerutReport'}, {'user_id': '1129350025182474241', 'username': 'ApnaMeerutGroup'}, {'user_id': '1048968653755039744', 'username': 'meerut_globe'}, {'user_id': '321271735', 'username': 'ndtvindia'}, {'user_id': '4453205292', 'username': 'bstvlive'}]",,,,
1274763834901753856,1274763834901753856,1592762356000,2020-06-21,23:29:16,IST,443759575,yogendra4nimesh,Yogendra Nimesh 💙,,"#मेरठ में आज रविवार की रिपोर्ट में नये 8 लोगो मे कोरोना की पुष्टि, कुल पॉजिटिव आकड़ा हुआ 776, मरने वालों का कुल आंकड़ा हुआ 61, डिस्चार्ज हुए 6, एक्टिव केस अब 233 हुए। @MeerutReport @ApnaMeerutGroup @meerut_globe @ndtvindia @bstvlive
#Unlock1 #Meerut  pic.twitter.com/ItXdmiS11n pic.twitter.com/QFTwEqkFV5","['meerutreport', 'apnameerutgroup', 'meerut_globe', 'ndtvindia', 'bstvlive']",[],"['https://pbs.twimg.com/media/EbDe8YBU0AUu_tr.jpg', 'https://pbs.twimg.com/media/Ea-DhqjUwAAlLAK.jpg', 'https://pbs.twimg.com/media/Ea-DiweU8AASTWU.jpg']",0,0,1,"['#मेरठ', '#unlock1', '#meerut']",[],https://twitter.com/Yogendra4Nimesh/status/1274763834901753856,False,,0,,,,,,,"[{'user_id': '443759575', 'username': 'Yogendra4Nimesh'}, {'user_id': '1051023194285625345', 'username': 'MeerutReport'}, {'user_id': '1129350025182474241', 'username': 'ApnaMeerutGroup'}, {'user_id': '1048968653755039744', 'username': 'meerut_globe'}, {'user_id': '321271735', 'username': 'ndtvindia'}, {'user_id': '4453205292', 'username': 'bstvlive'}]",,,,
1274381890447749122,1274381890447749122,1592671294000,2020-06-20,22:11:34,IST,443759575,yogendra4nimesh,Yogendra Nimesh 💙,,"#मेरठ में आज शनिवार की रिपोर्ट में नये 23 लोगो मे कोरोना की पुष्टि, कुल पॉजिटिव आकड़ा हुआ 767, मरने वालों की संख्या 4, मरने वालों का कुल आंकड़ा हुआ 61, डिस्चार्ज हुए 11, एक्टिव केस अब 231 हुए। @MeerutReport @ApnaMeerutGroup @meerut_globe @ndtvindia @bstvlive
#Unlock1 #Meerut  pic.twitter.com/ItXdmiS11n","['meerutreport', 'apnameerutgroup', 'meerut_globe', 'ndtvindia', 'bstvlive']",[],"['https://pbs.twimg.com/media/Ea-DhqjUwAAlLAK.jpg', 'https://pbs.twimg.com/media/Ea-DiweU8AASTWU.jpg']",0,0,1,"['#मेरठ', '#unlock1', '#meerut']",[],https://twitter.com/Yogendra4Nimesh/status/1274381890447749122,False,,0,,,,,,,"[{'user_id': '443759575', 'username': 'Yogendra4Nimesh'}, {'user_id': '1051023194285625345', 'username': 'MeerutReport'}, {'user_id': '1129350025182474241', 'username': 'ApnaMeerutGroup'}, {'user_id': '1048968653755039744', 'username': 'meerut_globe'}, {'user_id': '321271735', 'username': 'ndtvindia'}, {'user_id': '4453205292', 'username': 'bstvlive'}]",,,,
1274014141649321987,1274014141649321987,1592583616000,2020-06-19,21:50:16,IST,443759575,yogendra4nimesh,Yogendra Nimesh 💙,,"#मेरठ में आज शुक्रवार की रिपोर्ट में नये 10 लोगो मे कोरोना की पुष्टि, कुल पॉजिटिव आकड़ा हुआ 744, मरने वालों की संख्या 1, मरने वालों का कुल आंकड़ा हुआ 57, डिस्चार्ज हुए 13, एक्टिव केस अब 230 हुए। @MeerutReport @ApnaMeerutGroup @meerut_globe @ndtvindia @bstvlive
#Unlock1 #Meerut  pic.twitter.com/f7eC9mKiS1","['meerutreport', 'apnameerutgroup', 'meerut_globe', 'ndtvindia', 'bstvlive']",[],['https://pbs.twimg.com/media/Ea41GS1VcAAmGw2.jpg'],0,0,1,"['#मेरठ', '#unlock1', '#meerut']",[],https://twitter.com/Yogendra4Nimesh/status/1274014141649321987,False,,0,,,,,,,"[{'user_id': '443759575', 'username': 'Yogendra4Nimesh'}, {'user_id': '1051023194285625345', 'username': 'MeerutReport'}, {'user_id': '1129350025182474241', 'username': 'ApnaMeerutGroup'}, {'user_id': '1048968653755039744', 'username': 'meerut_globe'}, {'user_id': '321271735', 'username': 'ndtvindia'}, {'user_id': '4453205292', 'username': 'bstvlive'}]",,,,
1273671160471777281,1273671160471777281,1592501842000,2020-06-18,23:07:22,IST,443759575,yogendra4nimesh,Yogendra Nimesh 💙,,"#मेरठ में आज गुरुवार की रिपोर्ट में नये 6 लोगो मे कोरोना की पुष्टि, कुल पॉजिटिव आकड़ा हुआ 734, मरने वालों की संख्या 1, मरने वालों का कुल आंकड़ा हुआ 56, एक्टिव केस अब 235 हुए। @MeerutReport @ApnaMeerutGroup @shansamachar @meerut_globe @ndtvindia
#CoronaUpdate
#Unlock1 #Meerut  pic.twitter.com/8OBQOWm6PB","['meerutreport', 'apnameerutgroup', 'shansamachar', 'meerut_globe', 'ndtvindia']",[],['https://pbs.twimg.com/media/Eaz9KErUcAAdxRK.jpg'],0,0,0,"['#मेरठ', '#coronaupdate', '#unlock1', '#meerut']",[],https://twitter.com/Yogendra4Nimesh/status/1273671160471777281,False,,0,,,,,,,"[{'user_id': '443759575', 'username': 'Yogendra4Nimesh'}, {'user_id': '1051023194285625345', 'username': 'MeerutReport'}, {'user_id': '1129350025182474241', 'username': 'ApnaMeerutGroup'}, {'user_id': '852917197965893632', 'username': 'shansamachar'}, {'user_id': '1048968653755039744', 'username': 'meerut_globe'}, {'user_id': '321271735', 'username': 'ndtvindia'}]",,,,
1273317738279309319,1273317738279309319,1592417580000,2020-06-17,23:43:00,IST,443759575,yogendra4nimesh,Yogendra Nimesh 💙,,"#मेरठ में आज बुद्धवार की रिपोर्ट में नये 25 लोगो मे कोरोना की पुष्टि, कुल आकड़ा हुआ 728, मरने वालों की संख्या 2 जिसमे 1 अन्य जिले की मौत शामिल, कुल आंकड़ा हुआ 55, एक्टिव केस अब 230 हुए। @MeerutReport @ApnaMeerutGroup @SocialENews1 @meerut_globe
#CoronaUpdate
#Unlock1 #Meerut  pic.twitter.com/4Lj2psrHyx","['meerutreport', 'apnameerutgroup', 'socialenews1', 'meerut_globe']",[],"['https://pbs.twimg.com/media/Eau7tt7U4AEXqkh.jpg', 'https://pbs.twimg.com/media/Eau7uiwU4AA_xgL.jpg']",0,0,2,"['#मेरठ', '#coronaupdate', '#unlock1', '#meerut']",[],https://twitter.com/Yogendra4Nimesh/status/1273317738279309319,False,,0,,,,,,,"[{'user_id': '443759575', 'username': 'Yogendra4Nimesh'}, {'user_id': '1051023194285625345', 'username': 'MeerutReport'}, {'user_id': '1129350025182474241', 'username': 'ApnaMeerutGroup'}, {'user_id': '1203735372716367873', 'username': 'SocialENews1'}, {'user_id': '1048968653755039744', 'username': 'meerut_globe'}]",,,,
1272940022748942336,1272940022748942336,1592327526000,2020-06-16,22:42:06,IST,443759575,yogendra4nimesh,Yogendra Nimesh 💙,,"#मेरठ में आज मंगलवार की रिपोर्ट में नये 33 लोगो मे कोरोना की पुष्टि, कुल पॉजिटिव आकड़ा हुआ 705, मरने वालों की संख्या 5, मरने वालों का कुल आंकड़ा हुआ 53, डिस्चार्ज हुए 24, एक्टिव केस अब 209 हुए। @MeerutReport @ApnaMeerutGroup @meerut_globe
#CoronaUpdate
#Unlock1 #Meerut  pic.twitter.com/DrXpuLXrYG","['meerutreport', 'apnameerutgroup', 'meerut_globe']",[],"['https://pbs.twimg.com/media/EapkL1SUMAAnv7U.jpg', 'https://pbs.twimg.com/media/EapkMooUwAAYGh0.jpg']",0,1,3,"['#मेरठ', '#coronaupdate', '#unlock1', '#meerut']",[],https://twitter.com/Yogendra4Nimesh/status/1272940022748942336,False,,0,,,,,,,"[{'user_id': '443759575', 'username': 'Yogendra4Nimesh'}, {'user_id': '1051023194285625345', 'username': 'MeerutReport'}, {'user_id': '1129350025182474241', 'username': 'ApnaMeerutGroup'}, {'user_id': '1048968653755039744', 'username': 'meerut_globe'}]",,,,
1272839467313672192,1272839467313672192,1592303551000,2020-06-16,16:02:31,IST,443759575,yogendra4nimesh,Yogendra Nimesh 💙,,"#मेरठ में कोरोना से दो और मौत, 50 हुई मरने वालों की संख्या, कल मिले थे 40 नए संक्रमित मरीज। @AmarUjalaNews @AU_MeerutNews
#Unlock1 #Meerut  https://www.amarujala.com/amp/uttar-pradesh/meerut/meerut-uttar-pradesh-coronavirus-news-in-hindi-a-old-man-died-from-corona-virus-in-the-city-at-today?__twitter_impression=true …","['amarujalanews', 'au_meerutnews']",['https://www.amarujala.com/amp/uttar-pradesh/meerut/meerut-uttar-pradesh-coronavirus-news-in-hindi-a-old-man-died-from-corona-virus-in-the-city-at-today?__twitter_impression=true'],[],0,0,0,"['#मेरठ', '#unlock1', '#meerut']",[],https://twitter.com/Yogendra4Nimesh/status/1272839467313672192,False,,0,,,,,,,"[{'user_id': '443759575', 'username': 'Yogendra4Nimesh'}, {'user_id': '169018518', 'username': 'AmarUjalaNews'}, {'user_id': '1169860545098309632', 'username': 'AU_MeerutNews'}]",,,,
1272582258575073281,1272582258575073281,1592242228000,2020-06-15,23:00:28,IST,443759575,yogendra4nimesh,Yogendra Nimesh 💙,,"#मेरठ में आज सोमवार की रिपोर्ट में नये 40 लोगो मे कोरोना की पुष्टि, कुल पॉजिटिव आकड़ा हुआ 672, मरने वालों की संख्या 1, मरने वालों का कुल आंकड़ा हुआ 48। @MeerutReport @ApnaMeerutGroup @SocialENews1 @meerut_globe @ndtvindia @shansamachar @bstvlive
#CoronaUpdate
#Unlock1 #Meerut  pic.twitter.com/xaSbsgT6mK","['meerutreport', 'apnameerutgroup', 'socialenews1', 'meerut_globe', 'ndtvindia', 'shansamachar', 'bstvlive']",[],"['https://pbs.twimg.com/media/EakepSmU4AAcAiU.jpg', 'https://pbs.twimg.com/media/EakeuhNU0AM-s1T.jpg']",0,0,3,"['#मेरठ', '#coronaupdate', '#unlock1', '#meerut']",[],https://twitter.com/Yogendra4Nimesh/status/1272582258575073281,False,,0,,,,,,,"[{'user_id': '443759575', 'username': 'Yogendra4Nimesh'}, {'user_id': '1051023194285625345', 'username': 'MeerutReport'}, {'user_id': '1129350025182474241', 'username': 'ApnaMeerutGroup'}, {'user_id': '1203735372716367873', 'username': 'SocialENews1'}, {'user_id': '1048968653755039744', 'username': 'meerut_globe'}, {'user_id': '321271735', 'username': 'ndtvindia'}, {'user_id': '852917197965893632', 'username': 'shansamachar'}, {'user_id': '4453205292', 'username': 'bstvlive'}]",,,,
1272229086274830336,1272229086274830336,1592158025000,2020-06-14,23:37:05,IST,443759575,yogendra4nimesh,Yogendra Nimesh 💙,,"#मेरठ में आज रविवार की रिपोर्ट में नये 27 लोगो मे कोरोना की पुष्टि, कुल पॉजिटिव आकड़ा हुआ 632, मरने वालों की संख्या 1, मरने वालों का कुल आंकड़ा हुआ 47, डिस्चार्ज हुए 4, एक्टिव केस अब 166 हुए। @MeerutReport @ApnaMeerutGroup @meerut_globe @ndtvindia
#CoronaUpdate
#Unlock1 #Meerut  pic.twitter.com/brBSs8aMwM","['meerutreport', 'apnameerutgroup', 'meerut_globe', 'ndtvindia']",[],"['https://pbs.twimg.com/media/Eafdk9IU0AAps-j.jpg', 'https://pbs.twimg.com/media/Eafdmb9UEAAlKJX.jpg']",0,0,1,"['#मेरठ', '#coronaupdate', '#unlock1', '#meerut']",[],https://twitter.com/Yogendra4Nimesh/status/1272229086274830336,False,,0,,,,,,,"[{'user_id': '443759575', 'username': 'Yogendra4Nimesh'}, {'user_id': '1051023194285625345', 'username': 'MeerutReport'}, {'user_id': '1129350025182474241', 'username': 'ApnaMeerutGroup'}, {'user_id': '1048968653755039744', 'username': 'meerut_globe'}, {'user_id': '321271735', 'username': 'ndtvindia'}]",,,,
1272189036195532808,1272189036195532808,1592148477000,2020-06-14,20:57:57,IST,140381438,asingh1978,Ashutosh,,"#unlock1.ochallenge, @DDNewslive 
Prarthna Singh, 6 Years , 1st Std
Aansu Singh , 10 Years , 5th Std
Both are studying in KL International school meerut  pic.twitter.com/7Tic4zO8ZI",['ddnewslive'],[],['https://pbs.twimg.com/media/Eae5J8AU4AAYDnS.jpg'],0,0,0,['#unlock1'],[],https://twitter.com/asingh1978/status/1272189036195532808,False,,0,,,,,,,"[{'user_id': '140381438', 'username': 'asingh1978'}, {'user_id': '1100927498', 'username': 'DDNewslive'}]",,,,
1271821025013989376,1271821025013989376,1592060736000,2020-06-13,20:35:36,IST,443759575,yogendra4nimesh,Yogendra Nimesh 💙,,"#मेरठ में आज शनिवार की रिपोर्ट में नये 23 लोगो मे कोरोना की पुष्टि, कुल पॉजिटिव आकड़ा हुआ 605, मरने वालों की संख्या 1, मरने वालों का कुल आंकड़ा हुआ 46, डिस्चार्ज हुए 4, एक्टिव केस अब 140 हुए। @MeerutReport @ApnaMeerutGroup @meerut_globe @ndtvindia
#CoronaUpdate
#Unlock1 #Meerut  pic.twitter.com/UTn2ec7ocw","['meerutreport', 'apnameerutgroup', 'meerut_globe', 'ndtvindia']",[],['https://pbs.twimg.com/media/EaZqeR1U0Aw8H7H.jpg'],0,3,6,"['#मेरठ', '#coronaupdate', '#unlock1', '#meerut']",[],https://twitter.com/Yogendra4Nimesh/status/1271821025013989376,False,,0,,,,,,,"[{'user_id': '443759575', 'username': 'Yogendra4Nimesh'}, {'user_id': '1051023194285625345', 'username': 'MeerutReport'}, {'user_id': '1129350025182474241', 'username': 'ApnaMeerutGroup'}, {'user_id': '1048968653755039744', 'username': 'meerut_globe'}, {'user_id': '321271735', 'username': 'ndtvindia'}]",,,,
1271490631735504896,1271490631735504896,1591981964000,2020-06-12,22:42:44,IST,443759575,yogendra4nimesh,Yogendra Nimesh 💙,,"#मेरठ में आज शुक्रवार की रिपोर्ट में नये 18 लोगो मे कोरोना की पुष्टि, कुल पॉजिटिव आकड़ा हुआ 582, मरने वालों की संख्या 3, मरने वालों का कुल आंकड़ा हुआ 45, डिस्चार्ज हुए 15, एक्टिव केस अब 122 हुए। @MeerutReport @ApnaMeerutGroup @meerut_globe
#CoronaUpdate
#Unlock1 #Meerut  pic.twitter.com/I9tt1C8K57","['meerutreport', 'apnameerutgroup', 'meerut_globe']",[],['https://pbs.twimg.com/media/EaU93Q-UMAAAPha.jpg'],2,3,5,"['#मेरठ', '#coronaupdate', '#unlock1', '#meerut']",[],https://twitter.com/Yogendra4Nimesh/status/1271490631735504896,False,,0,,,,,,,"[{'user_id': '443759575', 'username': 'Yogendra4Nimesh'}, {'user_id': '1051023194285625345', 'username': 'MeerutReport'}, {'user_id': '1129350025182474241', 'username': 'ApnaMeerutGroup'}, {'user_id': '1048968653755039744', 'username': 'meerut_globe'}]",,,,
1271478990809657345,1271478990809657345,1591979189000,2020-06-12,21:56:29,IST,443759575,yogendra4nimesh,Yogendra Nimesh 💙,,"#मेरठ ढाई माह बाद अमेरिका से आ पाया प्रोफेसर का शव।
@MeerutReport
#Unlock1 #Meerut
 https://meerutreport.com/after-two-and-a-half-months-the-body-of-the-professor-reached-meerut-from-america/ …",['meerutreport'],['https://meerutreport.com/after-two-and-a-half-months-the-body-of-the-professor-reached-meerut-from-america/'],[],0,1,3,"['#मेरठ', '#unlock1', '#meerut']",[],https://twitter.com/Yogendra4Nimesh/status/1271478990809657345,False,,0,,,,,,,"[{'user_id': '443759575', 'username': 'Yogendra4Nimesh'}, {'user_id': '1051023194285625345', 'username': 'MeerutReport'}]",,,,
1271478557454118912,1271478557454118912,1591979085000,2020-06-12,21:54:45,IST,443759575,yogendra4nimesh,Yogendra Nimesh 💙,,"#मेरठ के डॉक्टर ने अमेरिका में कोरोना मरीज का फेफड़ा प्रत्यारोपण किया। 
@MeerutReport
#Unlock1 #Meerut  https://meerutreport.com/meerut-doctor-performs-lung-transplant-of-corona-patient-in-us/ …",['meerutreport'],['https://meerutreport.com/meerut-doctor-performs-lung-transplant-of-corona-patient-in-us/'],[],0,1,2,"['#मेरठ', '#unlock1', '#meerut']",[],https://twitter.com/Yogendra4Nimesh/status/1271478557454118912,False,,0,,,,,,,"[{'user_id': '443759575', 'username': 'Yogendra4Nimesh'}, {'user_id': '1051023194285625345', 'username': 'MeerutReport'}]",,,,
1271115895109107719,1271115895109107719,1591892620000,2020-06-11,21:53:40,IST,443759575,yogendra4nimesh,Yogendra Nimesh 💙,,"#मेरठ में आज गुरुवार की रिपोर्ट में नये 10 लोगो मे कोरोना की पुष्टि, कुल पॉजिटिव आकड़ा हुआ 564, मरने वालों की संख्या 1, मरने वालों का कुल आंकड़ा हुआ 42, एक्टिव केस अब 121 हुए। @MeerutReport @ApnaMeerutGroup @SocialENews1 @meerut_globe @ndtvindia
#CoronaUpdate
#Unlock1 #Meerut  pic.twitter.com/n8FgKBV6wH","['meerutreport', 'apnameerutgroup', 'socialenews1', 'meerut_globe', 'ndtvindia']",[],['https://pbs.twimg.com/media/EaPpKUVUMAY0LQ3.jpg'],0,1,2,"['#मेरठ', '#coronaupdate', '#unlock1', '#meerut']",[],https://twitter.com/Yogendra4Nimesh/status/1271115895109107719,False,,0,,,,,,,"[{'user_id': '443759575', 'username': 'Yogendra4Nimesh'}, {'user_id': '1051023194285625345', 'username': 'MeerutReport'}, {'user_id': '1129350025182474241', 'username': 'ApnaMeerutGroup'}, {'user_id': '1203735372716367873', 'username': 'SocialENews1'}, {'user_id': '1048968653755039744', 'username': 'meerut_globe'}, {'user_id': '321271735', 'username': 'ndtvindia'}]",,,,
1271043770599919616,1271043770599919616,1591875424000,2020-06-11,17:07:04,IST,443759575,yogendra4nimesh,Yogendra Nimesh 💙,,"#मेरठ शहर सर्राफा में सर्राफा व्यापारियों को पुलिस ने प्रदर्शन से रोका। @MeerutReport
#Unlock1 #Meerut  https://meerutreport.com/police-prevented-bullion-traders-from-demonstrating-in-city-bullion/ …",['meerutreport'],['https://meerutreport.com/police-prevented-bullion-traders-from-demonstrating-in-city-bullion/'],[],0,1,2,"['#मेरठ', '#unlock1', '#meerut']",[],https://twitter.com/Yogendra4Nimesh/status/1271043770599919616,False,,0,,,,,,,"[{'user_id': '443759575', 'username': 'Yogendra4Nimesh'}, {'user_id': '1051023194285625345', 'username': 'MeerutReport'}]",,,,
1271016147865858048,1271016147865858048,1591868838000,2020-06-11,15:17:18,IST,443759575,yogendra4nimesh,Yogendra Nimesh 💙,,"#मेरठ व्यापारिक संगठनों की मांग, हॉटस्पॉट, बफर व कंटेनमेंट जोन को स्पष्ट करें। @MeerutReport
#Unlock1 #Meerut  https://meerutreport.com/meerut-city-latest-news-in-hindi/ …",['meerutreport'],['https://meerutreport.com/meerut-city-latest-news-in-hindi/'],[],0,1,2,"['#मेरठ', '#unlock1', '#meerut']",[],https://twitter.com/Yogendra4Nimesh/status/1271016147865858048,False,,0,,,,,,,"[{'user_id': '443759575', 'username': 'Yogendra4Nimesh'}, {'user_id': '1051023194285625345', 'username': 'MeerutReport'}]",,,,
1271015683321524227,1271015683321524227,1591868727000,2020-06-11,15:15:27,IST,443759575,yogendra4nimesh,Yogendra Nimesh 💙,,"#मेरठ सहित 11 जिलों में आंधी-बारिश की संभावना।
#Unlock1 #Meerut  https://meerutreport.com/chance-of-thunderstorm-in-11-districts-including-meerut/ …",[],['https://meerutreport.com/chance-of-thunderstorm-in-11-districts-including-meerut/'],[],0,1,2,"['#मेरठ', '#unlock1', '#meerut']",[],https://twitter.com/Yogendra4Nimesh/status/1271015683321524227,False,,0,,,,,,,"[{'user_id': '443759575', 'username': 'Yogendra4Nimesh'}]",,,,
1271015114565496832,1271015114565496832,1591868592000,2020-06-11,15:13:12,IST,443759575,yogendra4nimesh,Yogendra Nimesh 💙,,"#मेरठ में कोरोना संक्रमित महिला ने दिया जुड़वा बच्चों को जन्म। @MeerutReport
#Unlock1 #Meerut  https://meerutreport.com/corona-infected-woman-gives-birth-to-twins-in-meerut/ …",['meerutreport'],['https://meerutreport.com/corona-infected-woman-gives-birth-to-twins-in-meerut/'],[],0,1,2,"['#मेरठ', '#unlock1', '#meerut']",[],https://twitter.com/Yogendra4Nimesh/status/1271015114565496832,False,,0,,,,,,,"[{'user_id': '443759575', 'username': 'Yogendra4Nimesh'}, {'user_id': '1051023194285625345', 'username': 'MeerutReport'}]",,,,
1270960857460011012,1270960857460011012,1591855656000,2020-06-11,11:37:36,IST,911874586752323589,binocularsnews,Binoculars News,,"UNLOCK-1: मेरठ के बाजारों में आज से फिर लौटेगी रौनक, लेकिन व्यापारियों पर रहेगी पूरी जिम्मेदारी 
 http://binoculars.news/view_detail.php?excon=6182 …
#MeerutNews #Unlock1 @BinocularsNews @MP_Meerut @DmMeerut @myogioffice @myogiadityanath @AmitShahOffice pic.twitter.com/UdjXTa4d7B","['binocularsnews', 'mp_meerut', 'dmmeerut', 'myogioffice', 'myogiadityanath', 'amitshahoffice']",['http://binoculars.news/view_detail.php?excon=6182'],['https://pbs.twimg.com/media/EaNcI6cUMAEyqbW.jpg'],0,0,0,"['#meerutnews', '#unlock1']",[],https://twitter.com/BinocularsNews/status/1270960857460011012,False,,0,,,,,,,"[{'user_id': '911874586752323589', 'username': 'BinocularsNews'}, {'user_id': '2281013472', 'username': 'MP_Meerut'}, {'user_id': '1009405840913256449', 'username': 'DmMeerut'}, {'user_id': '1084769827271598080', 'username': 'myogioffice'}, {'user_id': '3437532637', 'username': 'myogiadityanath'}, {'user_id': '4306715188', 'username': 'AmitShahOffice'}]",,,,
1270950576142966785,1270950576142966785,1591853205000,2020-06-11,10:56:45,IST,1235121882577489920,elysionnews24,Elysion News24,,"आखिरकार जिला प्रशासन ने बफर जोन में शामिल कुछ बाजारों को खोलने की अनुमति दे दी।

#UP #Meerut #Coronavirus #Lockdown #Market #Unlock1 #BuferZone #Hotspot #ContainmentZone #Abulene #Sadar
 http://elysionnews24.com/2020/06/11/meerut-will-open-today-abulen/ … pic.twitter.com/YeMl1PxCiE",[],['http://elysionnews24.com/2020/06/11/meerut-will-open-today-abulen/'],['https://pbs.twimg.com/media/EaNSzccU0AY3O38.jpg'],0,0,0,"['#up', '#meerut', '#coronavirus', '#lockdown', '#market', '#unlock1', '#buferzone', '#hotspot', '#containmentzone', '#abulene', '#sadar']",[],https://twitter.com/ElysionNews24/status/1270950576142966785,False,,0,,,,,,,"[{'user_id': '1235121882577489920', 'username': 'ElysionNews24'}]",,,,
1270788758766575618,1270788758766575618,1591814624000,2020-06-11,00:13:44,IST,443759575,yogendra4nimesh,Yogendra Nimesh 💙,,"#मेरठ में आज रविवार की रिपोर्ट में नये 18 लोगो मे कोरोना की पुष्टि,कुल पॉजिटिव आकड़ा हुआ 554, मरने वालों की संख्या 2,कुल मरने वालों का आंकड़ा हुआ 41, डिसचार्ज हुए 7, एक्टिव केस अब 113 हुए। @MeerutReport @ApnaMeerutGroup @SocialENews1 @meerut_globe #CoronaUpdate
#Unlock1 #Meerut  pic.twitter.com/QYjQmVroSW","['meerutreport', 'apnameerutgroup', 'socialenews1', 'meerut_globe']",[],"['https://pbs.twimg.com/media/EaK_nclVcAA8ZJj.jpg', 'https://pbs.twimg.com/media/EaK_oQ-UYAAG-K6.jpg']",0,1,2,"['#मेरठ', '#coronaupdate', '#unlock1', '#meerut']",[],https://twitter.com/Yogendra4Nimesh/status/1270788758766575618,False,,0,,,,,,,"[{'user_id': '443759575', 'username': 'Yogendra4Nimesh'}, {'user_id': '1051023194285625345', 'username': 'MeerutReport'}, {'user_id': '1129350025182474241', 'username': 'ApnaMeerutGroup'}, {'user_id': '1203735372716367873', 'username': 'SocialENews1'}, {'user_id': '1048968653755039744', 'username': 'meerut_globe'}]",,,,
1270784748294733827,1270784748294733827,1591813668000,2020-06-10,23:57:48,IST,443759575,yogendra4nimesh,Yogendra Nimesh 💙,,"#मेरठ जब भाजपा नेता ही कर रहे लोकडाउन के नियमो का उलंघन तो कैसे मिलेगा कोरोना से छुटकारा – दिनेश गोयल। @MeerutReport @MP_Meerut @mlameerutcantt @DmMeerut @meerutpolice @igrangemeerut @Uppolice @BjpSarojini @DrSarojiniMLC
#Unlock1 #Meerut
 https://meerutreport.com/when-bjp-leaders-are-violating-the-rules-of-lokdown-how-can-we-get-rid-of-corona-dinesh-goyal/ …","['meerutreport', 'mp_meerut', 'dmmeerut', 'meerutpolice', 'igrangemeerut', 'uppolice', 'bjpsarojini', 'drsarojinimlc']",['https://meerutreport.com/when-bjp-leaders-are-violating-the-rules-of-lokdown-how-can-we-get-rid-of-corona-dinesh-goyal/'],[],1,0,3,"['#मेरठ', '#unlock1', '#meerut']",[],https://twitter.com/Yogendra4Nimesh/status/1270784748294733827,False,,0,,,,,,,"[{'user_id': '443759575', 'username': 'Yogendra4Nimesh'}, {'user_id': '1051023194285625345', 'username': 'MeerutReport'}, {'user_id': '2281013472', 'username': 'MP_Meerut'}, {'user_id': '1009405840913256449', 'username': 'DmMeerut'}, {'user_id': '1456777634', 'username': 'meerutpolice'}, {'user_id': '3379557374', 'username': 'igrangemeerut'}, {'user_id': '1271749327', 'username': 'Uppolice'}, {'user_id': '1107561738445176833', 'username': 'BjpSarojini'}, {'user_id': '2912673540', 'username': 'DrSarojiniMLC'}]",,,,
1270784067232030721,1270784067232030721,1591813506000,2020-06-10,23:55:06,IST,443759575,yogendra4nimesh,Yogendra Nimesh 💙,,"#मेरठ कैन्ट क्षेत्र में टोल, टैक्स ले रहे है तो सुविधा भी दे!
@DmMeerut @mlameerutcantt @MP_Meerut @MeerutReport
#Unlock1 #Meerut  https://meerutreport.com/in-the-cantt-area-if-you-are-taking-tolls-and-taxes-then-give-the-facility-too/ …","['dmmeerut', 'mp_meerut', 'meerutreport']",['https://meerutreport.com/in-the-cantt-area-if-you-are-taking-tolls-and-taxes-then-give-the-facility-too/'],[],0,1,2,"['#मेरठ', '#unlock1', '#meerut']",[],https://twitter.com/Yogendra4Nimesh/status/1270784067232030721,False,,0,,,,,,,"[{'user_id': '443759575', 'username': 'Yogendra4Nimesh'}, {'user_id': '1009405840913256449', 'username': 'DmMeerut'}, {'user_id': '2281013472', 'username': 'MP_Meerut'}, {'user_id': '1051023194285625345', 'username': 'MeerutReport'}]",,,,
1270779775695683584,1270779775695683584,1591812483000,2020-06-10,23:38:03,IST,443759575,yogendra4nimesh,Yogendra Nimesh 💙,,"#मेरठ अब इस तरह खुलेंगे आबूलेन और सदर बाजार।
@MeerutReport
#Unlock1 #Meerut
 https://meerutreport.com/now-abulen-and-sadar-bazaar-will-open-like-this/ …",['meerutreport'],['https://meerutreport.com/now-abulen-and-sadar-bazaar-will-open-like-this/'],[],1,0,2,"['#मेरठ', '#unlock1', '#meerut']",[],https://twitter.com/Yogendra4Nimesh/status/1270779775695683584,False,,0,,,,,,,"[{'user_id': '443759575', 'username': 'Yogendra4Nimesh'}, {'user_id': '1051023194285625345', 'username': 'MeerutReport'}]",,,,
1270778337598812164,1270778337598812164,1591812140000,2020-06-10,23:32:20,IST,443759575,yogendra4nimesh,Yogendra Nimesh 💙,,"#मेरठ सड़कों पर बने जाम के हालात, दिल्ली रोड और हापुड़ रोड पर वाहनों की संख्या में हुई बढ़ोतरी। @MeerutReport
#Unlock1 #Meerut  https://meerutreport.com/road-jam-situation-increase-in-number-of-vehicles-on-delhi-road-and-hapur-road/ …",['meerutreport'],['https://meerutreport.com/road-jam-situation-increase-in-number-of-vehicles-on-delhi-road-and-hapur-road/'],[],0,1,2,"['#मेरठ', '#unlock1', '#meerut']",[],https://twitter.com/Yogendra4Nimesh/status/1270778337598812164,False,,0,,,,,,,"[{'user_id': '443759575', 'username': 'Yogendra4Nimesh'}, {'user_id': '1051023194285625345', 'username': 'MeerutReport'}]",,,,
1270777905145094145,1270777905145094145,1591812037000,2020-06-10,23:30:37,IST,443759575,yogendra4nimesh,Yogendra Nimesh 💙,,"#मेरठ कंकरखेड़ा स्थित छोटी शिरडी मंदिर के खुले कपाट , प्रसाद चढ़ाने पर रही रोक। @MeerutReport
#Unlock1 #Meerut
 https://meerutreport.com/opening-of-small-shirdi-temple-kankarkheda-ban-on-offering-offerings/ …",['meerutreport'],['https://meerutreport.com/opening-of-small-shirdi-temple-kankarkheda-ban-on-offering-offerings/'],[],0,2,3,"['#मेरठ', '#unlock1', '#meerut']",[],https://twitter.com/Yogendra4Nimesh/status/1270777905145094145,False,,0,,,,,,,"[{'user_id': '443759575', 'username': 'Yogendra4Nimesh'}, {'user_id': '1051023194285625345', 'username': 'MeerutReport'}]",,,,
1270777400884957185,1270777400884957185,1591811916000,2020-06-10,23:28:36,IST,443759575,yogendra4nimesh,Yogendra Nimesh 💙,,"#मेरठ में हालात हुए बेकाबू, दारोगा समेत चार की मौत।
@MeerutReport
#Unlock1 #Meerut  https://meerutreport.com/situation-in-meerut-was-uncontrollable-four-including-inspector-died/ …",['meerutreport'],['https://meerutreport.com/situation-in-meerut-was-uncontrollable-four-including-inspector-died/'],[],0,1,2,"['#मेरठ', '#unlock1', '#meerut']",[],https://twitter.com/Yogendra4Nimesh/status/1270777400884957185,False,,0,,,,,,,"[{'user_id': '443759575', 'username': 'Yogendra4Nimesh'}, {'user_id': '1051023194285625345', 'username': 'MeerutReport'}]",,,,
1270776071030480900,1270776071030480900,1591811599000,2020-06-10,23:23:19,IST,443759575,yogendra4nimesh,Yogendra Nimesh 💙,,"#मेरठ डिलीवरी के 2 दिन बाद कंकरखेड़ा की महिला निकली कोरोना पॉजिटिव। @ApnaMeerutGroup
#Unlock1 #Meerut  https://www.thesabera.com/meerut/meerut-woman-corona-positive-report-after-delivery/ …",['apnameerutgroup'],['https://www.thesabera.com/meerut/meerut-woman-corona-positive-report-after-delivery/'],[],0,0,2,"['#मेरठ', '#unlock1', '#meerut']",[],https://twitter.com/Yogendra4Nimesh/status/1270776071030480900,False,,0,,,,,,,"[{'user_id': '443759575', 'username': 'Yogendra4Nimesh'}, {'user_id': '1129350025182474241', 'username': 'ApnaMeerutGroup'}]",,,,
1270605256607404032,1270404195959488513,1591770874000,2020-06-10,12:04:34,IST,443759575,yogendra4nimesh,Yogendra Nimesh 💙,,You should complain of these people who don't follow unlock1 guidelines with proof of evidence to local administration or police department.,"['siddhisingh18', 'apnameerutgroup', 'sachingupta787', 'deshbhakt321', 'parulsinghal47', 'dmmeerut', 'mccmeerut', 'mp_meerut']",[],[],0,0,2,[],[],https://twitter.com/Yogendra4Nimesh/status/1270605256607404032,False,,0,,,,,,,"[{'user_id': '443759575', 'username': 'Yogendra4Nimesh'}, {'user_id': '701538875542384640', 'username': 'siddhisingh18'}, {'user_id': '1129350025182474241', 'username': 'ApnaMeerutGroup'}, {'user_id': '1961677478', 'username': 'sachingupta787'}, {'user_id': '733911556061298688', 'username': 'deshbhakt321'}, {'user_id': '3300904605', 'username': 'parulsinghal47'}, {'user_id': '1009405840913256449', 'username': 'DmMeerut'}, {'user_id': '1249382231111430144', 'username': 'MccMeerut'}, {'user_id': '2281013472', 'username': 'MP_Meerut'}]",,,,
1270382088773160960,1270382088773160960,1591717667000,2020-06-09,21:17:47,IST,443759575,yogendra4nimesh,Yogendra Nimesh 💙,,"#मेरठ में आज मंगलवार की रिपोर्ट में नये 5 लोगो मे कोरोना की पुष्टि, कुल संक्रमित आकड़ा हुआ 536, मरने वालों की संख्या 2, मरने वालों का कुल आंकड़ा हुआ 39, एक्टिव केस अब 104 हुए। @MeerutReport @ApnaMeerutGroup @SocialENews1 @meerut_globe
#CoronaUpdate
#Unlock1 #Meerut  pic.twitter.com/daU6JIfKqt","['meerutreport', 'apnameerutgroup', 'socialenews1', 'meerut_globe']",[],['https://pbs.twimg.com/media/EaFNxBhUwAAp7dY.jpg'],0,1,3,"['#मेरठ', '#coronaupdate', '#unlock1', '#meerut']",[],https://twitter.com/Yogendra4Nimesh/status/1270382088773160960,False,,0,,,,,,,"[{'user_id': '443759575', 'username': 'Yogendra4Nimesh'}, {'user_id': '1051023194285625345', 'username': 'MeerutReport'}, {'user_id': '1129350025182474241', 'username': 'ApnaMeerutGroup'}, {'user_id': '1203735372716367873', 'username': 'SocialENews1'}, {'user_id': '1048968653755039744', 'username': 'meerut_globe'}]",,,,
1270353332159131648,1270353326236811264,1591710811000,2020-06-09,19:23:31,IST,1270343311866265600,dranaacrotest,dranaacrotest,,"@PAConstabulary 
Can you please clarify if these rules setup for the premises are legit and follow the lines of Unlock1.0 guidelines. This is the current situation for almost all the batallions across Noida, Ghaziabad and Meerut.
@myogiadityanath @Uppolice @dgpup","['paconstabulary', 'myogiadityanath', 'uppolice', 'dgpup']",[],[],0,0,0,[],[],https://twitter.com/dranaacrotest/status/1270353332159131648,False,,0,,,,,,,"[{'user_id': '1270343311866265600', 'username': 'dranaacrotest'}, {'user_id': '933709830052655105', 'username': 'PAConstabulary'}, {'user_id': '3437532637', 'username': 'myogiadityanath'}, {'user_id': '1271749327', 'username': 'Uppolice'}, {'user_id': '842978276800835584', 'username': 'dgpup'}]",,,,
1270323874417147904,1270323874417147904,1591703787000,2020-06-09,17:26:27,IST,443759575,yogendra4nimesh,Yogendra Nimesh 💙,,"Social distancing blessings! Today allow open religious places by DM Meerut.
Credit - @satishacharya
#Unlock1 #Meerut  pic.twitter.com/aBqvBf8NWb",['satishacharya'],[],['https://pbs.twimg.com/media/EaEY0nqUMAAeHWk.jpg'],0,1,2,"['#unlock1', '#meerut']",[],https://twitter.com/Yogendra4Nimesh/status/1270323874417147904,False,,0,,,,,,,"[{'user_id': '443759575', 'username': 'Yogendra4Nimesh'}, {'user_id': '25106021', 'username': 'satishacharya'}]",,,,
1270067799784914944,1270067799784914944,1591642734000,2020-06-09,00:28:54,IST,443759575,yogendra4nimesh,Yogendra Nimesh 💙,,"#मेरठ में रविवार और सोमवार की रिपोर्ट में नये 10 लोगो मे कोरोना की पुष्टि, कुल आकड़ा हुआ 530, मरने वालों की संख्या 3, कुल मरने वालों का आंकड़ा हुआ 37, एक्टिव केस अब 121 हुए। @MeerutReport @ApnaMeerutGroup @SocialENews1 @meerut_globe @ndtvindia
#CoronaUpdate
#Unlock1 #Meerut  pic.twitter.com/5J35QNYNLX","['meerutreport', 'apnameerutgroup', 'socialenews1', 'meerut_globe', 'ndtvindia']",[],['https://pbs.twimg.com/media/EaAv6yiUYAAIqc7.jpg'],2,1,3,"['#मेरठ', '#coronaupdate', '#unlock1', '#meerut']",[],https://twitter.com/Yogendra4Nimesh/status/1270067799784914944,False,,0,,,,,,,"[{'user_id': '443759575', 'username': 'Yogendra4Nimesh'}, {'user_id': '1051023194285625345', 'username': 'MeerutReport'}, {'user_id': '1129350025182474241', 'username': 'ApnaMeerutGroup'}, {'user_id': '1203735372716367873', 'username': 'SocialENews1'}, {'user_id': '1048968653755039744', 'username': 'meerut_globe'}, {'user_id': '321271735', 'username': 'ndtvindia'}]",,,,
1270053892558950400,1270052783983489029,1591639419000,2020-06-08,23:33:39,IST,723435348458496000,pulse24newsup,Chandan Pandey 🇮🇳,,"कंटेन्मेंट और बफर जोन से बाहर ही मिलेगी तयशुदा शर्तो पर अनुमति, धार्मिक स्थलों में 5 लोगो से ज़्यादा नही करेंगे प्रवेश, न लगेगा तिलक और ना होगा प्रसाद का वितरण, डीएम और एसएसपी ने कहा कड़ाई से कराया जाएगा नए नियमो का पालन।
@p24official
#Meerut #Unlock1
#COVID19",['p24official'],[],[],0,0,0,"['#meerut', '#unlock1', '#covid19']",[],https://twitter.com/Pulse24NewsUP/status/1270053892558950400,False,,0,,,,,,,"[{'user_id': '723435348458496000', 'username': 'Pulse24NewsUP'}, {'user_id': '887335904494329856', 'username': 'p24official'}]",,,,
1270053490203652098,1270052783983489029,1591639323000,2020-06-08,23:32:03,IST,723435348458496000,pulse24newsup,Chandan Pandey 🇮🇳,,"मेरठ में लगातार बढ़ रहे कोरोना पॉजिटिव केस के चलते प्रशासन ने लिया फ़ैसला, अभी नही खुलेंगे आबूलेन, बेगमपल, सदर बाज़ार, लालकुर्ती, हापुड़ अड्डा, शास्त्री नगर सेंट्रल मार्किट की दुकानें, इन इलाकों में आने वाले धार्मिक स्थल भी रहेगे बन्द।
@p24official
#Meerut #Unlock1
#Covid19",['p24official'],[],[],1,0,1,"['#meerut', '#unlock1', '#covid19']",[],https://twitter.com/Pulse24NewsUP/status/1270053490203652098,False,,0,,,,,,,"[{'user_id': '723435348458496000', 'username': 'Pulse24NewsUP'}, {'user_id': '887335904494329856', 'username': 'p24official'}]",,,,
1270052783983489029,1270052783983489029,1591639154000,2020-06-08,23:29:14,IST,723435348458496000,pulse24newsup,Chandan Pandey 🇮🇳,,"अनलॉक डाउन-1 में मेरठ को नही मिली राहत, कंटेन्मेंट और बफर ज़ोन में नही खुलेंगे धार्मिक स्थल, होटल, रेस्टोरेंट, शॉपिंग मॉल और ऑफिस, पूरा शहर है कंटेन्मेंट और बफर ज़ोन, डीएम अनिल ढींगरा और एसएसपी अजय साहनी ने अधिकारियों के साथ की बैठक।
@p24official
#Meerut #Covid19
#Unlock1",['p24official'],[],[],1,0,2,"['#meerut', '#covid19', '#unlock1']",[],https://twitter.com/Pulse24NewsUP/status/1270052783983489029,False,,0,,,,,,,"[{'user_id': '723435348458496000', 'username': 'Pulse24NewsUP'}, {'user_id': '887335904494329856', 'username': 'p24official'}]",,,,
1270036462315040773,1270036462315040773,1591635263000,2020-06-08,22:24:23,IST,443759575,yogendra4nimesh,Yogendra Nimesh 💙,,"#मेरठ बाइक बोट घोटाला: ईओडब्ल्यू की बड़ी कार्रवाई, मेरठ सहित यूपी के इन जिलों में छापा, कंपनी की 178 बाइकें बरामद। @AmarUjalaNews @AU_MeerutNews
#Unlock1 #Meerut
 https://www.amarujala.com/uttar-pradesh/meerut/bike-boat-scam-eow-recovered-178-bikes-of-the-company-in-the-raid-from-several-districts-including-meerut …","['amarujalanews', 'au_meerutnews']",['https://www.amarujala.com/uttar-pradesh/meerut/bike-boat-scam-eow-recovered-178-bikes-of-the-company-in-the-raid-from-several-districts-including-meerut'],[],0,0,2,"['#मेरठ', '#unlock1', '#meerut']",[],https://twitter.com/Yogendra4Nimesh/status/1270036462315040773,False,,0,,,,,,,"[{'user_id': '443759575', 'username': 'Yogendra4Nimesh'}, {'user_id': '169018518', 'username': 'AmarUjalaNews'}, {'user_id': '1169860545098309632', 'username': 'AU_MeerutNews'}]",,,,
1270034070710484996,1270034070710484996,1591634693000,2020-06-08,22:14:53,IST,91074298,ashishonground,Ashish,,"#COVID__19 update June 8:
#Ghaziabad crossed 500 mark, records 2 more deaths; Every 10th sample tested positive
Cases found: 28
Cured: 0
Fatality: 2 (1 at Santosh hospital, another at LLRM Meerut)
Infection rate: 10%
60% Rise in cases since #Unlock1
@ghaziabad_union
#coronavirus",['ghaziabad_union'],[],[],0,1,2,"['#covid__19', '#ghaziabad', '#unlock1', '#coronavirus']",[],https://twitter.com/AshishOnGround/status/1270034070710484996,False,,0,,,,,,,"[{'user_id': '91074298', 'username': 'AshishOnGround'}, {'user_id': '1259894924343947264', 'username': 'ghaziabad_union'}]",,,,
1269931089046515712,1269931089046515712,1591610140000,2020-06-08,15:25:40,IST,1039759933728645120,tv9bharatvarsh,TV9 Bharatvarsh,,"#Unlock शुरू होते ही बदली एक्टर फिरोज की जिंदगी, मेरठ में सुर्खियों में रहा ये निकाह

#Unlock1 | #UttarPradesh | #Meerut
 https://www.tv9bharatvarsh.com/uttar-pradesh/3-feet-groom-married-with-3-feet-bride-in-meerut-229034.html …",[],['https://www.tv9bharatvarsh.com/uttar-pradesh/3-feet-groom-married-with-3-feet-bride-in-meerut-229034.html'],[],0,0,5,"['#unlock', '#unlock1', '#uttarpradesh', '#meerut']",[],https://twitter.com/TV9Bharatvarsh/status/1269931089046515712,False,,0,,,,,,,"[{'user_id': '1039759933728645120', 'username': 'TV9Bharatvarsh'}]",,,,
1269913800263663619,1269913800263663619,1591606018000,2020-06-08,14:16:58,IST,1235121882577489920,elysionnews24,Elysion News24,,"जिला प्रशासन के तय किए गए रोस्टर के बाद बफर जोन को छोड़कर शहर के कई इलाकों में सोमवार को बाजार खुलने से व्‍यापारियों ने राहत की सांस ली। 

#Meerut #UP #Unlock1 #BuferZone #Roaster #Ganganagar #Mask #Shops #Market #ContainmentZone
 http://elysionnews24.com/2020/06/08/meerut-market-open-to-trade/ … pic.twitter.com/OPpzCvgSZ9",[],['http://elysionnews24.com/2020/06/08/meerut-market-open-to-trade/'],['https://pbs.twimg.com/media/EZ-j2NbVAAAs81I.jpg'],0,0,0,"['#meerut', '#up', '#unlock1', '#buferzone', '#roaster', '#ganganagar', '#mask', '#shops', '#market', '#containmentzone']",[],https://twitter.com/ElysionNews24/status/1269913800263663619,False,,0,,,,,,,"[{'user_id': '1235121882577489920', 'username': 'ElysionNews24'}]",,,,
1269647955801358336,1269647955801358336,1591542636000,2020-06-07,20:40:36,IST,1060151454,piblucknow,PIB in Uttar Pradesh,,#FightAgainstCOVID19 Meerut is ready for relaxations in #Unlock1 . DM seeks cooperation of public. @myogioffice @DmMeerut @PIB_India pic.twitter.com/R6ZIyqMwwN,"['myogioffice', 'dmmeerut', 'pib_india']",[],[],0,1,6,"['#fightagainstcovid19', '#unlock1']",[],https://twitter.com/PibLucknow/status/1269647955801358336,False,,1,,,,,,,"[{'user_id': '1060151454', 'username': 'PibLucknow'}, {'user_id': '1084769827271598080', 'username': 'myogioffice'}, {'user_id': '1009405840913256449', 'username': 'DmMeerut'}, {'user_id': '231033118', 'username': 'PIB_India'}]",,,,
1269637722139811840,1269637722139811840,1591540196000,2020-06-07,19:59:56,IST,712263269747003392,sonujournalist9,Sonu Choudhary 🇮🇳,,#Meerut - रबने बना दी जोड़ी' #Unlock1  pic.twitter.com/dvULP66CFl,[],[],['https://pbs.twimg.com/media/EZ6owiqWoAISCCc.jpg'],0,1,4,"['#meerut', '#unlock1']",[],https://twitter.com/SonuJournalist9/status/1269637722139811840,False,,0,,,,,,,"[{'user_id': '712263269747003392', 'username': 'SonuJournalist9'}]",,,,
1268099505444061184,1268099505444061184,1591173456000,2020-06-03,14:07:36,IST,565462327,aayushgoel83,Aayush,,"#BreakingNews #BREAKING
#TrendingNow

Massive #Traffic jam at #Delhi #UP #borders at #Ghazipur on Delhi #Meerut #expressway #NH9. Sealing of borders create chaos. #coronavirus
@AamAadmiParty @ArvindKejriwal @AMRUTCityGzb @dm_ghaziabad @noidapolice @noidapolice #Unlock1 #Lockdown5 pic.twitter.com/XEukRSrFNt","['aamaadmiparty', 'arvindkejriwal', 'amrutcitygzb', 'dm_ghaziabad', 'noidapolice']",[],['https://pbs.twimg.com/media/EZkxxapWAAMAeV7.jpg'],0,1,0,"['#breakingnews', '#breaking', '#trendingnow', '#traffic', '#delhi', '#up', '#borders', '#ghazipur', '#meerut', '#expressway', '#nh9', '#coronavirus', '#unlock1', '#lockdown5']",[],https://twitter.com/aayushgoel83/status/1268099505444061184,False,,0,,,,,,,"[{'user_id': '565462327', 'username': 'aayushgoel83'}, {'user_id': '711694309', 'username': 'AamAadmiParty'}, {'user_id': '405427035', 'username': 'ArvindKejriwal'}, {'user_id': '4001282093', 'username': 'AMRUTCityGzb'}, {'user_id': '760158046177923072', 'username': 'dm_ghaziabad'}, {'user_id': '1461970477', 'username': 'noidapolice'}]",,,,
1267778049031823365,1267778049031823365,1591096815000,2020-06-02,16:50:15,IST,1151978929776812032,dbnnetworks,DBN Networks,,"""Next Level Is Already Here,Near You,Only At DBN"".#Technology #WiredInternet #WiredBroadband #WirelessInternet #WirelessBroadband #InternetServiceProvider #Cloud #Data #B2B #B2C #Tower #Wires #Unlock1 #Internet #Broadband #Wifi #Connectivity #DBNNetworks #ConnectingAll #Meerut  pic.twitter.com/p8ByNgnhd4",[],[],[],0,0,0,"['#technology', '#wiredinternet', '#wiredbroadband', '#wirelessinternet', '#wirelessbroadband', '#internetserviceprovider', '#cloud', '#data', '#b2b', '#b2c', '#tower', '#wires', '#unlock1', '#internet', '#broadband', '#wifi', '#connectivity', '#dbnnetworks', '#connectingall', '#meerut']",[],https://twitter.com/DbnNetworks/status/1267778049031823365,False,,1,,,,,,,"[{'user_id': '1151978929776812032', 'username': 'DbnNetworks'}]",,,,
1267698040070189056,1267698040070189056,1591077740000,2020-06-02,11:32:20,IST,775341808968691712,policemedianews,PoliceMediaNews,,"#meerut #लॉकडाउन_5 के दौरान मेरठ में लगा लंबा जाम,सड़को पर लगी गाडियों व दूपहिया वाहनोें की कतारे, छूट मिलते ही कई स्थानों पर भारी जाम। @meerutpolice @Uppolice #युवराज_सिंह_माफी_मांगो #Unlock1 #Unlock1Point0 #policemedianews","['meerutpolice', 'uppolice']",[],[],0,0,7,"['#meerut', '#लॉकडाउन_5', '#युवराज_सिंह_माफी_मांगो', '#unlock1', '#unlock1point0', '#policemedianews']",[],https://twitter.com/policemedianews/status/1267698040070189056,False,,0,,,,,,,"[{'user_id': '775341808968691712', 'username': 'policemedianews'}, {'user_id': '1456777634', 'username': 'meerutpolice'}, {'user_id': '1271749327', 'username': 'Uppolice'}]",,,,
1267381657167974400,1267381657167974400,1591002308000,2020-06-01,14:35:08,IST,1235121882577489920,elysionnews24,Elysion News24,,"देशभर में अनलॉक-1 के तहत कुछ न कुछ रियायत मिल गई है, लेकिन मेरठ को फिलहाल कोई राहत मिलती नजर नहीं आ रही है। 

#Meerut #UP #Unlock1 #Lockdown #Coronavirus #Guidelines #DM #ContainmentZone #RedZone
 http://elysionnews24.com/2020/06/01/meerut-tomorrow-continues-will-new-guideline/ … pic.twitter.com/Fk5ivHGxiE",[],['http://elysionnews24.com/2020/06/01/meerut-tomorrow-continues-will-new-guideline/'],['https://pbs.twimg.com/media/EZak485WAAAjPm5.jpg'],0,0,0,"['#meerut', '#up', '#unlock1', '#lockdown', '#coronavirus', '#guidelines', '#dm', '#containmentzone', '#redzone']",[],https://twitter.com/ElysionNews24/status/1267381657167974400,False,,0,,,,,,,"[{'user_id': '1235121882577489920', 'username': 'ElysionNews24'}]",,,,
1267371145688383489,1267371145688383489,1590999802000,2020-06-01,13:53:22,IST,1131333817019510785,aakash20097672,Aakash,,"dear All
Mumbai has directed Odd even for shops from 5 june
Delhi, Ahemdabad, kerala, karnataka all shops will open
Sir please show some empathy towards small shopkeepers of Meerut
We request odd even rule in Meerut
@DmMeerut @myogiadityanath @PMOIndia
#unlock1
#livewithcorona","['dmmeerut', 'myogiadityanath', 'pmoindia']",[],[],0,0,1,"['#unlock1', '#livewithcorona']",[],https://twitter.com/Aakash20097672/status/1267371145688383489,False,,0,,,,,,,"[{'user_id': '1131333817019510785', 'username': 'Aakash20097672'}, {'user_id': '1009405840913256449', 'username': 'DmMeerut'}, {'user_id': '3437532637', 'username': 'myogiadityanath'}, {'user_id': '471741741', 'username': 'PMOIndia'}]",,,,
1267256828066295808,1267256828066295808,1590972546000,2020-06-01,06:19:06,IST,178602430,uditd982,udit derawal,,"Every district in Uttarpradesh has different rules
Please let me know can i travel from Meerut to Noida by my own car
@dmgbnagar @DmMeerut @dm_ghaziabad
#Unlock1 #Stayhomestaysafe","['dmgbnagar', 'dmmeerut', 'dm_ghaziabad']",[],[],0,0,0,"['#unlock1', '#stayhomestaysafe']",[],https://twitter.com/UDITD982/status/1267256828066295808,False,,0,,,,,,,"[{'user_id': '178602430', 'username': 'UDITD982'}, {'user_id': '874516907256197120', 'username': 'dmgbnagar'}, {'user_id': '1009405840913256449', 'username': 'DmMeerut'}, {'user_id': '760158046177923072', 'username': 'dm_ghaziabad'}]",,,,
1266831523963113474,1266831523963113474,1590871146000,2020-05-31,02:09:06,IST,72919562,umakantsingh_in,Uma Kant Singh,,"Demarcation of containment zones useless unless you undertake fast the work of door to door screening, rapid tests over a large sample, otherwise people to be brought dead regularly! MEERUT #UNLOCK1",[],[],[],1,0,0,['#unlock1'],[],https://twitter.com/umakantsingh_IN/status/1266831523963113474,False,,0,,,,,,,"[{'user_id': '72919562', 'username': 'umakantsingh_IN'}]",,,,
