id,conversation_id,created_at,date,time,timezone,user_id,username,name,place,tweet,mentions,urls,photos,replies_count,retweets_count,likes_count,hashtags,cashtags,link,retweet,quote_url,video,near,geo,source,user_rt_id,user_rt,retweet_id,reply_to,retweet_date,translate,trans_src,trans_dest
1277665673406083072,1277665673406083072,1593454209000,2020-06-29,23:40:09,IST,957575197,thehawk,The Hawk,,Vindhyachal Temple Reopens After 100 Days #Mirzapur #Vindhyachaltemple #UttarPradesh #Mirzapurdistrict #coronacrisis #Pilgrims #Unlock1.0.  http://www.thehawk.in/states/uttar-pradesh/vindhyachal-temple-reopens-after-100-days-157670?utm_campaign=pubshare&utm_source=Twitter&utm_medium=957575197&utm_content=auto-link&utm_id=346 …,[],['http://www.thehawk.in/states/uttar-pradesh/vindhyachal-temple-reopens-after-100-days-157670?utm_campaign=pubshare&utm_source=Twitter&utm_medium=957575197&utm_content=auto-link&utm_id=346'],[],0,0,0,"['#mirzapur', '#vindhyachaltemple', '#uttarpradesh', '#mirzapurdistrict', '#coronacrisis', '#pilgrims', '#unlock1']",[],https://twitter.com/thehawk/status/1277665673406083072,False,,0,,,,,,,"[{'user_id': '957575197', 'username': 'thehawk'}]",,,,
1277061643696893952,1277061643696893952,1593310197000,2020-06-28,07:39:57,IST,1212990974420377607,mirzapurnyk,"Nehru Yuva Kendra Mirzapur, UP (East)",,"Spreading awareness is an important tool too to fight any pandemic. Sh Pankaj & Arshad, NYV Marihan pasted posters in public spaces including BDO office, PHC, Police station, Bus stand, Petrol pump.
#India
#IndiaFightsCorona
#COVID19
#SundayMotivation
#SundayMorning #Unlock1  pic.twitter.com/tOaTlGy8xc",[],[],"['https://pbs.twimg.com/media/EbkDnYYUEAEGkTp.jpg', 'https://pbs.twimg.com/media/EbkDvwPUYAAFlWQ.jpg', 'https://pbs.twimg.com/media/EbkDzGyVAAc2NJS.jpg', 'https://pbs.twimg.com/media/EbkD1j5UYAEoZxW.jpg']",1,0,9,"['#india', '#indiafightscorona', '#covid19', '#sundaymotivation', '#sundaymorning', '#unlock1']",[],https://twitter.com/MirzapurNyk/status/1277061643696893952,False,,0,,,,,,,"[{'user_id': '1212990974420377607', 'username': 'MirzapurNyk'}]",,,,
1267756805138063360,1267756805138063360,1591091750000,2020-06-02,15:25:50,IST,775341808968691712,policemedianews,PoliceMediaNews,,"#Mirzapur ब्रांडेड कम्पनी की बोरी में मिली नकली सीमेंट, 4 सौ भरी और साढ़े 4 सौ खाली बोली मिली पुलिस को, मामले में आरोपी को किया गया गिरफ्तार, चुनार पुलिस को मिली सफलता। @mirzapurpolice @Uppolice #COVIDー19 #Unlock1 #ByeByeIndiaOnlyBharat #tuesdayvibes #policemedianews","['mirzapurpolice', 'uppolice']",[],[],0,0,3,"['#mirzapur', '#covidー19', '#unlock1', '#byebyeindiaonlybharat', '#tuesdayvibes', '#policemedianews']",[],https://twitter.com/policemedianews/status/1267756805138063360,False,,0,,,,,,,"[{'user_id': '775341808968691712', 'username': 'policemedianews'}, {'user_id': '1480983102', 'username': 'mirzapurpolice'}, {'user_id': '1271749327', 'username': 'Uppolice'}]",,,,
1267414313976778752,1267414313976778752,1591010094000,2020-06-01,16:44:54,IST,2797567730,mirzapuroffical,Mirzapur Official,,"वाराणसी से रोडवेज की बसों का परिचालन शुरू, मिर्ज़ापुर और विंध्याचल जाने वाला कोई यात्री नहीं मिला
#buses #roadwaysbus #Unlock1 #varanasi #mirzapur
 https://www.mirzapurofficial.in/mirzapur-news-roadways-buses-started-operating-from-varanasi-no-passenger-found-mirzapur/ …",[],['https://www.mirzapurofficial.in/mirzapur-news-roadways-buses-started-operating-from-varanasi-no-passenger-found-mirzapur/'],[],0,0,1,"['#buses', '#roadwaysbus', '#unlock1', '#varanasi', '#mirzapur']",[],https://twitter.com/Mirzapuroffical/status/1267414313976778752,False,,0,,,,,,,"[{'user_id': '2797567730', 'username': 'Mirzapuroffical'}]",,,,
1266933934975303683,1266933934975303683,1590895563000,2020-05-31,08:56:03,IST,1151941499266846721,henu75862647,Henu,,"Me in the starting of lockdown :
Bore ho rhe hu man kr rha h ghr bunk krke cllg chle jau

Me now :
#Mirzapur #Lockdown5 #Unlock1 #aatamnirbharbharat pic.twitter.com/pqJCB6DtTv",[],[],['https://pbs.twimg.com/media/EZUNsUoWkAA50tZ.jpg'],0,1,3,"['#mirzapur', '#lockdown5', '#unlock1', '#aatamnirbharbharat']",[],https://twitter.com/Henu75862647/status/1266933934975303683,False,,0,,,,,,,"[{'user_id': '1151941499266846721', 'username': 'Henu75862647'}]",,,,
1266771403950489601,1266771403950489601,1590856812000,2020-05-30,22:10:12,IST,842032375089393665,aniruddhaluman,Aniruddha Luman,,"Lockdown 5.0 aa gaya unlock 1.0 aa gaya but mirzapur S2 kab aayega 

#Lockdown5 #unlock1 #Mirzapur2",[],[],[],0,0,3,"['#lockdown5', '#unlock1', '#mirzapur2']",[],https://twitter.com/AniruddhaLuman/status/1266771403950489601,False,,0,,,,,,,"[{'user_id': '842032375089393665', 'username': 'AniruddhaLuman'}]",,,,
