id,conversation_id,created_at,date,time,timezone,user_id,username,name,place,tweet,mentions,urls,photos,replies_count,retweets_count,likes_count,hashtags,cashtags,link,retweet,quote_url,video,near,geo,source,user_rt_id,user_rt,retweet_id,reply_to,retweet_date,translate,trans_src,trans_dest
1276021521790599168,1276021521790599168,1593062212000,2020-06-25,10:46:52,IST,927446326261964801,au_dehradunnews,Amar Ujala Dehradun,,"आज से उत्तराखंड में रोडवेज बसों का संचालन शुरू हो गया है।

 https://www.amarujala.com/dehradun/unlock-1-in-uttarakhand-uttarakhand-roadways-buses-starts-from-today …
#Unlock1
#COVID__19
#CoronavirusIndia",[],['https://www.amarujala.com/dehradun/unlock-1-in-uttarakhand-uttarakhand-roadways-buses-starts-from-today'],[],0,1,1,"['#unlock1', '#covid__19', '#coronavirusindia']",[],https://twitter.com/AU_DehradunNews/status/1276021521790599168,False,,0,,,,,,,"[{'user_id': '927446326261964801', 'username': 'AU_DehradunNews'}]",,,,
1275480166567833600,1275480166567833600,1592933143000,2020-06-23,22:55:43,IST,927446326261964801,au_dehradunnews,Amar Ujala Dehradun,,"#उत्तराखंड में रोडवेज बसों का संचालन 25 जून से शुरू होगा। 
 https://www.amarujala.com/dehradun/unlock-1-in-uttarakhand-latest-news-roadways-bus-will-run-in-state-from-25th-june-know-guidelines …
#Uttarakhand #RoadwaysBus #Unlock1",[],['https://www.amarujala.com/dehradun/unlock-1-in-uttarakhand-latest-news-roadways-bus-will-run-in-state-from-25th-june-know-guidelines'],[],0,0,3,"['#उत्तराखंड', '#uttarakhand', '#roadwaysbus', '#unlock1']",[],https://twitter.com/AU_DehradunNews/status/1275480166567833600,False,,0,,,,,,,"[{'user_id': '927446326261964801', 'username': 'AU_DehradunNews'}]",,,,
1272960526314639360,1272960526314639360,1592332414000,2020-06-17,00:03:34,IST,1223159302073896961,shubhamag2308,Shubham Agarwal,,"@PIBDehradun can we travel by personal vehicle from Dehradun to rudrapur via nagina Rampur route? 
#Unlock1 #traveltorudrapur",['pibdehradun'],[],[],1,0,0,"['#unlock1', '#traveltorudrapur']",[],https://twitter.com/Shubhamag2308/status/1272960526314639360,False,,0,,,,,,,"[{'user_id': '1223159302073896961', 'username': 'Shubhamag2308'}, {'user_id': '921296037632868353', 'username': 'PIBDehradun'}]",,,,
1272490182323781638,1272490182323781638,1592220275000,2020-06-15,16:54:35,IST,1267116079689555968,heightsroad,Imperial Heights Mussoorie Road Dehradun,,#Dehradun #apartments #residential #hillstation #lockdown #Unlock1 #Hyderabad #KaranJohar #curfew #earthquake #flyingbeast #Hushpuppi #Insecure #KanganaRanaut #London pic.twitter.com/aobcJA55kg,[],[],['https://pbs.twimg.com/media/EajLEXBVcAAYdzp.jpg'],0,1,3,"['#dehradun', '#apartments', '#residential', '#hillstation', '#lockdown', '#unlock1', '#hyderabad', '#karanjohar', '#curfew', '#earthquake', '#flyingbeast', '#hushpuppi', '#insecure', '#kanganaranaut', '#london']",[],https://twitter.com/HeightsRoad/status/1272490182323781638,False,,0,,,,,,,"[{'user_id': '1267116079689555968', 'username': 'HeightsRoad'}]",,,,
1271644812295327750,1271644812295327750,1592018723000,2020-06-13,08:55:23,IST,1211291550241570818,newsphh,News PHH (PunjabHaryanaHimachal),,"#Dehradun/पासिंग आउट परेड के साथ ही 333 कैडेट्स इंडियन आर्मी में हुए शामिल, देश सेवा के लिए हुए समर्पित
@sdineshaa @rajnathsingh @tsrawatbjp #NewsPHH #IndianArmy #SaturdayMorning #Unlock1  pic.twitter.com/FHYxvMsi3e","['sdineshaa', 'rajnathsingh', 'tsrawatbjp']",[],"['https://pbs.twimg.com/media/EaXKKMzUwAEdv7e.jpg', 'https://pbs.twimg.com/media/EaXKKM1UMAAf_LO.jpg', 'https://pbs.twimg.com/media/EaXKKMzU4AETU-T.jpg']",0,4,5,"['#dehradun', '#newsphh', '#indianarmy', '#saturdaymorning', '#unlock1']",[],https://twitter.com/newsphh/status/1271644812295327750,False,,0,,,,,,,"[{'user_id': '1211291550241570818', 'username': 'newsphh'}, {'user_id': '59386018', 'username': 'sdineshaa'}, {'user_id': '1346439824', 'username': 'rajnathsingh'}, {'user_id': '1853680447', 'username': 'tsrawatbjp'}]",,,,
1271034426412003329,1271034426412003329,1591873196000,2020-06-11,16:29:56,IST,1188210470911496192,abliqt,Abliq Technologies,,"Abliq Technologies provides a best online grocery store. 

Email:✉️ info@abliq.in
Contact: 📲+91-8698755048
#abliq #abliqtechnologies #abliqdehradun #dehradun #grocery #bestwebsitedesigningcompany #bestgraphicdesign #digitalmarketing #marketing #digital #unlock1 #corona #lockdown pic.twitter.com/tHGBC7orbc",[],[],['https://pbs.twimg.com/media/EaOejdsU0AAhB6R.jpg'],0,0,2,"['#abliq', '#abliqtechnologies', '#abliqdehradun', '#dehradun', '#grocery', '#bestwebsitedesigningcompany', '#bestgraphicdesign', '#digitalmarketing', '#marketing', '#digital', '#unlock1', '#corona', '#lockdown']",[],https://twitter.com/AbliqT/status/1271034426412003329,False,,0,,,,,,,"[{'user_id': '1188210470911496192', 'username': 'AbliqT'}]",,,,
1270126699968000000,1270126699968000000,1591656777000,2020-06-09,04:22:57,IST,101576675,maheshbhatt007,Baba Banarasi,,Is there still any pass or permit required to enter or travel to Uttarakhand from other states in country ? @GovtofUK @ukcmo @uttarakhandcops @cmo_uttarakhand @DehradunSsp #Delhi #dehradun #Uttarakhand #India #Unlock1 #Uttarakhand #chardhamyatra #chardham https://twitter.com/uttarakhandcops/status/1269866954166132737 …,"['govtofuk', 'ukcmo', 'uttarakhandcops', 'cmo_uttarakhand', 'dehradunssp']",['https://twitter.com/uttarakhandcops/status/1269866954166132737'],[],1,0,0,"['#delhi', '#dehradun', '#uttarakhand', '#india', '#unlock1', '#uttarakhand', '#chardhamyatra', '#chardham']",[],https://twitter.com/maheshbhatt007/status/1270126699968000000,False,https://twitter.com/uttarakhandcops/status/1269866954166132737,0,,,,,,,"[{'user_id': '101576675', 'username': 'maheshbhatt007'}, {'user_id': '1159720802515705856', 'username': 'GovtofUK'}, {'user_id': '1152103432733515776', 'username': 'ukcmo'}, {'user_id': '981046046804664320', 'username': 'uttarakhandcops'}, {'user_id': '943084294360231937', 'username': 'cmo_uttarakhand'}, {'user_id': '844746815295565824', 'username': 'DehradunSsp'}]",,,,
1270042977100943360,1270042977100943360,1591636816000,2020-06-08,22:50:16,IST,957575197,thehawk,The Hawk,,"Religious Places, Hotels, Malls Remain Closed In Doon City On Government Orders #Dehradun #Uttarakhandgovernment #newguidelines #unlock1 ..  http://www.thehawk.in/states/uttarakhand-news/religious-places-hotels-malls-remain-closed-in-doon-city-on-government-orders-152053?utm_campaign=pubshare&utm_source=Twitter&utm_medium=957575197&utm_content=auto-link&utm_id=346 …",[],['http://www.thehawk.in/states/uttarakhand-news/religious-places-hotels-malls-remain-closed-in-doon-city-on-government-orders-152053?utm_campaign=pubshare&utm_source=Twitter&utm_medium=957575197&utm_content=auto-link&utm_id=346'],[],0,0,0,"['#dehradun', '#uttarakhandgovernment', '#newguidelines', '#unlock1']",[],https://twitter.com/thehawk/status/1270042977100943360,False,,0,,,,,,,"[{'user_id': '957575197', 'username': 'thehawk'}]",,,,
1269879377388425216,1269879377388425216,1591597811000,2020-06-08,12:00:11,IST,1064483377900773381,theritamapp,Ritam | ऋतम्,,"देहरादून में आज से खुले धार्मिक स्थल, माता वैष्णो देवी गुफा योग मंदिर में पूजा करते पुजारी। 
#Uttarakhand
#Dehradun
#Unlock1  pic.twitter.com/fKWvhzLsfc",[],[],[],0,1,7,"['#uttarakhand', '#dehradun', '#unlock1']",[],https://twitter.com/TheRitamApp/status/1269879377388425216,False,,1,,,,,,,"[{'user_id': '1064483377900773381', 'username': 'TheRitamApp'}]",,,,
1269849501516234753,1269849501516234753,1591590688000,2020-06-08,10:01:28,IST,1113747196099399680,thefirstindia,First India,,"#Uttarakhand | Prayers being offered at Mata #VaishnoDevi Gufa Yog Mandir in Dehradun. 

Uttarakhand Govt has allowed opening of places of worship from today from 7 am to 7pm outside containment zones. However, pilgrims from places outside the state are not allowed.

#Unlock1  pic.twitter.com/jaJ2jeKH7Z",[],[],[],0,0,0,"['#uttarakhand', '#vaishnodevi', '#unlock1']",[],https://twitter.com/thefirstindia/status/1269849501516234753,False,,1,,,,,,,"[{'user_id': '1113747196099399680', 'username': 'thefirstindia'}]",,,,
1269679460351180800,1269679460351180800,1591550147000,2020-06-07,22:45:47,IST,927446326261964801,au_dehradunnews,Amar Ujala Dehradun,,"#उत्तराखंड में सोमवार से धार्मिक गतिविधियां सुबह सात बजे से शाम सात बजे तक शुरू होंगी।  https://www.amarujala.com/dehradun/unlock-1-in-uttarakhand-religious-places-hotel-restaurant-will-open-from-08th-june-char-dham-yatra-in-suspense …
#Uttarakhand #Lockdown5 #Unlock1 #Dehradun",[],['https://www.amarujala.com/dehradun/unlock-1-in-uttarakhand-religious-places-hotel-restaurant-will-open-from-08th-june-char-dham-yatra-in-suspense'],[],0,1,1,"['#उत्तराखंड', '#uttarakhand', '#lockdown5', '#unlock1', '#dehradun']",[],https://twitter.com/AU_DehradunNews/status/1269679460351180800,False,,0,,,,,,,"[{'user_id': '927446326261964801', 'username': 'AU_DehradunNews'}]",,,,
1269657787094544384,1269657787094544384,1591544980000,2020-06-07,21:19:40,IST,30846824,toicitiesnews,TOI Cities,,"Restaurant, malls, religious places to open in #Uttarakhand from 7am to 7pm. The orders will not be applicable in #Dehradun municipal area

#Unlock1",[],[],[],0,0,3,"['#uttarakhand', '#dehradun', '#unlock1']",[],https://twitter.com/TOICitiesNews/status/1269657787094544384,False,,0,,,,,,,"[{'user_id': '30846824', 'username': 'TOICitiesNews'}]",,,,
1268523838993600514,1268523838993600514,1591274625000,2020-06-04,18:13:45,IST,34245009,indiatvnews,India TV,,"Dehradun to remain closed on Saturday and Sunday, except for essential services

#Uttarakhand #Dehradun #coronavirus #CoronaVirusUpdate #Unlock1
 https://www.indiatvnews.com/news/india/unlock-1-dehradun-to-remain-closed-on-saturday-sunday-except-for-essential-services-623415 …",[],['https://www.indiatvnews.com/news/india/unlock-1-dehradun-to-remain-closed-on-saturday-sunday-except-for-essential-services-623415'],[],0,4,22,"['#uttarakhand', '#dehradun', '#coronavirus', '#coronavirusupdate', '#unlock1']",[],https://twitter.com/indiatvnews/status/1268523838993600514,False,,0,,,,,,,"[{'user_id': '34245009', 'username': 'indiatvnews'}]",,,,
1268484143588929537,1268484143588929537,1591265161000,2020-06-04,15:36:01,IST,1267116079689555968,heightsroad,Imperial Heights Mussoorie Road Dehradun,,"Imperial Heights, Mussoorie Road, Dehradun. #Unlock1  pic.twitter.com/t3LNNWpM2p",[],[],['https://pbs.twimg.com/media/EZqPly0UMAAj4Ga.jpg'],0,1,2,['#unlock1'],[],https://twitter.com/HeightsRoad/status/1268484143588929537,False,,0,,,,,,,"[{'user_id': '1267116079689555968', 'username': 'HeightsRoad'}]",,,,
1268151662759141376,1268151662759141376,1591185892000,2020-06-03,17:34:52,IST,725545144833839109,_nationalvoice,NationalVoice,,"#Dehradun : #CM #TrivendraSinghRawat का बयान - 8 जून से धार्मिक स्थलों को खोलने की अनुमति भारत सरकार ने दे दी है, इसी के मद्देनज़र ""सीमित, नियंत्रित और सुरक्षित"" तरीके से चारधाम यात्रा को शुरू करने पर विचार किया जायेगा। #Unlock1 | #Covid19 | #CoronaVirus |#COVID19 |#NationalVoice pic.twitter.com/GJXhNgwhPr",[],[],['https://pbs.twimg.com/media/EZlhLizU0AE70i7.jpg'],0,1,2,"['#dehradun', '#cm', '#trivendrasinghrawat', '#unlock1', '#covid19', '#coronavirus', '#covid19', '#nationalvoice']",[],https://twitter.com/_NationalVoice/status/1268151662759141376,False,,0,,,,,,,"[{'user_id': '725545144833839109', 'username': '_NationalVoice'}]",,,,
1268145076422635520,1268145076422635520,1591184321000,2020-06-03,17:08:41,IST,1267116079689555968,heightsroad,Imperial Heights Mussoorie Road Dehradun,,"Home sweet home.1/2/3 Bhk Ready to move in apartments in Mussoorie Road Dehradun. Call - 8126111666
#Unlock1 #Dehradun #kolkata pic.twitter.com/RtQKB8k5zn",[],[],['https://pbs.twimg.com/media/EZlbMz3XgAA-iWP.jpg'],0,0,1,"['#unlock1', '#dehradun', '#kolkata']",[],https://twitter.com/HeightsRoad/status/1268145076422635520,False,,0,,,,,,,"[{'user_id': '1267116079689555968', 'username': 'HeightsRoad'}]",,,,
1267829547157745670,1267829547157745670,1591109093000,2020-06-02,20:14:53,IST,927446326261964801,au_dehradunnews,Amar Ujala Dehradun,,"उत्तराखंड में ईसीएचएस से जुड़े गंभीर मरीजों के लिए राहत की खबर है।
 https://www.amarujala.com/dehradun/coronavirus-in-uttarakhand-ex-serviceman-can-purchase-medicines-from-market-till-31st-july …
#Uttarakhand #Unlock1 #Dehradun #EchsCard",[],['https://www.amarujala.com/dehradun/coronavirus-in-uttarakhand-ex-serviceman-can-purchase-medicines-from-market-till-31st-july'],[],0,0,1,"['#uttarakhand', '#unlock1', '#dehradun', '#echscard']",[],https://twitter.com/AU_DehradunNews/status/1267829547157745670,False,,0,,,,,,,"[{'user_id': '927446326261964801', 'username': 'AU_DehradunNews'}]",,,,
1267808423007129601,1267808423007129601,1591104057000,2020-06-02,18:50:57,IST,1242731805926547456,englishkibaat,English Ki Baat,,"Uttarakhand: A group of gym owners & fitness trainers in Dehradun staged a protest today demanding reopening of gyms amid #COVID19 lockdown. 

According to MHA guidelines, the opening of gymnasiums will be decided based on the assessment of the situation in Phase 3 of #Unlock1.  pic.twitter.com/nxTWDSMOX4",[],[],"['https://pbs.twimg.com/media/EZgo_3nUcAAQCXk.jpg', 'https://pbs.twimg.com/media/EZgpA2BUEAEls7-.jpg', 'https://pbs.twimg.com/media/EZgpBvJUcAEsd86.jpg']",0,0,4,"['#covid19', '#unlock1']",[],https://twitter.com/englishkibaat/status/1267808423007129601,False,,0,,,,,,,"[{'user_id': '1242731805926547456', 'username': 'englishkibaat'}]",,,,
1267807174270451712,1267807174270451712,1591103759000,2020-06-02,18:45:59,IST,1113747196099399680,thefirstindia,First India,,"#Uttarakhand | A group of gym owners & fitness trainers in Dehradun staged a protest today demanding reopening of gyms amid #COVID19 lockdown. 

According to MHA guidelines, the opening of gymnasiums will be decided based on the assessment of the situation in Phase 3 of #Unlock1.  pic.twitter.com/ceh8DLg8zU",[],[],"['https://pbs.twimg.com/media/EZgn3bTWAAARKUS.jpg', 'https://pbs.twimg.com/media/EZgn4m7WsAE5Vgz.jpg']",0,1,1,"['#uttarakhand', '#covid19', '#unlock1']",[],https://twitter.com/thefirstindia/status/1267807174270451712,False,,0,,,,,,,"[{'user_id': '1113747196099399680', 'username': 'thefirstindia'}]",,,,
1267804251490856964,1267804251490856964,1591103062000,2020-06-02,18:34:22,IST,841776639944069121,nabaprajanma,Axomiya Nabaprajanma,,"#Uttarakhand: A group of gym owners & fitness trainers in Dehradun staged a protest today demanding reopening of gyms amid #COVID19 lockdown. 

#Unlock1  pic.twitter.com/lfX2tOZAyw",[],[],"['https://pbs.twimg.com/media/EZglIk9WkAE8_DU.jpg', 'https://pbs.twimg.com/media/EZglKYFXQAEGoc_.jpg', 'https://pbs.twimg.com/media/EZglMaOWAAEeyf8.jpg', 'https://pbs.twimg.com/media/EZglORbXgAEJEwt.jpg']",0,0,0,"['#uttarakhand', '#covid19', '#unlock1']",[],https://twitter.com/Nabaprajanma/status/1267804251490856964,False,,0,,,,,,,"[{'user_id': '841776639944069121', 'username': 'Nabaprajanma'}]",,,,
1267801710405148672,1267801710405148672,1591102457000,2020-06-02,18:24:17,IST,2262532860,newsmobileindia,NewsMobile,,"Uttarakhand: A group of gym owners & fitness trainers in Dehradun staged a protest today demanding reopening of gyms amid #COVID19 lockdown. 

According to MHA guidelines, the opening of gymnasiums will be decided based on the assessment of the situation in Phase 3 of #Unlock1.  pic.twitter.com/xtBavOuRZa",[],[],['https://pbs.twimg.com/media/EZgi4sMVcAA4Tto.jpg'],1,0,0,"['#covid19', '#unlock1']",[],https://twitter.com/NewsMobileIndia/status/1267801710405148672,False,,0,,,,,,,"[{'user_id': '2262532860', 'username': 'NewsMobileIndia'}]",,,,
1267801324797616129,1267801324797616129,1591102365000,2020-06-02,18:22:45,IST,355989081,ani,ANI,,"Uttarakhand: A group of gym owners & fitness trainers in Dehradun staged a protest today demanding reopening of gyms amid #COVID19 lockdown. 

According to MHA guidelines, the opening of gymnasiums will be decided based on the assessment of the situation in Phase 3 of #Unlock1.  pic.twitter.com/pTUBDroZHH",[],[],"['https://pbs.twimg.com/media/EZgiB_HUwAAVNkn.jpg', 'https://pbs.twimg.com/media/EZgiB_HUMAAFcNy.jpg', 'https://pbs.twimg.com/media/EZgih-fUwAEkZfo.jpg']",71,170,950,"['#covid19', '#unlock1']",[],https://twitter.com/ANI/status/1267801324797616129,False,,0,,,,,,,"[{'user_id': '355989081', 'username': 'ANI'}]",,,,
1267388564997730304,1267388564997730304,1591003955000,2020-06-01,15:02:35,IST,1392557383,pahaditribal,Pahadi Tribal,,"People in Dehradun are in full freedom mode, almost 50 odd out of 80 odd people in the market are without masks. #Uttarakhand
#Unlock1.0",[],[],[],3,4,18,"['#uttarakhand', '#unlock1']",[],https://twitter.com/Pahaditribal/status/1267388564997730304,False,,0,,,,,,,"[{'user_id': '1392557383', 'username': 'Pahaditribal'}]",,,,
1267375744012955648,1267375744012955648,1591000898000,2020-06-01,14:11:38,IST,1267116079689555968,heightsroad,Imperial Heights Mussoorie Road Dehradun,,"Imperial Heights, Dehradun would love your feedback. Post a review to our profile.
 https://g.page/imperialheightdehradun/review?gm …
#Unlock1 #Dehradun",[],['https://g.page/imperialheightdehradun/review?gm'],[],0,0,1,"['#unlock1', '#dehradun']",[],https://twitter.com/HeightsRoad/status/1267375744012955648,False,,0,,,,,,,"[{'user_id': '1267116079689555968', 'username': 'HeightsRoad'}]",,,,
1266798037340491776,1266798037340491776,1590863162000,2020-05-30,23:56:02,IST,84279567,dehradun_live,Dehradun Live,,"There will be 100 per cent attendance of class one and class two officers and 50 per cent presence of class three and class four staff.
#unlock1 #fightcorona https://www.newindianexpress.com/nation/2020/may/29/government-offices-in-uttarakhand-to-have-normal-working-hours-from-june-1-2149732.html?utm_campaign=fullarticle&utm_medium=referral&utm_source=inshorts …",[],['https://www.newindianexpress.com/nation/2020/may/29/government-offices-in-uttarakhand-to-have-normal-working-hours-from-june-1-2149732.html?utm_campaign=fullarticle&utm_medium=referral&utm_source=inshorts'],[],0,1,1,"['#unlock1', '#fightcorona']",[],https://twitter.com/Dehradun_Live/status/1266798037340491776,False,,0,,,,,,,"[{'user_id': '84279567', 'username': 'Dehradun_Live'}]",,,,
