id,conversation_id,created_at,date,time,timezone,user_id,username,name,place,tweet,mentions,urls,photos,replies_count,retweets_count,likes_count,hashtags,cashtags,link,retweet,quote_url,video,near,geo,source,user_rt_id,user_rt,retweet_id,reply_to,retweet_date,translate,trans_src,trans_dest
1267802164862148610,1267800796080467969,1591102565000,2020-06-02,18:26:05,IST,75236611,sp_leo21,Shilpi Pandey,,Point 6 is missing here and please help me for my parents to send back hometown #allahabad in #unlock1,['dc_gurugram'],[],[],0,0,1,"['#allahabad', '#unlock1']",[],https://twitter.com/sp_leo21/status/1267802164862148610,False,,0,,,,,,,"[{'user_id': '75236611', 'username': 'sp_leo21'}, {'user_id': '904450515240599552', 'username': 'DC_Gurugram'}]",,,,
1267473892714545153,1267473892714545153,1591024299000,2020-06-01,20:41:39,IST,75236611,sp_leo21,Shilpi Pandey,,"Please guide the passes or pre-requisite to travel from gurgaon to allahabad by elderly parents by taxi. @DC_Gurugram @myogiadityanath @ArvindKejriwal #Unlock1 is confusing  for travel between gurgaon, delhi and UP #travel #covid19 #bordersealing","['dc_gurugram', 'myogiadityanath', 'arvindkejriwal']",[],[],1,1,1,"['#unlock1', '#travel', '#covid19', '#bordersealing']",[],https://twitter.com/sp_leo21/status/1267473892714545153,False,,0,,,,,,,"[{'user_id': '75236611', 'username': 'sp_leo21'}, {'user_id': '904450515240599552', 'username': 'DC_Gurugram'}, {'user_id': '3437532637', 'username': 'myogiadityanath'}, {'user_id': '405427035', 'username': 'ArvindKejriwal'}]",,,,
1267439904851496960,1267439904851496960,1591016195000,2020-06-01,18:26:35,IST,1246633694149750787,ravikan24528368,Ravikant Tiwari,,"The picture of  the sangam city allahabad..
#ravikanttiwari #anonymus #مظاهرات_امريكا #dcblackout #انتظار_البشاره #GeorgeFloyd #عبدالعزيز_المسعود #أمريكا #ساند #KenyanToTheCore #عبدالعزيز_المسعود #Unlock1 #BlackLivesMatter pic.twitter.com/KM5hZqmVZ7",[],[],['https://pbs.twimg.com/media/EZbZyidVcAASpOT.jpg'],0,0,1,"['#ravikanttiwari', '#anonymus', '#مظاهرات_امريكا', '#dcblackout', '#انتظار_البشاره', '#georgefloyd', '#عبدالعزيز_المسعود', '#أمريكا', '#ساند', '#kenyantothecore', '#عبدالعزيز_المسعود', '#unlock1', '#blacklivesmatter']",[],https://twitter.com/Ravikan24528368/status/1267439904851496960,False,,0,,,,,,,"[{'user_id': '1246633694149750787', 'username': 'Ravikan24528368'}]",,,,
