id,conversation_id,created_at,date,time,timezone,user_id,username,name,place,tweet,mentions,urls,photos,replies_count,retweets_count,likes_count,hashtags,cashtags,link,retweet,quote_url,video,near,geo,source,user_rt_id,user_rt,retweet_id,reply_to,retweet_date,translate,trans_src,trans_dest
1277851745436069888,1277851745436069888,1593498572000,2020-06-30,11:59:32,IST,736460712529121280,aligarhpolice,ALIGARH POLICE,,"#Community_Policing
#StayHomeStaySafe
#IndiaFightsCorona
#COVID2019
#Unlock1  pic.twitter.com/AevZE3uAlG",[],[],['https://pbs.twimg.com/media/EbvXAFwVcAA0PoZ.jpg'],1,3,9,"['#community_policing', '#stayhomestaysafe', '#indiafightscorona', '#covid2019', '#unlock1']",[],https://twitter.com/aligarhpolice/status/1277851745436069888,False,,0,,,,,,,"[{'user_id': '736460712529121280', 'username': 'aligarhpolice'}]",,,,
1277488605917675522,1277488605917675522,1593411992000,2020-06-29,11:56:32,IST,736460712529121280,aligarhpolice,ALIGARH POLICE,,"#Community_Policing
#StayHomeStaySafe
#IndiaFightsCorona
#COVID2019
#Unlock1  pic.twitter.com/FuT2XVVCVQ",[],[],['https://pbs.twimg.com/media/EbqM-o8UYAMqCS4.jpg'],0,8,27,"['#community_policing', '#stayhomestaysafe', '#indiafightscorona', '#covid2019', '#unlock1']",[],https://twitter.com/aligarhpolice/status/1277488605917675522,False,,0,,,,,,,"[{'user_id': '736460712529121280', 'username': 'aligarhpolice'}]",,,,
1277112804831453184,1277112804831453184,1593322394000,2020-06-28,11:03:14,IST,736460712529121280,aligarhpolice,ALIGARH POLICE,,"#Community_Policing
#StayHomeStaySafe
#IndiaFightsCorona
#COVID2019
#Unlock1  pic.twitter.com/nNn0uI4GHD",[],[],['https://pbs.twimg.com/media/Ebk3Kr_UYAAzkZI.jpg'],0,8,14,"['#community_policing', '#stayhomestaysafe', '#indiafightscorona', '#covid2019', '#unlock1']",[],https://twitter.com/aligarhpolice/status/1277112804831453184,False,,0,,,,,,,"[{'user_id': '736460712529121280', 'username': 'aligarhpolice'}]",,,,
1276909124299550721,1276909124299550721,1593273833000,2020-06-27,21:33:53,IST,736460712529121280,aligarhpolice,ALIGARH POLICE,,"#Community_Policing
#StayHomeStaySafe
#IndiaFightsCorona
#COVID2019
#Unlock1  pic.twitter.com/qAqLmemB7a",[],[],['https://pbs.twimg.com/media/Ebh9psKVAAAafcy.jpg'],3,3,28,"['#community_policing', '#stayhomestaysafe', '#indiafightscorona', '#covid2019', '#unlock1']",[],https://twitter.com/aligarhpolice/status/1276909124299550721,False,,0,,,,,,,"[{'user_id': '736460712529121280', 'username': 'aligarhpolice'}]",,,,
1276776979606368265,1276776979606368265,1593242327000,2020-06-27,12:48:47,IST,736460712529121280,aligarhpolice,ALIGARH POLICE,,"#Community_Policing
#StayHomeStaySafe
#IndiaFightsCorona
#COVID2019
#Unlock1  pic.twitter.com/7rE6Jm0G3s",[],[],['https://pbs.twimg.com/media/EbgFw_PUcAAr9us.jpg'],0,7,17,"['#community_policing', '#stayhomestaysafe', '#indiafightscorona', '#covid2019', '#unlock1']",[],https://twitter.com/aligarhpolice/status/1276776979606368265,False,,0,,,,,,,"[{'user_id': '736460712529121280', 'username': 'aligarhpolice'}]",,,,
1275492214748016640,1275492214748016640,1592936016000,2020-06-23,23:43:36,IST,777118492264804352,saadnasir027,saad nasir (سعد ناصر),,"لوگ لوگو کو مار دیتے ہیں!!!
تم خوابوں کی بات کرتے ہو...🥀
#Lockdown5 #Unlock1 #COVID__19 #StayHome #aligarh",[],[],[],0,0,0,"['#lockdown5', '#unlock1', '#covid__19', '#stayhome', '#aligarh']",[],https://twitter.com/saadnasir027/status/1275492214748016640,False,,0,,,,,,,"[{'user_id': '777118492264804352', 'username': 'saadnasir027'}]",,,,
1275359554230906881,1275359554230906881,1592904387000,2020-06-23,14:56:27,IST,1241606411660021760,aligarhfob,"Field Outreach Bureau, Aligarh",,"#IndiaFightsCorona
#covid19
#TogetherAgainstCovid19 #BadalkarApnaVyavaharKarein
#CoronaParVaar
#HealthForAll
#SwasthaBharat
#CoronaOutbreak
#Unlock1
#ICMR
#कोरोना
#Aligarh
#अलीगढ़ pic.twitter.com/SqNHTaxgHr",[],[],['https://pbs.twimg.com/media/EbL8wCeUwAAf3yd.jpg'],0,0,0,"['#indiafightscorona', '#covid19', '#togetheragainstcovid19', '#badalkarapnavyavaharkarein', '#coronaparvaar', '#healthforall', '#swasthabharat', '#coronaoutbreak', '#unlock1', '#icmr', '#कोरोना', '#aligarh', '#अलीगढ़']",[],https://twitter.com/AligarhFob/status/1275359554230906881,False,,0,,,,,,,"[{'user_id': '1241606411660021760', 'username': 'AligarhFob'}]",,,,
1275359531367723010,1275359531367723010,1592904381000,2020-06-23,14:56:21,IST,1241606411660021760,aligarhfob,"Field Outreach Bureau, Aligarh",,"#IndiaFightsCorona
#covid19
#TogetherAgainstCovid19 #BadalkarApnaVyavaharKarein
#CoronaParVaar
#HealthForAll
#SwasthaBharat
#CoronaOutbreak
#Unlock1
#ICMR
#कोरोना
#Aligarh
#अलीगढ़ pic.twitter.com/NM7DzeGASx",[],[],['https://pbs.twimg.com/media/EbL8umcUYAA61wt.jpg'],0,0,0,"['#indiafightscorona', '#covid19', '#togetheragainstcovid19', '#badalkarapnavyavaharkarein', '#coronaparvaar', '#healthforall', '#swasthabharat', '#coronaoutbreak', '#unlock1', '#icmr', '#कोरोना', '#aligarh', '#अलीगढ़']",[],https://twitter.com/AligarhFob/status/1275359531367723010,False,,0,,,,,,,"[{'user_id': '1241606411660021760', 'username': 'AligarhFob'}]",,,,
1275358342102290432,1275358342102290432,1592904098000,2020-06-23,14:51:38,IST,1241606411660021760,aligarhfob,"Field Outreach Bureau, Aligarh",,"#IndiaFightsCorona
#covid19
#TogetherAgainstCovid19 #BadalkarApnaVyavaharKarein
#CoronaParVaar
#HealthForAll
#SwasthaBharat
#CoronaOutbreak
#Unlock1
#ICMR
#कोरोना
#Aligarh
#अलीगढ़
#CoronaVirusUpdates
#Yoga…  https://www.instagram.com/p/CBxbsBjBqoj/?igshid=nicttcptih2z …",[],['https://www.instagram.com/p/CBxbsBjBqoj/?igshid=nicttcptih2z'],[],0,0,0,"['#indiafightscorona', '#covid19', '#togetheragainstcovid19', '#badalkarapnavyavaharkarein', '#coronaparvaar', '#healthforall', '#swasthabharat', '#coronaoutbreak', '#unlock1', '#icmr', '#कोरोना', '#aligarh', '#अलीगढ़', '#coronavirusupdates', '#yoga']",[],https://twitter.com/AligarhFob/status/1275358342102290432,False,,0,,,,,,,"[{'user_id': '1241606411660021760', 'username': 'AligarhFob'}]",,,,
1275358191874867202,1275358191874867202,1592904062000,2020-06-23,14:51:02,IST,1241606411660021760,aligarhfob,"Field Outreach Bureau, Aligarh",,"#IndiaFightsCorona
#covid19
#TogetherAgainstCovid19 #BadalkarApnaVyavaharKarein
#CoronaParVaar
#HealthForAll
#SwasthaBharat
#CoronaOutbreak
#Unlock1
#ICMR
#कोरोना
#Aligarh
#अलीगढ़
#CoronaVirusUpdates
#Yoga…  https://www.instagram.com/p/CBxbnl6B_35/?igshid=1at8kyav0erj9 …",[],['https://www.instagram.com/p/CBxbnl6B_35/?igshid=1at8kyav0erj9'],[],0,0,0,"['#indiafightscorona', '#covid19', '#togetheragainstcovid19', '#badalkarapnavyavaharkarein', '#coronaparvaar', '#healthforall', '#swasthabharat', '#coronaoutbreak', '#unlock1', '#icmr', '#कोरोना', '#aligarh', '#अलीगढ़', '#coronavirusupdates', '#yoga']",[],https://twitter.com/AligarhFob/status/1275358191874867202,False,,0,,,,,,,"[{'user_id': '1241606411660021760', 'username': 'AligarhFob'}]",,,,
1275358115194638337,1275358115194638337,1592904044000,2020-06-23,14:50:44,IST,1241606411660021760,aligarhfob,"Field Outreach Bureau, Aligarh",,"#IndiaFightsCorona
#covid19
#TogetherAgainstCovid19 #BadalkarApnaVyavaharKarein
#CoronaParVaar
#HealthForAll
#SwasthaBharat
#CoronaOutbreak
#Unlock1
#ICMR
#कोरोना
#Aligarh
#अलीगढ़
#CoronaVirusUpdates
#Yoga…  https://www.instagram.com/p/CBxblacBX2L/?igshid=p78mv64r5y9r …",[],['https://www.instagram.com/p/CBxblacBX2L/?igshid=p78mv64r5y9r'],[],0,0,0,"['#indiafightscorona', '#covid19', '#togetheragainstcovid19', '#badalkarapnavyavaharkarein', '#coronaparvaar', '#healthforall', '#swasthabharat', '#coronaoutbreak', '#unlock1', '#icmr', '#कोरोना', '#aligarh', '#अलीगढ़', '#coronavirusupdates', '#yoga']",[],https://twitter.com/AligarhFob/status/1275358115194638337,False,,0,,,,,,,"[{'user_id': '1241606411660021760', 'username': 'AligarhFob'}]",,,,
1275358065232052225,1275358065232052225,1592904032000,2020-06-23,14:50:32,IST,1241606411660021760,aligarhfob,"Field Outreach Bureau, Aligarh",,"#IndiaFightsCorona
#covid19
#TogetherAgainstCovid19 #BadalkarApnaVyavaharKarein
#CoronaParVaar
#HealthForAll
#SwasthaBharat
#CoronaOutbreak
#Unlock1
#ICMR
#कोरोना
#Aligarh
#अलीगढ़
#CoronaVirusUpdates
#Yoga…  https://www.instagram.com/p/CBxbj9VB3yv/?igshid=vrv0e1dl1p2b …",[],['https://www.instagram.com/p/CBxbj9VB3yv/?igshid=vrv0e1dl1p2b'],[],0,0,0,"['#indiafightscorona', '#covid19', '#togetheragainstcovid19', '#badalkarapnavyavaharkarein', '#coronaparvaar', '#healthforall', '#swasthabharat', '#coronaoutbreak', '#unlock1', '#icmr', '#कोरोना', '#aligarh', '#अलीगढ़', '#coronavirusupdates', '#yoga']",[],https://twitter.com/AligarhFob/status/1275358065232052225,False,,0,,,,,,,"[{'user_id': '1241606411660021760', 'username': 'AligarhFob'}]",,,,
1275358019124105216,1275358019124105216,1592904021000,2020-06-23,14:50:21,IST,1241606411660021760,aligarhfob,"Field Outreach Bureau, Aligarh",,"#IndiaFightsCorona
#covid19
#TogetherAgainstCovid19 #BadalkarApnaVyavaharKarein
#CoronaParVaar
#HealthForAll
#SwasthaBharat
#CoronaOutbreak
#Unlock1
#ICMR
#कोरोना
#Aligarh
#अलीगढ़
#CoronaVirusUpdates
#Yoga…  https://www.instagram.com/p/CBxbimnBYe4/?igshid=1obg102jxwdk …",[],['https://www.instagram.com/p/CBxbimnBYe4/?igshid=1obg102jxwdk'],[],0,0,0,"['#indiafightscorona', '#covid19', '#togetheragainstcovid19', '#badalkarapnavyavaharkarein', '#coronaparvaar', '#healthforall', '#swasthabharat', '#coronaoutbreak', '#unlock1', '#icmr', '#कोरोना', '#aligarh', '#अलीगढ़', '#coronavirusupdates', '#yoga']",[],https://twitter.com/AligarhFob/status/1275358019124105216,False,,0,,,,,,,"[{'user_id': '1241606411660021760', 'username': 'AligarhFob'}]",,,,
1275357953764274185,1275357953764274185,1592904005000,2020-06-23,14:50:05,IST,1241606411660021760,aligarhfob,"Field Outreach Bureau, Aligarh",,"#IndiaFightsCorona
#covid19
#TogetherAgainstCovid19 #BadalkarApnaVyavaharKarein
#CoronaParVaar
#HealthForAll
#SwasthaBharat
#CoronaOutbreak
#Unlock1
#ICMR
#कोरोना
#Aligarh
#अलीगढ़
#CoronaVirusUpdates
#Yoga…  https://www.instagram.com/p/CBxbgt2Br8X/?igshid=1qwnjq2qauc99 …",[],['https://www.instagram.com/p/CBxbgt2Br8X/?igshid=1qwnjq2qauc99'],[],0,0,0,"['#indiafightscorona', '#covid19', '#togetheragainstcovid19', '#badalkarapnavyavaharkarein', '#coronaparvaar', '#healthforall', '#swasthabharat', '#coronaoutbreak', '#unlock1', '#icmr', '#कोरोना', '#aligarh', '#अलीगढ़', '#coronavirusupdates', '#yoga']",[],https://twitter.com/AligarhFob/status/1275357953764274185,False,,0,,,,,,,"[{'user_id': '1241606411660021760', 'username': 'AligarhFob'}]",,,,
1275323431911735297,1275323431911735297,1592895775000,2020-06-23,12:32:55,IST,736460712529121280,aligarhpolice,ALIGARH POLICE,,"#Community_Policing
#StayHomeStaySafe
#IndiaFightsCorona
#COVID2019
#Unlock1  pic.twitter.com/9AnsDMFx2S",[],[],['https://pbs.twimg.com/media/EbLbuviUMAYX6pO.jpg'],1,7,20,"['#community_policing', '#stayhomestaysafe', '#indiafightscorona', '#covid2019', '#unlock1']",[],https://twitter.com/aligarhpolice/status/1275323431911735297,False,,0,,,,,,,"[{'user_id': '736460712529121280', 'username': 'aligarhpolice'}]",,,,
1275302763103166466,1275302763103166466,1592890847000,2020-06-23,11:10:47,IST,1241606411660021760,aligarhfob,"Field Outreach Bureau, Aligarh",,"#IndiaFightsCorona
#covid19
#TogetherAgainstCovid19 #BadalkarApnaVyavaharKarein
#CoronaParVaar
#HealthForAll
#SwasthaBharat
#CoronaOutbreak
#Unlock1
#ICMR
#कोरोना
#Aligarh
#अलीगढ़
#CoronaVirusUpdates
#Yoga…  https://www.instagram.com/p/CBxCaeKBMiK/?igshid=ebd95jvrfwre …",[],['https://www.instagram.com/p/CBxCaeKBMiK/?igshid=ebd95jvrfwre'],[],0,0,0,"['#indiafightscorona', '#covid19', '#togetheragainstcovid19', '#badalkarapnavyavaharkarein', '#coronaparvaar', '#healthforall', '#swasthabharat', '#coronaoutbreak', '#unlock1', '#icmr', '#कोरोना', '#aligarh', '#अलीगढ़', '#coronavirusupdates', '#yoga']",[],https://twitter.com/AligarhFob/status/1275302763103166466,False,,0,,,,,,,"[{'user_id': '1241606411660021760', 'username': 'AligarhFob'}]",,,,
1275302710947074049,1275302710947074049,1592890834000,2020-06-23,11:10:34,IST,1241606411660021760,aligarhfob,"Field Outreach Bureau, Aligarh",,"#IndiaFightsCorona
#covid19
#TogetherAgainstCovid19 #BadalkarApnaVyavaharKarein
#CoronaParVaar
#HealthForAll
#SwasthaBharat
#CoronaOutbreak
#Unlock1
#ICMR
#कोरोना
#Aligarh
#अलीगढ़
#CoronaVirusUpdates
#Yoga…  https://www.instagram.com/p/CBxCY1mh35m/?igshid=bqa4u6tr4w3t …",[],['https://www.instagram.com/p/CBxCY1mh35m/?igshid=bqa4u6tr4w3t'],[],0,0,0,"['#indiafightscorona', '#covid19', '#togetheragainstcovid19', '#badalkarapnavyavaharkarein', '#coronaparvaar', '#healthforall', '#swasthabharat', '#coronaoutbreak', '#unlock1', '#icmr', '#कोरोना', '#aligarh', '#अलीगढ़', '#coronavirusupdates', '#yoga']",[],https://twitter.com/AligarhFob/status/1275302710947074049,False,,0,,,,,,,"[{'user_id': '1241606411660021760', 'username': 'AligarhFob'}]",,,,
1275302602281017346,1275302602281017346,1592890809000,2020-06-23,11:10:09,IST,1241606411660021760,aligarhfob,"Field Outreach Bureau, Aligarh",,"#IndiaFightsCorona
#covid19
#TogetherAgainstCovid19 #BadalkarApnaVyavaharKarein
#CoronaParVaar
#HealthForAll
#SwasthaBharat
#CoronaOutbreak
#Unlock1
#ICMR
#कोरोना
#Aligarh
#अलीगढ़
#CoronaVirusUpdates
#Yoga…  https://www.instagram.com/p/CBxCVxmBchW/?igshid=117f62omj6oou …",[],['https://www.instagram.com/p/CBxCVxmBchW/?igshid=117f62omj6oou'],[],0,0,0,"['#indiafightscorona', '#covid19', '#togetheragainstcovid19', '#badalkarapnavyavaharkarein', '#coronaparvaar', '#healthforall', '#swasthabharat', '#coronaoutbreak', '#unlock1', '#icmr', '#कोरोना', '#aligarh', '#अलीगढ़', '#coronavirusupdates', '#yoga']",[],https://twitter.com/AligarhFob/status/1275302602281017346,False,,0,,,,,,,"[{'user_id': '1241606411660021760', 'username': 'AligarhFob'}]",,,,
1275025588042887168,1275025588042887168,1592824763000,2020-06-22,16:49:23,IST,777118492264804352,saadnasir027,saad nasir (سعد ناصر),,"جسکے ساتھ تصوّر تھا جنّت تک کا!🥀
وہ شخص میری دنیا ہی جہنّم کر گیا!!!
#lockdown #StayHome #COVID19 #Unlock1 #ALIGARH #Quarantine",[],[],[],0,0,0,"['#lockdown', '#stayhome', '#covid19', '#unlock1', '#aligarh', '#quarantine']",[],https://twitter.com/saadnasir027/status/1275025588042887168,False,,0,,,,,,,"[{'user_id': '777118492264804352', 'username': 'saadnasir027'}]",,,,
1274936817230336004,1274936817230336004,1592803599000,2020-06-22,10:56:39,IST,736460712529121280,aligarhpolice,ALIGARH POLICE,,"#Community_Policing
#StayHomeStaySafe
#IndiaFightsCorona
#COVID2019
#Unlock1  pic.twitter.com/Y73I78xdtK",[],[],['https://pbs.twimg.com/media/EbF8CJMUYAE7J18.jpg'],0,13,32,"['#community_policing', '#stayhomestaysafe', '#indiafightscorona', '#covid2019', '#unlock1']",[],https://twitter.com/aligarhpolice/status/1274936817230336004,False,,0,,,,,,,"[{'user_id': '736460712529121280', 'username': 'aligarhpolice'}]",,,,
1273484298771816449,1273484298771816449,1592457291000,2020-06-18,10:44:51,IST,736460712529121280,aligarhpolice,ALIGARH POLICE,,"#Community_Policing
#StayHomeStaySafe
#IndiaFightsCorona
#COVID2019
#Unlock1
@PMOIndia @UPGovt @myogiadityanath @Uppolice @dgpup @adgzoneagra @Dm_Aligarh @gmraj29 @up112aligarh pic.twitter.com/3pbQej68S1","['pmoindia', 'upgovt', 'myogiadityanath', 'uppolice', 'dgpup', 'adgzoneagra', 'dm_aligarh', 'gmraj29', 'up112aligarh']",[],[],0,6,18,"['#community_policing', '#stayhomestaysafe', '#indiafightscorona', '#covid2019', '#unlock1']",[],https://twitter.com/aligarhpolice/status/1273484298771816449,False,,1,,,,,,,"[{'user_id': '736460712529121280', 'username': 'aligarhpolice'}, {'user_id': '471741741', 'username': 'PMOIndia'}, {'user_id': '2588841246', 'username': 'UPGovt'}, {'user_id': '3437532637', 'username': 'myogiadityanath'}, {'user_id': '1271749327', 'username': 'Uppolice'}, {'user_id': '842978276800835584', 'username': 'dgpup'}, {'user_id': '722685689515667456', 'username': 'adgzoneagra'}, {'user_id': '1015549747007049728', 'username': 'Dm_Aligarh'}, {'user_id': '873785638427934720', 'username': 'gmraj29'}, {'user_id': '981425149625892865', 'username': 'up112aligarh'}]",,,,
1271830165027315714,1271830165027315714,1592062915000,2020-06-13,21:11:55,IST,736460712529121280,aligarhpolice,ALIGARH POLICE,,"#SSP_Aligarh श्री मुनिराज जी द्वारा दिये गये दिशा-निर्देशों के अनुपालन में फायर सर्विस जनपद अलीगढ़ द्वारा #COVID2019 वायरस के संक्रमण से बचाव हेतु नगर निगम/जिला प्रशासन के सहयोग से जनपद अलीगढ़ के नगर क्षेत्र को सेनेटाइज किया गया।
#Community_Policing
#IndiaFightsCorona
#Unlock1  pic.twitter.com/ouFYjJaH0m",[],[],"['https://pbs.twimg.com/media/EaZx_8dUcAAawnE.jpg', 'https://pbs.twimg.com/media/EaZyDTwUYAEXfoD.jpg', 'https://pbs.twimg.com/media/EaZyPHIUYAMz2yE.jpg', 'https://pbs.twimg.com/media/EaZyTGdU8AAWczx.jpg']",0,10,41,"['#ssp_aligarh', '#covid2019', '#community_policing', '#indiafightscorona', '#unlock1']",[],https://twitter.com/aligarhpolice/status/1271830165027315714,False,,0,,,,,,,"[{'user_id': '736460712529121280', 'username': 'aligarhpolice'}]",,,,
1270363882536620032,1270363882536620032,1591713326000,2020-06-09,20:05:26,IST,736460712529121280,aligarhpolice,ALIGARH POLICE,,"#SSP_Aligarh श्री मुनिराज जी द्वारा दिये गये दिशा-निर्देशों के अनुपालन में फायर सर्विस जनपद अलीगढ़ द्वारा #COVID2019 वायरस के संक्रमण से बचाव हेतु नगर निगम/जिला प्रशासन के सहयोग से जनपद अलीगढ़ के नगर क्षेत्र को सेनेटाइज किया गया।
#Community_Policing
#IndiaFightsCorona
#Unlock1  pic.twitter.com/RYDcLtKI69",[],[],"['https://pbs.twimg.com/media/EaE8iNZU4AERs2V.jpg', 'https://pbs.twimg.com/media/EaE8pCpUcAE2VkO.jpg', 'https://pbs.twimg.com/media/EaE8shrU8AgTtun.jpg', 'https://pbs.twimg.com/media/EaE8w5-UEAUzFh5.jpg']",0,11,27,"['#ssp_aligarh', '#covid2019', '#community_policing', '#indiafightscorona', '#unlock1']",[],https://twitter.com/aligarhpolice/status/1270363882536620032,False,,0,,,,,,,"[{'user_id': '736460712529121280', 'username': 'aligarhpolice'}]",,,,
1270039620122599425,1270039620122599425,1591636016000,2020-06-08,22:36:56,IST,3647735240,anujajtoi,Anuja Jaiswal,,#UP #Unlock1: A #video of #multiple round of #celebratory #firing during a birthday party at a marriage home in #Aligarh’s Lodha area went viral on social media on Monday. @timesofindia @aligarhpolice @dgpup @UPGovt pic.twitter.com/RmrVzZkSKb,"['timesofindia', 'aligarhpolice', 'dgpup', 'upgovt']",[],[],1,1,9,"['#up', '#unlock1', '#video', '#multiple', '#celebratory', '#firing', '#aligarh']",[],https://twitter.com/anujajTOI/status/1270039620122599425,False,,1,,,,,,,"[{'user_id': '3647735240', 'username': 'anujajTOI'}, {'user_id': '134758540', 'username': 'timesofindia'}, {'user_id': '736460712529121280', 'username': 'aligarhpolice'}, {'user_id': '842978276800835584', 'username': 'dgpup'}, {'user_id': '2588841246', 'username': 'UPGovt'}]",,,,
1269247585048424448,1269247578937241600,1591447180000,2020-06-06,18:09:40,IST,1241606411660021760,aligarhfob,"Field Outreach Bureau, Aligarh",,"5- जेल में बंद कैदियों के भी सैंपल लिए जा रहे हैं. CMO ALIGARH के मुताबिक अभी तक 423 कैदियों की सैंपलिंग हो गई है. जिनमें लक्षण दिख रहे हैं उन्हें क्वारंटाइन किया जा रहा है.
#COVID19
#Unlock1
#CoronaSamples
#CoronaTesting
#IndiaFightsCorona",[],[],[],0,0,2,"['#covid19', '#unlock1', '#coronasamples', '#coronatesting', '#indiafightscorona']",[],https://twitter.com/AligarhFob/status/1269247585048424448,False,,0,,,,,,,"[{'user_id': '1241606411660021760', 'username': 'AligarhFob'}]",,,,
1269168768577449985,1269168768577449985,1591428389000,2020-06-06,12:56:29,IST,1241606411660021760,aligarhfob,"Field Outreach Bureau, Aligarh",,"#IndiaFightsCoronaVirus
#COVID19Pandemic
#StayHome
#StaySafe
#WeWillWin
#COVIDGyan
#IndiaFightsCorona
#COVID19
#HealthForAll
#SwasthaBharat
#CoronaOutbreak
#Unlock1
#Aligarh
#अलीगढ़ pic.twitter.com/kteH2EpvhF",[],[],"['https://pbs.twimg.com/media/EZz-Nn4U8AEgkTt.jpg', 'https://pbs.twimg.com/media/EZz-OkHVcAEepGb.jpg', 'https://pbs.twimg.com/media/EZz-PV_UcAE_1C4.jpg', 'https://pbs.twimg.com/media/EZz-QfJU0AE176b.jpg']",0,1,1,"['#indiafightscoronavirus', '#covid19pandemic', '#stayhome', '#staysafe', '#wewillwin', '#covidgyan', '#indiafightscorona', '#covid19', '#healthforall', '#swasthabharat', '#coronaoutbreak', '#unlock1', '#aligarh', '#अलीगढ़']",[],https://twitter.com/AligarhFob/status/1269168768577449985,False,,0,,,,,,,"[{'user_id': '1241606411660021760', 'username': 'AligarhFob'}]",,,,
1268196733013626881,1268196733013626881,1591196637000,2020-06-03,20:33:57,IST,1172568503947120640,drkajalsingh1,Dr. Kajal Singh,,"Video from Dr Y. K. Singh , Chandrawati Hospital, Aligarh 
Stay Protected in #Unlock1  pic.twitter.com/0RZiTQiURz",[],[],[],0,0,2,['#unlock1'],[],https://twitter.com/DrKajalSingh1/status/1268196733013626881,False,,1,,,,,,,"[{'user_id': '1172568503947120640', 'username': 'DrKajalSingh1'}]",,,,
1268173847901028352,1268173847901028352,1591191181000,2020-06-03,19:03:01,IST,736460712529121280,aligarhpolice,ALIGARH POLICE,,"#Community_Policing
#Unlock1
@PMOIndia @UPGovt @myogiadityanath @Uppolice @dgpup @adgzoneagra @Dm_Aligarh @gmraj29 @up112aligarh pic.twitter.com/dLj8vMRSEM","['pmoindia', 'upgovt', 'myogiadityanath', 'uppolice', 'dgpup', 'adgzoneagra', 'dm_aligarh', 'gmraj29', 'up112aligarh']",[],[],0,14,43,"['#community_policing', '#unlock1']",[],https://twitter.com/aligarhpolice/status/1268173847901028352,False,,1,,,,,,,"[{'user_id': '736460712529121280', 'username': 'aligarhpolice'}, {'user_id': '471741741', 'username': 'PMOIndia'}, {'user_id': '2588841246', 'username': 'UPGovt'}, {'user_id': '3437532637', 'username': 'myogiadityanath'}, {'user_id': '1271749327', 'username': 'Uppolice'}, {'user_id': '842978276800835584', 'username': 'dgpup'}, {'user_id': '722685689515667456', 'username': 'adgzoneagra'}, {'user_id': '1015549747007049728', 'username': 'Dm_Aligarh'}, {'user_id': '873785638427934720', 'username': 'gmraj29'}, {'user_id': '981425149625892865', 'username': 'up112aligarh'}]",,,,
1267787483263037441,1267787483263037441,1591099065000,2020-06-02,17:27:45,IST,736460712529121280,aligarhpolice,ALIGARH POLICE,,"#Community_Policing
#Unlock1
@PMOIndia @UPGovt @myogiadityanath @Uppolice @dgpup @adgzoneagra @Dm_Aligarh @gmraj29 @up112aligarh pic.twitter.com/ycBnfgqlFR","['pmoindia', 'upgovt', 'myogiadityanath', 'uppolice', 'dgpup', 'adgzoneagra', 'dm_aligarh', 'gmraj29', 'up112aligarh']",[],[],2,21,58,"['#community_policing', '#unlock1']",[],https://twitter.com/aligarhpolice/status/1267787483263037441,False,,1,,,,,,,"[{'user_id': '736460712529121280', 'username': 'aligarhpolice'}, {'user_id': '471741741', 'username': 'PMOIndia'}, {'user_id': '2588841246', 'username': 'UPGovt'}, {'user_id': '3437532637', 'username': 'myogiadityanath'}, {'user_id': '1271749327', 'username': 'Uppolice'}, {'user_id': '842978276800835584', 'username': 'dgpup'}, {'user_id': '722685689515667456', 'username': 'adgzoneagra'}, {'user_id': '1015549747007049728', 'username': 'Dm_Aligarh'}, {'user_id': '873785638427934720', 'username': 'gmraj29'}, {'user_id': '981425149625892865', 'username': 'up112aligarh'}]",,,,
1267466556356747267,1267466556356747267,1591022550000,2020-06-01,20:12:30,IST,76570580,aawaaaradotexe,و,,Aligarh mai to 22 lakh loot liye subah 11 bje lic vaalou se. #Unlock1,[],[],[],0,0,0,['#unlock1'],[],https://twitter.com/aawaaaraDOTexe/status/1267466556356747267,False,,0,,,,,,,"[{'user_id': '76570580', 'username': 'aawaaaraDOTexe'}]",,,,
1267413148698660864,1267413148698660864,1591009816000,2020-06-01,16:40:16,IST,2913235143,piovijay,Vijay Upadhyay,,"लॉकडाउन खुलते ही अलीगढ़ में दिनदहाड़े कैश वैन से साढ़े 22 लाख की लूट, दोनों ओर से हुई फायरिंग #Cash van #robbed in #Aligarh #Unlock1  https://www.vijayupadhyay.com/2020/06/01/looting-of-22-50-lakhs-from-day-light-cash-van-in-aligarh-three-injured-in-firing-on-both-sides-as-soon-as-lockdown-opens/ …",[],['https://www.vijayupadhyay.com/2020/06/01/looting-of-22-50-lakhs-from-day-light-cash-van-in-aligarh-three-injured-in-firing-on-both-sides-as-soon-as-lockdown-opens/'],[],0,1,1,"['#cash', '#robbed', '#aligarh', '#unlock1']",[],https://twitter.com/piovijay/status/1267413148698660864,False,,0,,,,,,,"[{'user_id': '2913235143', 'username': 'piovijay'}]",,,,
1267393059769200640,1267393059769200640,1591005027000,2020-06-01,15:20:27,IST,229051634,dhakreajay,Ajay Singh,,"With #Unlock1 guidelines in place, not sure where to go. My brother is to be married on June 11 and we have to travel from Rohini, Delhi to Aligarh, UP.  Not sure who to contact for epasses or other info. Please help @dmgbnagar @dm_ghaziabad @DM_NorthWest","['dmgbnagar', 'dm_ghaziabad', 'dm_northwest']",[],[],0,0,0,['#unlock1'],[],https://twitter.com/dhakreajay/status/1267393059769200640,False,,0,,,,,,,"[{'user_id': '229051634', 'username': 'dhakreajay'}, {'user_id': '874516907256197120', 'username': 'dmgbnagar'}, {'user_id': '760158046177923072', 'username': 'dm_ghaziabad'}, {'user_id': '1106155074386944001', 'username': 'DM_NorthWest'}]",,,,
1267383738654240773,1267383738654240773,1591002804000,2020-06-01,14:43:24,IST,2912418230,samsrivastava31,Samarth,,Robbery of Rs 22.70 lakh by armed robbers in UP's Aligarh on the very first day of #Unlock1. Welcome #unlock1Point0,[],[],[],0,0,2,"['#unlock1', '#unlock1point0']",[],https://twitter.com/samsrivastava31/status/1267383738654240773,False,,0,,,,,,,"[{'user_id': '2912418230', 'username': 'samsrivastava31'}]",,,,
