id,conversation_id,created_at,date,time,timezone,user_id,username,name,place,tweet,mentions,urls,photos,replies_count,retweets_count,likes_count,hashtags,cashtags,link,retweet,quote_url,video,near,geo,source,user_rt_id,user_rt,retweet_id,reply_to,retweet_date,translate,trans_src,trans_dest
1276091924911403009,1276091924911403009,1593078998000,2020-06-25,15:26:38,IST,1234511959934066688,niteshpandit51,nitesh Pandit,,"गोरखपुर में आज दिन है में ही और अँधेरा छ गया लोगों को को रोशनी जाला के चलना पड़ रहा है बादलों की घेरा बंदी के बाद तेज़ बारिश से #मौसम हुआ सुहाना #गोरखपुर, में गुरुवार को शुरू हुई झमाझम मूसलाधार #बारिश #lockdown5 #unlock1 #stayhomestaysafe #Gorakhpur #UttarPradesh",[],[],[],1,0,1,"['#मौसम', '#गोरखपुर', '#बारिश', '#lockdown5', '#unlock1', '#stayhomestaysafe', '#gorakhpur', '#uttarpradesh']",[],https://twitter.com/Niteshpandit51/status/1276091924911403009,False,,0,,,,,,,"[{'user_id': '1234511959934066688', 'username': 'Niteshpandit51'}]",,,,
1275097469437620225,1275097469437620225,1592841901000,2020-06-22,21:35:01,IST,67856075,parishrutspeaks,Parishrut,,This is #Unlock1 somewhere in Gorakhpur.  pic.twitter.com/6Zpfxd8HFJ,[],[],['https://pbs.twimg.com/media/EbIOXSgVcAA9h08.jpg'],1,1,0,['#unlock1'],[],https://twitter.com/parishrutspeaks/status/1275097469437620225,False,,0,,,,,,,"[{'user_id': '67856075', 'username': 'parishrutspeaks'}]",,,,
1274070763872501760,1274070763872501760,1592597115000,2020-06-20,01:35:15,IST,1234511959934066688,niteshpandit51,nitesh Pandit,,#गोरखपुर में शनिवार रात 1:30am पर शुरू हुई शुरू हुई मूसलाधार #बारिश #lockdown5 #unlock1 #stayhomestaysafe #Gorakhpur #UttarPradesh pic.twitter.com/B2FS5D2Xqw,[],[],[],0,0,1,"['#गोरखपुर', '#बारिश', '#lockdown5', '#unlock1', '#stayhomestaysafe', '#gorakhpur', '#uttarpradesh']",[],https://twitter.com/Niteshpandit51/status/1274070763872501760,False,,1,,,,,,,"[{'user_id': '1234511959934066688', 'username': 'Niteshpandit51'}]",,,,
1273268066344775680,1273268066344775680,1592405737000,2020-06-17,20:25:37,IST,1234511959934066688,niteshpandit51,nitesh Pandit,,#मौसम हुआ सुहाना #गोरखपुर में बुधवार रात 8:21 pm पर फिर शुरू हुई शुरू हुई मूसलाधार #बारिश #lockdown5 #unlock1 #stayhomestaysafe #Gorakhpur #UttarPradesh pic.twitter.com/0FRTzD2lzV,[],[],[],0,0,1,"['#मौसम', '#गोरखपुर', '#बारिश', '#lockdown5', '#unlock1', '#stayhomestaysafe', '#gorakhpur', '#uttarpradesh']",[],https://twitter.com/Niteshpandit51/status/1273268066344775680,False,,1,,,,,,,"[{'user_id': '1234511959934066688', 'username': 'Niteshpandit51'}]",,,,
1273188968834535426,1273188968834535426,1592386879000,2020-06-17,15:11:19,IST,1234511959934066688,niteshpandit51,nitesh Pandit,,"बादलों की घेरा बंदी के बाद तेज़ बारिश से #मौसम हुआ सुहाना #गोरखपुर, में बुधवार को शुरू हुई मूसलाधार #बारिश #lockdown5 #unlock1 #stayhomestaysafe #Gorakhpur #UttarPradesh pic.twitter.com/w8QZKGe8xz",[],[],[],0,0,1,"['#मौसम', '#गोरखपुर', '#बारिश', '#lockdown5', '#unlock1', '#stayhomestaysafe', '#gorakhpur', '#uttarpradesh']",[],https://twitter.com/Niteshpandit51/status/1273188968834535426,False,,1,,,,,,,"[{'user_id': '1234511959934066688', 'username': 'Niteshpandit51'}]",,,,
1272602957930917889,1272602957930917889,1592247163000,2020-06-16,00:22:43,IST,1234511959934066688,niteshpandit51,nitesh Pandit,,"गोरखपुर, में मंगलवार के रात में 12:17 AM पर बादलों की गड़गड़ाहट के  बाद #मौसम बदल गया शुरू हुई मूसलाधार #बारिश #lockdown5 #unlock1 #stayhomestaysafe #Gorakhpur #UttarPradesh pic.twitter.com/rvtBcEXzAf",[],[],[],0,0,1,"['#मौसम', '#बारिश', '#lockdown5', '#unlock1', '#stayhomestaysafe', '#gorakhpur', '#uttarpradesh']",[],https://twitter.com/Niteshpandit51/status/1272602957930917889,False,,1,,,,,,,"[{'user_id': '1234511959934066688', 'username': 'Niteshpandit51'}]",,,,
1271800856430571521,1271800856430571521,1592055927000,2020-06-13,19:15:27,IST,107459088,20raghvesh,Raghvesh Narain Tripathi,,"People are not afraid of #Corona, From #Unlock1 doing all the work without masks & #social_distancing, they themselves will get sick & will also make people sick, I am telling condition of Gorakhpur and Deoria, Govt must be strictly dealt with.@narendramodi @myogioffice @aajtak","['narendramodi', 'myogioffice', 'aajtak']",[],[],0,0,1,"['#corona', '#unlock1', '#social_distancing']",[],https://twitter.com/20Raghvesh/status/1271800856430571521,False,,0,,,,,,,"[{'user_id': '107459088', 'username': '20Raghvesh'}, {'user_id': '18839785', 'username': 'narendramodi'}, {'user_id': '1084769827271598080', 'username': 'myogioffice'}, {'user_id': '42606652', 'username': 'aajtak'}]",,,,
1269955976288972803,1269955976288972803,1591616074000,2020-06-08,17:04:34,IST,171880832,mataonline,Maharashtra Times,,"अनलॉक वन लागू झाल्यानंतर देशभरातील अनेक मंदिरे भाविकांना दर्शनसाठी खुली करण्यात आली.
#Unlock1 #Temples #UnlockIndia #Lockdown5 #Ayodhya #GoldenTemple #Tirupati #Hanuman #Gorakhpur
 https://maharashtratimes.com/photogallery/astro/many-temples-and-mosques-were-opened-after-2-months-in-unlock-1-0-across-the-country/photoshow/76261374.cms …",[],['https://maharashtratimes.com/photogallery/astro/many-temples-and-mosques-were-opened-after-2-months-in-unlock-1-0-across-the-country/photoshow/76261374.cms'],[],0,1,6,"['#unlock1', '#temples', '#unlockindia', '#lockdown5', '#ayodhya', '#goldentemple', '#tirupati', '#hanuman', '#gorakhpur']",[],https://twitter.com/mataonline/status/1269955976288972803,False,,0,,,,,,,"[{'user_id': '171880832', 'username': 'mataonline'}]",,,,
1269946788015828993,1269946788015828993,1591613883000,2020-06-08,16:28:03,IST,3286322893,upkesari,Punjab Kesari-UP/UK,,"जिंदगी तो बेवफा है एक दिन ठुकराएगी...जानें इंस्पेक्टर की मौत के बाद क्यों वायरल हो रहा ये गाना
#Gorakhpur #Inspector #song #Viral #Afterdeath #Unlock1 #UttarPradesh #UPNews https://up.punjabkesari.in/uttar-pradesh/news/song-is-becoming-increasingly-viral-after-the-death-of-inspector-1180744 …",[],['https://up.punjabkesari.in/uttar-pradesh/news/song-is-becoming-increasingly-viral-after-the-death-of-inspector-1180744'],[],0,1,1,"['#gorakhpur', '#inspector', '#song', '#viral', '#afterdeath', '#unlock1', '#uttarpradesh', '#upnews']",[],https://twitter.com/UPkesari/status/1269946788015828993,False,,0,,,,,,,"[{'user_id': '3286322893', 'username': 'UPkesari'}]",,,,
1269885412564103168,1269885412564103168,1591599250000,2020-06-08,12:24:10,IST,1185741882141204480,chatpati_news,chatpatinews,,"Unlock 1: आज से खुले सभी धार्मिक स्थल, सीएम योगी ने की गोरखनाथ मंदिर में पूजा अर्चना
#Unlock1 #YogiAdityanath #gorakhpur #UttarPradesh https://www.chatpatinews.com/hindi-news-trending/unlock-1-all-religious-places-open-from-today-cm-yogi-prayed-at-gorakhnath-temple/ …",[],['https://www.chatpatinews.com/hindi-news-trending/unlock-1-all-religious-places-open-from-today-cm-yogi-prayed-at-gorakhnath-temple/'],[],0,0,0,"['#unlock1', '#yogiadityanath', '#gorakhpur', '#uttarpradesh']",[],https://twitter.com/chatpati_news/status/1269885412564103168,False,,0,,,,,,,"[{'user_id': '1185741882141204480', 'username': 'chatpati_news'}]",,,,
1269871847195021312,1269871847195021312,1591596016000,2020-06-08,11:30:16,IST,379192098,seepi20,Dr. Seepika Jaiswal,,"Protect yourself and others..Always wear a mask or cover your nose and mouth.
#corona #covid19 #gorakhpur #WearAMask #Unlock1 #bjp pic.twitter.com/x3iBRtYwWk",[],[],['https://pbs.twimg.com/media/EZ99s66XsAAq7eW.jpg'],0,0,7,"['#corona', '#covid19', '#gorakhpur', '#wearamask', '#unlock1', '#bjp']",[],https://twitter.com/seepi20/status/1269871847195021312,False,,0,,,,,,,"[{'user_id': '379192098', 'username': 'seepi20'}]",,,,
1269862250774278144,1269862250774278144,1591593728000,2020-06-08,10:52:08,IST,3286322893,upkesari,Punjab Kesari-UP/UK,,"गोरखनाथ मंदिर के खुले कपाट, CM योगी आदित्यनाथ ने की पहली पूजा
 https://up.punjabkesari.in/uttar-pradesh/news/cm-yogi-adityanath-performed-the-first-worship-of-the-gorakhnath-temple-1180482 …
#Gorakhpur @BJP4UP @myogiadityanath #worship #Gorakhnathtemple #Unlock1 #UttarPradesh #UPNews pic.twitter.com/2iOQg8DW0d","['bjp4up', 'myogiadityanath']",['https://up.punjabkesari.in/uttar-pradesh/news/cm-yogi-adityanath-performed-the-first-worship-of-the-gorakhnath-temple-1180482'],['https://pbs.twimg.com/media/EZ90-N8U0AED783.jpg'],0,1,2,"['#gorakhpur', '#worship', '#gorakhnathtemple', '#unlock1', '#uttarpradesh', '#upnews']",[],https://twitter.com/UPkesari/status/1269862250774278144,False,,0,,,,,,,"[{'user_id': '3286322893', 'username': 'UPkesari'}, {'user_id': '2220938808', 'username': 'BJP4UP'}, {'user_id': '3437532637', 'username': 'myogiadityanath'}]",,,,
1269851182387752960,1269851182387752960,1591591089000,2020-06-08,10:08:09,IST,433366198,hsnewslive,HS News,,"दो दिन के गोरखपुर दौरे पर सीएम योगी आदित्यनाथ, सीएम की मौजूदगी में खुले गोरखनाथ मंदिर के कपाट.
@CMOfficeUP @myogiadityanath
#Unlock1 #UnlockIndia #gorakhpur #YogiAdityanath https://hs.news/cm-yogi-visit-gorakhnath-temple-after-lockdown/ …","['cmofficeup', 'myogiadityanath']",['https://hs.news/cm-yogi-visit-gorakhnath-temple-after-lockdown/'],[],0,10,15,"['#unlock1', '#unlockindia', '#gorakhpur', '#yogiadityanath']",[],https://twitter.com/HSnewsLive/status/1269851182387752960,False,,0,,,,,,,"[{'user_id': '433366198', 'username': 'HSnewsLive'}, {'user_id': '2587240482', 'username': 'CMOfficeUP'}, {'user_id': '3437532637', 'username': 'myogiadityanath'}]",,,,
1269833383145684992,1269833383145684992,1591586845000,2020-06-08,08:57:25,IST,19897138,indiatoday,IndiaToday,,"Yogi Adityanath had reached #Gorakhpur on Sunday to inspect the local government hospitals.
#Unlock1
 https://www.indiatoday.in/india/story/yogi-adityanath-offers-prayers-at-gorakhnath-temple-1686627-2020-06-08 …",[],['https://www.indiatoday.in/india/story/yogi-adityanath-offers-prayers-at-gorakhnath-temple-1686627-2020-06-08'],[],2,9,72,"['#gorakhpur', '#unlock1']",[],https://twitter.com/IndiaToday/status/1269833383145684992,False,,0,,,,,,,"[{'user_id': '19897138', 'username': 'IndiaToday'}]",,,,
1269821657205469185,1269821657205469185,1591584049000,2020-06-08,08:10:49,IST,181491054,sirajnoorani,Journalist Siraj Noorani,,"#Gorakhpur: UP Chief Minister @myogiadityanath offers prayers at Gorakhnath Temple.  
Government has allowed re-opening of places of worship from today. #Unlock1 #coronavirus pic.twitter.com/BZjTRa7z8z",['myogiadityanath'],[],"['https://pbs.twimg.com/media/EZ9QDNBUMAAdo6D.jpg', 'https://pbs.twimg.com/media/EZ9QDrcU0AAB60L.jpg', 'https://pbs.twimg.com/media/EZ9QEDrUEAEYvXn.jpg']",0,1,0,"['#gorakhpur', '#unlock1', '#coronavirus']",[],https://twitter.com/sirajnoorani/status/1269821657205469185,False,,0,,,,,,,"[{'user_id': '181491054', 'username': 'sirajnoorani'}, {'user_id': '3437532637', 'username': 'myogiadityanath'}]",,,,
1269820518531764226,1269820518531764226,1591583778000,2020-06-08,08:06:18,IST,346406417,tv9gujarati,tv9gujarati,,"#Gorakhpur: UP Chief Minister @myogiadityanath offers prayers at Gorakhnath Temple.  
Government has allowed re-opening of places of worship from today. #Unlock1 #coronavirus pic.twitter.com/Ht60L43gz3",['myogiadityanath'],[],"['https://pbs.twimg.com/media/EZ9PBsrWoAUT2fD.jpg', 'https://pbs.twimg.com/media/EZ9PBsyWoAA8e55.jpg', 'https://pbs.twimg.com/media/EZ9PBsrWsAMJenK.jpg']",5,11,165,"['#gorakhpur', '#unlock1', '#coronavirus']",[],https://twitter.com/tv9gujarati/status/1269820518531764226,False,,0,,,,,,,"[{'user_id': '346406417', 'username': 'tv9gujarati'}, {'user_id': '3437532637', 'username': 'myogiadityanath'}]",,,,
1269816211333943296,1269816211333943296,1591582751000,2020-06-08,07:49:11,IST,1113747196099399680,thefirstindia,First India,,"#Gorakhpur | Chief Minister #YogiAdityanath offers prayers at Gorakhnath Temple.  

Government has allowed re-opening of places of worship from today.

#coronavirus #Unlock #UnlockIndia #Unlock1 #lockdown pic.twitter.com/rdw89y2ZrR",[],[],"['https://pbs.twimg.com/media/EZ9LAe_WkAAFwEx.jpg', 'https://pbs.twimg.com/media/EZ9LCyMXQAAuPKr.jpg', 'https://pbs.twimg.com/media/EZ9LEsNXkAE2uQD.jpg']",0,0,0,"['#gorakhpur', '#yogiadityanath', '#coronavirus', '#unlock', '#unlockindia', '#unlock1', '#lockdown']",[],https://twitter.com/thefirstindia/status/1269816211333943296,False,,0,,,,,,,"[{'user_id': '1113747196099399680', 'username': 'thefirstindia'}]",,,,
1269814982906011648,1269814982906011648,1591582458000,2020-06-08,07:44:18,IST,3989159413,zee_hindustan,ZEE HINDUSTAN,,"आज से #Gorakhpur में गोरखनाथ मंदिर में दर्शन के लिए कपाट खुले. सीएम योगी ने की पूजा

@myogiadityanath @myogioffice @CMOfficeUP @UPGovt
@uptourismgov #UttarPradesh #GorakhnathTemple #Unlock1  pic.twitter.com/bwPB4IRp8F","['myogiadityanath', 'myogioffice', 'cmofficeup', 'upgovt', 'uptourismgov']",[],"['https://pbs.twimg.com/media/EZ9Ju0fVAAAQH8U.png', 'https://pbs.twimg.com/media/EZ9Jv98UcAEOlXR.png']",0,0,8,"['#gorakhpur', '#uttarpradesh', '#gorakhnathtemple', '#unlock1']",[],https://twitter.com/Zee_Hindustan/status/1269814982906011648,False,,0,,,,,,,"[{'user_id': '3989159413', 'username': 'Zee_Hindustan'}, {'user_id': '3437532637', 'username': 'myogiadityanath'}, {'user_id': '1084769827271598080', 'username': 'myogioffice'}, {'user_id': '2587240482', 'username': 'CMOfficeUP'}, {'user_id': '2588841246', 'username': 'UPGovt'}, {'user_id': '2832596774', 'username': 'uptourismgov'}]",,,,
1269639520007475202,1269639520007475202,1591540624000,2020-06-07,20:07:04,IST,3072340998,kishanvermagkp,Kishan Verma,,"कोरोना महामारी के शुरुआती दौर में 1500 परिवार को निशुल्क राशन वितरण किया। 
#Unlock1 @UPGovt @Uppolice @Dm_Gorakhpur @112UttarPradesh @aajtak @BJP4UP pic.twitter.com/0NDAHtHtop","['upgovt', 'uppolice', 'dm_gorakhpur', '112uttarpradesh', 'aajtak', 'bjp4up']",[],"['https://pbs.twimg.com/media/EZ6qHiTXkAAGJBc.jpg', 'https://pbs.twimg.com/media/EZ6qHjSXQAQs578.jpg', 'https://pbs.twimg.com/media/EZ6qHirXYAEpR_m.jpg', 'https://pbs.twimg.com/media/EZ6qHi8XgAA28A6.jpg']",2,0,6,['#unlock1'],[],https://twitter.com/kishanvermagkp/status/1269639520007475202,False,,0,,,,,,,"[{'user_id': '3072340998', 'username': 'kishanvermagkp'}, {'user_id': '2588841246', 'username': 'UPGovt'}, {'user_id': '1271749327', 'username': 'Uppolice'}, {'user_id': '1009338331518230528', 'username': 'Dm_Gorakhpur'}, {'user_id': '754903076474068993', 'username': '112UttarPradesh'}, {'user_id': '42606652', 'username': 'aajtak'}, {'user_id': '2220938808', 'username': 'BJP4UP'}]",,,,
1267807303098490881,1267807303098490881,1591103790000,2020-06-02,18:46:30,IST,1234511959934066688,niteshpandit51,nitesh Pandit,,#गोरखपुर की सड़कों पर आज मंगलवार शाम 5:35 पर रौनक नजर आ रहा है तक़रीबन ढाई महीने बाद (2 जून) को यह नजारा देखने को मिला है धीरे धीरे ही सही जिंदगी पटरी पर वापस आती दिख रही है #Gorakhpur #UttarPradesh #unlock1  pic.twitter.com/N3lNGL9oqE,[],[],[],0,0,1,"['#गोरखपुर', '#gorakhpur', '#uttarpradesh', '#unlock1']",[],https://twitter.com/Niteshpandit51/status/1267807303098490881,False,,1,,,,,,,"[{'user_id': '1234511959934066688', 'username': 'Niteshpandit51'}]",,,,
1267368268685127682,1267368268685127682,1590999116000,2020-06-01,13:41:56,IST,948551787325173760,raghvendra1661,Raghvendra Rai (Roshan),,"Respected Sir, 
While all the borders of the country are open from today but Sikriganj (GKP) - Dhanghata (SKN) border is still closed. People are facing lot of problem and unable to do any emergency work. Sir please take action over it.
@Dm_Gorakhpur @DistrictSant
#Unlock1","['dm_gorakhpur', 'districtsant']",[],[],0,0,1,['#unlock1'],[],https://twitter.com/Raghvendra1661/status/1267368268685127682,False,,0,,,,,,,"[{'user_id': '948551787325173760', 'username': 'Raghvendra1661'}, {'user_id': '1009338331518230528', 'username': 'Dm_Gorakhpur'}, {'user_id': '1014447157477195776', 'username': 'DistrictSant'}]",,,,
1267367127381495809,1267367127381495809,1590998844000,2020-06-01,13:37:24,IST,948551787325173760,raghvendra1661,Raghvendra Rai (Roshan),,"आदरणीय महोदय, 
जबकि देश की सभी सीमाएँ आज से खुली हैं लेकिन सिकरीगंज (GKP) - धनघटा (SKN) सीमा अभी भी बंद है।  लोगों को बहुत समस्या का सामना करना पड़ रहा है और कोई भी आपातकालीन कार्य करने में असमर्थ हैं।  सर कृपया इस पर कार्रवाई करें।
@DistrictSant @Dm_Gorakhpur
#Unlock1","['districtsant', 'dm_gorakhpur']",[],[],0,0,0,['#unlock1'],[],https://twitter.com/Raghvendra1661/status/1267367127381495809,False,,0,,,,,,,"[{'user_id': '948551787325173760', 'username': 'Raghvendra1661'}, {'user_id': '1014447157477195776', 'username': 'DistrictSant'}, {'user_id': '1009338331518230528', 'username': 'Dm_Gorakhpur'}]",,,,
1266930958508441601,1266930958508441601,1590894853000,2020-05-31,08:44:13,IST,1260962904381116417,gitwaindia,GITWA,,सब लोग इसको ध्यान से पढ़े और एक दूसरे से उचित दूरी बनाए रखे और मास्क जरूर से पहने । #UNLOCK1 #COVIDー19 #Gorakhpur जनता नए आदेश का इंतजार करे और उसका पालन करना हम सब की जिम्मेदारी है । धन्यवाद @sdmsadartehsil @Dm_Gorakhpur हमे उचित मार्गदशन के लिए ।  pic.twitter.com/UCwd8kRScT,"['sdmsadartehsil', 'dm_gorakhpur']",[],"['https://pbs.twimg.com/media/EZUK9U7WoAYle1T.jpg', 'https://pbs.twimg.com/media/EZUK9_tWsAAqqJV.jpg', 'https://pbs.twimg.com/media/EZUK_DAXgAIK73g.jpg']",0,6,11,"['#unlock1', '#covidー19', '#gorakhpur']",[],https://twitter.com/gitwaindia/status/1266930958508441601,False,,0,,,,,,,"[{'user_id': '1260962904381116417', 'username': 'gitwaindia'}, {'user_id': '1233337490552963072', 'username': 'sdmsadartehsil'}, {'user_id': '1009338331518230528', 'username': 'Dm_Gorakhpur'}]",,,,
