id,conversation_id,created_at,date,time,timezone,user_id,username,name,place,tweet,mentions,urls,photos,replies_count,retweets_count,likes_count,hashtags,cashtags,link,retweet,quote_url,video,near,geo,source,user_rt_id,user_rt,retweet_id,reply_to,retweet_date,translate,trans_src,trans_dest
1276840218620948480,1276840218620948480,1593257405000,2020-06-27,17:00:05,IST,2586283550,boc_mib,Bureau of Outreach & Communication (BOC),,"Mr Kamarudhin Ansari, artisan from #Varanasi, #UttarPradesh has resumed his work & is seen weaving #Banarasi sarees. 

He said there is a need to understand changing demands of customers & create quality products. 

🎥 @adgroblko
#Unlock1 | @PibLucknow pic.twitter.com/XC7qXPht7K","['adgroblko', 'piblucknow']",[],[],0,13,16,"['#varanasi', '#uttarpradesh', '#banarasi', '#unlock1']",[],https://twitter.com/BOC_MIB/status/1276840218620948480,False,,1,,,,,,,"[{'user_id': '2586283550', 'username': 'BOC_MIB'}, {'user_id': '752745160199503872', 'username': 'adgroblko'}, {'user_id': '1060151454', 'username': 'PibLucknow'}]",,,,
1273762910045483009,1273762910045483009,1592523717000,2020-06-19,05:11:57,IST,572305667,thewhitebanker,saurabh singh,,"Varanasi...
Unlock 1.0
#Varanasi #kashi #Unlock1  pic.twitter.com/miHCxu5lln",[],[],['https://pbs.twimg.com/media/Ea1QmBtWoAA-vcy.jpg'],0,0,0,"['#varanasi', '#kashi', '#unlock1']",[],https://twitter.com/thewhitebanker/status/1273762910045483009,False,,0,,,,,,,"[{'user_id': '572305667', 'username': 'thewhitebanker'}]",,,,
1270972901487857664,1270972901487857664,1591858527000,2020-06-11,12:25:27,IST,877143602450714624,toi_varanasi,TOI Varanasi,,#Unlock1.0: Restaurants in the city unsure about reopening  http://toi.in/-zS5Wb ,[],['http://toi.in/-zS5Wb'],[],0,0,0,['#unlock1'],[],https://twitter.com/TOI_Varanasi/status/1270972901487857664,False,,0,,,,,,,"[{'user_id': '877143602450714624', 'username': 'TOI_Varanasi'}]",,,,
1270680794055524352,1270680794055524352,1591788884000,2020-06-10,17:04:44,IST,1245976976113815552,sarraf_yashraj,Yashraj Sarraf🇮🇳,,"#Unlock1 #up65 
All shops will be open in #Varanasi with the rule of left and Right...  pic.twitter.com/9L8IYADfHC",[],[],['https://pbs.twimg.com/media/EaJdbkdXgAAg3a-.jpg'],0,0,1,"['#unlock1', '#up65', '#varanasi']",[],https://twitter.com/sarraf_yashraj/status/1270680794055524352,False,,0,,,,,,,"[{'user_id': '1245976976113815552', 'username': 'sarraf_yashraj'}]",,,,
1270613145522827265,1270613145522827265,1591772755000,2020-06-10,12:35:55,IST,1242731805926547456,englishkibaat,English Ki Baat,,"Varanasi: Priests living near the ghats of Ganga river say they are facing financial troubles as ghats remain closed. ""Temples have been opened, ghats should open too. Ganga ghat is the source of income for us. We also need to pay our rents,"" say priests. #Unlock1  pic.twitter.com/7HntGPdIvy",[],[],"['https://pbs.twimg.com/media/EaIf6ncWoAAD6y2.jpg', 'https://pbs.twimg.com/media/EaIf64ZXsAEMsiy.jpg']",0,0,0,['#unlock1'],[],https://twitter.com/englishkibaat/status/1270613145522827265,False,,0,,,,,,,"[{'user_id': '1242731805926547456', 'username': 'englishkibaat'}]",,,,
1270603323444322304,1270603323444322304,1591770413000,2020-06-10,11:56:53,IST,706709499856334848,aninewsup,ANI UP,,"Varanasi: Priests living near the ghats of Ganga river say they are facing financial troubles as ghats remain closed. ""Temples have been opened, ghats should open too. Ganga ghat is the source of income for us. We also need to pay our rents,"" say priests. #Unlock1  pic.twitter.com/45pn2NBwbN",[],[],"['https://pbs.twimg.com/media/EaIV-WXUYAEguh8.jpg', 'https://pbs.twimg.com/media/EaIWBwiU8AAaEdF.jpg', 'https://pbs.twimg.com/media/EaIWMSoUEAAd4xL.jpg', 'https://pbs.twimg.com/media/EaIWNhFVcAA7_rt.jpg']",0,12,129,['#unlock1'],[],https://twitter.com/ANINewsUP/status/1270603323444322304,False,,0,,,,,,,"[{'user_id': '706709499856334848', 'username': 'ANINewsUP'}]",,,,
1270282810964635649,1270282810964635649,1591693997000,2020-06-09,14:43:17,IST,108852592,live_hindustan,Hindustan,,"वाराणसी: संकटमोचन और दुर्गा मंदिर फिलहाल बंद, गेट पर पूजा करने लगे भक्त

#Unlock1 #Varanasi
 https://www.livehindustan.com/uttar-pradesh/varanasi/story-varanasi-sankatmochan-and-durgamandir-are-currently-closed-devotees-offer-prayers-at-the-gate-itself-3269190.html …",[],['https://www.livehindustan.com/uttar-pradesh/varanasi/story-varanasi-sankatmochan-and-durgamandir-are-currently-closed-devotees-offer-prayers-at-the-gate-itself-3269190.html'],[],0,0,22,"['#unlock1', '#varanasi']",[],https://twitter.com/Live_Hindustan/status/1270282810964635649,False,,0,,,,,,,"[{'user_id': '108852592', 'username': 'Live_Hindustan'}]",,,,
1269889098962972672,1269889098962972672,1591600129000,2020-06-08,12:38:49,IST,1181898736630259712,shaharkisansani,shaharkisansani,,"काशी में सोमवार से नहीं खुलेंगे धार्मि‍क स्‍थल, होटल और मॉल, डीएम ने जारी की गाइडलाइन्‍स
#kashi #Unlock1 #Varanasi  pic.twitter.com/O8DT9yPSXq",[],[],['https://pbs.twimg.com/media/EZ-NXJuVcAI2pGV.jpg'],0,0,0,"['#kashi', '#unlock1', '#varanasi']",[],https://twitter.com/shaharkisansani/status/1269889098962972672,False,,0,,,,,,,"[{'user_id': '1181898736630259712', 'username': 'shaharkisansani'}]",,,,
1269888086047109120,1269888086047109120,1591599887000,2020-06-08,12:34:47,IST,1202292197892079616,24x7_khabar,24X7Khabar,,"Unlock 1 in UP: अनलॉक-1 में भी नहीं खुलेंगे कई प्रसिद्ध मंदिर व मजार
#Unlock1 #UnlockIndia #Unlockguidelines #IndiaFightsCorona #IndiaFightsCoronavirus
#UpUnlock #UnlockingIndia #VishwanathTemple #Varanasi
 http://24x7khabar.com/story-up-unlock-1-maa-vindhyavasini-dham-kashi-vishwanath-temple-banke-bihari-temple-asifi-mosque-and-many-more-will-not-open-from-today/ …",[],['http://24x7khabar.com/story-up-unlock-1-maa-vindhyavasini-dham-kashi-vishwanath-temple-banke-bihari-temple-asifi-mosque-and-many-more-will-not-open-from-today/'],[],0,1,1,"['#unlock1', '#unlockindia', '#unlockguidelines', '#indiafightscorona', '#indiafightscoronavirus', '#upunlock', '#unlockingindia', '#vishwanathtemple', '#varanasi']",[],https://twitter.com/24x7_Khabar/status/1269888086047109120,False,,0,,,,,,,"[{'user_id': '1202292197892079616', 'username': '24x7_Khabar'}]",,,,
1268760040997113857,1268760040997113857,1591330940000,2020-06-05,09:52:20,IST,136534788,divsh5,Divesh Sharma,,"This is happening in Uttar Pradesh.
Its really unfortunate to see a renowned college, at Varanasi issue a notice on 1st June 2020, asked students to come to college & physically submit exam form. 
@ndtv @IndianExpress @IndiaToday @DainikBhaskar
#Varanasi
#Unlock1
#Rules pic.twitter.com/NLygtRksF2","['ndtv', 'indianexpress', 'indiatoday', 'dainikbhaskar']",[],['https://pbs.twimg.com/media/EZuKhlhUMAEJN5x.jpg'],0,0,1,"['#varanasi', '#unlock1', '#rules']",[],https://twitter.com/divsh5/status/1268760040997113857,False,,0,,,,,,,"[{'user_id': '136534788', 'username': 'divsh5'}, {'user_id': '37034483', 'username': 'ndtv'}, {'user_id': '38647512', 'username': 'IndianExpress'}, {'user_id': '19897138', 'username': 'IndiaToday'}, {'user_id': '67378160', 'username': 'DainikBhaskar'}]",,,,
1268757034524045312,1268757006963236864,1591330224000,2020-06-05,09:40:24,IST,136534788,divsh5,Divesh Sharma,,"Please solve this matter urgently as lives of students at risk. 
@dmvaranasi2016
#Varanasi
#Unlock1
#Rules
#CollegesandSchools
#DisasterManagementActIndia pic.twitter.com/SJiBA5FanZ",['dmvaranasi2016'],[],['https://pbs.twimg.com/media/EZuHySAUMAA79oE.jpg'],0,0,0,"['#varanasi', '#unlock1', '#rules', '#collegesandschools', '#disastermanagementactindia']",[],https://twitter.com/divsh5/status/1268757034524045312,False,,0,,,,,,,"[{'user_id': '136534788', 'username': 'divsh5'}, {'user_id': '789811031597944832', 'username': 'dmvaranasi2016'}]",,,,
1268757012587794433,1268757006963236864,1591330218000,2020-06-05,09:40:18,IST,136534788,divsh5,Divesh Sharma,,"The center's new guidelines are updated on website (image attached), but the UP college clearly flouting the rules. 
@dmvaranasi2016 @MgkvpV
#Varanasi
#Unlock1
#Rules
#CollegesandSchools","['dmvaranasi2016', 'mgkvpv']",[],[],1,0,0,"['#varanasi', '#unlock1', '#rules', '#collegesandschools']",[],https://twitter.com/divsh5/status/1268757012587794433,False,,0,,,,,,,"[{'user_id': '136534788', 'username': 'divsh5'}, {'user_id': '789811031597944832', 'username': 'dmvaranasi2016'}, {'user_id': '1137306015240605696', 'username': 'MgkvpV'}]",,,,
1268687862393790464,1268687862393790464,1591313732000,2020-06-05,05:05:32,IST,143043424,varanasinews,Varanasi News,,Unlock1: Business of betel leaves resumes in UP’s Varanasi - Zee Kannada  http://dlvr.it/RY0zMd ,[],['http://dlvr.it/RY0zMd'],[],0,0,0,[],[],https://twitter.com/VaranasiNews/status/1268687862393790464,False,,0,,,,,,,"[{'user_id': '143043424', 'username': 'VaranasiNews'}]",,,,
1268609564041261057,1268609564041261057,1591295064000,2020-06-04,23:54:24,IST,1238092962807996416,girish57833664,Girish,,"@myogioffice @dmvaranasi2016 @nagarnigamvns 
Respected sir, I want to draw your attention during unlock1 in COVID-19 epidemic situation towards worst condition of laxmanpur third lane varanasi. No road,no water drainage system,no street lights,no dust collection. Resolved issue🙏","['myogioffice', 'dmvaranasi2016', 'nagarnigamvns']",[],[],1,0,0,[],[],https://twitter.com/Girish57833664/status/1268609564041261057,False,,0,,,,,,,"[{'user_id': '1238092962807996416', 'username': 'Girish57833664'}, {'user_id': '1084769827271598080', 'username': 'myogioffice'}, {'user_id': '789811031597944832', 'username': 'dmvaranasi2016'}, {'user_id': '3648435014', 'username': 'nagarnigamvns'}]",,,,
1268185777843744768,1268185777843744768,1591194025000,2020-06-03,19:50:25,IST,957575197,thehawk,The Hawk,,Unlock1: Business Of Betel Leaves Resumes In UP's Varanasi #Unlock1 #UP #Business http://www.thehawk.in/cities/other-cities/unlock1-business-of-betel-leaves-resumes-in-ups-varanasi-150881?utm_campaign=pubshare&utm_source=Twitter&utm_medium=957575197&utm_content=auto-link&utm_id=346 …,[],['http://www.thehawk.in/cities/other-cities/unlock1-business-of-betel-leaves-resumes-in-ups-varanasi-150881?utm_campaign=pubshare&utm_source=Twitter&utm_medium=957575197&utm_content=auto-link&utm_id=346'],[],0,0,0,"['#unlock1', '#up', '#business']",[],https://twitter.com/thehawk/status/1268185777843744768,False,,0,,,,,,,"[{'user_id': '957575197', 'username': 'thehawk'}]",,,,
1267713483832991745,1267713483832991745,1591081422000,2020-06-02,12:33:42,IST,4660501453,the_shivansh_,Shivansh Pandey,,"#Unlock1 Visited Bangal Sweet House, the most famous sweet shop of #Varanasi to buy sweets 😍  pic.twitter.com/HWZhsCtsfi",[],[],['https://pbs.twimg.com/media/EZfSsC4XkAAGuYn.jpg'],0,0,3,"['#unlock1', '#varanasi']",[],https://twitter.com/the_shivansh_/status/1267713483832991745,False,,0,,,,,,,"[{'user_id': '4660501453', 'username': 'the_shivansh_'}]",,,,
1267687906476347392,1267687906476347392,1591075324000,2020-06-02,10:52:04,IST,1194985991498416128,draksofficial,Dr. Ashok Kumar Singh,,#Unlock1 #lockdown2020 @BJP4India @INCIndia @digvijaya_28 @myogiadityanath @ManojTiwariMP @varanasi_zila @INCVaranasi @rajnathsingh pic.twitter.com/CfDaBoh34U,"['bjp4india', 'incindia', 'digvijaya_28', 'myogiadityanath', 'manojtiwarimp', 'varanasi_zila', 'incvaranasi', 'rajnathsingh']",[],[],0,0,0,"['#unlock1', '#lockdown2020']",[],https://twitter.com/DrAKSOfficial/status/1267687906476347392,False,,1,,,,,,,"[{'user_id': '1194985991498416128', 'username': 'DrAKSOfficial'}, {'user_id': '207809313', 'username': 'BJP4India'}, {'user_id': '1153045459', 'username': 'INCIndia'}, {'user_id': '371730289', 'username': 'digvijaya_28'}, {'user_id': '3437532637', 'username': 'myogiadityanath'}, {'user_id': '3314976162', 'username': 'ManojTiwariMP'}, {'user_id': '911584503159676929', 'username': 'varanasi_zila'}, {'user_id': '999216112452616192', 'username': 'INCVaranasi'}, {'user_id': '1346439824', 'username': 'rajnathsingh'}]",,,,
1267452064931573765,1267452064931573765,1591019095000,2020-06-01,19:14:55,IST,877143602450714624,toi_varanasi,TOI Varanasi,,"Liquor shops in #UP that are located outside the containment zones will remain open from 10 am to 9 pm, ANI reports quoting state government.
 #Unlock1",[],[],[],0,0,0,"['#up', '#unlock1']",[],https://twitter.com/TOI_Varanasi/status/1267452064931573765,False,,0,,,,,,,"[{'user_id': '877143602450714624', 'username': 'TOI_Varanasi'}]",,,,
1267414313976778752,1267414313976778752,1591010094000,2020-06-01,16:44:54,IST,2797567730,mirzapuroffical,Mirzapur Official,,"वाराणसी से रोडवेज की बसों का परिचालन शुरू, मिर्ज़ापुर और विंध्याचल जाने वाला कोई यात्री नहीं मिला
#buses #roadwaysbus #Unlock1 #varanasi #mirzapur https://www.mirzapurofficial.in/mirzapur-news-roadways-buses-started-operating-from-varanasi-no-passenger-found-mirzapur/ …",[],['https://www.mirzapurofficial.in/mirzapur-news-roadways-buses-started-operating-from-varanasi-no-passenger-found-mirzapur/'],[],0,0,1,"['#buses', '#roadwaysbus', '#unlock1', '#varanasi', '#mirzapur']",[],https://twitter.com/Mirzapuroffical/status/1267414313976778752,False,,0,,,,,,,"[{'user_id': '2797567730', 'username': 'Mirzapuroffical'}]",,,,
1267346589401538560,1267346589401538560,1590993947000,2020-06-01,12:15:47,IST,1082347577171996672,durgesh51950276,Durgesh Kumar,,If We are going to Delhi to Varanasi.  Then required e-pass in #Unlock1 UP ?.  https://twitter.com/SushantBSinha/status/1267146795668430857 …,[],['https://twitter.com/SushantBSinha/status/1267146795668430857'],[],0,0,0,['#unlock1'],[],https://twitter.com/Durgesh51950276/status/1267346589401538560,False,https://twitter.com/SushantBSinha/status/1267146795668430857,0,,,,,,,"[{'user_id': '1082347577171996672', 'username': 'Durgesh51950276'}]",,,,
1267322482601713664,1267322482601713664,1590988200000,2020-06-01,10:40:00,IST,990761677,mumbaimirror,Mumbai Mirror,,"Mahanagari Express, the first train among 200 special trains departed on Monday from Mumbai's Chhatrapati Shivaji Maharaj Terminus for Varanasi in Uttar Pradesh.

#coronavirus #coronaviruslockdown #lockdown #UnlockIndia
#unlock1
 https://mumbaimirror.indiatimes.com/coronavirus/news/first-train-among-200-special-trains-departs-from-mumbai-csmt-for-uttar-pradesh/articleshow/76129188.cms …",[],['https://mumbaimirror.indiatimes.com/coronavirus/news/first-train-among-200-special-trains-departs-from-mumbai-csmt-for-uttar-pradesh/articleshow/76129188.cms'],[],0,5,21,"['#coronavirus', '#coronaviruslockdown', '#lockdown', '#unlockindia', '#unlock1']",[],https://twitter.com/MumbaiMirror/status/1267322482601713664,False,,0,,,,,,,"[{'user_id': '990761677', 'username': 'MumbaiMirror'}]",,,,
1267288337557016576,1267288337557016576,1590980059000,2020-06-01,08:24:19,IST,877143602450714624,toi_varanasi,TOI Varanasi,,"Ganga Ghats in #Varanasi wears a deserted look on the occasion of Ganga Dussehra

#unlock1
#UttarPradeshUnlock1 pic.twitter.com/O2AAYhSUE9",[],[],"['https://pbs.twimg.com/media/EZZQA5tU4AAA1TW.jpg', 'https://pbs.twimg.com/media/EZZQA5uUYAIft9p.jpg']",0,2,10,"['#varanasi', '#unlock1', '#uttarpradeshunlock1']",[],https://twitter.com/TOI_Varanasi/status/1267288337557016576,False,,0,,,,,,,"[{'user_id': '877143602450714624', 'username': 'TOI_Varanasi'}]",,,,
1267286201964339201,1267286201964339201,1590979550000,2020-06-01,08:15:50,IST,1113747196099399680,thefirstindia,First India,,"#Ganga Ghats in Varanasi remain deserted on the occasion of #GangaDussehra today, as gathering of devotees is restricted to prevent the spread of Coronavirus.

Govt has allowed reopening of religious places from June 8.

#Ganga_Dussehra #Lockdown #Unlock1 #Coronavirus #Varanasi  pic.twitter.com/4mv65vgBUB",[],[],"['https://pbs.twimg.com/media/EZZN6HZWkAI6tXH.jpg', 'https://pbs.twimg.com/media/EZZN6gkXQAsXika.jpg']",1,1,5,"['#ganga', '#gangadussehra', '#ganga_dussehra', '#lockdown', '#unlock1', '#coronavirus', '#varanasi']",[],https://twitter.com/thefirstindia/status/1267286201964339201,False,,0,,,,,,,"[{'user_id': '1113747196099399680', 'username': 'thefirstindia'}]",,,,
1267286176471199746,1267286176471199746,1590979544000,2020-06-01,08:15:44,IST,725545144833839109,_nationalvoice,NationalVoice,,"#coronavirus वाराणसी में गंगा दशहरा के अवसर पर घाट पर पसरा सन्नाटा
#Varanasi #UttarPradesh #UPNews #BreakingNews #lockdown #Unlock1  pic.twitter.com/pXeAcBfse0",[],[],['https://pbs.twimg.com/media/EZZNz8aVAAAcXkq.jpg'],0,1,2,"['#coronavirus', '#varanasi', '#uttarpradesh', '#upnews', '#breakingnews', '#lockdown', '#unlock1']",[],https://twitter.com/_NationalVoice/status/1267286176471199746,False,,0,,,,,,,"[{'user_id': '725545144833839109', 'username': '_NationalVoice'}]",,,,
1267279396391411712,1267279396391411712,1590977927000,2020-06-01,07:48:47,IST,877143602450714624,toi_varanasi,TOI Varanasi,,"Shaheed Udyan, a park in #Varanasi, closed today

#Unlock1
#UttarPradeshUnlock1 pic.twitter.com/9OPA3y0sFQ",[],[],"['https://pbs.twimg.com/media/EZZH4eRUYAAIbgM.png', 'https://pbs.twimg.com/media/EZZH4ejUMAE4vGt.png', 'https://pbs.twimg.com/media/EZZH4ekUYAAv1oc.png', 'https://pbs.twimg.com/media/EZZH4ekUwAAWpZ1.png']",0,1,3,"['#varanasi', '#unlock1', '#uttarpradeshunlock1']",[],https://twitter.com/TOI_Varanasi/status/1267279396391411712,False,,0,,,,,,,"[{'user_id': '877143602450714624', 'username': 'TOI_Varanasi'}]",,,,
1266786298716553216,1266786298716553216,1590860364000,2020-05-30,23:09:24,IST,776312720115298304,clickanchal,Anchal Agrawal,,"उम्मीदों की जगी किरण.. जल्द होंगे मंदिरो में दर्शन.. गूंजेंगे घंटे घड़ियाल.. सियावर राम चन्द्र की जय..जय बजरंगबली..🙏🙏
#sankatmochan #mandir #Lockdown5point0 #Unlock1 #varanasi #Covid_19 #kashi #shreeram #jaihanuman #hanumanji #ramji pic.twitter.com/gRNiyGGaAg",[],[],['https://pbs.twimg.com/media/EZSHaGzVcAA_ZxS.jpg'],0,0,0,"['#sankatmochan', '#mandir', '#lockdown5point0', '#unlock1', '#varanasi', '#covid_19', '#kashi', '#shreeram', '#jaihanuman', '#hanumanji', '#ramji']",[],https://twitter.com/clickanchal/status/1266786298716553216,False,,0,,,,,,,"[{'user_id': '776312720115298304', 'username': 'clickanchal'}]",,,,
1266783398732931074,1266783398732931074,1590859672000,2020-05-30,22:57:52,IST,1345887266,guru_banarasi,Anand Gupta ➐,,"दशाश्वमेध घाट तक पहुँचने के लिए रस्ते में
 'मेटल डिटेक्टर' गेट लगा हुआ है ...
लाॅकडाउन - 5 और कुछ नहीं, बस यही गेट है...

 #Lockdown5
#Unlock1 #Varanasi #Banaras",[],[],[],1,0,0,"['#lockdown5', '#unlock1', '#varanasi', '#banaras']",[],https://twitter.com/Guru_Banarasi/status/1266783398732931074,False,,0,,,,,,,"[{'user_id': '1345887266', 'username': 'Guru_Banarasi'}]",,,,
