id,conversation_id,created_at,date,time,timezone,user_id,username,name,place,tweet,mentions,urls,photos,replies_count,retweets_count,likes_count,hashtags,cashtags,link,retweet,quote_url,video,near,geo,source,user_rt_id,user_rt,retweet_id,reply_to,retweet_date,translate,trans_src,trans_dest
1276723176160899072,1276723176160899072,1593229500000,2020-06-27,09:15:00,IST,714396883,alliedicd,Allied ICD Services,,"During #Unlock1, it is important to abide by safety norms at workplace. These stickers from @BlrJupiter help in reinforcing the importance of masks, sanitizers & social distancing! Our ICD Durgapur is following utmost precautions while serving the EXIM Trade! #StayHealthyStaySafe pic.twitter.com/XjtLWTcut2",['blrjupiter'],[],"['https://pbs.twimg.com/media/EbdcAJOUMAALOu8.jpg', 'https://pbs.twimg.com/media/EbdcBJzUYAAHswR.jpg']",0,1,11,"['#unlock1', '#stayhealthystaysafe']",[],https://twitter.com/AlliedICD/status/1276723176160899072,False,,0,,,,,,,"[{'user_id': '714396883', 'username': 'AlliedICD'}, {'user_id': '1005394520475774976', 'username': 'BlrJupiter'}]",,,,
1272190293362700288,1272190293362700288,1592148776000,2020-06-14,21:02:56,IST,120163995,niru_pam,আত্মনির্ভর,,"Sunday morning 😍🥰
Chana masala with tea water by me. 
Porota by wifey. #delicious #homemade #foodie 18%GST #parathha #Durgapur #Unlock1 #foodporn pic.twitter.com/zH2qjgsVAx",[],[],"['https://pbs.twimg.com/media/Eae6NzYX0AApZwr.jpg', 'https://pbs.twimg.com/media/Eae6QRWXQAINwFg.jpg', 'https://pbs.twimg.com/media/Eae6SJPWsAEwwmd.jpg']",0,0,0,"['#delicious', '#homemade', '#foodie', '#parathha', '#durgapur', '#unlock1', '#foodporn']",[],https://twitter.com/NIRU_PAM/status/1272190293362700288,False,,0,,,,,,,"[{'user_id': '120163995', 'username': 'NIRU_PAM'}]",,,,
1269883297783578624,1269883297783578624,1591598746000,2020-06-08,12:15:46,IST,223780834,essar,Essar,,"#Essar Oil & Gas facility in Durgapur, West Bengal with 50,000 standard cubic meters per day (scmd) capacity is eying to acquire new consumers in this #Unlock1. @tawdev, MD & CEO, #EOGEPL speaks to @Ra_Avishek @bsindia. Read the full report  https://bit.ly/2Uhv5SM  pic.twitter.com/GJdZJRW2vl","['tawdev', 'ra_avishek', 'bsindia']",['https://bit.ly/2Uhv5SM'],['https://pbs.twimg.com/media/EZ-HuKSXgAAHxiV.jpg'],1,3,20,"['#essar', '#unlock1', '#eogepl']",[],https://twitter.com/Essar/status/1269883297783578624,False,,0,,,,,,,"[{'user_id': '223780834', 'username': 'Essar'}, {'user_id': '1322835871', 'username': 'tawdev'}, {'user_id': '788127979905818624', 'username': 'Ra_Avishek'}, {'user_id': '43855487', 'username': 'bsindia'}]",,,,
1267827527927476224,1267827527927476224,1591108612000,2020-06-02,20:06:52,IST,355989081,ani,ANI,,"West Bengal: Social distancing norms were violated as people gathered to offer prayers at a temple in Durgapur.

State Government allowed all religious places to reopen from June 1 with not more than 10 people allowed inside the premises at a time.

#Unlock1  pic.twitter.com/DwNvCEFtQZ",[],[],"['https://pbs.twimg.com/media/EZg4kdeUcAIoKLp.jpg', 'https://pbs.twimg.com/media/EZg4lzAUEAIsI1Z.jpg', 'https://pbs.twimg.com/media/EZg4oBoVcAA1t8d.jpg', 'https://pbs.twimg.com/media/EZg4rCmUYAI7IRl.jpg']",30,54,301,['#unlock1'],[],https://twitter.com/ANI/status/1267827527927476224,False,,0,,,,,,,"[{'user_id': '355989081', 'username': 'ANI'}]",,,,
