id,conversation_id,created_at,date,time,timezone,user_id,username,name,place,tweet,mentions,urls,photos,replies_count,retweets_count,likes_count,hashtags,cashtags,link,retweet,quote_url,video,near,geo,source,user_rt_id,user_rt,retweet_id,reply_to,retweet_date,translate,trans_src,trans_dest
1269872389770240001,1269846508133707776,1591596145000,2020-06-08,11:32:25,IST,631810714,cnbctv18news,CNBC-TV18,,"City Centre mall in Siliguri resumes operations from today as per government guidelines, amid #COVID19 outbreak.

Hotels, restaurants as well as shopping malls are allowed to operate from today across the state, except the containment zones.

(📷: ANI) #Unlock1  pic.twitter.com/RYrweIJF55",[],[],"['https://pbs.twimg.com/media/EZ9-HQPUYAAM4hF.jpg', 'https://pbs.twimg.com/media/EZ9-HQPUYAEyLAS.jpg', 'https://pbs.twimg.com/media/EZ9-HQPUEAAUSaA.jpg']",0,0,4,"['#covid19', '#unlock1']",[],https://twitter.com/CNBCTV18News/status/1269872389770240001,False,,0,,,,,,,"[{'user_id': '631810714', 'username': 'CNBCTV18News'}]",,,,
1269871587144036352,1269871587144036352,1591595954000,2020-06-08,11:29:14,IST,1113747196099399680,thefirstindia,First India,,"#WestBengal | City Centre mall in Siliguri resumes operations from today as per government guidelines, amid #COVID19 outbreak.

Hotels, restaurants as well as shopping malls are allowed to operate from today across the state, except the containment zones.

#Unlock1 #unlock2 pic.twitter.com/Q9GhxIIgUn",[],[],"['https://pbs.twimg.com/media/EZ99XPjUwAEY5yy.jpg', 'https://pbs.twimg.com/media/EZ99aoaUcAMxyWv.jpg', 'https://pbs.twimg.com/media/EZ99eIAU0AAW5qz.jpg']",0,1,0,"['#westbengal', '#covid19', '#unlock1', '#unlock2']",[],https://twitter.com/thefirstindia/status/1269871587144036352,False,,0,,,,,,,"[{'user_id': '1113747196099399680', 'username': 'thefirstindia'}]",,,,
1267306472204992512,1267306472204992512,1590984383000,2020-06-01,09:36:23,IST,134758540,timesofindia,The Times Of India,,"West Bengal: Prayers being offered at a temple in Siliguri after state government allowed all religious places to open from today. #Unlock1 

(Pics: ANI)  pic.twitter.com/yW59L8RVGD",[],[],"['https://pbs.twimg.com/media/EZZgCAnUwAAOY4r.jpg', 'https://pbs.twimg.com/media/EZZgDfTU0AEh7M9.jpg', 'https://pbs.twimg.com/media/EZZgFFvUEAAdn75.jpg', 'https://pbs.twimg.com/media/EZZgG-PU0AIgEVH.jpg']",4,6,120,['#unlock1'],[],https://twitter.com/timesofindia/status/1267306472204992512,False,,0,,,,,,,"[{'user_id': '134758540', 'username': 'timesofindia'}]",,,,
1267303860936364032,1267303860936364032,1590983760000,2020-06-01,09:26:00,IST,1113747196099399680,thefirstindia,First India,,"#WestBengal | Prayers being offered at a temple in Siliguri after state government allowed all religious places to open from today. 

#Unlock1 #UnlockIndia #Coronavirus #COVID19 pic.twitter.com/2Amq7N8EKS",[],[],"['https://pbs.twimg.com/media/EZZeCPZX0AIfspb.jpg', 'https://pbs.twimg.com/media/EZZeEX1XgAAVf-2.jpg', 'https://pbs.twimg.com/media/EZZeGGEWsAIHCgl.jpg', 'https://pbs.twimg.com/media/EZZeIBUXkAE0AE6.jpg']",0,0,0,"['#westbengal', '#unlock1', '#unlockindia', '#coronavirus', '#covid19']",[],https://twitter.com/thefirstindia/status/1267303860936364032,False,,0,,,,,,,"[{'user_id': '1113747196099399680', 'username': 'thefirstindia'}]",,,,
1267301101453246467,1267301101453246467,1590983102000,2020-06-01,09:15:02,IST,3627700213,himalayan_mail,Himalayan Mail,,"#WestBengal: Prayers being offered at a temple in #Siliguri after state government allowed all religious places to open from today. #Unlock1
#coronavirus #temples pic.twitter.com/NxWERLRcaj",[],[],"['https://pbs.twimg.com/media/EZZba3_UMAAo5TY.jpg', 'https://pbs.twimg.com/media/EZZba4AU4AETclj.jpg', 'https://pbs.twimg.com/media/EZZba4DVcAEXtlG.jpg', 'https://pbs.twimg.com/media/EZZba4CUYAAdGML.jpg']",0,1,2,"['#westbengal', '#siliguri', '#unlock1', '#coronavirus', '#temples']",[],https://twitter.com/himalayan_mail/status/1267301101453246467,False,,0,,,,,,,"[{'user_id': '3627700213', 'username': 'himalayan_mail'}]",,,,
1267299957330939905,1267299957330939905,1590982829000,2020-06-01,09:10:29,IST,772693965627797504,toikolkata,TOI Kolkata,,"West Bengal: Prayers being offered at a temple in #Siliguri
#WestBengalUnlock1
#unlock1  pic.twitter.com/Cv98SFBiLg",[],[],"['https://pbs.twimg.com/media/EZZakaLU4AAZXD-.jpg', 'https://pbs.twimg.com/media/EZZakaNUMAMj6UY.jpg', 'https://pbs.twimg.com/media/EZZakaOU8AAOB9W.jpg', 'https://pbs.twimg.com/media/EZZakaPUYAE4dUR.jpg']",0,0,3,"['#siliguri', '#westbengalunlock1', '#unlock1']",[],https://twitter.com/TOIKolkata/status/1267299957330939905,False,,0,,,,,,,"[{'user_id': '772693965627797504', 'username': 'TOIKolkata'}]",,,,
1267299309902458880,1267299309902458880,1590982675000,2020-06-01,09:07:55,IST,355989081,ani,ANI,,West Bengal: Prayers being offered at a temple in Siliguri after state government allowed all religious places to open from today. #Unlock1  pic.twitter.com/KVO7K5rjdW,[],[],"['https://pbs.twimg.com/media/EZZZzq1U8AQ1mBD.jpg', 'https://pbs.twimg.com/media/EZZZ0opVcAEejyn.jpg', 'https://pbs.twimg.com/media/EZZZ1jqU4AE-hMW.jpg', 'https://pbs.twimg.com/media/EZZZ2aBUcAURarU.jpg']",12,21,445,['#unlock1'],[],https://twitter.com/ANI/status/1267299309902458880,False,,0,,,,,,,"[{'user_id': '355989081', 'username': 'ANI'}]",,,,
