id,conversation_id,created_at,date,time,timezone,user_id,username,name,place,tweet,mentions,urls,photos,replies_count,retweets_count,likes_count,hashtags,cashtags,link,retweet,quote_url,video,near,geo,source,user_rt_id,user_rt,retweet_id,reply_to,retweet_date,translate,trans_src,trans_dest
1277533375360675840,1277533375360675840,1593422666000,2020-06-29,14:54:26,IST,185577582,goldy_nist,kundan kumar,,@PiyushGoyal @IRCTCofficial @IndianRailMedia Kindly run special train for patna from Raipur ( South Bihar express) and make necessary arrangement for stopage  of special train HOWRAH MUMBAI at TATANAGAR .There is no means to connect these two states #Unlock1,"['piyushgoyal', 'irctcofficial', 'indianrailmedia']",[],[],0,0,0,['#unlock1'],[],https://twitter.com/goldy_nist/status/1277533375360675840,False,,0,,,,,,,"[{'user_id': '185577582', 'username': 'goldy_nist'}, {'user_id': '1324334436', 'username': 'PiyushGoyal'}, {'user_id': '141176075', 'username': 'IRCTCofficial'}, {'user_id': '2397304789', 'username': 'IndianRailMedia'}]",,,,
1273254543640244234,1273254133097566209,1592402513000,2020-06-17,19:31:53,IST,54894351,monideepa62,Monideepa Banerjie,,"BENGAL COVID ALERT 17/6
New case 391
Active case 5,261
Total case 12,300
Death 11
Total death 506
Samples tested 9,222
Total tests 3,60,976
DISTRICTWISE NEW CASES
Kolkata 142
Howrah 73
N 24 Parganas 46
Alipurduar 28
S 24 Parganas 23
#BengalFightsCorona #COVID19India #Unlock1",[],[],[],0,1,14,"['#bengalfightscorona', '#covid19india', '#unlock1']",[],https://twitter.com/Monideepa62/status/1273254543640244234,False,,0,,,,,,,"[{'user_id': '54894351', 'username': 'Monideepa62'}]",,,,
1272893769394896896,1272893769394896896,1592316498000,2020-06-16,19:38:18,IST,54894351,monideepa62,Monideepa Banerjie,,"BENGAL COVID ALERT 16/6

New case 415
Active case 5368
Total case 11,909

Death 10
Total death 495

Samples tested 8,512
Total tests 3,51,754

DISTRICTWISE NEW CASES
Kolkata 170
N 24 Parganas 70
Howrah 40
S 24 Parganas 31 
Cooch Behar 18
#BengalFightsCorona #Unlock1",[],[],[],3,1,22,"['#bengalfightscorona', '#unlock1']",[],https://twitter.com/Monideepa62/status/1272893769394896896,False,,0,,,,,,,"[{'user_id': '54894351', 'username': 'Monideepa62'}]",,,,
1271818525389144066,1271818525389144066,1592060140000,2020-06-13,20:25:40,IST,54894351,monideepa62,Monideepa Banerjie,,"BENGAL COVID ALERT 13/6
New case 454
Active case 5693
Total case 10,698
Death 12
Total death 463
Samples tested 9008
Total tests 3,24,707
DISTRICTWISE NEW CASES
Kolkata 158
N 24 Parganas 69
Howrah 62
West Medinipur 49
S 24 Parganas 28
#BengalFightsCorona #COVID2019india
#Unlock1",[],[],[],0,4,20,"['#bengalfightscorona', '#covid2019india', '#unlock1']",[],https://twitter.com/Monideepa62/status/1271818525389144066,False,,0,,,,,,,"[{'user_id': '54894351', 'username': 'Monideepa62'}]",,,,
1271145642660777984,1271145642660777984,1591899712000,2020-06-11,23:51:52,IST,54894351,monideepa62,Monideepa Banerjie,,"BENGAL COVID440 ALERT 11/6
New case 440
Active case 5338
Total case 9768
Death 10
Total death 442
Samples tested 9522
Total tests3,06941
DISTRICT-WISE NEW CASES 
Kolkata 117
North 24 Parganas 67
Howrah 44
Darjeeling 41
Jalpaiguri 34
#BengalFightsCorona
#COVID19India #Unlock1",[],[],[],0,3,16,"['#bengalfightscorona', '#covid19india', '#unlock1']",[],https://twitter.com/Monideepa62/status/1271145642660777984,False,,0,,,,,,,"[{'user_id': '54894351', 'username': 'Monideepa62'}]",,,,
1270705555661713410,1270705555661713410,1591794787000,2020-06-10,18:43:07,IST,1246102217494392834,wesearchlab,WB Kolkata COVID19 Tracker (WEsearch lab),,"UPDATED MAP!!

#containmentzones of #kolkata #howrah as on 10june

check the map
👇👇👇
 https://bit.ly/3e1VDiA 
#coronavirus #bengal #westbengal #map #redzone #saltlake #Lockdown5 #Unlock1 #lockdown #hooghly #covid19 #CoronaVirusUpdates #CoronavirusPandemic pic.twitter.com/mcunL0DEAZ",[],['https://bit.ly/3e1VDiA'],['https://pbs.twimg.com/media/EaJwhtsU4AA_8kF.jpg'],1,1,0,"['#containmentzones', '#kolkata', '#howrah', '#coronavirus', '#bengal', '#westbengal', '#map', '#redzone', '#saltlake', '#lockdown5', '#unlock1', '#lockdown', '#hooghly', '#covid19', '#coronavirusupdates', '#coronaviruspandemic']",[],https://twitter.com/WEsearchlab/status/1270705555661713410,False,,0,,,,,,,"[{'user_id': '1246102217494392834', 'username': 'WEsearchlab'}]",,,,
1270373135909629954,1270373135909629954,1591715532000,2020-06-09,20:42:12,IST,54894351,monideepa62,Monideepa Banerjie,,"BENGAL COVID ALERT 9/6
New case 372
Active case 4950
Total case 8985
Death 10
Total death 415
Samples tested 7802
Total tests 2,87,900

District wise New Cases
Kolkata 132
Howrah 38
Birbhum 29
N 24 Parganas 28
S 24 Parganas 22
#BengalFightsCorona #COVID19India #Unlock1",[],[],[],3,6,28,"['#bengalfightscorona', '#covid19india', '#unlock1']",[],https://twitter.com/Monideepa62/status/1270373135909629954,False,,0,,,,,,,"[{'user_id': '54894351', 'username': 'Monideepa62'}]",,,,
1270366871741661184,1270366871741661184,1591714039000,2020-06-09,20:17:19,IST,1213008413434605569,uluberiasambad,Uluberia Sambad,,"খুলতে চলেছে হাওড়া আদালত, গ্লাভস ও মাস্ক বাধ্যতামূলক আদালত চত্বরে
#Howrah #Court #Unlock1
 https://www.uluberiasambad.in/howrah-court-is-going-to-open-gloves-masks-are-compulsory-for-all/ …",[],['https://www.uluberiasambad.in/howrah-court-is-going-to-open-gloves-masks-are-compulsory-for-all/'],[],0,0,0,"['#howrah', '#court', '#unlock1']",[],https://twitter.com/UluberiaSambad/status/1270366871741661184,False,,0,,,,,,,"[{'user_id': '1213008413434605569', 'username': 'UluberiaSambad'}]",,,,
1270024315157843968,1270024315157843968,1591632367000,2020-06-08,21:36:07,IST,54894351,monideepa62,Monideepa Banerjie,,"BENGAL COVID ALERT 8/6

New case 426
Active case 4743
Total case 8613

Death 9
Total death 405

Samples tested 9024
Total tests 2,80,098

District wise New Cases
Kolkata 128
North 24 Parganas 55
Cooch Behar 47
Jalpaiguri 41 
Howrah 38
#BengalFightsCorona #Unlock1 #COVID19India",[],[],[],1,4,25,"['#bengalfightscorona', '#unlock1', '#covid19india']",[],https://twitter.com/Monideepa62/status/1270024315157843968,False,,0,,,,,,,"[{'user_id': '54894351', 'username': 'Monideepa62'}]",,,,
1269906900881010689,1269906900881010689,1591604373000,2020-06-08,13:49:33,IST,4752707640,robchandigarh,ROB Chandigarh,,"Although #Unlock1 has abated the rush of migrants wanting to go back to their native places, @RailMinIndia continues to run #ShramikSpecialTrains 🚊as long as there is demand as another train carrying 747 migrants leaves Una in #HimachalPradesh for Howrah,  #WestBengal
🚂🚃🚃🚃 pic.twitter.com/LTryrhFTvJ",['railminindia'],[],"['https://pbs.twimg.com/media/EZ-diUcU0AACcVH.jpg', 'https://pbs.twimg.com/media/EZ-djcRUYAUXSX9.jpg', 'https://pbs.twimg.com/media/EZ-dlBQU4AECB2V.jpg']",0,11,7,"['#unlock1', '#shramikspecialtrains', '#himachalpradesh', '#westbengal']",[],https://twitter.com/ROBChandigarh/status/1269906900881010689,False,,0,,,,,,,"[{'user_id': '4752707640', 'username': 'ROBChandigarh'}, {'user_id': '2602959463', 'username': 'RailMinIndia'}]",,,,
1269877727504371712,1269877727504371712,1591597418000,2020-06-08,11:53:38,IST,902151402964738051,pibshimla,PIB in Himachal Pradesh,,"Although #Unlock1 has abated the rush of migrants wanting to go back to their native places, the Indian Railways continues to run #ShramikSpecialTrains as long as there is demand as another train carrying 747 migrants leaves Una in #HimachalPradesh for Howrah in #WestBengal. pic.twitter.com/H9x9KYu36N",[],[],"['https://pbs.twimg.com/media/EZ-C47AVcAMIryZ.jpg', 'https://pbs.twimg.com/media/EZ-C46_UcAAgbq-.jpg', 'https://pbs.twimg.com/media/EZ-C47DUwAAaCQQ.jpg']",0,3,4,"['#unlock1', '#shramikspecialtrains', '#himachalpradesh', '#westbengal']",[],https://twitter.com/PIBShimla/status/1269877727504371712,False,,0,,,,,,,"[{'user_id': '902151402964738051', 'username': 'PIBShimla'}]",,,,
1269874470186975235,1269874470186975235,1591596641000,2020-06-08,11:40:41,IST,567278796,pibchandigarh,PIB in Chandigarh,,"Although #Unlock1 has abated the rush of migrants wanting to go back to their native places, the Indian Railways continues to run #ShramikSpecialTrains as long as there is demand as another train carrying 747 migrants leaves Una in #HimachalPradesh for Howrah in #WestBengal. pic.twitter.com/tZyjc1Fc0U",[],[],"['https://pbs.twimg.com/media/EZ9_9fGU4AYnykA.jpg', 'https://pbs.twimg.com/media/EZ9_98dUMAAEeas.jpg', 'https://pbs.twimg.com/media/EZ9_-U8VcAQsgw7.jpg']",0,2,1,"['#unlock1', '#shramikspecialtrains', '#himachalpradesh', '#westbengal']",[],https://twitter.com/PIBChandigarh/status/1269874470186975235,False,,0,,,,,,,"[{'user_id': '567278796', 'username': 'PIBChandigarh'}]",,,,
1268471492628459520,1260133338943234049,1591262145000,2020-06-04,14:45:45,IST,51418769,kp1200,Kanishka,,"These photos of #Kolkata's iconic Howrah Bridge is the symbol of new #India. #Cyclists outnumbered the motor vehicles in #Unlock1 Thank you @MamataOfficial for making pushing Cycling in current times. 

@HemantSorenJMM pic.twitter.com/WOqL2xQ83X","['mamataofficial', 'hemantsorenjmm']",[],"['https://pbs.twimg.com/media/EZqEE0XU8AAp042.jpg', 'https://pbs.twimg.com/media/EZqEFukUYAI7ONf.jpg']",1,1,2,"['#kolkata', '#india', '#cyclists', '#unlock1']",[],https://twitter.com/kp1200/status/1268471492628459520,False,,0,,,,,,,"[{'user_id': '51418769', 'username': 'kp1200'}, {'user_id': '2526794479', 'username': 'MamataOfficial'}, {'user_id': '951457762835337217', 'username': 'HemantSorenJMM'}]",,,,
1268410125020213248,1268410125020213248,1591247514000,2020-06-04,10:41:54,IST,3251528191,tanmoymitra01, Tanmoy Mitra,,"#Entering #Tatanagar #Railway #Station 
Traveling in #Train #Howrah- #Barbil
#JanShatabdi #Express #Special #Train
#Unlock1
#June4
#Y2020 @ Steel City, Jamshedpur, India  https://www.instagram.com/p/CBAD0DtpovP3T-3G7PgZyCco4LTeoPtaa8hMAo0/?igshid=14k8vl8hc8it …",[],['https://www.instagram.com/p/CBAD0DtpovP3T-3G7PgZyCco4LTeoPtaa8hMAo0/?igshid=14k8vl8hc8it'],[],0,0,0,"['#entering', '#tatanagar', '#railway', '#station', '#train', '#howrah', '#barbil', '#janshatabdi', '#express', '#special', '#train', '#unlock1', '#june4', '#y2020']",[],https://twitter.com/tanmoymitra01/status/1268410125020213248,False,,0,,,,,,,"[{'user_id': '3251528191', 'username': 'tanmoymitra01'}]",,,,
1268261105215983617,1268261105215983617,1591211985000,2020-06-04,00:49:45,IST,3251528191,tanmoymitra01, Tanmoy Mitra,,"My #Rant
#Pandemic and #Unlock1 and #Lockdown5
#June3 #Y2020 @ Howrah railway station  https://www.instagram.com/p/CA_AJzdJ5vzM8ZG5YuD6hpylgDuBl5pasMLQU00/?igshid=spcqwff570xq …",[],['https://www.instagram.com/p/CA_AJzdJ5vzM8ZG5YuD6hpylgDuBl5pasMLQU00/?igshid=spcqwff570xq'],[],0,0,0,"['#rant', '#pandemic', '#unlock1', '#lockdown5', '#june3', '#y2020']",[],https://twitter.com/tanmoymitra01/status/1268261105215983617,False,,0,,,,,,,"[{'user_id': '3251528191', 'username': 'tanmoymitra01'}]",,,,
1268132174303244288,1268132174303244288,1591181245000,2020-06-03,16:17:25,IST,3251528191,tanmoymitra01, Tanmoy Mitra,,"#Urgent #Travel during #COVID19 #Pandemic
#June3 #Y2020 #Tata - #Howrah #JanShatabdi #Express
#Train
#unlock1
#Coronavirus #Pandemic @ Steel City, Jamshedpur, India  https://www.instagram.com/p/CA-FmoJJdzsQIo8GiLjAuYpy5VjycJdvDO0iX00/?igshid=x3dr5nrjchsi …",[],['https://www.instagram.com/p/CA-FmoJJdzsQIo8GiLjAuYpy5VjycJdvDO0iX00/?igshid=x3dr5nrjchsi'],[],0,0,0,"['#urgent', '#travel', '#covid19', '#pandemic', '#june3', '#y2020', '#tata', '#howrah', '#janshatabdi', '#express', '#train', '#unlock1', '#coronavirus', '#pandemic']",[],https://twitter.com/tanmoymitra01/status/1268132174303244288,False,,0,,,,,,,"[{'user_id': '3251528191', 'username': 'tanmoymitra01'}]",,,,
1267863222415060993,1267863222415060993,1591117122000,2020-06-02,22:28:42,IST,1243409875670953987,lalmohanchakra4,Lalmohan Chakraborty,,@narendramodi please sir my name is lal mohan chakraborty my city kolkata howrah aap na howrah ka lockdown kohl diya iss Liya bohot Sara admi gadering Kar raha hai iha per koi bhi insan thik kar ka unlock1 palan nai kar raha hai iha per kuch jaga per aisa vir kar raha please kuch,['narendramodi'],[],[],0,0,0,[],[],https://twitter.com/LalmohanChakra4/status/1267863222415060993,False,,0,,,,,,,"[{'user_id': '1243409875670953987', 'username': 'LalmohanChakra4'}, {'user_id': '18839785', 'username': 'narendramodi'}]",,,,
1267516700615794688,1267516700615794688,1591034505000,2020-06-01,23:31:45,IST,19897138,indiatoday,IndiaToday,,"Trains have started running as a part of relaxation in #unlock1. India Today's @manogyaloiwal brings us the details of the preparations done by railways on the Howrah railway station.
#ReporterDiary 
More videos :  http://bit.ly/IndiaTodaySocial … pic.twitter.com/dsJvpQRcJi",['manogyaloiwal'],['http://bit.ly/IndiaTodaySocial'],[],2,4,16,"['#unlock1', '#reporterdiary']",[],https://twitter.com/IndiaToday/status/1267516700615794688,False,,1,,,,,,,"[{'user_id': '19897138', 'username': 'IndiaToday'}, {'user_id': '128859412', 'username': 'manogyaloiwal'}]",,,,
1267291865235304448,1267291865235304448,1590980900000,2020-06-01,08:38:20,IST,1055367294656888832,pib_patna,PIB In Bihar 🇮🇳 Mask yourself 😷,,"#Unlock1

 02024 #JanShatabdi special train  leaves #Patna station for #
#Howrah today early morning.

#IndiaFightsCorona pic.twitter.com/Ovv5FSjJJ0",[],[],"['https://pbs.twimg.com/media/EZZTLMhUYAAGOV-.jpg', 'https://pbs.twimg.com/media/EZZTMRzUYAEsh8E.jpg', 'https://pbs.twimg.com/media/EZZTNH4VAAIy26r.jpg', 'https://pbs.twimg.com/media/EZZTOI2UcAYaFCA.jpg']",2,5,36,"['#unlock1', '#janshatabdi', '#patna', '#howrah', '#indiafightscorona']",[],https://twitter.com/PIB_Patna/status/1267291865235304448,False,,0,,,,,,,"[{'user_id': '1055367294656888832', 'username': 'PIB_Patna'}]",,,,
1267246927885803525,1267246927885803525,1590970186000,2020-06-01,05:39:46,IST,157991071,biswasukla3333,biswa,,12074 Bhubaneswar-howrah Jansatabdi dt 1 June 6:00AM starts it's journey.#Unlock1 #COVIDUpdates #railwayministry #ministryofRailway #PiyushGoyal pic.twitter.com/Ir5nEm3pg0,[],[],['https://pbs.twimg.com/media/EZYqVzvUMAA-ME-.jpg'],0,0,0,"['#unlock1', '#covidupdates', '#railwayministry', '#ministryofrailway', '#piyushgoyal']",[],https://twitter.com/Biswasukla3333/status/1267246927885803525,False,,0,,,,,,,"[{'user_id': '157991071', 'username': 'Biswasukla3333'}]",,,,
1267194974954815488,1267194974954815488,1590957800000,2020-06-01,02:13:20,IST,160865093,iamsagarshah21,#FightAgainstCOVID19 #AtmaNirbhar Sagar Shah,,"Corona infected Top 20 cities
MUM 39686
DEL 19844
CHEN 14799
AMD 12180
Thane 9585
Pune 7919
Indore 3486
Kolkata 2125
Jaipur 1991
Surat 1620
Jodhpur 1530
Aurangabad 1501
Bhopal 1467
HYD 1461
Chengalpattu 1172
Nashik 1135
Raigad 1108
Vadodara 1057
Howrah 1029
Palghar 1018

#Unlock1",[],[],[],0,2,3,['#unlock1'],[],https://twitter.com/iamsagarshah21/status/1267194974954815488,False,,0,,,,,,,"[{'user_id': '160865093', 'username': 'iamsagarshah21'}]",,,,
1266806832678481920,1266806832678481920,1590865259000,2020-05-31,00:30:59,IST,3714964572,its_mdimran,Md Imran Ansari,,"Guidelines of #Lockdown5 and #Unlock1 in #WestBengal .
#lockdownextension 
Govt of WB : Nabanna, Howrah
30th May, 2020  pic.twitter.com/YjhChnmK7F",[],[],"['https://pbs.twimg.com/media/EZSaEs4VcAAqb6s.jpg', 'https://pbs.twimg.com/media/EZSaF3OU0AETRrZ.jpg']",0,1,5,"['#lockdown5', '#unlock1', '#westbengal', '#lockdownextension']",[],https://twitter.com/its_mdimran/status/1266806832678481920,False,,0,,,,,,,"[{'user_id': '3714964572', 'username': 'its_mdimran'}]",,,,
